unit,cycle,rul,outer_fold,selected_model,is_final_window,risk_probability,selected_threshold,maintenance_warning
1,1.0,99.0,1,rbf_svc,0,6.164953700790381e-05,0.5280302851876438,0
1,2.0,98.0,1,rbf_svc,0,8.846622963371899e-06,0.5280302851876438,0
1,3.0,97.0,1,rbf_svc,0,0.00033831031738342047,0.5280302851876438,0
1,4.0,96.0,1,rbf_svc,0,3.062141318937846e-05,0.5280302851876438,0
1,5.0,95.0,1,rbf_svc,0,2.3187647329446553e-05,0.5280302851876438,0
1,6.0,94.0,1,rbf_svc,0,3.5440540551527286e-05,0.5280302851876438,0
1,7.0,93.0,1,rbf_svc,0,7.966674105875451e-05,0.5280302851876438,0
1,8.0,92.0,1,rbf_svc,0,8.00061879679909e-05,0.5280302851876438,0
1,9.0,91.0,1,rbf_svc,0,2.751517046075871e-05,0.5280302851876438,0
1,10.0,90.0,1,rbf_svc,0,0.0009921549031319402,0.5280302851876438,0
1,11.0,89.0,1,rbf_svc,0,9.635361695040746e-05,0.5280302851876438,0
1,12.0,88.0,1,rbf_svc,0,0.0002672162427185619,0.5280302851876438,0
1,13.0,87.0,1,rbf_svc,0,5.32031552554235e-05,0.5280302851876438,0
1,14.0,86.0,1,rbf_svc,0,8.596091516142956e-05,0.5280302851876438,0
1,15.0,85.0,1,rbf_svc,0,0.00010349878702840347,0.5280302851876438,0
1,16.0,84.0,1,rbf_svc,0,0.0004810955740852929,0.5280302851876438,0
1,17.0,83.0,1,rbf_svc,0,0.00017807582171950316,0.5280302851876438,0
1,18.0,82.0,1,rbf_svc,0,0.00016122426798436578,0.5280302851876438,0
1,19.0,81.0,1,rbf_svc,0,0.00036031383391862406,0.5280302851876438,0
1,20.0,80.0,1,rbf_svc,0,0.00021231866792178786,0.5280302851876438,0
1,21.0,79.0,1,rbf_svc,0,0.0001236258753762202,0.5280302851876438,0
1,22.0,78.0,1,rbf_svc,0,0.00019234173739463608,0.5280302851876438,0
1,23.0,77.0,1,rbf_svc,0,0.0047230768747739465,0.5280302851876438,0
1,24.0,76.0,1,rbf_svc,0,0.0007975174088250501,0.5280302851876438,0
1,25.0,75.0,1,rbf_svc,0,0.0009365088817682548,0.5280302851876438,0
1,26.0,74.0,1,rbf_svc,0,0.0023843590171625634,0.5280302851876438,0
1,27.0,73.0,1,rbf_svc,0,0.001934012246408378,0.5280302851876438,0
1,28.0,72.0,1,rbf_svc,0,0.0009111293315270082,0.5280302851876438,0
1,29.0,71.0,1,rbf_svc,0,0.0008468846844379323,0.5280302851876438,0
1,30.0,70.0,1,rbf_svc,0,0.0024460281855314884,0.5280302851876438,0
1,31.0,69.0,1,rbf_svc,0,0.006072476646077886,0.5280302851876438,0
1,32.0,68.0,1,rbf_svc,0,0.004818755363029959,0.5280302851876438,0
1,33.0,67.0,1,rbf_svc,0,0.0014343372376617455,0.5280302851876438,0
1,34.0,66.0,1,rbf_svc,0,0.0015015190566372383,0.5280302851876438,0
1,35.0,65.0,1,rbf_svc,0,0.0009741493914215599,0.5280302851876438,0
1,36.0,64.0,1,rbf_svc,0,0.002409894779936984,0.5280302851876438,0
1,37.0,63.0,1,rbf_svc,0,0.0021496955877106073,0.5280302851876438,0
1,38.0,62.0,1,rbf_svc,0,0.0015149419089877335,0.5280302851876438,0
1,39.0,61.0,1,rbf_svc,0,0.001979113063128035,0.5280302851876438,0
1,40.0,60.0,1,rbf_svc,0,0.0033765463011807776,0.5280302851876438,0
1,41.0,59.0,1,rbf_svc,0,0.005357781636063877,0.5280302851876438,0
1,42.0,58.0,1,rbf_svc,0,0.007806843452659933,0.5280302851876438,0
1,43.0,57.0,1,rbf_svc,0,0.004288296513335107,0.5280302851876438,0
1,44.0,56.0,1,rbf_svc,0,0.005794824028883674,0.5280302851876438,0
1,45.0,55.0,1,rbf_svc,0,0.011437837038123353,0.5280302851876438,0
1,46.0,54.0,1,rbf_svc,0,0.013388937111686221,0.5280302851876438,0
1,47.0,53.0,1,rbf_svc,0,0.01866427270719252,0.5280302851876438,0
1,48.0,52.0,1,rbf_svc,0,0.021275526476527966,0.5280302851876438,0
1,49.0,51.0,1,rbf_svc,0,0.029836423872202665,0.5280302851876438,0
1,50.0,50.0,1,rbf_svc,0,0.030369304407581427,0.5280302851876438,0
1,51.0,49.0,1,rbf_svc,0,0.01757454735700488,0.5280302851876438,0
1,52.0,48.0,1,rbf_svc,0,0.03575724834136498,0.5280302851876438,0
1,53.0,47.0,1,rbf_svc,0,0.038078162274643286,0.5280302851876438,0
1,54.0,46.0,1,rbf_svc,0,0.03292402938600815,0.5280302851876438,0
1,55.0,45.0,1,rbf_svc,0,0.08153643594676814,0.5280302851876438,0
1,56.0,44.0,1,rbf_svc,0,0.035802802960636704,0.5280302851876438,0
1,57.0,43.0,1,rbf_svc,0,0.08748993991309623,0.5280302851876438,0
1,58.0,42.0,1,rbf_svc,0,0.0726229204317635,0.5280302851876438,0
1,59.0,41.0,1,rbf_svc,0,0.09854425436632946,0.5280302851876438,0
1,60.0,40.0,1,rbf_svc,0,0.10923145241046693,0.5280302851876438,0
1,61.0,39.0,1,rbf_svc,0,0.26425066025806937,0.5280302851876438,0
1,62.0,38.0,1,rbf_svc,0,0.30229440215656034,0.5280302851876438,0
1,63.0,37.0,1,rbf_svc,0,0.1683506778349394,0.5280302851876438,0
1,64.0,36.0,1,rbf_svc,0,0.2638546560160067,0.5280302851876438,0
1,65.0,35.0,1,rbf_svc,0,0.3102449244433526,0.5280302851876438,0
1,66.0,34.0,1,rbf_svc,0,0.289821892498365,0.5280302851876438,0
1,67.0,33.0,1,rbf_svc,0,0.4725442369095685,0.5280302851876438,0
1,68.0,32.0,1,rbf_svc,0,0.6466909724114374,0.5280302851876438,1
1,69.0,31.0,1,rbf_svc,0,0.3901477096257581,0.5280302851876438,0
1,70.0,30.0,1,rbf_svc,0,0.7720829899962455,0.5280302851876438,1
1,71.0,29.0,1,rbf_svc,0,0.5293899791042107,0.5280302851876438,1
1,72.0,28.0,1,rbf_svc,0,0.6008179394198798,0.5280302851876438,1
1,73.0,27.0,1,rbf_svc,0,0.8958145962952865,0.5280302851876438,1
1,74.0,26.0,1,rbf_svc,0,0.8102692864266687,0.5280302851876438,1
1,75.0,25.0,1,rbf_svc,0,0.8551521601524003,0.5280302851876438,1
1,76.0,24.0,1,rbf_svc,0,0.7825281759820036,0.5280302851876438,1
1,77.0,23.0,1,rbf_svc,0,0.834541943674339,0.5280302851876438,1
1,78.0,22.0,1,rbf_svc,0,0.9611109432804941,0.5280302851876438,1
1,79.0,21.0,1,rbf_svc,0,0.9496254613525321,0.5280302851876438,1
1,80.0,20.0,1,rbf_svc,1,0.9546820633768138,0.5280302851876438,1
1,81.0,19.0,1,rbf_svc,1,0.9294730574915006,0.5280302851876438,1
1,82.0,18.0,1,rbf_svc,1,0.9457149892331519,0.5280302851876438,1
1,83.0,17.0,1,rbf_svc,1,0.994999663505159,0.5280302851876438,1
1,84.0,16.0,1,rbf_svc,1,0.960508001777392,0.5280302851876438,1
1,85.0,15.0,1,rbf_svc,1,0.9846449255943843,0.5280302851876438,1
1,86.0,14.0,1,rbf_svc,1,0.993008771915039,0.5280302851876438,1
1,87.0,13.0,1,rbf_svc,1,0.996756533501025,0.5280302851876438,1
1,88.0,12.0,1,rbf_svc,1,0.9967170023958865,0.5280302851876438,1
1,89.0,11.0,1,rbf_svc,1,0.9999964287786347,0.5280302851876438,1
1,90.0,10.0,1,rbf_svc,1,0.9949575408059765,0.5280302851876438,1
1,91.0,9.0,1,rbf_svc,1,0.9999845578172982,0.5280302851876438,1
1,92.0,8.0,1,rbf_svc,1,0.9999991533849876,0.5280302851876438,1
1,93.0,7.0,1,rbf_svc,1,0.9999943949510565,0.5280302851876438,1
1,94.0,6.0,1,rbf_svc,1,0.9999972216289119,0.5280302851876438,1
1,95.0,5.0,1,rbf_svc,1,0.9999990940329032,0.5280302851876438,1
1,96.0,4.0,1,rbf_svc,1,0.9999995303818373,0.5280302851876438,1
1,97.0,3.0,1,rbf_svc,1,0.9999998714028897,0.5280302851876438,1
1,98.0,2.0,1,rbf_svc,1,0.9999999942632564,0.5280302851876438,1
1,99.0,1.0,1,rbf_svc,1,0.999999999535285,0.5280302851876438,1
1,100.0,0.0,1,rbf_svc,1,0.999999995701829,0.5280302851876438,1
2,1.0,74.0,5,rbf_svc,0,0.002061454098918699,0.48778595770042416,0
2,2.0,73.0,5,rbf_svc,0,0.006430989729294541,0.48778595770042416,0
2,3.0,72.0,5,rbf_svc,0,0.035050514989121526,0.48778595770042416,0
2,4.0,71.0,5,rbf_svc,0,0.0009769866609461142,0.48778595770042416,0
2,5.0,70.0,5,rbf_svc,0,0.0015313385834947657,0.48778595770042416,0
2,6.0,69.0,5,rbf_svc,0,0.0007182573394745261,0.48778595770042416,0
2,7.0,68.0,5,rbf_svc,0,0.0026265287376914925,0.48778595770042416,0
2,8.0,67.0,5,rbf_svc,0,0.004356434534898713,0.48778595770042416,0
2,9.0,66.0,5,rbf_svc,0,0.0006233790226708013,0.48778595770042416,0
2,10.0,65.0,5,rbf_svc,0,0.0021266576113132905,0.48778595770042416,0
2,11.0,64.0,5,rbf_svc,0,0.0024224369418916337,0.48778595770042416,0
2,12.0,63.0,5,rbf_svc,0,0.0009947521060750142,0.48778595770042416,0
2,13.0,62.0,5,rbf_svc,0,0.005132754698671255,0.48778595770042416,0
2,14.0,61.0,5,rbf_svc,0,0.008428313154608335,0.48778595770042416,0
2,15.0,60.0,5,rbf_svc,0,0.004594562846993372,0.48778595770042416,0
2,16.0,59.0,5,rbf_svc,0,0.001930587058176757,0.48778595770042416,0
2,17.0,58.0,5,rbf_svc,0,0.06029757954342282,0.48778595770042416,0
2,18.0,57.0,5,rbf_svc,0,0.0008279518573284693,0.48778595770042416,0
2,19.0,56.0,5,rbf_svc,0,0.00513288604061058,0.48778595770042416,0
2,20.0,55.0,5,rbf_svc,0,0.00197205661354362,0.48778595770042416,0
2,21.0,54.0,5,rbf_svc,0,0.002066134999871924,0.48778595770042416,0
2,22.0,53.0,5,rbf_svc,0,0.027320997886092074,0.48778595770042416,0
2,23.0,52.0,5,rbf_svc,0,0.0037115088962259802,0.48778595770042416,0
2,24.0,51.0,5,rbf_svc,0,0.03142985709478187,0.48778595770042416,0
2,25.0,50.0,5,rbf_svc,0,0.004020114706598797,0.48778595770042416,0
2,26.0,49.0,5,rbf_svc,0,0.02936416489087012,0.48778595770042416,0
2,27.0,48.0,5,rbf_svc,0,0.013373786213628312,0.48778595770042416,0
2,28.0,47.0,5,rbf_svc,0,0.012811022107318088,0.48778595770042416,0
2,29.0,46.0,5,rbf_svc,0,0.012004429521605272,0.48778595770042416,0
2,30.0,45.0,5,rbf_svc,0,0.04049961700693771,0.48778595770042416,0
2,31.0,44.0,5,rbf_svc,0,0.04374603790797284,0.48778595770042416,0
2,32.0,43.0,5,rbf_svc,0,0.01999832960777314,0.48778595770042416,0
2,33.0,42.0,5,rbf_svc,0,0.025871972371009376,0.48778595770042416,0
2,34.0,41.0,5,rbf_svc,0,0.030101046500840715,0.48778595770042416,0
2,35.0,40.0,5,rbf_svc,0,0.03529595159221038,0.48778595770042416,0
2,36.0,39.0,5,rbf_svc,0,0.06186730863286265,0.48778595770042416,0
2,37.0,38.0,5,rbf_svc,0,0.06095478560485843,0.48778595770042416,0
2,38.0,37.0,5,rbf_svc,0,0.04226351183030778,0.48778595770042416,0
2,39.0,36.0,5,rbf_svc,0,0.1434048914217093,0.48778595770042416,0
2,40.0,35.0,5,rbf_svc,0,0.22574814362265377,0.48778595770042416,0
2,41.0,34.0,5,rbf_svc,0,0.13967467190566793,0.48778595770042416,0
2,42.0,33.0,5,rbf_svc,0,0.27947765164236593,0.48778595770042416,0
2,43.0,32.0,5,rbf_svc,0,0.20450590464193438,0.48778595770042416,0
2,44.0,31.0,5,rbf_svc,0,0.3210838120922602,0.48778595770042416,0
2,45.0,30.0,5,rbf_svc,0,0.5129813369631531,0.48778595770042416,1
2,46.0,29.0,5,rbf_svc,0,0.19793087645494395,0.48778595770042416,0
2,47.0,28.0,5,rbf_svc,0,0.3849790202829778,0.48778595770042416,0
2,48.0,27.0,5,rbf_svc,0,0.40897274285293256,0.48778595770042416,0
2,49.0,26.0,5,rbf_svc,0,0.69953390982615,0.48778595770042416,1
2,50.0,25.0,5,rbf_svc,0,0.5792485541618541,0.48778595770042416,1
2,51.0,24.0,5,rbf_svc,0,0.4949854968247796,0.48778595770042416,1
2,52.0,23.0,5,rbf_svc,0,0.8622430745758041,0.48778595770042416,1
2,53.0,22.0,5,rbf_svc,0,0.3948098240020279,0.48778595770042416,0
2,54.0,21.0,5,rbf_svc,0,0.6819935393122916,0.48778595770042416,1
2,55.0,20.0,5,rbf_svc,1,0.8580865110609218,0.48778595770042416,1
2,56.0,19.0,5,rbf_svc,1,0.9284806875103563,0.48778595770042416,1
2,57.0,18.0,5,rbf_svc,1,0.9424104638579064,0.48778595770042416,1
2,58.0,17.0,5,rbf_svc,1,0.9727752695070023,0.48778595770042416,1
2,59.0,16.0,5,rbf_svc,1,0.9552054429288769,0.48778595770042416,1
2,60.0,15.0,5,rbf_svc,1,0.9696857248821265,0.48778595770042416,1
2,61.0,14.0,5,rbf_svc,1,0.9845710090966933,0.48778595770042416,1
2,62.0,13.0,5,rbf_svc,1,0.9779895397212498,0.48778595770042416,1
2,63.0,12.0,5,rbf_svc,1,0.9766771258526857,0.48778595770042416,1
2,64.0,11.0,5,rbf_svc,1,0.9922134751796087,0.48778595770042416,1
2,65.0,10.0,5,rbf_svc,1,0.9957945222660406,0.48778595770042416,1
2,66.0,9.0,5,rbf_svc,1,0.997357550807193,0.48778595770042416,1
2,67.0,8.0,5,rbf_svc,1,0.9893524952452605,0.48778595770042416,1
2,68.0,7.0,5,rbf_svc,1,0.999999322091163,0.48778595770042416,1
2,69.0,6.0,5,rbf_svc,1,0.9999997869986212,0.48778595770042416,1
2,70.0,5.0,5,rbf_svc,1,0.9999994783175945,0.48778595770042416,1
2,71.0,4.0,5,rbf_svc,1,0.9894384923827757,0.48778595770042416,1
2,72.0,3.0,5,rbf_svc,1,0.999999581803954,0.48778595770042416,1
2,73.0,2.0,5,rbf_svc,1,0.9999997230375695,0.48778595770042416,1
2,74.0,1.0,5,rbf_svc,1,0.9999999979866454,0.48778595770042416,1
2,75.0,0.0,5,rbf_svc,1,0.9999999774397907,0.48778595770042416,1
3,1.0,99.0,3,hist_gradient_boosting,0,0.00010930927491231728,0.6323221630840011,0
3,2.0,98.0,3,hist_gradient_boosting,0,0.0001836404240126758,0.6323221630840011,0
3,3.0,97.0,3,hist_gradient_boosting,0,4.557880467244191e-05,0.6323221630840011,0
3,4.0,96.0,3,hist_gradient_boosting,0,0.00010976934000186824,0.6323221630840011,0
3,5.0,95.0,3,hist_gradient_boosting,0,0.00021723868437904776,0.6323221630840011,0
3,6.0,94.0,3,hist_gradient_boosting,0,8.301338287233761e-05,0.6323221630840011,0
3,7.0,93.0,3,hist_gradient_boosting,0,0.00012260196440787231,0.6323221630840011,0
3,8.0,92.0,3,hist_gradient_boosting,0,0.00010447343955711927,0.6323221630840011,0
3,9.0,91.0,3,hist_gradient_boosting,0,6.848625224309186e-05,0.6323221630840011,0
3,10.0,90.0,3,hist_gradient_boosting,0,6.536652434392116e-05,0.6323221630840011,0
3,11.0,89.0,3,hist_gradient_boosting,0,0.0004878217785162693,0.6323221630840011,0
3,12.0,88.0,3,hist_gradient_boosting,0,0.0003514786099444052,0.6323221630840011,0
3,13.0,87.0,3,hist_gradient_boosting,0,0.00013072968319369894,0.6323221630840011,0
3,14.0,86.0,3,hist_gradient_boosting,0,0.0001178544018982639,0.6323221630840011,0
3,15.0,85.0,3,hist_gradient_boosting,0,6.525157339874425e-05,0.6323221630840011,0
3,16.0,84.0,3,hist_gradient_boosting,0,0.00014704129529893102,0.6323221630840011,0
3,17.0,83.0,3,hist_gradient_boosting,0,7.460072196955617e-05,0.6323221630840011,0
3,18.0,82.0,3,hist_gradient_boosting,0,7.310405264118069e-05,0.6323221630840011,0
3,19.0,81.0,3,hist_gradient_boosting,0,0.0001011634620476283,0.6323221630840011,0
3,20.0,80.0,3,hist_gradient_boosting,0,0.0001259937955710754,0.6323221630840011,0
3,21.0,79.0,3,hist_gradient_boosting,0,0.00012657329723922677,0.6323221630840011,0
3,22.0,78.0,3,hist_gradient_boosting,0,0.00022064225416293083,0.6323221630840011,0
3,23.0,77.0,3,hist_gradient_boosting,0,0.00015277900954560605,0.6323221630840011,0
3,24.0,76.0,3,hist_gradient_boosting,0,0.00010976934000186824,0.6323221630840011,0
3,25.0,75.0,3,hist_gradient_boosting,0,0.00011629175563178708,0.6323221630840011,0
3,26.0,74.0,3,hist_gradient_boosting,0,0.00016108765475159842,0.6323221630840011,0
3,27.0,73.0,3,hist_gradient_boosting,0,0.00012596034539365142,0.6323221630840011,0
3,28.0,72.0,3,hist_gradient_boosting,0,0.001076752356235076,0.6323221630840011,0
3,29.0,71.0,3,hist_gradient_boosting,0,0.001215577900465612,0.6323221630840011,0
3,30.0,70.0,3,hist_gradient_boosting,0,0.0063912314555771834,0.6323221630840011,0
3,31.0,69.0,3,hist_gradient_boosting,0,0.002491389858063682,0.6323221630840011,0
3,32.0,68.0,3,hist_gradient_boosting,0,0.01203429631903137,0.6323221630840011,0
3,33.0,67.0,3,hist_gradient_boosting,0,0.013447769924247904,0.6323221630840011,0
3,34.0,66.0,3,hist_gradient_boosting,0,0.002828267030047245,0.6323221630840011,0
3,35.0,65.0,3,hist_gradient_boosting,0,0.004432940986190626,0.6323221630840011,0
3,36.0,64.0,3,hist_gradient_boosting,0,0.012769776838108825,0.6323221630840011,0
3,37.0,63.0,3,hist_gradient_boosting,0,0.014617640870699925,0.6323221630840011,0
3,38.0,62.0,3,hist_gradient_boosting,0,0.019837276346920077,0.6323221630840011,0
3,39.0,61.0,3,hist_gradient_boosting,0,0.0662084870278392,0.6323221630840011,0
3,40.0,60.0,3,hist_gradient_boosting,0,0.0501570777774555,0.6323221630840011,0
3,41.0,59.0,3,hist_gradient_boosting,0,0.7505529137615364,0.6323221630840011,1
3,42.0,58.0,3,hist_gradient_boosting,0,0.031127874969347467,0.6323221630840011,0
3,43.0,57.0,3,hist_gradient_boosting,0,0.022831186241598057,0.6323221630840011,0
3,44.0,56.0,3,hist_gradient_boosting,0,0.120502175944139,0.6323221630840011,0
3,45.0,55.0,3,hist_gradient_boosting,0,0.29919315885968945,0.6323221630840011,0
3,46.0,54.0,3,hist_gradient_boosting,0,0.042117148962241946,0.6323221630840011,0
3,47.0,53.0,3,hist_gradient_boosting,0,0.47962150489015914,0.6323221630840011,0
3,48.0,52.0,3,hist_gradient_boosting,0,0.21439272461349684,0.6323221630840011,0
3,49.0,51.0,3,hist_gradient_boosting,0,0.03594068980672402,0.6323221630840011,0
3,50.0,50.0,3,hist_gradient_boosting,0,0.2718861467872984,0.6323221630840011,0
3,51.0,49.0,3,hist_gradient_boosting,0,0.27096199182920777,0.6323221630840011,0
3,52.0,48.0,3,hist_gradient_boosting,0,0.03261672333170489,0.6323221630840011,0
3,53.0,47.0,3,hist_gradient_boosting,0,0.18685524851289653,0.6323221630840011,0
3,54.0,46.0,3,hist_gradient_boosting,0,0.5420446992891107,0.6323221630840011,0
3,55.0,45.0,3,hist_gradient_boosting,0,0.08583966973944496,0.6323221630840011,0
3,56.0,44.0,3,hist_gradient_boosting,0,0.5024036221990765,0.6323221630840011,0
3,57.0,43.0,3,hist_gradient_boosting,0,0.2076293963568218,0.6323221630840011,0
3,58.0,42.0,3,hist_gradient_boosting,0,0.10357020876202225,0.6323221630840011,0
3,59.0,41.0,3,hist_gradient_boosting,0,0.6811047371960998,0.6323221630840011,1
3,60.0,40.0,3,hist_gradient_boosting,0,0.5082229893863064,0.6323221630840011,0
3,61.0,39.0,3,hist_gradient_boosting,0,0.46294811383295575,0.6323221630840011,0
3,62.0,38.0,3,hist_gradient_boosting,0,0.48293454019203924,0.6323221630840011,0
3,63.0,37.0,3,hist_gradient_boosting,0,0.4542859778790026,0.6323221630840011,0
3,64.0,36.0,3,hist_gradient_boosting,0,0.7310186712928813,0.6323221630840011,1
3,65.0,35.0,3,hist_gradient_boosting,0,0.22606446636067543,0.6323221630840011,0
3,66.0,34.0,3,hist_gradient_boosting,0,0.21511548247097975,0.6323221630840011,0
3,67.0,33.0,3,hist_gradient_boosting,0,0.7979113095214686,0.6323221630840011,1
3,68.0,32.0,3,hist_gradient_boosting,0,0.18017391694670457,0.6323221630840011,0
3,69.0,31.0,3,hist_gradient_boosting,0,0.8524483526854694,0.6323221630840011,1
3,70.0,30.0,3,hist_gradient_boosting,0,0.7235090714255141,0.6323221630840011,1
3,71.0,29.0,3,hist_gradient_boosting,0,0.7889855027919922,0.6323221630840011,1
3,72.0,28.0,3,hist_gradient_boosting,0,0.6109453488354276,0.6323221630840011,0
3,73.0,27.0,3,hist_gradient_boosting,0,0.3983920177649954,0.6323221630840011,0
3,74.0,26.0,3,hist_gradient_boosting,0,0.7342171812378042,0.6323221630840011,1
3,75.0,25.0,3,hist_gradient_boosting,0,0.42521562640842575,0.6323221630840011,0
3,76.0,24.0,3,hist_gradient_boosting,0,0.6857841435167705,0.6323221630840011,1
3,77.0,23.0,3,hist_gradient_boosting,0,0.43186910487588825,0.6323221630840011,0
3,78.0,22.0,3,hist_gradient_boosting,0,0.9333596423111863,0.6323221630840011,1
3,79.0,21.0,3,hist_gradient_boosting,0,0.8280430904868246,0.6323221630840011,1
3,80.0,20.0,3,hist_gradient_boosting,1,0.9987078583682132,0.6323221630840011,1
3,81.0,19.0,3,hist_gradient_boosting,1,0.9995589766255375,0.6323221630840011,1
3,82.0,18.0,3,hist_gradient_boosting,1,0.9960491435426142,0.6323221630840011,1
3,83.0,17.0,3,hist_gradient_boosting,1,0.9992775961579091,0.6323221630840011,1
3,84.0,16.0,3,hist_gradient_boosting,1,0.9993830952966776,0.6323221630840011,1
3,85.0,15.0,3,hist_gradient_boosting,1,0.9993049851333954,0.6323221630840011,1
3,86.0,14.0,3,hist_gradient_boosting,1,0.9993637645892263,0.6323221630840011,1
3,87.0,13.0,3,hist_gradient_boosting,1,0.9995402819224011,0.6323221630840011,1
3,88.0,12.0,3,hist_gradient_boosting,1,0.9997074450700993,0.6323221630840011,1
3,89.0,11.0,3,hist_gradient_boosting,1,0.9993941583565057,0.6323221630840011,1
3,90.0,10.0,3,hist_gradient_boosting,1,0.998887294548134,0.6323221630840011,1
3,91.0,9.0,3,hist_gradient_boosting,1,0.9982778758773156,0.6323221630840011,1
3,92.0,8.0,3,hist_gradient_boosting,1,0.9981321573716078,0.6323221630840011,1
3,93.0,7.0,3,hist_gradient_boosting,1,0.9988345965872191,0.6323221630840011,1
3,94.0,6.0,3,hist_gradient_boosting,1,0.9989487439354504,0.6323221630840011,1
3,95.0,5.0,3,hist_gradient_boosting,1,0.998973214293671,0.6323221630840011,1
3,96.0,4.0,3,hist_gradient_boosting,1,0.9990425535065693,0.6323221630840011,1
3,97.0,3.0,3,hist_gradient_boosting,1,0.9975183977092907,0.6323221630840011,1
3,98.0,2.0,3,hist_gradient_boosting,1,0.9993910808907857,0.6323221630840011,1
3,99.0,1.0,3,hist_gradient_boosting,1,0.9993525455782787,0.6323221630840011,1
3,100.0,0.0,3,hist_gradient_boosting,1,0.9996105955975835,0.6323221630840011,1
4,1.0,94.0,5,rbf_svc,0,0.0005384657467445454,0.48778595770042416,0
4,2.0,93.0,5,rbf_svc,0,7.296816690873782e-05,0.48778595770042416,0
4,3.0,92.0,5,rbf_svc,0,0.00011848094937368586,0.48778595770042416,0
4,4.0,91.0,5,rbf_svc,0,4.589762938044389e-05,0.48778595770042416,0
4,5.0,90.0,5,rbf_svc,0,0.00015456627369789578,0.48778595770042416,0
4,6.0,89.0,5,rbf_svc,0,0.0007381834185145318,0.48778595770042416,0
4,7.0,88.0,5,rbf_svc,0,0.0006128669621179799,0.48778595770042416,0
4,8.0,87.0,5,rbf_svc,0,5.010624249748684e-05,0.48778595770042416,0
4,9.0,86.0,5,rbf_svc,0,0.0001771164309997562,0.48778595770042416,0
4,10.0,85.0,5,rbf_svc,0,0.001627307391590189,0.48778595770042416,0
4,11.0,84.0,5,rbf_svc,0,0.00020500403893016075,0.48778595770042416,0
4,12.0,83.0,5,rbf_svc,0,0.0002481140242888967,0.48778595770042416,0
4,13.0,82.0,5,rbf_svc,0,7.600693738704245e-05,0.48778595770042416,0
4,14.0,81.0,5,rbf_svc,0,0.0002077436495062808,0.48778595770042416,0
4,15.0,80.0,5,rbf_svc,0,0.0006297743473991994,0.48778595770042416,0
4,16.0,79.0,5,rbf_svc,0,0.00023431274356146978,0.48778595770042416,0
4,17.0,78.0,5,rbf_svc,0,0.0003089144472990368,0.48778595770042416,0
4,18.0,77.0,5,rbf_svc,0,0.000459981617490881,0.48778595770042416,0
4,19.0,76.0,5,rbf_svc,0,0.0003665423291574967,0.48778595770042416,0
4,20.0,75.0,5,rbf_svc,0,0.0031159391749894104,0.48778595770042416,0
4,21.0,74.0,5,rbf_svc,0,0.00016822509267401192,0.48778595770042416,0
4,22.0,73.0,5,rbf_svc,0,0.00345783265722061,0.48778595770042416,0
4,23.0,72.0,5,rbf_svc,0,0.000634743154196602,0.48778595770042416,0
4,24.0,71.0,5,rbf_svc,0,0.0008539843073551458,0.48778595770042416,0
4,25.0,70.0,5,rbf_svc,0,0.0013813245806874866,0.48778595770042416,0
4,26.0,69.0,5,rbf_svc,0,0.0007990193305920159,0.48778595770042416,0
4,27.0,68.0,5,rbf_svc,0,0.0005544551416981464,0.48778595770042416,0
4,28.0,67.0,5,rbf_svc,0,0.001716286920110608,0.48778595770042416,0
4,29.0,66.0,5,rbf_svc,0,0.004037433316280996,0.48778595770042416,0
4,30.0,65.0,5,rbf_svc,0,0.0015971245956155706,0.48778595770042416,0
4,31.0,64.0,5,rbf_svc,0,0.0017075026965446473,0.48778595770042416,0
4,32.0,63.0,5,rbf_svc,0,0.0015956946982113363,0.48778595770042416,0
4,33.0,62.0,5,rbf_svc,0,0.0015959886768011397,0.48778595770042416,0
4,34.0,61.0,5,rbf_svc,0,0.011028404539580988,0.48778595770042416,0
4,35.0,60.0,5,rbf_svc,0,0.005282378129824357,0.48778595770042416,0
4,36.0,59.0,5,rbf_svc,0,0.006400669795803626,0.48778595770042416,0
4,37.0,58.0,5,rbf_svc,0,0.0016597896493206522,0.48778595770042416,0
4,38.0,57.0,5,rbf_svc,0,0.002077579628958467,0.48778595770042416,0
4,39.0,56.0,5,rbf_svc,0,0.002664623033404557,0.48778595770042416,0
4,40.0,55.0,5,rbf_svc,0,0.0044301669298408685,0.48778595770042416,0
4,41.0,54.0,5,rbf_svc,0,0.0062205654850461135,0.48778595770042416,0
4,42.0,53.0,5,rbf_svc,0,0.0058922917000229,0.48778595770042416,0
4,43.0,52.0,5,rbf_svc,0,0.0038502413086831094,0.48778595770042416,0
4,44.0,51.0,5,rbf_svc,0,0.003903328399822727,0.48778595770042416,0
4,45.0,50.0,5,rbf_svc,0,0.004197293992910749,0.48778595770042416,0
4,46.0,49.0,5,rbf_svc,0,0.005955956385950459,0.48778595770042416,0
4,47.0,48.0,5,rbf_svc,0,0.006029496919925602,0.48778595770042416,0
4,48.0,47.0,5,rbf_svc,0,0.03189317781046453,0.48778595770042416,0
4,49.0,46.0,5,rbf_svc,0,0.015511565067086201,0.48778595770042416,0
4,50.0,45.0,5,rbf_svc,0,0.04480324304983434,0.48778595770042416,0
4,51.0,44.0,5,rbf_svc,0,0.06051106305874647,0.48778595770042416,0
4,52.0,43.0,5,rbf_svc,0,0.012737274489686647,0.48778595770042416,0
4,53.0,42.0,5,rbf_svc,0,0.027386529994185414,0.48778595770042416,0
4,54.0,41.0,5,rbf_svc,0,0.01124067377193198,0.48778595770042416,0
4,55.0,40.0,5,rbf_svc,0,0.11058256558042111,0.48778595770042416,0
4,56.0,39.0,5,rbf_svc,0,0.07833889910263964,0.48778595770042416,0
4,57.0,38.0,5,rbf_svc,0,0.10024947102924707,0.48778595770042416,0
4,58.0,37.0,5,rbf_svc,0,0.12548803210246004,0.48778595770042416,0
4,59.0,36.0,5,rbf_svc,0,0.0283859971161343,0.48778595770042416,0
4,60.0,35.0,5,rbf_svc,0,0.05810593344668982,0.48778595770042416,0
4,61.0,34.0,5,rbf_svc,0,0.14565499798420745,0.48778595770042416,0
4,62.0,33.0,5,rbf_svc,0,0.12933128628991,0.48778595770042416,0
4,63.0,32.0,5,rbf_svc,0,0.252524247104637,0.48778595770042416,0
4,64.0,31.0,5,rbf_svc,0,0.5,0.48778595770042416,1
4,65.0,30.0,5,rbf_svc,0,0.1991476501046245,0.48778595770042416,0
4,66.0,29.0,5,rbf_svc,0,0.2323274841335491,0.48778595770042416,0
4,67.0,28.0,5,rbf_svc,0,0.661098771244169,0.48778595770042416,1
4,68.0,27.0,5,rbf_svc,0,0.483683419107378,0.48778595770042416,0
4,69.0,26.0,5,rbf_svc,0,0.3649466179694005,0.48778595770042416,0
4,70.0,25.0,5,rbf_svc,0,0.2648562022667236,0.48778595770042416,0
4,71.0,24.0,5,rbf_svc,0,0.8452832697779371,0.48778595770042416,1
4,72.0,23.0,5,rbf_svc,0,0.8276763871759018,0.48778595770042416,1
4,73.0,22.0,5,rbf_svc,0,0.8576023064529044,0.48778595770042416,1
4,74.0,21.0,5,rbf_svc,0,0.8990326245853644,0.48778595770042416,1
4,75.0,20.0,5,rbf_svc,1,0.887867056823041,0.48778595770042416,1
4,76.0,19.0,5,rbf_svc,1,0.9448505299635991,0.48778595770042416,1
4,77.0,18.0,5,rbf_svc,1,0.8801342934964838,0.48778595770042416,1
4,78.0,17.0,5,rbf_svc,1,0.9674819515446456,0.48778595770042416,1
4,79.0,16.0,5,rbf_svc,1,0.9876189839915163,0.48778595770042416,1
4,80.0,15.0,5,rbf_svc,1,0.9898480885206843,0.48778595770042416,1
4,81.0,14.0,5,rbf_svc,1,0.994041115455352,0.48778595770042416,1
4,82.0,13.0,5,rbf_svc,1,0.9999815518746472,0.48778595770042416,1
4,83.0,12.0,5,rbf_svc,1,0.9887618292371206,0.48778595770042416,1
4,84.0,11.0,5,rbf_svc,1,0.9930072357049787,0.48778595770042416,1
4,85.0,10.0,5,rbf_svc,1,0.9947506643178852,0.48778595770042416,1
4,86.0,9.0,5,rbf_svc,1,0.9999979871974812,0.48778595770042416,1
4,87.0,8.0,5,rbf_svc,1,0.9999928454720938,0.48778595770042416,1
4,88.0,7.0,5,rbf_svc,1,0.9999991363657078,0.48778595770042416,1
4,89.0,6.0,5,rbf_svc,1,0.9999999888030555,0.48778595770042416,1
4,90.0,5.0,5,rbf_svc,1,0.9999999720320277,0.48778595770042416,1
4,91.0,4.0,5,rbf_svc,1,0.9999999652583108,0.48778595770042416,1
4,92.0,3.0,5,rbf_svc,1,0.9999999975209534,0.48778595770042416,1
4,93.0,2.0,5,rbf_svc,1,0.999999977127585,0.48778595770042416,1
4,94.0,1.0,5,rbf_svc,1,0.9999999980390168,0.48778595770042416,1
4,95.0,0.0,5,rbf_svc,1,0.9999999981380349,0.48778595770042416,1
5,1.0,88.0,1,rbf_svc,0,0.0011604248424619025,0.5280302851876438,0
5,2.0,87.0,1,rbf_svc,0,0.001418501047757388,0.5280302851876438,0
5,3.0,86.0,1,rbf_svc,0,0.0013578843143131397,0.5280302851876438,0
5,4.0,85.0,1,rbf_svc,0,0.00043281810906285897,0.5280302851876438,0
5,5.0,84.0,1,rbf_svc,0,0.0028942252881546866,0.5280302851876438,0
5,6.0,83.0,1,rbf_svc,0,0.00043206657014177515,0.5280302851876438,0
5,7.0,82.0,1,rbf_svc,0,0.0013159498026593306,0.5280302851876438,0
5,8.0,81.0,1,rbf_svc,0,0.0009749051786712438,0.5280302851876438,0
5,9.0,80.0,1,rbf_svc,0,0.0015757591582568162,0.5280302851876438,0
5,10.0,79.0,1,rbf_svc,0,0.0037577092809333947,0.5280302851876438,0
5,11.0,78.0,1,rbf_svc,0,0.0009584054555805098,0.5280302851876438,0
5,12.0,77.0,1,rbf_svc,0,0.023901429205240292,0.5280302851876438,0
5,13.0,76.0,1,rbf_svc,0,0.012063234674768764,0.5280302851876438,0
5,14.0,75.0,1,rbf_svc,0,0.020082913529457583,0.5280302851876438,0
5,15.0,74.0,1,rbf_svc,0,0.004180631204984969,0.5280302851876438,0
5,16.0,73.0,1,rbf_svc,0,0.007793623215891239,0.5280302851876438,0
5,17.0,72.0,1,rbf_svc,0,0.004727691181201052,0.5280302851876438,0
5,18.0,71.0,1,rbf_svc,0,0.010520030493621746,0.5280302851876438,0
5,19.0,70.0,1,rbf_svc,0,0.004900339410487851,0.5280302851876438,0
5,20.0,69.0,1,rbf_svc,0,0.011915056956185218,0.5280302851876438,0
5,21.0,68.0,1,rbf_svc,0,0.005250813870164294,0.5280302851876438,0
5,22.0,67.0,1,rbf_svc,0,0.005652900434700319,0.5280302851876438,0
5,23.0,66.0,1,rbf_svc,0,0.023416682681737452,0.5280302851876438,0
5,24.0,65.0,1,rbf_svc,0,0.015596076924035165,0.5280302851876438,0
5,25.0,64.0,1,rbf_svc,0,0.008170037813413368,0.5280302851876438,0
5,26.0,63.0,1,rbf_svc,0,0.006626281345406941,0.5280302851876438,0
5,27.0,62.0,1,rbf_svc,0,0.013240043259677916,0.5280302851876438,0
5,28.0,61.0,1,rbf_svc,0,0.008939868530758288,0.5280302851876438,0
5,29.0,60.0,1,rbf_svc,0,0.075227909084566,0.5280302851876438,0
5,30.0,59.0,1,rbf_svc,0,0.027315464414621786,0.5280302851876438,0
5,31.0,58.0,1,rbf_svc,0,0.1075698248994869,0.5280302851876438,0
5,32.0,57.0,1,rbf_svc,0,0.03651336177416115,0.5280302851876438,0
5,33.0,56.0,1,rbf_svc,0,0.02862832859192254,0.5280302851876438,0
5,34.0,55.0,1,rbf_svc,0,0.005347503514480141,0.5280302851876438,0
5,35.0,54.0,1,rbf_svc,0,0.13843838665219216,0.5280302851876438,0
5,36.0,53.0,1,rbf_svc,0,0.045790801296901086,0.5280302851876438,0
5,37.0,52.0,1,rbf_svc,0,0.12646833269906452,0.5280302851876438,0
5,38.0,51.0,1,rbf_svc,0,0.041372112731206626,0.5280302851876438,0
5,39.0,50.0,1,rbf_svc,0,0.012771441958825654,0.5280302851876438,0
5,40.0,49.0,1,rbf_svc,0,0.0732818063185922,0.5280302851876438,0
5,41.0,48.0,1,rbf_svc,0,0.06612710778599261,0.5280302851876438,0
5,42.0,47.0,1,rbf_svc,0,0.06521052967904825,0.5280302851876438,0
5,43.0,46.0,1,rbf_svc,0,0.03442777081318562,0.5280302851876438,0
5,44.0,45.0,1,rbf_svc,0,0.10210002710156123,0.5280302851876438,0
5,45.0,44.0,1,rbf_svc,0,0.10709610744292251,0.5280302851876438,0
5,46.0,43.0,1,rbf_svc,0,0.051895641316118346,0.5280302851876438,0
5,47.0,42.0,1,rbf_svc,0,0.15330774487503593,0.5280302851876438,0
5,48.0,41.0,1,rbf_svc,0,0.2055986365025305,0.5280302851876438,0
5,49.0,40.0,1,rbf_svc,0,0.1916745291558712,0.5280302851876438,0
5,50.0,39.0,1,rbf_svc,0,0.21182084327591352,0.5280302851876438,0
5,51.0,38.0,1,rbf_svc,0,0.0738249406672589,0.5280302851876438,0
5,52.0,37.0,1,rbf_svc,0,0.32940734577993425,0.5280302851876438,0
5,53.0,36.0,1,rbf_svc,0,0.6718930101628119,0.5280302851876438,1
5,54.0,35.0,1,rbf_svc,0,0.4371587537985545,0.5280302851876438,0
5,55.0,34.0,1,rbf_svc,0,0.5947364838598153,0.5280302851876438,1
5,56.0,33.0,1,rbf_svc,0,0.6470721898967225,0.5280302851876438,1
5,57.0,32.0,1,rbf_svc,0,0.5282419944236652,0.5280302851876438,1
5,58.0,31.0,1,rbf_svc,0,0.7805416005705047,0.5280302851876438,1
5,59.0,30.0,1,rbf_svc,0,0.3487904585841647,0.5280302851876438,0
5,60.0,29.0,1,rbf_svc,0,0.5641851924981627,0.5280302851876438,1
5,61.0,28.0,1,rbf_svc,0,0.7465334770011607,0.5280302851876438,1
5,62.0,27.0,1,rbf_svc,0,0.8773658341189267,0.5280302851876438,1
5,63.0,26.0,1,rbf_svc,0,0.851907188740726,0.5280302851876438,1
5,64.0,25.0,1,rbf_svc,0,0.8320534856887016,0.5280302851876438,1
5,65.0,24.0,1,rbf_svc,0,0.9124827631353036,0.5280302851876438,1
5,66.0,23.0,1,rbf_svc,0,0.9597784841031168,0.5280302851876438,1
5,67.0,22.0,1,rbf_svc,0,0.9428854014846454,0.5280302851876438,1
5,68.0,21.0,1,rbf_svc,0,0.9503793762769126,0.5280302851876438,1
5,69.0,20.0,1,rbf_svc,1,0.976839736432413,0.5280302851876438,1
5,70.0,19.0,1,rbf_svc,1,0.9794382817044597,0.5280302851876438,1
5,71.0,18.0,1,rbf_svc,1,0.9883510829471751,0.5280302851876438,1
5,72.0,17.0,1,rbf_svc,1,0.9902579096802889,0.5280302851876438,1
5,73.0,16.0,1,rbf_svc,1,0.9825740877071242,0.5280302851876438,1
5,74.0,15.0,1,rbf_svc,1,0.9926319920230812,0.5280302851876438,1
5,75.0,14.0,1,rbf_svc,1,0.9999863917974485,0.5280302851876438,1
5,76.0,13.0,1,rbf_svc,1,0.993669509297154,0.5280302851876438,1
5,77.0,12.0,1,rbf_svc,1,0.9999849159478974,0.5280302851876438,1
5,78.0,11.0,1,rbf_svc,1,0.9974506700241975,0.5280302851876438,1
5,79.0,10.0,1,rbf_svc,1,0.9999986125131014,0.5280302851876438,1
5,80.0,9.0,1,rbf_svc,1,0.999987416245176,0.5280302851876438,1
5,81.0,8.0,1,rbf_svc,1,0.9999899986407539,0.5280302851876438,1
5,82.0,7.0,1,rbf_svc,1,0.9999999734376781,0.5280302851876438,1
5,83.0,6.0,1,rbf_svc,1,0.9999992068284564,0.5280302851876438,1
5,84.0,5.0,1,rbf_svc,1,0.968999901708511,0.5280302851876438,1
5,85.0,4.0,1,rbf_svc,1,0.9949713495827837,0.5280302851876438,1
5,86.0,3.0,1,rbf_svc,1,0.9999830518423846,0.5280302851876438,1
5,87.0,2.0,1,rbf_svc,1,0.9999999108327885,0.5280302851876438,1
5,88.0,1.0,1,rbf_svc,1,0.9999998395940914,0.5280302851876438,1
5,89.0,0.0,1,rbf_svc,1,0.999999459693919,0.5280302851876438,1
6,1.0,93.0,4,hist_gradient_boosting,0,9.949582391511994e-05,0.6936009670541174,0
6,2.0,92.0,4,hist_gradient_boosting,0,0.00013524491818462715,0.6936009670541174,0
6,3.0,91.0,4,hist_gradient_boosting,0,0.0005725363277260269,0.6936009670541174,0
6,4.0,90.0,4,hist_gradient_boosting,0,0.0002224026169946274,0.6936009670541174,0
6,5.0,89.0,4,hist_gradient_boosting,0,0.00016438330042988945,0.6936009670541174,0
6,6.0,88.0,4,hist_gradient_boosting,0,0.00011292865596912437,0.6936009670541174,0
6,7.0,87.0,4,hist_gradient_boosting,0,0.00021196923046017972,0.6936009670541174,0
6,8.0,86.0,4,hist_gradient_boosting,0,0.00012849557814409757,0.6936009670541174,0
6,9.0,85.0,4,hist_gradient_boosting,0,0.00013279084441032588,0.6936009670541174,0
6,10.0,84.0,4,hist_gradient_boosting,0,0.0008269928415991297,0.6936009670541174,0
6,11.0,83.0,4,hist_gradient_boosting,0,0.00021719710823908602,0.6936009670541174,0
6,12.0,82.0,4,hist_gradient_boosting,0,8.027852822562948e-05,0.6936009670541174,0
6,13.0,81.0,4,hist_gradient_boosting,0,0.00027375834477643204,0.6936009670541174,0
6,14.0,80.0,4,hist_gradient_boosting,0,0.00013086007439793045,0.6936009670541174,0
6,15.0,79.0,4,hist_gradient_boosting,0,9.927760965729266e-05,0.6936009670541174,0
6,16.0,78.0,4,hist_gradient_boosting,0,0.00022009305038150562,0.6936009670541174,0
6,17.0,77.0,4,hist_gradient_boosting,0,0.0002434238629958224,0.6936009670541174,0
6,18.0,76.0,4,hist_gradient_boosting,0,0.00015348303150844228,0.6936009670541174,0
6,19.0,75.0,4,hist_gradient_boosting,0,0.00014752145821586256,0.6936009670541174,0
6,20.0,74.0,4,hist_gradient_boosting,0,0.0003513737583331338,0.6936009670541174,0
6,21.0,73.0,4,hist_gradient_boosting,0,0.00012330877559539214,0.6936009670541174,0
6,22.0,72.0,4,hist_gradient_boosting,0,0.00022886445708633946,0.6936009670541174,0
6,23.0,71.0,4,hist_gradient_boosting,0,0.00025282544914417013,0.6936009670541174,0
6,24.0,70.0,4,hist_gradient_boosting,0,0.00024465714464494176,0.6936009670541174,0
6,25.0,69.0,4,hist_gradient_boosting,0,9.972789268388538e-05,0.6936009670541174,0
6,26.0,68.0,4,hist_gradient_boosting,0,0.00019413275639141285,0.6936009670541174,0
6,27.0,67.0,4,hist_gradient_boosting,0,0.000393679811000978,0.6936009670541174,0
6,28.0,66.0,4,hist_gradient_boosting,0,0.0003184884476756537,0.6936009670541174,0
6,29.0,65.0,4,hist_gradient_boosting,0,0.00022625969330965904,0.6936009670541174,0
6,30.0,64.0,4,hist_gradient_boosting,0,0.0010246678098378848,0.6936009670541174,0
6,31.0,63.0,4,hist_gradient_boosting,0,0.003940935991061167,0.6936009670541174,0
6,32.0,62.0,4,hist_gradient_boosting,0,0.002992410374618797,0.6936009670541174,0
6,33.0,61.0,4,hist_gradient_boosting,0,0.0074865540275956925,0.6936009670541174,0
6,34.0,60.0,4,hist_gradient_boosting,0,0.018136642914990373,0.6936009670541174,0
6,35.0,59.0,4,hist_gradient_boosting,0,0.005329228848490967,0.6936009670541174,0
6,36.0,58.0,4,hist_gradient_boosting,0,0.0011013526995822384,0.6936009670541174,0
6,37.0,57.0,4,hist_gradient_boosting,0,0.011712089031078732,0.6936009670541174,0
6,38.0,56.0,4,hist_gradient_boosting,0,0.007316812924090508,0.6936009670541174,0
6,39.0,55.0,4,hist_gradient_boosting,0,0.06049597753051094,0.6936009670541174,0
6,40.0,54.0,4,hist_gradient_boosting,0,0.017934563408794266,0.6936009670541174,0
6,41.0,53.0,4,hist_gradient_boosting,0,0.011280061421782426,0.6936009670541174,0
6,42.0,52.0,4,hist_gradient_boosting,0,0.013228018247280943,0.6936009670541174,0
6,43.0,51.0,4,hist_gradient_boosting,0,0.11141468721160548,0.6936009670541174,0
6,44.0,50.0,4,hist_gradient_boosting,0,0.017956446830960697,0.6936009670541174,0
6,45.0,49.0,4,hist_gradient_boosting,0,0.08009093407878379,0.6936009670541174,0
6,46.0,48.0,4,hist_gradient_boosting,0,0.00944441462735171,0.6936009670541174,0
6,47.0,47.0,4,hist_gradient_boosting,0,0.5023886353900733,0.6936009670541174,0
6,48.0,46.0,4,hist_gradient_boosting,0,0.03682137586698273,0.6936009670541174,0
6,49.0,45.0,4,hist_gradient_boosting,0,0.32694360536526446,0.6936009670541174,0
6,50.0,44.0,4,hist_gradient_boosting,0,0.01276753193475313,0.6936009670541174,0
6,51.0,43.0,4,hist_gradient_boosting,0,0.11919716745352696,0.6936009670541174,0
6,52.0,42.0,4,hist_gradient_boosting,0,0.03680952050723929,0.6936009670541174,0
6,53.0,41.0,4,hist_gradient_boosting,0,0.2550346639005492,0.6936009670541174,0
6,54.0,40.0,4,hist_gradient_boosting,0,0.07610438840109104,0.6936009670541174,0
6,55.0,39.0,4,hist_gradient_boosting,0,0.6289788203877539,0.6936009670541174,0
6,56.0,38.0,4,hist_gradient_boosting,0,0.2940779823309491,0.6936009670541174,0
6,57.0,37.0,4,hist_gradient_boosting,0,0.07795129465464799,0.6936009670541174,0
6,58.0,36.0,4,hist_gradient_boosting,0,0.5078797139931452,0.6936009670541174,0
6,59.0,35.0,4,hist_gradient_boosting,0,0.4368427512043595,0.6936009670541174,0
6,60.0,34.0,4,hist_gradient_boosting,0,0.5809905841954093,0.6936009670541174,0
6,61.0,33.0,4,hist_gradient_boosting,0,0.9874534500380071,0.6936009670541174,1
6,62.0,32.0,4,hist_gradient_boosting,0,0.38274472566812345,0.6936009670541174,0
6,63.0,31.0,4,hist_gradient_boosting,0,0.4152652921150349,0.6936009670541174,0
6,64.0,30.0,4,hist_gradient_boosting,0,0.539714703568595,0.6936009670541174,0
6,65.0,29.0,4,hist_gradient_boosting,0,0.7940348505786672,0.6936009670541174,1
6,66.0,28.0,4,hist_gradient_boosting,0,0.9101722048834482,0.6936009670541174,1
6,67.0,27.0,4,hist_gradient_boosting,0,0.15224039320111982,0.6936009670541174,0
6,68.0,26.0,4,hist_gradient_boosting,0,0.8880493858428058,0.6936009670541174,1
6,69.0,25.0,4,hist_gradient_boosting,0,0.9667376605281777,0.6936009670541174,1
6,70.0,24.0,4,hist_gradient_boosting,0,0.5385846309005797,0.6936009670541174,0
6,71.0,23.0,4,hist_gradient_boosting,0,0.9696493069445213,0.6936009670541174,1
6,72.0,22.0,4,hist_gradient_boosting,0,0.9673019506612528,0.6936009670541174,1
6,73.0,21.0,4,hist_gradient_boosting,0,0.8227887685127719,0.6936009670541174,1
6,74.0,20.0,4,hist_gradient_boosting,1,0.9830185258754295,0.6936009670541174,1
6,75.0,19.0,4,hist_gradient_boosting,1,0.9509774513115224,0.6936009670541174,1
6,76.0,18.0,4,hist_gradient_boosting,1,0.8879046740317081,0.6936009670541174,1
6,77.0,17.0,4,hist_gradient_boosting,1,0.9936606233124807,0.6936009670541174,1
6,78.0,16.0,4,hist_gradient_boosting,1,0.9935556415930489,0.6936009670541174,1
6,79.0,15.0,4,hist_gradient_boosting,1,0.9892085669142752,0.6936009670541174,1
6,80.0,14.0,4,hist_gradient_boosting,1,0.9994796011191055,0.6936009670541174,1
6,81.0,13.0,4,hist_gradient_boosting,1,0.9997114268927123,0.6936009670541174,1
6,82.0,12.0,4,hist_gradient_boosting,1,0.9994618912618659,0.6936009670541174,1
6,83.0,11.0,4,hist_gradient_boosting,1,0.9992461374222097,0.6936009670541174,1
6,84.0,10.0,4,hist_gradient_boosting,1,0.999869282369185,0.6936009670541174,1
6,85.0,9.0,4,hist_gradient_boosting,1,0.9991577064142291,0.6936009670541174,1
6,86.0,8.0,4,hist_gradient_boosting,1,0.9998766916792499,0.6936009670541174,1
6,87.0,7.0,4,hist_gradient_boosting,1,0.9997010132872651,0.6936009670541174,1
6,88.0,6.0,4,hist_gradient_boosting,1,0.9996878078479743,0.6936009670541174,1
6,89.0,5.0,4,hist_gradient_boosting,1,0.9995397000950937,0.6936009670541174,1
6,90.0,4.0,4,hist_gradient_boosting,1,0.9998786148567523,0.6936009670541174,1
6,91.0,3.0,4,hist_gradient_boosting,1,0.9998626722876542,0.6936009670541174,1
6,92.0,2.0,4,hist_gradient_boosting,1,0.9998621894568094,0.6936009670541174,1
6,93.0,1.0,4,hist_gradient_boosting,1,0.9999042600155552,0.6936009670541174,1
6,94.0,0.0,4,hist_gradient_boosting,1,0.9999252281483655,0.6936009670541174,1
7,1.0,89.0,4,hist_gradient_boosting,0,7.361716617556091e-05,0.6936009670541174,0
7,2.0,88.0,4,hist_gradient_boosting,0,5.545913957802035e-05,0.6936009670541174,0
7,3.0,87.0,4,hist_gradient_boosting,0,9.30219932270605e-05,0.6936009670541174,0
7,4.0,86.0,4,hist_gradient_boosting,0,3.120798998698871e-05,0.6936009670541174,0
7,5.0,85.0,4,hist_gradient_boosting,0,3.089458423795078e-05,0.6936009670541174,0
7,6.0,84.0,4,hist_gradient_boosting,0,0.00011541335593398232,0.6936009670541174,0
7,7.0,83.0,4,hist_gradient_boosting,0,5.014278471280006e-05,0.6936009670541174,0
7,8.0,82.0,4,hist_gradient_boosting,0,5.335873625069692e-05,0.6936009670541174,0
7,9.0,81.0,4,hist_gradient_boosting,0,4.582313505461392e-05,0.6936009670541174,0
7,10.0,80.0,4,hist_gradient_boosting,0,0.0001480163990150299,0.6936009670541174,0
7,11.0,79.0,4,hist_gradient_boosting,0,0.0001083628277336982,0.6936009670541174,0
7,12.0,78.0,4,hist_gradient_boosting,0,9.358835123619704e-05,0.6936009670541174,0
7,13.0,77.0,4,hist_gradient_boosting,0,0.00017399105387365792,0.6936009670541174,0
7,14.0,76.0,4,hist_gradient_boosting,0,6.445190230337851e-05,0.6936009670541174,0
7,15.0,75.0,4,hist_gradient_boosting,0,0.00015894269891749275,0.6936009670541174,0
7,16.0,74.0,4,hist_gradient_boosting,0,5.4547531008839796e-05,0.6936009670541174,0
7,17.0,73.0,4,hist_gradient_boosting,0,0.00017758532226283457,0.6936009670541174,0
7,18.0,72.0,4,hist_gradient_boosting,0,9.36351523806552e-05,0.6936009670541174,0
7,19.0,71.0,4,hist_gradient_boosting,0,6.247551544327644e-05,0.6936009670541174,0
7,20.0,70.0,4,hist_gradient_boosting,0,0.00010737392788827134,0.6936009670541174,0
7,21.0,69.0,4,hist_gradient_boosting,0,0.00010693293834878526,0.6936009670541174,0
7,22.0,68.0,4,hist_gradient_boosting,0,3.452700106208439e-05,0.6936009670541174,0
7,23.0,67.0,4,hist_gradient_boosting,0,6.771641589370499e-05,0.6936009670541174,0
7,24.0,66.0,4,hist_gradient_boosting,0,5.68853298395716e-05,0.6936009670541174,0
7,25.0,65.0,4,hist_gradient_boosting,0,7.358250923884006e-05,0.6936009670541174,0
7,26.0,64.0,4,hist_gradient_boosting,0,9.163836211779759e-05,0.6936009670541174,0
7,27.0,63.0,4,hist_gradient_boosting,0,0.00017607660253718583,0.6936009670541174,0
7,28.0,62.0,4,hist_gradient_boosting,0,0.00017758532226283457,0.6936009670541174,0
7,29.0,61.0,4,hist_gradient_boosting,0,0.00015380334057756096,0.6936009670541174,0
7,30.0,60.0,4,hist_gradient_boosting,0,0.0004537160593030059,0.6936009670541174,0
7,31.0,59.0,4,hist_gradient_boosting,0,0.0007423860176595797,0.6936009670541174,0
7,32.0,58.0,4,hist_gradient_boosting,0,0.0010372892843026696,0.6936009670541174,0
7,33.0,57.0,4,hist_gradient_boosting,0,0.0013499090514730505,0.6936009670541174,0
7,34.0,56.0,4,hist_gradient_boosting,0,0.0022094637909178287,0.6936009670541174,0
7,35.0,55.0,4,hist_gradient_boosting,0,0.0031311927414522365,0.6936009670541174,0
7,36.0,54.0,4,hist_gradient_boosting,0,0.0017338417602244891,0.6936009670541174,0
7,37.0,53.0,4,hist_gradient_boosting,0,0.00046416742868717314,0.6936009670541174,0
7,38.0,52.0,4,hist_gradient_boosting,0,0.0016824252505309432,0.6936009670541174,0
7,39.0,51.0,4,hist_gradient_boosting,0,0.004828126932838491,0.6936009670541174,0
7,40.0,50.0,4,hist_gradient_boosting,0,0.0015967890017744048,0.6936009670541174,0
7,41.0,49.0,4,hist_gradient_boosting,0,0.0015196417107353835,0.6936009670541174,0
7,42.0,48.0,4,hist_gradient_boosting,0,0.014542062654172603,0.6936009670541174,0
7,43.0,47.0,4,hist_gradient_boosting,0,0.0013406163595607854,0.6936009670541174,0
7,44.0,46.0,4,hist_gradient_boosting,0,0.0020566575722683403,0.6936009670541174,0
7,45.0,45.0,4,hist_gradient_boosting,0,0.0019364774695064715,0.6936009670541174,0
7,46.0,44.0,4,hist_gradient_boosting,0,0.002663445848192306,0.6936009670541174,0
7,47.0,43.0,4,hist_gradient_boosting,0,0.003747821821654459,0.6936009670541174,0
7,48.0,42.0,4,hist_gradient_boosting,0,0.014961571295663348,0.6936009670541174,0
7,49.0,41.0,4,hist_gradient_boosting,0,0.017896289675147486,0.6936009670541174,0
7,50.0,40.0,4,hist_gradient_boosting,0,0.02905794519327388,0.6936009670541174,0
7,51.0,39.0,4,hist_gradient_boosting,0,0.007764850649326963,0.6936009670541174,0
7,52.0,38.0,4,hist_gradient_boosting,0,0.007046573828610682,0.6936009670541174,0
7,53.0,37.0,4,hist_gradient_boosting,0,0.08729152935727555,0.6936009670541174,0
7,54.0,36.0,4,hist_gradient_boosting,0,0.017411673190757704,0.6936009670541174,0
7,55.0,35.0,4,hist_gradient_boosting,0,0.0299352764316,0.6936009670541174,0
7,56.0,34.0,4,hist_gradient_boosting,0,0.05026328432766866,0.6936009670541174,0
7,57.0,33.0,4,hist_gradient_boosting,0,0.04659599200638106,0.6936009670541174,0
7,58.0,32.0,4,hist_gradient_boosting,0,0.0344997072838847,0.6936009670541174,0
7,59.0,31.0,4,hist_gradient_boosting,0,0.4982239410354388,0.6936009670541174,0
7,60.0,30.0,4,hist_gradient_boosting,0,0.35454095308215366,0.6936009670541174,0
7,61.0,29.0,4,hist_gradient_boosting,0,0.15977545332023876,0.6936009670541174,0
7,62.0,28.0,4,hist_gradient_boosting,0,0.043123724502943175,0.6936009670541174,0
7,63.0,27.0,4,hist_gradient_boosting,0,0.009137655136528955,0.6936009670541174,0
7,64.0,26.0,4,hist_gradient_boosting,0,0.0226725584482317,0.6936009670541174,0
7,65.0,25.0,4,hist_gradient_boosting,0,0.10364392535255727,0.6936009670541174,0
7,66.0,24.0,4,hist_gradient_boosting,0,0.868127130511539,0.6936009670541174,1
7,67.0,23.0,4,hist_gradient_boosting,0,0.8261313126632455,0.6936009670541174,1
7,68.0,22.0,4,hist_gradient_boosting,0,0.8375496904059728,0.6936009670541174,1
7,69.0,21.0,4,hist_gradient_boosting,0,0.7604151141033688,0.6936009670541174,1
7,70.0,20.0,4,hist_gradient_boosting,1,0.551825689745259,0.6936009670541174,0
7,71.0,19.0,4,hist_gradient_boosting,1,0.9551597259094765,0.6936009670541174,1
7,72.0,18.0,4,hist_gradient_boosting,1,0.22051438013327151,0.6936009670541174,0
7,73.0,17.0,4,hist_gradient_boosting,1,0.8545964318240893,0.6936009670541174,1
7,74.0,16.0,4,hist_gradient_boosting,1,0.3924336933527469,0.6936009670541174,0
7,75.0,15.0,4,hist_gradient_boosting,1,0.9894307826682112,0.6936009670541174,1
7,76.0,14.0,4,hist_gradient_boosting,1,0.9098433818107815,0.6936009670541174,1
7,77.0,13.0,4,hist_gradient_boosting,1,0.8911407517110039,0.6936009670541174,1
7,78.0,12.0,4,hist_gradient_boosting,1,0.9926973299022347,0.6936009670541174,1
7,79.0,11.0,4,hist_gradient_boosting,1,0.9920888304744231,0.6936009670541174,1
7,80.0,10.0,4,hist_gradient_boosting,1,0.9999077123356875,0.6936009670541174,1
7,81.0,9.0,4,hist_gradient_boosting,1,0.9998419848849641,0.6936009670541174,1
7,82.0,8.0,4,hist_gradient_boosting,1,0.9995164976781146,0.6936009670541174,1
7,83.0,7.0,4,hist_gradient_boosting,1,0.9996268572955876,0.6936009670541174,1
7,84.0,6.0,4,hist_gradient_boosting,1,0.9997042327990702,0.6936009670541174,1
7,85.0,5.0,4,hist_gradient_boosting,1,0.9989007249180607,0.6936009670541174,1
7,86.0,4.0,4,hist_gradient_boosting,1,0.9999066481975829,0.6936009670541174,1
7,87.0,3.0,4,hist_gradient_boosting,1,0.9997914139601245,0.6936009670541174,1
7,88.0,2.0,4,hist_gradient_boosting,1,0.999889692221581,0.6936009670541174,1
7,89.0,1.0,4,hist_gradient_boosting,1,0.9998833368049712,0.6936009670541174,1
7,90.0,0.0,4,hist_gradient_boosting,1,0.9998382907783103,0.6936009670541174,1
8,1.0,88.0,5,rbf_svc,0,0.0004689475731872554,0.48778595770042416,0
8,2.0,87.0,5,rbf_svc,0,8.562017605639139e-05,0.48778595770042416,0
8,3.0,86.0,5,rbf_svc,0,0.00010026720551811913,0.48778595770042416,0
8,4.0,85.0,5,rbf_svc,0,0.00017339107735922556,0.48778595770042416,0
8,5.0,84.0,5,rbf_svc,0,0.0005459393859979023,0.48778595770042416,0
8,6.0,83.0,5,rbf_svc,0,7.065573834218352e-05,0.48778595770042416,0
8,7.0,82.0,5,rbf_svc,0,0.0003935218356308356,0.48778595770042416,0
8,8.0,81.0,5,rbf_svc,0,0.000768900062427562,0.48778595770042416,0
8,9.0,80.0,5,rbf_svc,0,0.0010115005398118099,0.48778595770042416,0
8,10.0,79.0,5,rbf_svc,0,0.0006270057298154481,0.48778595770042416,0
8,11.0,78.0,5,rbf_svc,0,0.0006507891664163666,0.48778595770042416,0
8,12.0,77.0,5,rbf_svc,0,0.0006818869359328969,0.48778595770042416,0
8,13.0,76.0,5,rbf_svc,0,0.001624669212764466,0.48778595770042416,0
8,14.0,75.0,5,rbf_svc,0,0.0008425833187651528,0.48778595770042416,0
8,15.0,74.0,5,rbf_svc,0,0.001634207591372494,0.48778595770042416,0
8,16.0,73.0,5,rbf_svc,0,0.001078079711842851,0.48778595770042416,0
8,17.0,72.0,5,rbf_svc,0,0.0012937078753134214,0.48778595770042416,0
8,18.0,71.0,5,rbf_svc,0,0.006749959341089547,0.48778595770042416,0
8,19.0,70.0,5,rbf_svc,0,0.0025998885243389796,0.48778595770042416,0
8,20.0,69.0,5,rbf_svc,0,0.003030052920070453,0.48778595770042416,0
8,21.0,68.0,5,rbf_svc,0,0.014278434381730973,0.48778595770042416,0
8,22.0,67.0,5,rbf_svc,0,0.0018430778900934675,0.48778595770042416,0
8,23.0,66.0,5,rbf_svc,0,0.0038649317540591773,0.48778595770042416,0
8,24.0,65.0,5,rbf_svc,0,0.0014824890742611862,0.48778595770042416,0
8,25.0,64.0,5,rbf_svc,0,0.024511459821594517,0.48778595770042416,0
8,26.0,63.0,5,rbf_svc,0,0.005508061103480163,0.48778595770042416,0
8,27.0,62.0,5,rbf_svc,0,0.004479932391235234,0.48778595770042416,0
8,28.0,61.0,5,rbf_svc,0,0.009733453386644202,0.48778595770042416,0
8,29.0,60.0,5,rbf_svc,0,0.0314446373649876,0.48778595770042416,0
8,30.0,59.0,5,rbf_svc,0,0.011797957710790256,0.48778595770042416,0
8,31.0,58.0,5,rbf_svc,0,0.00937538790310906,0.48778595770042416,0
8,32.0,57.0,5,rbf_svc,0,0.019754322212493087,0.48778595770042416,0
8,33.0,56.0,5,rbf_svc,0,0.024488825536643947,0.48778595770042416,0
8,34.0,55.0,5,rbf_svc,0,0.01569926506308129,0.48778595770042416,0
8,35.0,54.0,5,rbf_svc,0,0.01434747216852139,0.48778595770042416,0
8,36.0,53.0,5,rbf_svc,0,0.024343961104665586,0.48778595770042416,0
8,37.0,52.0,5,rbf_svc,0,0.028449277252353907,0.48778595770042416,0
8,38.0,51.0,5,rbf_svc,0,0.02654999271617296,0.48778595770042416,0
8,39.0,50.0,5,rbf_svc,0,0.10804330875577425,0.48778595770042416,0
8,40.0,49.0,5,rbf_svc,0,0.07068865552906091,0.48778595770042416,0
8,41.0,48.0,5,rbf_svc,0,0.060775158555807056,0.48778595770042416,0
8,42.0,47.0,5,rbf_svc,0,0.07719119604278175,0.48778595770042416,0
8,43.0,46.0,5,rbf_svc,0,0.08365364660132513,0.48778595770042416,0
8,44.0,45.0,5,rbf_svc,0,0.38774203386624134,0.48778595770042416,0
8,45.0,44.0,5,rbf_svc,0,0.009310078486133104,0.48778595770042416,0
8,46.0,43.0,5,rbf_svc,0,0.17697624837840525,0.48778595770042416,0
8,47.0,42.0,5,rbf_svc,0,0.22169333372582936,0.48778595770042416,0
8,48.0,41.0,5,rbf_svc,0,0.07129183550795236,0.48778595770042416,0
8,49.0,40.0,5,rbf_svc,0,0.1517721592309428,0.48778595770042416,0
8,50.0,39.0,5,rbf_svc,0,0.16635931137746704,0.48778595770042416,0
8,51.0,38.0,5,rbf_svc,0,0.3825524099449,0.48778595770042416,0
8,52.0,37.0,5,rbf_svc,0,0.3389999057859451,0.48778595770042416,0
8,53.0,36.0,5,rbf_svc,0,0.402040047852077,0.48778595770042416,0
8,54.0,35.0,5,rbf_svc,0,0.53215612875654,0.48778595770042416,1
8,55.0,34.0,5,rbf_svc,0,0.5872609934264513,0.48778595770042416,1
8,56.0,33.0,5,rbf_svc,0,0.5874893812167334,0.48778595770042416,1
8,57.0,32.0,5,rbf_svc,0,0.695066548471928,0.48778595770042416,1
8,58.0,31.0,5,rbf_svc,0,0.7084993636699424,0.48778595770042416,1
8,59.0,30.0,5,rbf_svc,0,0.793566238537738,0.48778595770042416,1
8,60.0,29.0,5,rbf_svc,0,0.8393794343315452,0.48778595770042416,1
8,61.0,28.0,5,rbf_svc,0,0.7340629919644118,0.48778595770042416,1
8,62.0,27.0,5,rbf_svc,0,0.8663080193302284,0.48778595770042416,1
8,63.0,26.0,5,rbf_svc,0,0.9225433155205758,0.48778595770042416,1
8,64.0,25.0,5,rbf_svc,0,0.9281010370789686,0.48778595770042416,1
8,65.0,24.0,5,rbf_svc,0,0.878919215320529,0.48778595770042416,1
8,66.0,23.0,5,rbf_svc,0,0.9554716075534198,0.48778595770042416,1
8,67.0,22.0,5,rbf_svc,0,0.9729550354178328,0.48778595770042416,1
8,68.0,21.0,5,rbf_svc,0,0.9889838636743696,0.48778595770042416,1
8,69.0,20.0,5,rbf_svc,1,0.9773116666515401,0.48778595770042416,1
8,70.0,19.0,5,rbf_svc,1,0.9833386820261465,0.48778595770042416,1
8,71.0,18.0,5,rbf_svc,1,0.9951730310410641,0.48778595770042416,1
8,72.0,17.0,5,rbf_svc,1,0.9970476709824133,0.48778595770042416,1
8,73.0,16.0,5,rbf_svc,1,0.995266512135046,0.48778595770042416,1
8,74.0,15.0,5,rbf_svc,1,0.9906905275057443,0.48778595770042416,1
8,75.0,14.0,5,rbf_svc,1,0.9999985065629241,0.48778595770042416,1
8,76.0,13.0,5,rbf_svc,1,0.999995204082594,0.48778595770042416,1
8,77.0,12.0,5,rbf_svc,1,0.9999984631810551,0.48778595770042416,1
8,78.0,11.0,5,rbf_svc,1,0.9999998090341833,0.48778595770042416,1
8,79.0,10.0,5,rbf_svc,1,0.9999991617310262,0.48778595770042416,1
8,80.0,9.0,5,rbf_svc,1,0.9999999751957634,0.48778595770042416,1
8,81.0,8.0,5,rbf_svc,1,0.9999996975124346,0.48778595770042416,1
8,82.0,7.0,5,rbf_svc,1,0.9999998927727691,0.48778595770042416,1
8,83.0,6.0,5,rbf_svc,1,0.9999999872411164,0.48778595770042416,1
8,84.0,5.0,5,rbf_svc,1,0.9999999774598134,0.48778595770042416,1
8,85.0,4.0,5,rbf_svc,1,0.9999999696040385,0.48778595770042416,1
8,86.0,3.0,5,rbf_svc,1,0.9999999998645808,0.48778595770042416,1
8,87.0,2.0,5,rbf_svc,1,0.9999999997690744,0.48778595770042416,1
8,88.0,1.0,5,rbf_svc,1,0.9999999999984633,0.48778595770042416,1
8,89.0,0.0,5,rbf_svc,1,0.999999999963951,0.48778595770042416,1
9,1.0,79.0,2,hist_gradient_boosting,0,5.3512393353339584e-05,0.6510141822896698,0
9,2.0,78.0,2,hist_gradient_boosting,0,5.2474476108759425e-05,0.6510141822896698,0
9,3.0,77.0,2,hist_gradient_boosting,0,3.945502732301989e-05,0.6510141822896698,0
9,4.0,76.0,2,hist_gradient_boosting,0,6.182182929249235e-05,0.6510141822896698,0
9,5.0,75.0,2,hist_gradient_boosting,0,7.876452260637909e-05,0.6510141822896698,0
9,6.0,74.0,2,hist_gradient_boosting,0,0.00015690194030586129,0.6510141822896698,0
9,7.0,73.0,2,hist_gradient_boosting,0,4.992691313849824e-05,0.6510141822896698,0
9,8.0,72.0,2,hist_gradient_boosting,0,5.8670217581037686e-05,0.6510141822896698,0
9,9.0,71.0,2,hist_gradient_boosting,0,0.00010006933756961817,0.6510141822896698,0
9,10.0,70.0,2,hist_gradient_boosting,0,6.540306460654842e-05,0.6510141822896698,0
9,11.0,69.0,2,hist_gradient_boosting,0,7.576981295546605e-05,0.6510141822896698,0
9,12.0,68.0,2,hist_gradient_boosting,0,0.0001297225057580437,0.6510141822896698,0
9,13.0,67.0,2,hist_gradient_boosting,0,0.00016991733147128258,0.6510141822896698,0
9,14.0,66.0,2,hist_gradient_boosting,0,5.8601223508696804e-05,0.6510141822896698,0
9,15.0,65.0,2,hist_gradient_boosting,0,7.15607441200226e-05,0.6510141822896698,0
9,16.0,64.0,2,hist_gradient_boosting,0,5.450330679010451e-05,0.6510141822896698,0
9,17.0,63.0,2,hist_gradient_boosting,0,8.998177239915846e-05,0.6510141822896698,0
9,18.0,62.0,2,hist_gradient_boosting,0,5.555334829377495e-05,0.6510141822896698,0
9,19.0,61.0,2,hist_gradient_boosting,0,9.907162793839642e-05,0.6510141822896698,0
9,20.0,60.0,2,hist_gradient_boosting,0,0.00014983748727077218,0.6510141822896698,0
9,21.0,59.0,2,hist_gradient_boosting,0,5.440830067506028e-05,0.6510141822896698,0
9,22.0,58.0,2,hist_gradient_boosting,0,9.028032628199241e-05,0.6510141822896698,0
9,23.0,57.0,2,hist_gradient_boosting,0,6.508949743566318e-05,0.6510141822896698,0
9,24.0,56.0,2,hist_gradient_boosting,0,7.18773194098215e-05,0.6510141822896698,0
9,25.0,55.0,2,hist_gradient_boosting,0,0.00013502604878958905,0.6510141822896698,0
9,26.0,54.0,2,hist_gradient_boosting,0,0.00010030617416993428,0.6510141822896698,0
9,27.0,53.0,2,hist_gradient_boosting,0,3.769578638515447e-05,0.6510141822896698,0
9,28.0,52.0,2,hist_gradient_boosting,0,0.0004953743013970948,0.6510141822896698,0
9,29.0,51.0,2,hist_gradient_boosting,0,0.00025215647584065514,0.6510141822896698,0
9,30.0,50.0,2,hist_gradient_boosting,0,0.0005482005874071994,0.6510141822896698,0
9,31.0,49.0,2,hist_gradient_boosting,0,0.000439488920098484,0.6510141822896698,0
9,32.0,48.0,2,hist_gradient_boosting,0,0.006298257394812643,0.6510141822896698,0
9,33.0,47.0,2,hist_gradient_boosting,0,0.0010887252261201222,0.6510141822896698,0
9,34.0,46.0,2,hist_gradient_boosting,0,0.00033522756809640277,0.6510141822896698,0
9,35.0,45.0,2,hist_gradient_boosting,0,0.0007309381087797582,0.6510141822896698,0
9,36.0,44.0,2,hist_gradient_boosting,0,0.002114183794609383,0.6510141822896698,0
9,37.0,43.0,2,hist_gradient_boosting,0,0.007818853787464256,0.6510141822896698,0
9,38.0,42.0,2,hist_gradient_boosting,0,0.001736320987381099,0.6510141822896698,0
9,39.0,41.0,2,hist_gradient_boosting,0,0.001233039724224656,0.6510141822896698,0
9,40.0,40.0,2,hist_gradient_boosting,0,0.00191878537474515,0.6510141822896698,0
9,41.0,39.0,2,hist_gradient_boosting,0,0.002227749924561574,0.6510141822896698,0
9,42.0,38.0,2,hist_gradient_boosting,0,0.0009310070034721302,0.6510141822896698,0
9,43.0,37.0,2,hist_gradient_boosting,0,0.0014777143203833268,0.6510141822896698,0
9,44.0,36.0,2,hist_gradient_boosting,0,0.005324577837162478,0.6510141822896698,0
9,45.0,35.0,2,hist_gradient_boosting,0,0.003424179137978758,0.6510141822896698,0
9,46.0,34.0,2,hist_gradient_boosting,0,0.012152641026476799,0.6510141822896698,0
9,47.0,33.0,2,hist_gradient_boosting,0,0.002020402308481931,0.6510141822896698,0
9,48.0,32.0,2,hist_gradient_boosting,0,0.019578542770751745,0.6510141822896698,0
9,49.0,31.0,2,hist_gradient_boosting,0,0.07948145588383579,0.6510141822896698,0
9,50.0,30.0,2,hist_gradient_boosting,0,0.0011795943771175748,0.6510141822896698,0
9,51.0,29.0,2,hist_gradient_boosting,0,0.001745122998045799,0.6510141822896698,0
9,52.0,28.0,2,hist_gradient_boosting,0,0.007045769020515658,0.6510141822896698,0
9,53.0,27.0,2,hist_gradient_boosting,0,0.05119313975628406,0.6510141822896698,0
9,54.0,26.0,2,hist_gradient_boosting,0,0.05354149487961459,0.6510141822896698,0
9,55.0,25.0,2,hist_gradient_boosting,0,0.013846135239469114,0.6510141822896698,0
9,56.0,24.0,2,hist_gradient_boosting,0,0.679113482416686,0.6510141822896698,1
9,57.0,23.0,2,hist_gradient_boosting,0,0.01328987587630523,0.6510141822896698,0
9,58.0,22.0,2,hist_gradient_boosting,0,0.6526888006385075,0.6510141822896698,1
9,59.0,21.0,2,hist_gradient_boosting,0,0.5130733053245436,0.6510141822896698,0
9,60.0,20.0,2,hist_gradient_boosting,1,0.03024616205113222,0.6510141822896698,0
9,61.0,19.0,2,hist_gradient_boosting,1,0.6983618321377567,0.6510141822896698,1
9,62.0,18.0,2,hist_gradient_boosting,1,0.4375031860267986,0.6510141822896698,0
9,63.0,17.0,2,hist_gradient_boosting,1,0.8477176065611165,0.6510141822896698,1
9,64.0,16.0,2,hist_gradient_boosting,1,0.9356038678327356,0.6510141822896698,1
9,65.0,15.0,2,hist_gradient_boosting,1,0.8954618452721018,0.6510141822896698,1
9,66.0,14.0,2,hist_gradient_boosting,1,0.9090851496738915,0.6510141822896698,1
9,67.0,13.0,2,hist_gradient_boosting,1,0.9441546954550277,0.6510141822896698,1
9,68.0,12.0,2,hist_gradient_boosting,1,0.9920448739336727,0.6510141822896698,1
9,69.0,11.0,2,hist_gradient_boosting,1,0.889527830676629,0.6510141822896698,1
9,70.0,10.0,2,hist_gradient_boosting,1,0.993223132699091,0.6510141822896698,1
9,71.0,9.0,2,hist_gradient_boosting,1,0.9881034754189054,0.6510141822896698,1
9,72.0,8.0,2,hist_gradient_boosting,1,0.9968593922564234,0.6510141822896698,1
9,73.0,7.0,2,hist_gradient_boosting,1,0.9980921365223488,0.6510141822896698,1
9,74.0,6.0,2,hist_gradient_boosting,1,0.9975555165908916,0.6510141822896698,1
9,75.0,5.0,2,hist_gradient_boosting,1,0.9690111693926897,0.6510141822896698,1
9,76.0,4.0,2,hist_gradient_boosting,1,0.999021604863484,0.6510141822896698,1
9,77.0,3.0,2,hist_gradient_boosting,1,0.9983739777729703,0.6510141822896698,1
9,78.0,2.0,2,hist_gradient_boosting,1,0.9980889393613281,0.6510141822896698,1
9,79.0,1.0,2,hist_gradient_boosting,1,0.9991566615085554,0.6510141822896698,1
9,80.0,0.0,2,hist_gradient_boosting,1,0.999897712919377,0.6510141822896698,1
10,1.0,81.0,5,rbf_svc,0,0.0007464408053733581,0.48778595770042416,0
10,2.0,80.0,5,rbf_svc,0,0.00021754446570253615,0.48778595770042416,0
10,3.0,79.0,5,rbf_svc,0,0.0006689719931975428,0.48778595770042416,0
10,4.0,78.0,5,rbf_svc,0,0.0002457851910788053,0.48778595770042416,0
10,5.0,77.0,5,rbf_svc,0,0.008660188308655314,0.48778595770042416,0
10,6.0,76.0,5,rbf_svc,0,0.017067136941412653,0.48778595770042416,0
10,7.0,75.0,5,rbf_svc,0,0.0010179219631206724,0.48778595770042416,0
10,8.0,74.0,5,rbf_svc,0,0.0006113437075573513,0.48778595770042416,0
10,9.0,73.0,5,rbf_svc,0,0.002928683775421834,0.48778595770042416,0
10,10.0,72.0,5,rbf_svc,0,0.002605358937183075,0.48778595770042416,0
10,11.0,71.0,5,rbf_svc,0,0.0006879693233521713,0.48778595770042416,0
10,12.0,70.0,5,rbf_svc,0,0.0015246232278245291,0.48778595770042416,0
10,13.0,69.0,5,rbf_svc,0,0.003265330233277509,0.48778595770042416,0
10,14.0,68.0,5,rbf_svc,0,0.0009159820345688935,0.48778595770042416,0
10,15.0,67.0,5,rbf_svc,0,0.00737415515531708,0.48778595770042416,0
10,16.0,66.0,5,rbf_svc,0,0.004897702541936005,0.48778595770042416,0
10,17.0,65.0,5,rbf_svc,0,0.008054220252266858,0.48778595770042416,0
10,18.0,64.0,5,rbf_svc,0,0.0012150682475835573,0.48778595770042416,0
10,19.0,63.0,5,rbf_svc,0,0.014745467626009416,0.48778595770042416,0
10,20.0,62.0,5,rbf_svc,0,0.00730267939674823,0.48778595770042416,0
10,21.0,61.0,5,rbf_svc,0,0.04981185902740695,0.48778595770042416,0
10,22.0,60.0,5,rbf_svc,0,0.005322093917966784,0.48778595770042416,0
10,23.0,59.0,5,rbf_svc,0,0.005209733370965335,0.48778595770042416,0
10,24.0,58.0,5,rbf_svc,0,0.020672111080609623,0.48778595770042416,0
10,25.0,57.0,5,rbf_svc,0,0.0066044931039349036,0.48778595770042416,0
10,26.0,56.0,5,rbf_svc,0,0.06008347411035185,0.48778595770042416,0
10,27.0,55.0,5,rbf_svc,0,0.01725379180279436,0.48778595770042416,0
10,28.0,54.0,5,rbf_svc,0,0.033997054078918114,0.48778595770042416,0
10,29.0,53.0,5,rbf_svc,0,0.008587878535984576,0.48778595770042416,0
10,30.0,52.0,5,rbf_svc,0,0.045500688890032046,0.48778595770042416,0
10,31.0,51.0,5,rbf_svc,0,0.05227064729946663,0.48778595770042416,0
10,32.0,50.0,5,rbf_svc,0,0.03443737681199437,0.48778595770042416,0
10,33.0,49.0,5,rbf_svc,0,0.01668507943941122,0.48778595770042416,0
10,34.0,48.0,5,rbf_svc,0,0.06641451438748555,0.48778595770042416,0
10,35.0,47.0,5,rbf_svc,0,0.06404194368836266,0.48778595770042416,0
10,36.0,46.0,5,rbf_svc,0,0.02440170874794965,0.48778595770042416,0
10,37.0,45.0,5,rbf_svc,0,0.14192083742797396,0.48778595770042416,0
10,38.0,44.0,5,rbf_svc,0,0.06289659830499131,0.48778595770042416,0
10,39.0,43.0,5,rbf_svc,0,0.09114766470513615,0.48778595770042416,0
10,40.0,42.0,5,rbf_svc,0,0.1651709164143491,0.48778595770042416,0
10,41.0,41.0,5,rbf_svc,0,0.1445061580420261,0.48778595770042416,0
10,42.0,40.0,5,rbf_svc,0,0.22157249163098897,0.48778595770042416,0
10,43.0,39.0,5,rbf_svc,0,0.14857057767821014,0.48778595770042416,0
10,44.0,38.0,5,rbf_svc,0,0.17379180840806477,0.48778595770042416,0
10,45.0,37.0,5,rbf_svc,0,0.1798987076213117,0.48778595770042416,0
10,46.0,36.0,5,rbf_svc,0,0.5909985855502968,0.48778595770042416,1
10,47.0,35.0,5,rbf_svc,0,0.22244283319326302,0.48778595770042416,0
10,48.0,34.0,5,rbf_svc,0,0.2163092553917711,0.48778595770042416,0
10,49.0,33.0,5,rbf_svc,0,0.49446351112523174,0.48778595770042416,1
10,50.0,32.0,5,rbf_svc,0,0.4178023544523282,0.48778595770042416,0
10,51.0,31.0,5,rbf_svc,0,0.2185986357749838,0.48778595770042416,0
10,52.0,30.0,5,rbf_svc,0,0.7227195407121423,0.48778595770042416,1
10,53.0,29.0,5,rbf_svc,0,0.8151537598961286,0.48778595770042416,1
10,54.0,28.0,5,rbf_svc,0,0.6684560045668085,0.48778595770042416,1
10,55.0,27.0,5,rbf_svc,0,0.7634408988049162,0.48778595770042416,1
10,56.0,26.0,5,rbf_svc,0,0.8308228299568051,0.48778595770042416,1
10,57.0,25.0,5,rbf_svc,0,0.8261360019911541,0.48778595770042416,1
10,58.0,24.0,5,rbf_svc,0,0.8068659440858688,0.48778595770042416,1
10,59.0,23.0,5,rbf_svc,0,0.8996022016234504,0.48778595770042416,1
10,60.0,22.0,5,rbf_svc,0,0.9073064351991148,0.48778595770042416,1
10,61.0,21.0,5,rbf_svc,0,0.9494380805932016,0.48778595770042416,1
10,62.0,20.0,5,rbf_svc,1,0.962744757362494,0.48778595770042416,1
10,63.0,19.0,5,rbf_svc,1,0.9809156820744107,0.48778595770042416,1
10,64.0,18.0,5,rbf_svc,1,0.9852965837978505,0.48778595770042416,1
10,65.0,17.0,5,rbf_svc,1,0.9941577223892399,0.48778595770042416,1
10,66.0,16.0,5,rbf_svc,1,0.9739552654339194,0.48778595770042416,1
10,67.0,15.0,5,rbf_svc,1,0.9943601172766552,0.48778595770042416,1
10,68.0,14.0,5,rbf_svc,1,0.8174313482298572,0.48778595770042416,1
10,69.0,13.0,5,rbf_svc,1,0.995817666685723,0.48778595770042416,1
10,70.0,12.0,5,rbf_svc,1,0.9849753245945092,0.48778595770042416,1
10,71.0,11.0,5,rbf_svc,1,0.9973304361478519,0.48778595770042416,1
10,72.0,10.0,5,rbf_svc,1,0.9999872873735446,0.48778595770042416,1
10,73.0,9.0,5,rbf_svc,1,0.999986777601812,0.48778595770042416,1
10,74.0,8.0,5,rbf_svc,1,0.9927439605833487,0.48778595770042416,1
10,75.0,7.0,5,rbf_svc,1,0.9999940618129395,0.48778595770042416,1
10,76.0,6.0,5,rbf_svc,1,0.9999999907138413,0.48778595770042416,1
10,77.0,5.0,5,rbf_svc,1,0.9999999026486003,0.48778595770042416,1
10,78.0,4.0,5,rbf_svc,1,0.999998518018324,0.48778595770042416,1
10,79.0,3.0,5,rbf_svc,1,0.9999999785361708,0.48778595770042416,1
10,80.0,2.0,5,rbf_svc,1,0.9999998340609901,0.48778595770042416,1
10,81.0,1.0,5,rbf_svc,1,0.9999879027851944,0.48778595770042416,1
10,82.0,0.0,5,rbf_svc,1,0.9999999985017717,0.48778595770042416,1
11,1.0,71.0,1,rbf_svc,0,3.462675803687854e-05,0.5280302851876438,0
11,2.0,70.0,1,rbf_svc,0,4.564769418219187e-05,0.5280302851876438,0
11,3.0,69.0,1,rbf_svc,0,2.1664269684825478e-05,0.5280302851876438,0
11,4.0,68.0,1,rbf_svc,0,0.00011962809293428241,0.5280302851876438,0
11,5.0,67.0,1,rbf_svc,0,4.110973003699383e-05,0.5280302851876438,0
11,6.0,66.0,1,rbf_svc,0,8.237513854174205e-05,0.5280302851876438,0
11,7.0,65.0,1,rbf_svc,0,0.00011139119083403539,0.5280302851876438,0
11,8.0,64.0,1,rbf_svc,0,0.00011512283410866378,0.5280302851876438,0
11,9.0,63.0,1,rbf_svc,0,0.000601069458094579,0.5280302851876438,0
11,10.0,62.0,1,rbf_svc,0,3.5691598484045696e-05,0.5280302851876438,0
11,11.0,61.0,1,rbf_svc,0,0.00018959135487917988,0.5280302851876438,0
11,12.0,60.0,1,rbf_svc,0,0.0001407732215713664,0.5280302851876438,0
11,13.0,59.0,1,rbf_svc,0,0.00011284443780374946,0.5280302851876438,0
11,14.0,58.0,1,rbf_svc,0,0.0003422685020702,0.5280302851876438,0
11,15.0,57.0,1,rbf_svc,0,0.00034677556955734965,0.5280302851876438,0
11,16.0,56.0,1,rbf_svc,0,0.00011484542952800008,0.5280302851876438,0
11,17.0,55.0,1,rbf_svc,0,0.0002361074655664887,0.5280302851876438,0
11,18.0,54.0,1,rbf_svc,0,0.0001410502073594128,0.5280302851876438,0
11,19.0,53.0,1,rbf_svc,0,0.0033204941343904213,0.5280302851876438,0
11,20.0,52.0,1,rbf_svc,0,0.00028914220593881206,0.5280302851876438,0
11,21.0,51.0,1,rbf_svc,0,0.0018464982216747383,0.5280302851876438,0
11,22.0,50.0,1,rbf_svc,0,0.0014045904918136539,0.5280302851876438,0
11,23.0,49.0,1,rbf_svc,0,0.0006377355817883563,0.5280302851876438,0
11,24.0,48.0,1,rbf_svc,0,0.0005390031340576086,0.5280302851876438,0
11,25.0,47.0,1,rbf_svc,0,0.0004317219150865432,0.5280302851876438,0
11,26.0,46.0,1,rbf_svc,0,0.0004509128501952236,0.5280302851876438,0
11,27.0,45.0,1,rbf_svc,0,0.0036779755291478705,0.5280302851876438,0
11,28.0,44.0,1,rbf_svc,0,0.0012010418327882996,0.5280302851876438,0
11,29.0,43.0,1,rbf_svc,0,0.001096091986390387,0.5280302851876438,0
11,30.0,42.0,1,rbf_svc,0,0.000813984714545491,0.5280302851876438,0
11,31.0,41.0,1,rbf_svc,0,0.0022682955740128577,0.5280302851876438,0
11,32.0,40.0,1,rbf_svc,0,0.005618929768856728,0.5280302851876438,0
11,33.0,39.0,1,rbf_svc,0,0.010412994224957837,0.5280302851876438,0
11,34.0,38.0,1,rbf_svc,0,0.001945634385736161,0.5280302851876438,0
11,35.0,37.0,1,rbf_svc,0,0.003508517344647271,0.5280302851876438,0
11,36.0,36.0,1,rbf_svc,0,0.005541009465381076,0.5280302851876438,0
11,37.0,35.0,1,rbf_svc,0,0.00546189038791077,0.5280302851876438,0
11,38.0,34.0,1,rbf_svc,0,0.0069011413167548155,0.5280302851876438,0
11,39.0,33.0,1,rbf_svc,0,0.005218082296795536,0.5280302851876438,0
11,40.0,32.0,1,rbf_svc,0,0.011421360605379847,0.5280302851876438,0
11,41.0,31.0,1,rbf_svc,0,0.008927677043252607,0.5280302851876438,0
11,42.0,30.0,1,rbf_svc,0,0.011317162258992172,0.5280302851876438,0
11,43.0,29.0,1,rbf_svc,0,0.006634212773430617,0.5280302851876438,0
11,44.0,28.0,1,rbf_svc,0,0.010350726893793648,0.5280302851876438,0
11,45.0,27.0,1,rbf_svc,0,0.011341364763033737,0.5280302851876438,0
11,46.0,26.0,1,rbf_svc,0,0.017035627212872786,0.5280302851876438,0
11,47.0,25.0,1,rbf_svc,0,0.014666618313179645,0.5280302851876438,0
11,48.0,24.0,1,rbf_svc,0,0.028579676107861152,0.5280302851876438,0
11,49.0,23.0,1,rbf_svc,0,0.024887582928155468,0.5280302851876438,0
11,50.0,22.0,1,rbf_svc,0,0.05822995384893163,0.5280302851876438,0
11,51.0,21.0,1,rbf_svc,0,0.12355034140023415,0.5280302851876438,0
11,52.0,20.0,1,rbf_svc,1,0.058251404158849884,0.5280302851876438,0
11,53.0,19.0,1,rbf_svc,1,0.14852439277350113,0.5280302851876438,0
11,54.0,18.0,1,rbf_svc,1,0.0381864924839358,0.5280302851876438,0
11,55.0,17.0,1,rbf_svc,1,0.30319032471918445,0.5280302851876438,0
11,56.0,16.0,1,rbf_svc,1,0.13746703717340852,0.5280302851876438,0
11,57.0,15.0,1,rbf_svc,1,0.23083183001024304,0.5280302851876438,0
11,58.0,14.0,1,rbf_svc,1,0.22588133862195928,0.5280302851876438,0
11,59.0,13.0,1,rbf_svc,1,0.30976357848507347,0.5280302851876438,0
11,60.0,12.0,1,rbf_svc,1,0.4169471318715203,0.5280302851876438,0
11,61.0,11.0,1,rbf_svc,1,0.6601517204406347,0.5280302851876438,1
11,62.0,10.0,1,rbf_svc,1,0.8192874234194064,0.5280302851876438,1
11,63.0,9.0,1,rbf_svc,1,0.8484321677599923,0.5280302851876438,1
11,64.0,8.0,1,rbf_svc,1,0.7640487324434783,0.5280302851876438,1
11,65.0,7.0,1,rbf_svc,1,0.8838748678091829,0.5280302851876438,1
11,66.0,6.0,1,rbf_svc,1,0.9249936753350966,0.5280302851876438,1
11,67.0,5.0,1,rbf_svc,1,0.9607332457067707,0.5280302851876438,1
11,68.0,4.0,1,rbf_svc,1,0.9648729500914762,0.5280302851876438,1
11,69.0,3.0,1,rbf_svc,1,0.984899820118571,0.5280302851876438,1
11,70.0,2.0,1,rbf_svc,1,0.9908065816075755,0.5280302851876438,1
11,71.0,1.0,1,rbf_svc,1,0.9971258671895846,0.5280302851876438,1
11,72.0,0.0,1,rbf_svc,1,0.9936225653875883,0.5280302851876438,1
12,1.0,72.0,3,hist_gradient_boosting,0,6.992387114839684e-05,0.6323221630840011,0
12,2.0,71.0,3,hist_gradient_boosting,0,0.00010627725098851846,0.6323221630840011,0
12,3.0,70.0,3,hist_gradient_boosting,0,0.000283119262563293,0.6323221630840011,0
12,4.0,69.0,3,hist_gradient_boosting,0,0.00017876783127081415,0.6323221630840011,0
12,5.0,68.0,3,hist_gradient_boosting,0,0.0003359982087279068,0.6323221630840011,0
12,6.0,67.0,3,hist_gradient_boosting,0,0.00010677254087300395,0.6323221630840011,0
12,7.0,66.0,3,hist_gradient_boosting,0,7.533419611535735e-05,0.6323221630840011,0
12,8.0,65.0,3,hist_gradient_boosting,0,0.0002741858976729678,0.6323221630840011,0
12,9.0,64.0,3,hist_gradient_boosting,0,0.00019714159683553308,0.6323221630840011,0
12,10.0,63.0,3,hist_gradient_boosting,0,0.0001341340537746463,0.6323221630840011,0
12,11.0,62.0,3,hist_gradient_boosting,0,0.00012256036110956818,0.6323221630840011,0
12,12.0,61.0,3,hist_gradient_boosting,0,0.00010292683176246896,0.6323221630840011,0
12,13.0,60.0,3,hist_gradient_boosting,0,0.00015521670946217487,0.6323221630840011,0
12,14.0,59.0,3,hist_gradient_boosting,0,0.00024158125548364055,0.6323221630840011,0
12,15.0,58.0,3,hist_gradient_boosting,0,0.0002774850771995352,0.6323221630840011,0
12,16.0,57.0,3,hist_gradient_boosting,0,0.00015256006979616263,0.6323221630840011,0
12,17.0,56.0,3,hist_gradient_boosting,0,0.0001629059168505724,0.6323221630840011,0
12,18.0,55.0,3,hist_gradient_boosting,0,0.00014305246394065286,0.6323221630840011,0
12,19.0,54.0,3,hist_gradient_boosting,0,0.00014803553794807473,0.6323221630840011,0
12,20.0,53.0,3,hist_gradient_boosting,0,0.0003267433589161123,0.6323221630840011,0
12,21.0,52.0,3,hist_gradient_boosting,0,0.00016374320828896512,0.6323221630840011,0
12,22.0,51.0,3,hist_gradient_boosting,0,0.00010159224202664808,0.6323221630840011,0
12,23.0,50.0,3,hist_gradient_boosting,0,0.00013214171314629092,0.6323221630840011,0
12,24.0,49.0,3,hist_gradient_boosting,0,7.683513476848357e-05,0.6323221630840011,0
12,25.0,48.0,3,hist_gradient_boosting,0,0.00011634727087212954,0.6323221630840011,0
12,26.0,47.0,3,hist_gradient_boosting,0,0.00017891497906521292,0.6323221630840011,0
12,27.0,46.0,3,hist_gradient_boosting,0,0.0002482472901725261,0.6323221630840011,0
12,28.0,45.0,3,hist_gradient_boosting,0,0.06459384134415548,0.6323221630840011,0
12,29.0,44.0,3,hist_gradient_boosting,0,0.0005698276893466466,0.6323221630840011,0
12,30.0,43.0,3,hist_gradient_boosting,0,0.0014535906688471739,0.6323221630840011,0
12,31.0,42.0,3,hist_gradient_boosting,0,0.0020485152243195676,0.6323221630840011,0
12,32.0,41.0,3,hist_gradient_boosting,0,0.06018417903487411,0.6323221630840011,0
12,33.0,40.0,3,hist_gradient_boosting,0,0.0012361582932499243,0.6323221630840011,0
12,34.0,39.0,3,hist_gradient_boosting,0,0.004760973477370719,0.6323221630840011,0
12,35.0,38.0,3,hist_gradient_boosting,0,0.004142873481541099,0.6323221630840011,0
12,36.0,37.0,3,hist_gradient_boosting,0,0.025215765088490587,0.6323221630840011,0
12,37.0,36.0,3,hist_gradient_boosting,0,0.01639793148650106,0.6323221630840011,0
12,38.0,35.0,3,hist_gradient_boosting,0,0.22463905695839134,0.6323221630840011,0
12,39.0,34.0,3,hist_gradient_boosting,0,0.020203814338718255,0.6323221630840011,0
12,40.0,33.0,3,hist_gradient_boosting,0,0.06632311729600787,0.6323221630840011,0
12,41.0,32.0,3,hist_gradient_boosting,0,0.023770708454080827,0.6323221630840011,0
12,42.0,31.0,3,hist_gradient_boosting,0,0.016100818502610286,0.6323221630840011,0
12,43.0,30.0,3,hist_gradient_boosting,0,0.016549314621468567,0.6323221630840011,0
12,44.0,29.0,3,hist_gradient_boosting,0,0.1467439081936176,0.6323221630840011,0
12,45.0,28.0,3,hist_gradient_boosting,0,0.4792124485419059,0.6323221630840011,0
12,46.0,27.0,3,hist_gradient_boosting,0,0.27814001133950567,0.6323221630840011,0
12,47.0,26.0,3,hist_gradient_boosting,0,0.10632327978665256,0.6323221630840011,0
12,48.0,25.0,3,hist_gradient_boosting,0,0.7079651973751611,0.6323221630840011,1
12,49.0,24.0,3,hist_gradient_boosting,0,0.10539912707592455,0.6323221630840011,0
12,50.0,23.0,3,hist_gradient_boosting,0,0.19120666289371308,0.6323221630840011,0
12,51.0,22.0,3,hist_gradient_boosting,0,0.8602222211221744,0.6323221630840011,1
12,52.0,21.0,3,hist_gradient_boosting,0,0.8117954770450588,0.6323221630840011,1
12,53.0,20.0,3,hist_gradient_boosting,1,0.8309807468191077,0.6323221630840011,1
12,54.0,19.0,3,hist_gradient_boosting,1,0.5717230536937579,0.6323221630840011,0
12,55.0,18.0,3,hist_gradient_boosting,1,0.119950097193524,0.6323221630840011,0
12,56.0,17.0,3,hist_gradient_boosting,1,0.9199341665619137,0.6323221630840011,1
12,57.0,16.0,3,hist_gradient_boosting,1,0.9644807762406243,0.6323221630840011,1
12,58.0,15.0,3,hist_gradient_boosting,1,0.8648238823198665,0.6323221630840011,1
12,59.0,14.0,3,hist_gradient_boosting,1,0.9809603364082013,0.6323221630840011,1
12,60.0,13.0,3,hist_gradient_boosting,1,0.9788293514370746,0.6323221630840011,1
12,61.0,12.0,3,hist_gradient_boosting,1,0.9590437958689713,0.6323221630840011,1
12,62.0,11.0,3,hist_gradient_boosting,1,0.9933542023317479,0.6323221630840011,1
12,63.0,10.0,3,hist_gradient_boosting,1,0.990912839074187,0.6323221630840011,1
12,64.0,9.0,3,hist_gradient_boosting,1,0.9949396789337308,0.6323221630840011,1
12,65.0,8.0,3,hist_gradient_boosting,1,0.9974823014856157,0.6323221630840011,1
12,66.0,7.0,3,hist_gradient_boosting,1,0.998211652782534,0.6323221630840011,1
12,67.0,6.0,3,hist_gradient_boosting,1,0.9943431630992284,0.6323221630840011,1
12,68.0,5.0,3,hist_gradient_boosting,1,0.9982944688758989,0.6323221630840011,1
12,69.0,4.0,3,hist_gradient_boosting,1,0.9984530628971267,0.6323221630840011,1
12,70.0,3.0,3,hist_gradient_boosting,1,0.9940677023313711,0.6323221630840011,1
12,71.0,2.0,3,hist_gradient_boosting,1,0.9991664060576199,0.6323221630840011,1
12,72.0,1.0,3,hist_gradient_boosting,1,0.9994981166502414,0.6323221630840011,1
12,73.0,0.0,3,hist_gradient_boosting,1,0.9870776045567073,0.6323221630840011,1
13,1.0,66.0,3,hist_gradient_boosting,0,0.0002883752592620578,0.6323221630840011,0
13,2.0,65.0,3,hist_gradient_boosting,0,0.00013849318291479584,0.6323221630840011,0
13,3.0,64.0,3,hist_gradient_boosting,0,8.428318762159443e-05,0.6323221630840011,0
13,4.0,63.0,3,hist_gradient_boosting,0,6.122325201335183e-05,0.6323221630840011,0
13,5.0,62.0,3,hist_gradient_boosting,0,0.00021629002800009162,0.6323221630840011,0
13,6.0,61.0,3,hist_gradient_boosting,0,0.000104601405114976,0.6323221630840011,0
13,7.0,60.0,3,hist_gradient_boosting,0,9.310516693598474e-05,0.6323221630840011,0
13,8.0,59.0,3,hist_gradient_boosting,0,6.232501018607798e-05,0.6323221630840011,0
13,9.0,58.0,3,hist_gradient_boosting,0,0.0001984401817883127,0.6323221630840011,0
13,10.0,57.0,3,hist_gradient_boosting,0,0.0001342822111926918,0.6323221630840011,0
13,11.0,56.0,3,hist_gradient_boosting,0,0.00023136282528202288,0.6323221630840011,0
13,12.0,55.0,3,hist_gradient_boosting,0,4.727786468684536e-05,0.6323221630840011,0
13,13.0,54.0,3,hist_gradient_boosting,0,0.00010892299732039193,0.6323221630840011,0
13,14.0,53.0,3,hist_gradient_boosting,0,9.926134493703486e-05,0.6323221630840011,0
13,15.0,52.0,3,hist_gradient_boosting,0,0.00010898804273585664,0.6323221630840011,0
13,16.0,51.0,3,hist_gradient_boosting,0,7.26865699608852e-05,0.6323221630840011,0
13,17.0,50.0,3,hist_gradient_boosting,0,4.819982799246492e-05,0.6323221630840011,0
13,18.0,49.0,3,hist_gradient_boosting,0,0.0003206146187475817,0.6323221630840011,0
13,19.0,48.0,3,hist_gradient_boosting,0,0.00015106075467867812,0.6323221630840011,0
13,20.0,47.0,3,hist_gradient_boosting,0,8.097414129723195e-05,0.6323221630840011,0
13,21.0,46.0,3,hist_gradient_boosting,0,0.00027383931867816774,0.6323221630840011,0
13,22.0,45.0,3,hist_gradient_boosting,0,0.00012610170770765118,0.6323221630840011,0
13,23.0,44.0,3,hist_gradient_boosting,0,0.00018902985444028137,0.6323221630840011,0
13,24.0,43.0,3,hist_gradient_boosting,0,5.456008125003947e-05,0.6323221630840011,0
13,25.0,42.0,3,hist_gradient_boosting,0,5.716413182436632e-05,0.6323221630840011,0
13,26.0,41.0,3,hist_gradient_boosting,0,0.00015941289536578908,0.6323221630840011,0
13,27.0,40.0,3,hist_gradient_boosting,0,0.00010223701933840046,0.6323221630840011,0
13,28.0,39.0,3,hist_gradient_boosting,0,0.006473940946016442,0.6323221630840011,0
13,29.0,38.0,3,hist_gradient_boosting,0,0.0009372950751705743,0.6323221630840011,0
13,30.0,37.0,3,hist_gradient_boosting,0,0.004185462817858463,0.6323221630840011,0
13,31.0,36.0,3,hist_gradient_boosting,0,0.00594061863270696,0.6323221630840011,0
13,32.0,35.0,3,hist_gradient_boosting,0,0.012910866663250132,0.6323221630840011,0
13,33.0,34.0,3,hist_gradient_boosting,0,0.01255229401875033,0.6323221630840011,0
13,34.0,33.0,3,hist_gradient_boosting,0,0.10240546656383781,0.6323221630840011,0
13,35.0,32.0,3,hist_gradient_boosting,0,0.01908664917780192,0.6323221630840011,0
13,36.0,31.0,3,hist_gradient_boosting,0,0.05501110472046739,0.6323221630840011,0
13,37.0,30.0,3,hist_gradient_boosting,0,0.09279097481033348,0.6323221630840011,0
13,38.0,29.0,3,hist_gradient_boosting,0,0.0721583635898802,0.6323221630840011,0
13,39.0,28.0,3,hist_gradient_boosting,0,0.07829910417941595,0.6323221630840011,0
13,40.0,27.0,3,hist_gradient_boosting,0,0.05130177471872035,0.6323221630840011,0
13,41.0,26.0,3,hist_gradient_boosting,0,0.23968829560693283,0.6323221630840011,0
13,42.0,25.0,3,hist_gradient_boosting,0,0.33297146466931965,0.6323221630840011,0
13,43.0,24.0,3,hist_gradient_boosting,0,0.4582907558163131,0.6323221630840011,0
13,44.0,23.0,3,hist_gradient_boosting,0,0.4519292357435801,0.6323221630840011,0
13,45.0,22.0,3,hist_gradient_boosting,0,0.5320152900085403,0.6323221630840011,0
13,46.0,21.0,3,hist_gradient_boosting,0,0.1177948065771415,0.6323221630840011,0
13,47.0,20.0,3,hist_gradient_boosting,1,0.7990988425601446,0.6323221630840011,1
13,48.0,19.0,3,hist_gradient_boosting,1,0.6078591515072822,0.6323221630840011,0
13,49.0,18.0,3,hist_gradient_boosting,1,0.9277251761377422,0.6323221630840011,1
13,50.0,17.0,3,hist_gradient_boosting,1,0.6953041412819244,0.6323221630840011,1
13,51.0,16.0,3,hist_gradient_boosting,1,0.33202573555340487,0.6323221630840011,0
13,52.0,15.0,3,hist_gradient_boosting,1,0.242593211653198,0.6323221630840011,0
13,53.0,14.0,3,hist_gradient_boosting,1,0.9739794454088626,0.6323221630840011,1
13,54.0,13.0,3,hist_gradient_boosting,1,0.7857446638063221,0.6323221630840011,1
13,55.0,12.0,3,hist_gradient_boosting,1,0.865069974076738,0.6323221630840011,1
13,56.0,11.0,3,hist_gradient_boosting,1,0.9537377677023541,0.6323221630840011,1
13,57.0,10.0,3,hist_gradient_boosting,1,0.9969152962681457,0.6323221630840011,1
13,58.0,9.0,3,hist_gradient_boosting,1,0.9977948863591644,0.6323221630840011,1
13,59.0,8.0,3,hist_gradient_boosting,1,0.9913281080693304,0.6323221630840011,1
13,60.0,7.0,3,hist_gradient_boosting,1,0.996864439756943,0.6323221630840011,1
13,61.0,6.0,3,hist_gradient_boosting,1,0.9980830619499446,0.6323221630840011,1
13,62.0,5.0,3,hist_gradient_boosting,1,0.9979830041040001,0.6323221630840011,1
13,63.0,4.0,3,hist_gradient_boosting,1,0.9977145450724907,0.6323221630840011,1
13,64.0,3.0,3,hist_gradient_boosting,1,0.999706034756607,0.6323221630840011,1
13,65.0,2.0,3,hist_gradient_boosting,1,0.9986463135418525,0.6323221630840011,1
13,66.0,1.0,3,hist_gradient_boosting,1,0.9974810202960649,0.6323221630840011,1
13,67.0,0.0,3,hist_gradient_boosting,1,0.9987908718068048,0.6323221630840011,1
14,1.0,59.0,1,rbf_svc,0,0.0010265466951865177,0.5280302851876438,0
14,2.0,58.0,1,rbf_svc,0,0.00018833399718590593,0.5280302851876438,0
14,3.0,57.0,1,rbf_svc,0,0.0006200900916901418,0.5280302851876438,0
14,4.0,56.0,1,rbf_svc,0,8.604687007735195e-05,0.5280302851876438,0
14,5.0,55.0,1,rbf_svc,0,0.0023467947200602273,0.5280302851876438,0
14,6.0,54.0,1,rbf_svc,0,0.0005586845279086765,0.5280302851876438,0
14,7.0,53.0,1,rbf_svc,0,0.0007216685359013206,0.5280302851876438,0
14,8.0,52.0,1,rbf_svc,0,0.001484015342715508,0.5280302851876438,0
14,9.0,51.0,1,rbf_svc,0,0.0009513052466369359,0.5280302851876438,0
14,10.0,50.0,1,rbf_svc,0,0.0014666351584775913,0.5280302851876438,0
14,11.0,49.0,1,rbf_svc,0,0.0011754756415404606,0.5280302851876438,0
14,12.0,48.0,1,rbf_svc,0,0.0013584794882342188,0.5280302851876438,0
14,13.0,47.0,1,rbf_svc,0,0.005125739188914762,0.5280302851876438,0
14,14.0,46.0,1,rbf_svc,0,0.00018573442933264486,0.5280302851876438,0
14,15.0,45.0,1,rbf_svc,0,0.0006077503724588046,0.5280302851876438,0
14,16.0,44.0,1,rbf_svc,0,0.004348328047398862,0.5280302851876438,0
14,17.0,43.0,1,rbf_svc,0,0.001961020759387124,0.5280302851876438,0
14,18.0,42.0,1,rbf_svc,0,0.00277879651446174,0.5280302851876438,0
14,19.0,41.0,1,rbf_svc,0,0.003674037642647932,0.5280302851876438,0
14,20.0,40.0,1,rbf_svc,0,0.0029078136973178866,0.5280302851876438,0
14,21.0,39.0,1,rbf_svc,0,0.0027227453773017926,0.5280302851876438,0
14,22.0,38.0,1,rbf_svc,0,0.0030338229065483887,0.5280302851876438,0
14,23.0,37.0,1,rbf_svc,0,0.0038421855422600773,0.5280302851876438,0
14,24.0,36.0,1,rbf_svc,0,0.007733229292073555,0.5280302851876438,0
14,25.0,35.0,1,rbf_svc,0,0.005650875745158462,0.5280302851876438,0
14,26.0,34.0,1,rbf_svc,0,0.019332587526788465,0.5280302851876438,0
14,27.0,33.0,1,rbf_svc,0,0.009965547149314,0.5280302851876438,0
14,28.0,32.0,1,rbf_svc,0,0.02658695673558077,0.5280302851876438,0
14,29.0,31.0,1,rbf_svc,0,0.006475057846697958,0.5280302851876438,0
14,30.0,30.0,1,rbf_svc,0,0.010899771575420103,0.5280302851876438,0
14,31.0,29.0,1,rbf_svc,0,0.004850850136421404,0.5280302851876438,0
14,32.0,28.0,1,rbf_svc,0,0.03254506053404864,0.5280302851876438,0
14,33.0,27.0,1,rbf_svc,0,0.005238230956949537,0.5280302851876438,0
14,34.0,26.0,1,rbf_svc,0,0.004838206278164731,0.5280302851876438,0
14,35.0,25.0,1,rbf_svc,0,0.021355405369466538,0.5280302851876438,0
14,36.0,24.0,1,rbf_svc,0,0.007740952847328043,0.5280302851876438,0
14,37.0,23.0,1,rbf_svc,0,0.06639658908109482,0.5280302851876438,0
14,38.0,22.0,1,rbf_svc,0,0.09840590039863333,0.5280302851876438,0
14,39.0,21.0,1,rbf_svc,0,0.0863659967143673,0.5280302851876438,0
14,40.0,20.0,1,rbf_svc,1,0.10173081955876463,0.5280302851876438,0
14,41.0,19.0,1,rbf_svc,1,0.20925835947123006,0.5280302851876438,0
14,42.0,18.0,1,rbf_svc,1,0.11998636828302164,0.5280302851876438,0
14,43.0,17.0,1,rbf_svc,1,0.31297545820028405,0.5280302851876438,0
14,44.0,16.0,1,rbf_svc,1,0.2804754741467866,0.5280302851876438,0
14,45.0,15.0,1,rbf_svc,1,0.2604022621212612,0.5280302851876438,0
14,46.0,14.0,1,rbf_svc,1,0.5928057648999737,0.5280302851876438,1
14,47.0,13.0,1,rbf_svc,1,0.5432337314646924,0.5280302851876438,1
14,48.0,12.0,1,rbf_svc,1,0.6154907622700534,0.5280302851876438,1
14,49.0,11.0,1,rbf_svc,1,0.754675683841938,0.5280302851876438,1
14,50.0,10.0,1,rbf_svc,1,0.7795159557937641,0.5280302851876438,1
14,51.0,9.0,1,rbf_svc,1,0.8049682703059609,0.5280302851876438,1
14,52.0,8.0,1,rbf_svc,1,0.7339750517335759,0.5280302851876438,1
14,53.0,7.0,1,rbf_svc,1,0.9185803834219726,0.5280302851876438,1
14,54.0,6.0,1,rbf_svc,1,0.9537511349075322,0.5280302851876438,1
14,55.0,5.0,1,rbf_svc,1,0.9417357391308344,0.5280302851876438,1
14,56.0,4.0,1,rbf_svc,1,0.98273218174734,0.5280302851876438,1
14,57.0,3.0,1,rbf_svc,1,0.9414148836851057,0.5280302851876438,1
14,58.0,2.0,1,rbf_svc,1,0.9999917684362631,0.5280302851876438,1
14,59.0,1.0,1,rbf_svc,1,0.999988867897581,0.5280302851876438,1
14,60.0,0.0,1,rbf_svc,1,0.9999996487239415,0.5280302851876438,1
15,1.0,92.0,1,rbf_svc,0,3.076564100509118e-05,0.5280302851876438,0
15,2.0,91.0,1,rbf_svc,0,0.00015071974372049372,0.5280302851876438,0
15,3.0,90.0,1,rbf_svc,0,0.0003924787228652039,0.5280302851876438,0
15,4.0,89.0,1,rbf_svc,0,0.00016848099260014199,0.5280302851876438,0
15,5.0,88.0,1,rbf_svc,0,3.623062016520397e-05,0.5280302851876438,0
15,6.0,87.0,1,rbf_svc,0,4.6454244375831785e-05,0.5280302851876438,0
15,7.0,86.0,1,rbf_svc,0,1.877142624299441e-05,0.5280302851876438,0
15,8.0,85.0,1,rbf_svc,0,0.00011162819573042936,0.5280302851876438,0
15,9.0,84.0,1,rbf_svc,0,0.00014204638132546171,0.5280302851876438,0
15,10.0,83.0,1,rbf_svc,0,0.0001559979182414873,0.5280302851876438,0
15,11.0,82.0,1,rbf_svc,0,3.4620454747623066e-05,0.5280302851876438,0
15,12.0,81.0,1,rbf_svc,0,0.0002988127890484274,0.5280302851876438,0
15,13.0,80.0,1,rbf_svc,0,0.00036697327442764184,0.5280302851876438,0
15,14.0,79.0,1,rbf_svc,0,0.00015173743111428738,0.5280302851876438,0
15,15.0,78.0,1,rbf_svc,0,0.00024224887472058625,0.5280302851876438,0
15,16.0,77.0,1,rbf_svc,0,0.00015305044143003262,0.5280302851876438,0
15,17.0,76.0,1,rbf_svc,0,0.00015422248347265276,0.5280302851876438,0
15,18.0,75.0,1,rbf_svc,0,0.0007377819276011911,0.5280302851876438,0
15,19.0,74.0,1,rbf_svc,0,0.0018396201584400093,0.5280302851876438,0
15,20.0,73.0,1,rbf_svc,0,0.00020492902844561825,0.5280302851876438,0
15,21.0,72.0,1,rbf_svc,0,0.0002108154852789959,0.5280302851876438,0
15,22.0,71.0,1,rbf_svc,0,0.0013389398581615663,0.5280302851876438,0
15,23.0,70.0,1,rbf_svc,0,0.0022113280812059567,0.5280302851876438,0
15,24.0,69.0,1,rbf_svc,0,0.0006523681391554592,0.5280302851876438,0
15,25.0,68.0,1,rbf_svc,0,0.0005800535010049557,0.5280302851876438,0
15,26.0,67.0,1,rbf_svc,0,0.0005752110556375973,0.5280302851876438,0
15,27.0,66.0,1,rbf_svc,0,0.0006581637785750819,0.5280302851876438,0
15,28.0,65.0,1,rbf_svc,0,0.0010508732403516814,0.5280302851876438,0
15,29.0,64.0,1,rbf_svc,0,0.0006506358829475486,0.5280302851876438,0
15,30.0,63.0,1,rbf_svc,0,0.0029958124065342837,0.5280302851876438,0
15,31.0,62.0,1,rbf_svc,0,0.0042276159350214775,0.5280302851876438,0
15,32.0,61.0,1,rbf_svc,0,0.003390238094856876,0.5280302851876438,0
15,33.0,60.0,1,rbf_svc,0,0.003652415168137816,0.5280302851876438,0
15,34.0,59.0,1,rbf_svc,0,0.005319004729290524,0.5280302851876438,0
15,35.0,58.0,1,rbf_svc,0,0.0018528917808334868,0.5280302851876438,0
15,36.0,57.0,1,rbf_svc,0,0.0020423641276741023,0.5280302851876438,0
15,37.0,56.0,1,rbf_svc,0,0.0123446534158759,0.5280302851876438,0
15,38.0,55.0,1,rbf_svc,0,0.006715524613859993,0.5280302851876438,0
15,39.0,54.0,1,rbf_svc,0,0.007072862375951708,0.5280302851876438,0
15,40.0,53.0,1,rbf_svc,0,0.002439574914638847,0.5280302851876438,0
15,41.0,52.0,1,rbf_svc,0,0.003467097962617451,0.5280302851876438,0
15,42.0,51.0,1,rbf_svc,0,0.011375202401474422,0.5280302851876438,0
15,43.0,50.0,1,rbf_svc,0,0.012539806519922569,0.5280302851876438,0
15,44.0,49.0,1,rbf_svc,0,0.018377527907355355,0.5280302851876438,0
15,45.0,48.0,1,rbf_svc,0,0.00978106314535606,0.5280302851876438,0
15,46.0,47.0,1,rbf_svc,0,0.01373886660430077,0.5280302851876438,0
15,47.0,46.0,1,rbf_svc,0,0.018594246386932096,0.5280302851876438,0
15,48.0,45.0,1,rbf_svc,0,0.009295081157791653,0.5280302851876438,0
15,49.0,44.0,1,rbf_svc,0,0.016354093905411954,0.5280302851876438,0
15,50.0,43.0,1,rbf_svc,0,0.03121116584907985,0.5280302851876438,0
15,51.0,42.0,1,rbf_svc,0,0.0457860361537833,0.5280302851876438,0
15,52.0,41.0,1,rbf_svc,0,0.15275572362917997,0.5280302851876438,0
15,53.0,40.0,1,rbf_svc,0,0.10674340928915886,0.5280302851876438,0
15,54.0,39.0,1,rbf_svc,0,0.06872750547928447,0.5280302851876438,0
15,55.0,38.0,1,rbf_svc,0,0.2897325434544012,0.5280302851876438,0
15,56.0,37.0,1,rbf_svc,0,0.12490044111070611,0.5280302851876438,0
15,57.0,36.0,1,rbf_svc,0,0.08017839026529205,0.5280302851876438,0
15,58.0,35.0,1,rbf_svc,0,0.16407422886149164,0.5280302851876438,0
15,59.0,34.0,1,rbf_svc,0,0.26583790634767823,0.5280302851876438,0
15,60.0,33.0,1,rbf_svc,0,0.16561327260365888,0.5280302851876438,0
15,61.0,32.0,1,rbf_svc,0,0.2424584349433437,0.5280302851876438,0
15,62.0,31.0,1,rbf_svc,0,0.373038614631131,0.5280302851876438,0
15,63.0,30.0,1,rbf_svc,0,0.391755969830387,0.5280302851876438,0
15,64.0,29.0,1,rbf_svc,0,0.3650395063382555,0.5280302851876438,0
15,65.0,28.0,1,rbf_svc,0,0.5430056979543623,0.5280302851876438,1
15,66.0,27.0,1,rbf_svc,0,0.3050965851645976,0.5280302851876438,0
15,67.0,26.0,1,rbf_svc,0,0.5436534223681908,0.5280302851876438,1
15,68.0,25.0,1,rbf_svc,0,0.8328778486855125,0.5280302851876438,1
15,69.0,24.0,1,rbf_svc,0,0.7118543749871105,0.5280302851876438,1
15,70.0,23.0,1,rbf_svc,0,0.8982207770189063,0.5280302851876438,1
15,71.0,22.0,1,rbf_svc,0,0.7694114830607023,0.5280302851876438,1
15,72.0,21.0,1,rbf_svc,0,0.9231768409784448,0.5280302851876438,1
15,73.0,20.0,1,rbf_svc,1,0.8662779655268951,0.5280302851876438,1
15,74.0,19.0,1,rbf_svc,1,0.9254705268398267,0.5280302851876438,1
15,75.0,18.0,1,rbf_svc,1,0.9604727540222366,0.5280302851876438,1
15,76.0,17.0,1,rbf_svc,1,0.9693453480464284,0.5280302851876438,1
15,77.0,16.0,1,rbf_svc,1,0.9687867920385279,0.5280302851876438,1
15,78.0,15.0,1,rbf_svc,1,0.92214248965615,0.5280302851876438,1
15,79.0,14.0,1,rbf_svc,1,0.9900501117327942,0.5280302851876438,1
15,80.0,13.0,1,rbf_svc,1,0.9825907981523514,0.5280302851876438,1
15,81.0,12.0,1,rbf_svc,1,0.9845126963831619,0.5280302851876438,1
15,82.0,11.0,1,rbf_svc,1,0.9911849434215836,0.5280302851876438,1
15,83.0,10.0,1,rbf_svc,1,0.9972982216039384,0.5280302851876438,1
15,84.0,9.0,1,rbf_svc,1,0.9956857523465192,0.5280302851876438,1
15,85.0,8.0,1,rbf_svc,1,0.9952971324734489,0.5280302851876438,1
15,86.0,7.0,1,rbf_svc,1,0.9947685010071797,0.5280302851876438,1
15,87.0,6.0,1,rbf_svc,1,0.9999944667092543,0.5280302851876438,1
15,88.0,5.0,1,rbf_svc,1,0.999999990029782,0.5280302851876438,1
15,89.0,4.0,1,rbf_svc,1,0.9999999902407603,0.5280302851876438,1
15,90.0,3.0,1,rbf_svc,1,0.9999968046034767,0.5280302851876438,1
15,91.0,2.0,1,rbf_svc,1,0.999999307855301,0.5280302851876438,1
15,92.0,1.0,1,rbf_svc,1,0.9999998249934248,0.5280302851876438,1
15,93.0,0.0,1,rbf_svc,1,0.9999999354502268,0.5280302851876438,1
16,1.0,62.0,2,hist_gradient_boosting,0,0.0003353372763209373,0.6510141822896698,0
16,2.0,61.0,2,hist_gradient_boosting,0,0.00021736364650315842,0.6510141822896698,0
16,3.0,60.0,2,hist_gradient_boosting,0,0.000234367421296499,0.6510141822896698,0
16,4.0,59.0,2,hist_gradient_boosting,0,0.00018330574748060316,0.6510141822896698,0
16,5.0,58.0,2,hist_gradient_boosting,0,0.00033556723277230403,0.6510141822896698,0
16,6.0,57.0,2,hist_gradient_boosting,0,0.0003358535074211239,0.6510141822896698,0
16,7.0,56.0,2,hist_gradient_boosting,0,0.0012146499090852467,0.6510141822896698,0
16,8.0,55.0,2,hist_gradient_boosting,0,0.00044702466566560296,0.6510141822896698,0
16,9.0,54.0,2,hist_gradient_boosting,0,0.00011292537144480659,0.6510141822896698,0
16,10.0,53.0,2,hist_gradient_boosting,0,0.00018863195044734534,0.6510141822896698,0
16,11.0,52.0,2,hist_gradient_boosting,0,0.0004335042381525079,0.6510141822896698,0
16,12.0,51.0,2,hist_gradient_boosting,0,0.0008383675512032728,0.6510141822896698,0
16,13.0,50.0,2,hist_gradient_boosting,0,0.00017498377279794763,0.6510141822896698,0
16,14.0,49.0,2,hist_gradient_boosting,0,0.00021951801932539424,0.6510141822896698,0
16,15.0,48.0,2,hist_gradient_boosting,0,0.0012619396277730825,0.6510141822896698,0
16,16.0,47.0,2,hist_gradient_boosting,0,0.00010710602037676172,0.6510141822896698,0
16,17.0,46.0,2,hist_gradient_boosting,0,0.00025591461354625546,0.6510141822896698,0
16,18.0,45.0,2,hist_gradient_boosting,0,0.0008489615708458298,0.6510141822896698,0
16,19.0,44.0,2,hist_gradient_boosting,0,0.00047338918405457134,0.6510141822896698,0
16,20.0,43.0,2,hist_gradient_boosting,0,0.0003233625818912539,0.6510141822896698,0
16,21.0,42.0,2,hist_gradient_boosting,0,0.0005410693927386787,0.6510141822896698,0
16,22.0,41.0,2,hist_gradient_boosting,0,0.0005864437033544833,0.6510141822896698,0
16,23.0,40.0,2,hist_gradient_boosting,0,0.00045053963083230454,0.6510141822896698,0
16,24.0,39.0,2,hist_gradient_boosting,0,0.00025668535793667107,0.6510141822896698,0
16,25.0,38.0,2,hist_gradient_boosting,0,6.918238763710498e-05,0.6510141822896698,0
16,26.0,37.0,2,hist_gradient_boosting,0,0.0004999901212509556,0.6510141822896698,0
16,27.0,36.0,2,hist_gradient_boosting,0,0.0002781340433060576,0.6510141822896698,0
16,28.0,35.0,2,hist_gradient_boosting,0,0.07154350282048993,0.6510141822896698,0
16,29.0,34.0,2,hist_gradient_boosting,0,0.02473186263757277,0.6510141822896698,0
16,30.0,33.0,2,hist_gradient_boosting,0,0.0033501172060360048,0.6510141822896698,0
16,31.0,32.0,2,hist_gradient_boosting,0,0.24565962838134536,0.6510141822896698,0
16,32.0,31.0,2,hist_gradient_boosting,0,0.1466177340287322,0.6510141822896698,0
16,33.0,30.0,2,hist_gradient_boosting,0,0.20173820432329417,0.6510141822896698,0
16,34.0,29.0,2,hist_gradient_boosting,0,0.13425811397028875,0.6510141822896698,0
16,35.0,28.0,2,hist_gradient_boosting,0,0.28237602348241314,0.6510141822896698,0
16,36.0,27.0,2,hist_gradient_boosting,0,0.12200650689261779,0.6510141822896698,0
16,37.0,26.0,2,hist_gradient_boosting,0,0.29462403477016724,0.6510141822896698,0
16,38.0,25.0,2,hist_gradient_boosting,0,0.4786428506611282,0.6510141822896698,0
16,39.0,24.0,2,hist_gradient_boosting,0,0.4175529272564702,0.6510141822896698,0
16,40.0,23.0,2,hist_gradient_boosting,0,0.1553241178736977,0.6510141822896698,0
16,41.0,22.0,2,hist_gradient_boosting,0,0.6108875975791802,0.6510141822896698,0
16,42.0,21.0,2,hist_gradient_boosting,0,0.5864135845359334,0.6510141822896698,0
16,43.0,20.0,2,hist_gradient_boosting,1,0.793336302792292,0.6510141822896698,1
16,44.0,19.0,2,hist_gradient_boosting,1,0.49331455252459583,0.6510141822896698,0
16,45.0,18.0,2,hist_gradient_boosting,1,0.9858466136702445,0.6510141822896698,1
16,46.0,17.0,2,hist_gradient_boosting,1,0.31472765009802794,0.6510141822896698,0
16,47.0,16.0,2,hist_gradient_boosting,1,0.5175703171611973,0.6510141822896698,0
16,48.0,15.0,2,hist_gradient_boosting,1,0.9742788803259975,0.6510141822896698,1
16,49.0,14.0,2,hist_gradient_boosting,1,0.8792170413484568,0.6510141822896698,1
16,50.0,13.0,2,hist_gradient_boosting,1,0.9545204399409389,0.6510141822896698,1
16,51.0,12.0,2,hist_gradient_boosting,1,0.981511471940558,0.6510141822896698,1
16,52.0,11.0,2,hist_gradient_boosting,1,0.9231236123096835,0.6510141822896698,1
16,53.0,10.0,2,hist_gradient_boosting,1,0.9275818372227235,0.6510141822896698,1
16,54.0,9.0,2,hist_gradient_boosting,1,0.9762090176464393,0.6510141822896698,1
16,55.0,8.0,2,hist_gradient_boosting,1,0.988169208917432,0.6510141822896698,1
16,56.0,7.0,2,hist_gradient_boosting,1,0.9962143175091305,0.6510141822896698,1
16,57.0,6.0,2,hist_gradient_boosting,1,0.9977093345916117,0.6510141822896698,1
16,58.0,5.0,2,hist_gradient_boosting,1,0.9971522109399099,0.6510141822896698,1
16,59.0,4.0,2,hist_gradient_boosting,1,0.9969545605347176,0.6510141822896698,1
16,60.0,3.0,2,hist_gradient_boosting,1,0.9996108927156313,0.6510141822896698,1
16,61.0,2.0,2,hist_gradient_boosting,1,0.9988668794536886,0.6510141822896698,1
16,62.0,1.0,2,hist_gradient_boosting,1,0.9986588092878327,0.6510141822896698,1
16,63.0,0.0,2,hist_gradient_boosting,1,0.9985738057685157,0.6510141822896698,1
17,1.0,79.0,2,hist_gradient_boosting,0,9.7035122475843e-05,0.6510141822896698,0
17,2.0,78.0,2,hist_gradient_boosting,0,0.00023861027949320716,0.6510141822896698,0
17,3.0,77.0,2,hist_gradient_boosting,0,0.00025656319453602267,0.6510141822896698,0
17,4.0,76.0,2,hist_gradient_boosting,0,0.00016167109843791294,0.6510141822896698,0
17,5.0,75.0,2,hist_gradient_boosting,0,0.00022063716599575494,0.6510141822896698,0
17,6.0,74.0,2,hist_gradient_boosting,0,0.00011668449024959988,0.6510141822896698,0
17,7.0,73.0,2,hist_gradient_boosting,0,0.00023389260068838443,0.6510141822896698,0
17,8.0,72.0,2,hist_gradient_boosting,0,0.000197083020541575,0.6510141822896698,0
17,9.0,71.0,2,hist_gradient_boosting,0,0.00012512655276957654,0.6510141822896698,0
17,10.0,70.0,2,hist_gradient_boosting,0,0.00014484515843602976,0.6510141822896698,0
17,11.0,69.0,2,hist_gradient_boosting,0,0.00013154736625411661,0.6510141822896698,0
17,12.0,68.0,2,hist_gradient_boosting,0,0.0008252490114213664,0.6510141822896698,0
17,13.0,67.0,2,hist_gradient_boosting,0,0.00022789313768914186,0.6510141822896698,0
17,14.0,66.0,2,hist_gradient_boosting,0,0.0003301084340398001,0.6510141822896698,0
17,15.0,65.0,2,hist_gradient_boosting,0,9.260777701571771e-05,0.6510141822896698,0
17,16.0,64.0,2,hist_gradient_boosting,0,0.00010297418749402385,0.6510141822896698,0
17,17.0,63.0,2,hist_gradient_boosting,0,9.693029646323495e-05,0.6510141822896698,0
17,18.0,62.0,2,hist_gradient_boosting,0,0.0003015265898064076,0.6510141822896698,0
17,19.0,61.0,2,hist_gradient_boosting,0,0.00021841666100247655,0.6510141822896698,0
17,20.0,60.0,2,hist_gradient_boosting,0,0.000250383668043318,0.6510141822896698,0
17,21.0,59.0,2,hist_gradient_boosting,0,0.00011168438446599518,0.6510141822896698,0
17,22.0,58.0,2,hist_gradient_boosting,0,9.183546519082013e-05,0.6510141822896698,0
17,23.0,57.0,2,hist_gradient_boosting,0,0.000247081639491711,0.6510141822896698,0
17,24.0,56.0,2,hist_gradient_boosting,0,0.00034086617317682276,0.6510141822896698,0
17,25.0,55.0,2,hist_gradient_boosting,0,0.0001199191689247949,0.6510141822896698,0
17,26.0,54.0,2,hist_gradient_boosting,0,8.582692663372858e-05,0.6510141822896698,0
17,27.0,53.0,2,hist_gradient_boosting,0,0.00010642770819731765,0.6510141822896698,0
17,28.0,52.0,2,hist_gradient_boosting,0,0.015160047721381326,0.6510141822896698,0
17,29.0,51.0,2,hist_gradient_boosting,0,0.0016939228212427206,0.6510141822896698,0
17,30.0,50.0,2,hist_gradient_boosting,0,0.0008301019568912802,0.6510141822896698,0
17,31.0,49.0,2,hist_gradient_boosting,0,0.005787596563977097,0.6510141822896698,0
17,32.0,48.0,2,hist_gradient_boosting,0,0.002265922106085242,0.6510141822896698,0
17,33.0,47.0,2,hist_gradient_boosting,0,0.010386014290116666,0.6510141822896698,0
17,34.0,46.0,2,hist_gradient_boosting,0,0.00400426133268459,0.6510141822896698,0
17,35.0,45.0,2,hist_gradient_boosting,0,0.013024161411553872,0.6510141822896698,0
17,36.0,44.0,2,hist_gradient_boosting,0,0.013532593603028527,0.6510141822896698,0
17,37.0,43.0,2,hist_gradient_boosting,0,0.3419865947794268,0.6510141822896698,0
17,38.0,42.0,2,hist_gradient_boosting,0,0.049256355791130566,0.6510141822896698,0
17,39.0,41.0,2,hist_gradient_boosting,0,0.025385308068954546,0.6510141822896698,0
17,40.0,40.0,2,hist_gradient_boosting,0,0.06058077271401073,0.6510141822896698,0
17,41.0,39.0,2,hist_gradient_boosting,0,0.39462497218084214,0.6510141822896698,0
17,42.0,38.0,2,hist_gradient_boosting,0,0.44035425067085227,0.6510141822896698,0
17,43.0,37.0,2,hist_gradient_boosting,0,0.036791784632668696,0.6510141822896698,0
17,44.0,36.0,2,hist_gradient_boosting,0,0.2412342809499656,0.6510141822896698,0
17,45.0,35.0,2,hist_gradient_boosting,0,0.9316189326862677,0.6510141822896698,1
17,46.0,34.0,2,hist_gradient_boosting,0,0.17529436697287018,0.6510141822896698,0
17,47.0,33.0,2,hist_gradient_boosting,0,0.24067185853163015,0.6510141822896698,0
17,48.0,32.0,2,hist_gradient_boosting,0,0.9412677860633856,0.6510141822896698,1
17,49.0,31.0,2,hist_gradient_boosting,0,0.5789677632525914,0.6510141822896698,0
17,50.0,30.0,2,hist_gradient_boosting,0,0.7648328477416603,0.6510141822896698,1
17,51.0,29.0,2,hist_gradient_boosting,0,0.6366911211351516,0.6510141822896698,0
17,52.0,28.0,2,hist_gradient_boosting,0,0.7676849915298024,0.6510141822896698,1
17,53.0,27.0,2,hist_gradient_boosting,0,0.8037823649856082,0.6510141822896698,1
17,54.0,26.0,2,hist_gradient_boosting,0,0.4100138006042564,0.6510141822896698,0
17,55.0,25.0,2,hist_gradient_boosting,0,0.5191217426360354,0.6510141822896698,0
17,56.0,24.0,2,hist_gradient_boosting,0,0.9552522759213746,0.6510141822896698,1
17,57.0,23.0,2,hist_gradient_boosting,0,0.9201505846095415,0.6510141822896698,1
17,58.0,22.0,2,hist_gradient_boosting,0,0.9709919992456985,0.6510141822896698,1
17,59.0,21.0,2,hist_gradient_boosting,0,0.9256062611089362,0.6510141822896698,1
17,60.0,20.0,2,hist_gradient_boosting,1,0.984026480754312,0.6510141822896698,1
17,61.0,19.0,2,hist_gradient_boosting,1,0.9965086754138607,0.6510141822896698,1
17,62.0,18.0,2,hist_gradient_boosting,1,0.8626237700100265,0.6510141822896698,1
17,63.0,17.0,2,hist_gradient_boosting,1,0.9896195474172449,0.6510141822896698,1
17,64.0,16.0,2,hist_gradient_boosting,1,0.9890490485216571,0.6510141822896698,1
17,65.0,15.0,2,hist_gradient_boosting,1,0.9815693067501678,0.6510141822896698,1
17,66.0,14.0,2,hist_gradient_boosting,1,0.9876991996023529,0.6510141822896698,1
17,67.0,13.0,2,hist_gradient_boosting,1,0.9830903081114921,0.6510141822896698,1
17,68.0,12.0,2,hist_gradient_boosting,1,0.9954293860980862,0.6510141822896698,1
17,69.0,11.0,2,hist_gradient_boosting,1,0.9970112758759877,0.6510141822896698,1
17,70.0,10.0,2,hist_gradient_boosting,1,0.9994451234244148,0.6510141822896698,1
17,71.0,9.0,2,hist_gradient_boosting,1,0.9914711995695124,0.6510141822896698,1
17,72.0,8.0,2,hist_gradient_boosting,1,0.9940553232247401,0.6510141822896698,1
17,73.0,7.0,2,hist_gradient_boosting,1,0.9947856393724496,0.6510141822896698,1
17,74.0,6.0,2,hist_gradient_boosting,1,0.9961569054605257,0.6510141822896698,1
17,75.0,5.0,2,hist_gradient_boosting,1,0.9938618910961854,0.6510141822896698,1
17,76.0,4.0,2,hist_gradient_boosting,1,0.9990754751418339,0.6510141822896698,1
17,77.0,3.0,2,hist_gradient_boosting,1,0.9962199943587314,0.6510141822896698,1
17,78.0,2.0,2,hist_gradient_boosting,1,0.9961141057492798,0.6510141822896698,1
17,79.0,1.0,2,hist_gradient_boosting,1,0.9964767139391337,0.6510141822896698,1
17,80.0,0.0,2,hist_gradient_boosting,1,0.9998460287897976,0.6510141822896698,1
18,1.0,70.0,5,rbf_svc,0,0.00029121713428482623,0.48778595770042416,0
18,2.0,69.0,5,rbf_svc,0,0.0017536325501023018,0.48778595770042416,0
18,3.0,68.0,5,rbf_svc,0,0.0017935612122812151,0.48778595770042416,0
18,4.0,67.0,5,rbf_svc,0,0.0006240020561038298,0.48778595770042416,0
18,5.0,66.0,5,rbf_svc,0,0.0008370623019864874,0.48778595770042416,0
18,6.0,65.0,5,rbf_svc,0,0.0012411805045779436,0.48778595770042416,0
18,7.0,64.0,5,rbf_svc,0,0.002181398177459415,0.48778595770042416,0
18,8.0,63.0,5,rbf_svc,0,0.0006306409803564138,0.48778595770042416,0
18,9.0,62.0,5,rbf_svc,0,0.0007469089216491862,0.48778595770042416,0
18,10.0,61.0,5,rbf_svc,0,0.004207215584176173,0.48778595770042416,0
18,11.0,60.0,5,rbf_svc,0,0.005417071105018543,0.48778595770042416,0
18,12.0,59.0,5,rbf_svc,0,0.0032177573610891273,0.48778595770042416,0
18,13.0,58.0,5,rbf_svc,0,0.000992130845607988,0.48778595770042416,0
18,14.0,57.0,5,rbf_svc,0,0.005110949120873795,0.48778595770042416,0
18,15.0,56.0,5,rbf_svc,0,0.001718156125094944,0.48778595770042416,0
18,16.0,55.0,5,rbf_svc,0,0.010709408120943916,0.48778595770042416,0
18,17.0,54.0,5,rbf_svc,0,0.002823761837965002,0.48778595770042416,0
18,18.0,53.0,5,rbf_svc,0,0.013035161309393483,0.48778595770042416,0
18,19.0,52.0,5,rbf_svc,0,0.00666126167320068,0.48778595770042416,0
18,20.0,51.0,5,rbf_svc,0,0.006041037798589902,0.48778595770042416,0
18,21.0,50.0,5,rbf_svc,0,0.008715216620036928,0.48778595770042416,0
18,22.0,49.0,5,rbf_svc,0,0.022091768775791623,0.48778595770042416,0
18,23.0,48.0,5,rbf_svc,0,0.027456191307003473,0.48778595770042416,0
18,24.0,47.0,5,rbf_svc,0,0.012668610757489202,0.48778595770042416,0
18,25.0,46.0,5,rbf_svc,0,0.011271429155766007,0.48778595770042416,0
18,26.0,45.0,5,rbf_svc,0,0.06781650852802998,0.48778595770042416,0
18,27.0,44.0,5,rbf_svc,0,0.1414074402736152,0.48778595770042416,0
18,28.0,43.0,5,rbf_svc,0,0.009698411572333861,0.48778595770042416,0
18,29.0,42.0,5,rbf_svc,0,0.012509491572261604,0.48778595770042416,0
18,30.0,41.0,5,rbf_svc,0,0.05890945201655141,0.48778595770042416,0
18,31.0,40.0,5,rbf_svc,0,0.062276886855617136,0.48778595770042416,0
18,32.0,39.0,5,rbf_svc,0,0.049506299057761535,0.48778595770042416,0
18,33.0,38.0,5,rbf_svc,0,0.05752008716578434,0.48778595770042416,0
18,34.0,37.0,5,rbf_svc,0,0.05136372761649622,0.48778595770042416,0
18,35.0,36.0,5,rbf_svc,0,0.04537080657722956,0.48778595770042416,0
18,36.0,35.0,5,rbf_svc,0,0.13549445907858151,0.48778595770042416,0
18,37.0,34.0,5,rbf_svc,0,0.06857139291927569,0.48778595770042416,0
18,38.0,33.0,5,rbf_svc,0,0.08277797077944182,0.48778595770042416,0
18,39.0,32.0,5,rbf_svc,0,0.1402588056051811,0.48778595770042416,0
18,40.0,31.0,5,rbf_svc,0,0.27135107008268533,0.48778595770042416,0
18,41.0,30.0,5,rbf_svc,0,0.20982234119569534,0.48778595770042416,0
18,42.0,29.0,5,rbf_svc,0,0.31703337952676797,0.48778595770042416,0
18,43.0,28.0,5,rbf_svc,0,0.5872428298174941,0.48778595770042416,1
18,44.0,27.0,5,rbf_svc,0,0.3784110269622331,0.48778595770042416,0
18,45.0,26.0,5,rbf_svc,0,0.5224599887451398,0.48778595770042416,1
18,46.0,25.0,5,rbf_svc,0,0.24834012875221975,0.48778595770042416,0
18,47.0,24.0,5,rbf_svc,0,0.38747552571723676,0.48778595770042416,0
18,48.0,23.0,5,rbf_svc,0,0.7795626065934084,0.48778595770042416,1
18,49.0,22.0,5,rbf_svc,0,0.6163787722529553,0.48778595770042416,1
18,50.0,21.0,5,rbf_svc,0,0.664573918748289,0.48778595770042416,1
18,51.0,20.0,5,rbf_svc,1,0.8180638947428953,0.48778595770042416,1
18,52.0,19.0,5,rbf_svc,1,0.7435922862601742,0.48778595770042416,1
18,53.0,18.0,5,rbf_svc,1,0.878083714204138,0.48778595770042416,1
18,54.0,17.0,5,rbf_svc,1,0.9516573477890191,0.48778595770042416,1
18,55.0,16.0,5,rbf_svc,1,0.9575160291945335,0.48778595770042416,1
18,56.0,15.0,5,rbf_svc,1,0.9486189536318828,0.48778595770042416,1
18,57.0,14.0,5,rbf_svc,1,0.9811931357984919,0.48778595770042416,1
18,58.0,13.0,5,rbf_svc,1,0.9762268235844604,0.48778595770042416,1
18,59.0,12.0,5,rbf_svc,1,0.9821195553265017,0.48778595770042416,1
18,60.0,11.0,5,rbf_svc,1,0.9870504647830214,0.48778595770042416,1
18,61.0,10.0,5,rbf_svc,1,0.9938954006568181,0.48778595770042416,1
18,62.0,9.0,5,rbf_svc,1,0.9934931682091892,0.48778595770042416,1
18,63.0,8.0,5,rbf_svc,1,0.9947945445892455,0.48778595770042416,1
18,64.0,7.0,5,rbf_svc,1,0.9999951776735367,0.48778595770042416,1
18,65.0,6.0,5,rbf_svc,1,0.9851336838834536,0.48778595770042416,1
18,66.0,5.0,5,rbf_svc,1,0.9939421006098447,0.48778595770042416,1
18,67.0,4.0,5,rbf_svc,1,0.9999877290783953,0.48778595770042416,1
18,68.0,3.0,5,rbf_svc,1,0.9999984809861655,0.48778595770042416,1
18,69.0,2.0,5,rbf_svc,1,0.9999971208550151,0.48778595770042416,1
18,70.0,1.0,5,rbf_svc,1,0.9999994035892507,0.48778595770042416,1
18,71.0,0.0,5,rbf_svc,1,0.9999999347736459,0.48778595770042416,1
19,1.0,83.0,3,hist_gradient_boosting,0,5.097342157092219e-05,0.6323221630840011,0
19,2.0,82.0,3,hist_gradient_boosting,0,7.340579058273616e-05,0.6323221630840011,0
19,3.0,81.0,3,hist_gradient_boosting,0,0.00015077709091964385,0.6323221630840011,0
19,4.0,80.0,3,hist_gradient_boosting,0,4.755436931540656e-05,0.6323221630840011,0
19,5.0,79.0,3,hist_gradient_boosting,0,4.5633953728419504e-05,0.6323221630840011,0
19,6.0,78.0,3,hist_gradient_boosting,0,6.472095402044004e-05,0.6323221630840011,0
19,7.0,77.0,3,hist_gradient_boosting,0,6.47772358111701e-05,0.6323221630840011,0
19,8.0,76.0,3,hist_gradient_boosting,0,3.9006136602070054e-05,0.6323221630840011,0
19,9.0,75.0,3,hist_gradient_boosting,0,7.708223862902414e-05,0.6323221630840011,0
19,10.0,74.0,3,hist_gradient_boosting,0,0.00011620342021893528,0.6323221630840011,0
19,11.0,73.0,3,hist_gradient_boosting,0,0.00010250506250015091,0.6323221630840011,0
19,12.0,72.0,3,hist_gradient_boosting,0,6.266924782246835e-05,0.6323221630840011,0
19,13.0,71.0,3,hist_gradient_boosting,0,5.4562924046617364e-05,0.6323221630840011,0
19,14.0,70.0,3,hist_gradient_boosting,0,8.142328934749293e-05,0.6323221630840011,0
19,15.0,69.0,3,hist_gradient_boosting,0,7.355525706960108e-05,0.6323221630840011,0
19,16.0,68.0,3,hist_gradient_boosting,0,9.277494636209351e-05,0.6323221630840011,0
19,17.0,67.0,3,hist_gradient_boosting,0,8.484238265099558e-05,0.6323221630840011,0
19,18.0,66.0,3,hist_gradient_boosting,0,5.923296147806498e-05,0.6323221630840011,0
19,19.0,65.0,3,hist_gradient_boosting,0,7.456558881784041e-05,0.6323221630840011,0
19,20.0,64.0,3,hist_gradient_boosting,0,3.8657469657457117e-05,0.6323221630840011,0
19,21.0,63.0,3,hist_gradient_boosting,0,7.27740372140346e-05,0.6323221630840011,0
19,22.0,62.0,3,hist_gradient_boosting,0,2.0840250726739047e-05,0.6323221630840011,0
19,23.0,61.0,3,hist_gradient_boosting,0,3.9006136602070054e-05,0.6323221630840011,0
19,24.0,60.0,3,hist_gradient_boosting,0,4.773698603412463e-05,0.6323221630840011,0
19,25.0,59.0,3,hist_gradient_boosting,0,0.00013397615712275313,0.6323221630840011,0
19,26.0,58.0,3,hist_gradient_boosting,0,0.0001270920646855676,0.6323221630840011,0
19,27.0,57.0,3,hist_gradient_boosting,0,0.00015798380136540784,0.6323221630840011,0
19,28.0,56.0,3,hist_gradient_boosting,0,0.0006603870643066811,0.6323221630840011,0
19,29.0,55.0,3,hist_gradient_boosting,0,0.0015502495918660797,0.6323221630840011,0
19,30.0,54.0,3,hist_gradient_boosting,0,0.0005490592751984463,0.6323221630840011,0
19,31.0,53.0,3,hist_gradient_boosting,0,0.0006799844706519654,0.6323221630840011,0
19,32.0,52.0,3,hist_gradient_boosting,0,0.0010301083839885266,0.6323221630840011,0
19,33.0,51.0,3,hist_gradient_boosting,0,0.0011239701670284832,0.6323221630840011,0
19,34.0,50.0,3,hist_gradient_boosting,0,0.0023633356246385902,0.6323221630840011,0
19,35.0,49.0,3,hist_gradient_boosting,0,0.00042157341573250144,0.6323221630840011,0
19,36.0,48.0,3,hist_gradient_boosting,0,0.002098146971078389,0.6323221630840011,0
19,37.0,47.0,3,hist_gradient_boosting,0,0.0014395176521609652,0.6323221630840011,0
19,38.0,46.0,3,hist_gradient_boosting,0,0.007203737856067555,0.6323221630840011,0
19,39.0,45.0,3,hist_gradient_boosting,0,0.001407559763828319,0.6323221630840011,0
19,40.0,44.0,3,hist_gradient_boosting,0,0.0022594482684896566,0.6323221630840011,0
19,41.0,43.0,3,hist_gradient_boosting,0,0.002681792429253358,0.6323221630840011,0
19,42.0,42.0,3,hist_gradient_boosting,0,0.034832018099804206,0.6323221630840011,0
19,43.0,41.0,3,hist_gradient_boosting,0,0.00444963450781678,0.6323221630840011,0
19,44.0,40.0,3,hist_gradient_boosting,0,0.007282154309990782,0.6323221630840011,0
19,45.0,39.0,3,hist_gradient_boosting,0,0.0128098564176546,0.6323221630840011,0
19,46.0,38.0,3,hist_gradient_boosting,0,0.02972094901447703,0.6323221630840011,0
19,47.0,37.0,3,hist_gradient_boosting,0,0.013117808651304085,0.6323221630840011,0
19,48.0,36.0,3,hist_gradient_boosting,0,0.012644154219837932,0.6323221630840011,0
19,49.0,35.0,3,hist_gradient_boosting,0,0.03020220622647278,0.6323221630840011,0
19,50.0,34.0,3,hist_gradient_boosting,0,0.023538381721283228,0.6323221630840011,0
19,51.0,33.0,3,hist_gradient_boosting,0,0.006462498934520451,0.6323221630840011,0
19,52.0,32.0,3,hist_gradient_boosting,0,0.018859471725220445,0.6323221630840011,0
19,53.0,31.0,3,hist_gradient_boosting,0,0.0249376249597714,0.6323221630840011,0
19,54.0,30.0,3,hist_gradient_boosting,0,0.05957836949428923,0.6323221630840011,0
19,55.0,29.0,3,hist_gradient_boosting,0,0.07522854275352431,0.6323221630840011,0
19,56.0,28.0,3,hist_gradient_boosting,0,0.5291484475427563,0.6323221630840011,0
19,57.0,27.0,3,hist_gradient_boosting,0,0.2014221422467741,0.6323221630840011,0
19,58.0,26.0,3,hist_gradient_boosting,0,0.8341791940078669,0.6323221630840011,1
19,59.0,25.0,3,hist_gradient_boosting,0,0.6248367032167659,0.6323221630840011,0
19,60.0,24.0,3,hist_gradient_boosting,0,0.8098005646048879,0.6323221630840011,1
19,61.0,23.0,3,hist_gradient_boosting,0,0.4443416257295732,0.6323221630840011,0
19,62.0,22.0,3,hist_gradient_boosting,0,0.7066606633311774,0.6323221630840011,1
19,63.0,21.0,3,hist_gradient_boosting,0,0.8729785522686804,0.6323221630840011,1
19,64.0,20.0,3,hist_gradient_boosting,1,0.664449462053883,0.6323221630840011,1
19,65.0,19.0,3,hist_gradient_boosting,1,0.9031632614059327,0.6323221630840011,1
19,66.0,18.0,3,hist_gradient_boosting,1,0.8878291011617685,0.6323221630840011,1
19,67.0,17.0,3,hist_gradient_boosting,1,0.6775165272806631,0.6323221630840011,1
19,68.0,16.0,3,hist_gradient_boosting,1,0.6095784354401965,0.6323221630840011,0
19,69.0,15.0,3,hist_gradient_boosting,1,0.9408078337264402,0.6323221630840011,1
19,70.0,14.0,3,hist_gradient_boosting,1,0.9819336495439788,0.6323221630840011,1
19,71.0,13.0,3,hist_gradient_boosting,1,0.994308741132046,0.6323221630840011,1
19,72.0,12.0,3,hist_gradient_boosting,1,0.995330640256629,0.6323221630840011,1
19,73.0,11.0,3,hist_gradient_boosting,1,0.9797652773909081,0.6323221630840011,1
19,74.0,10.0,3,hist_gradient_boosting,1,0.9969870194203012,0.6323221630840011,1
19,75.0,9.0,3,hist_gradient_boosting,1,0.9972138241858971,0.6323221630840011,1
19,76.0,8.0,3,hist_gradient_boosting,1,0.9944385634647331,0.6323221630840011,1
19,77.0,7.0,3,hist_gradient_boosting,1,0.9977887244840563,0.6323221630840011,1
19,78.0,6.0,3,hist_gradient_boosting,1,0.997758796963775,0.6323221630840011,1
19,79.0,5.0,3,hist_gradient_boosting,1,0.9990903413564179,0.6323221630840011,1
19,80.0,4.0,3,hist_gradient_boosting,1,0.9998837257739962,0.6323221630840011,1
19,81.0,3.0,3,hist_gradient_boosting,1,0.9998358165953616,0.6323221630840011,1
19,82.0,2.0,3,hist_gradient_boosting,1,0.9999051083129993,0.6323221630840011,1
19,83.0,1.0,3,hist_gradient_boosting,1,0.9999057802598192,0.6323221630840011,1
19,84.0,0.0,3,hist_gradient_boosting,1,0.9998958437911175,0.6323221630840011,1
20,1.0,65.0,1,rbf_svc,0,0.0005496399304582801,0.5280302851876438,0
20,2.0,64.0,1,rbf_svc,0,0.02061484452319226,0.5280302851876438,0
20,3.0,63.0,1,rbf_svc,0,0.0007533489544301191,0.5280302851876438,0
20,4.0,62.0,1,rbf_svc,0,0.0007685274862075904,0.5280302851876438,0
20,5.0,61.0,1,rbf_svc,0,0.0008263045680893385,0.5280302851876438,0
20,6.0,60.0,1,rbf_svc,0,0.0015979898396124156,0.5280302851876438,0
20,7.0,59.0,1,rbf_svc,0,0.00263962965727084,0.5280302851876438,0
20,8.0,58.0,1,rbf_svc,0,0.011709723541941884,0.5280302851876438,0
20,9.0,57.0,1,rbf_svc,0,0.028875558673307176,0.5280302851876438,0
20,10.0,56.0,1,rbf_svc,0,0.0013398511099656613,0.5280302851876438,0
20,11.0,55.0,1,rbf_svc,0,0.0030106062293093604,0.5280302851876438,0
20,12.0,54.0,1,rbf_svc,0,0.0064298496623258665,0.5280302851876438,0
20,13.0,53.0,1,rbf_svc,0,0.0036481860464456467,0.5280302851876438,0
20,14.0,52.0,1,rbf_svc,0,0.005133639405777005,0.5280302851876438,0
20,15.0,51.0,1,rbf_svc,0,0.0064197723553461065,0.5280302851876438,0
20,16.0,50.0,1,rbf_svc,0,0.0003826343404230884,0.5280302851876438,0
20,17.0,49.0,1,rbf_svc,0,0.021004945339465637,0.5280302851876438,0
20,18.0,48.0,1,rbf_svc,0,0.004680670236315458,0.5280302851876438,0
20,19.0,47.0,1,rbf_svc,0,0.002514366788335295,0.5280302851876438,0
20,20.0,46.0,1,rbf_svc,0,0.004026721576593402,0.5280302851876438,0
20,21.0,45.0,1,rbf_svc,0,0.005141836009609205,0.5280302851876438,0
20,22.0,44.0,1,rbf_svc,0,0.003152575129327272,0.5280302851876438,0
20,23.0,43.0,1,rbf_svc,0,0.014295146802691743,0.5280302851876438,0
20,24.0,42.0,1,rbf_svc,0,0.01900250677769235,0.5280302851876438,0
20,25.0,41.0,1,rbf_svc,0,0.0067829430738134576,0.5280302851876438,0
20,26.0,40.0,1,rbf_svc,0,0.027942617265442914,0.5280302851876438,0
20,27.0,39.0,1,rbf_svc,0,0.003530883365985278,0.5280302851876438,0
20,28.0,38.0,1,rbf_svc,0,0.022270502757865168,0.5280302851876438,0
20,29.0,37.0,1,rbf_svc,0,0.016071378259992546,0.5280302851876438,0
20,30.0,36.0,1,rbf_svc,0,0.03831523545611579,0.5280302851876438,0
20,31.0,35.0,1,rbf_svc,0,0.21839265009411668,0.5280302851876438,0
20,32.0,34.0,1,rbf_svc,0,0.061062651572339484,0.5280302851876438,0
20,33.0,33.0,1,rbf_svc,0,0.06176790909948802,0.5280302851876438,0
20,34.0,32.0,1,rbf_svc,0,0.10162982241711636,0.5280302851876438,0
20,35.0,31.0,1,rbf_svc,0,0.08025659424031427,0.5280302851876438,0
20,36.0,30.0,1,rbf_svc,0,0.08406982398660384,0.5280302851876438,0
20,37.0,29.0,1,rbf_svc,0,0.020807297295185816,0.5280302851876438,0
20,38.0,28.0,1,rbf_svc,0,0.14871915315653653,0.5280302851876438,0
20,39.0,27.0,1,rbf_svc,0,0.11821451130803312,0.5280302851876438,0
20,40.0,26.0,1,rbf_svc,0,0.27435366398922933,0.5280302851876438,0
20,41.0,25.0,1,rbf_svc,0,0.2558403695740621,0.5280302851876438,0
20,42.0,24.0,1,rbf_svc,0,0.13942111941878765,0.5280302851876438,0
20,43.0,23.0,1,rbf_svc,0,0.36017216515196526,0.5280302851876438,0
20,44.0,22.0,1,rbf_svc,0,0.14418041898801018,0.5280302851876438,0
20,45.0,21.0,1,rbf_svc,0,0.2953781839574781,0.5280302851876438,0
20,46.0,20.0,1,rbf_svc,1,0.49367768760973785,0.5280302851876438,0
20,47.0,19.0,1,rbf_svc,1,0.528656938001036,0.5280302851876438,1
20,48.0,18.0,1,rbf_svc,1,0.42809296324555246,0.5280302851876438,0
20,49.0,17.0,1,rbf_svc,1,0.6090418462737263,0.5280302851876438,1
20,50.0,16.0,1,rbf_svc,1,0.5219803984897434,0.5280302851876438,0
20,51.0,15.0,1,rbf_svc,1,0.8158585365383075,0.5280302851876438,1
20,52.0,14.0,1,rbf_svc,1,0.910281122098059,0.5280302851876438,1
20,53.0,13.0,1,rbf_svc,1,0.949392640943172,0.5280302851876438,1
20,54.0,12.0,1,rbf_svc,1,0.8513111359441106,0.5280302851876438,1
20,55.0,11.0,1,rbf_svc,1,0.9394461567661881,0.5280302851876438,1
20,56.0,10.0,1,rbf_svc,1,0.916854272675456,0.5280302851876438,1
20,57.0,9.0,1,rbf_svc,1,0.9820247364733141,0.5280302851876438,1
20,58.0,8.0,1,rbf_svc,1,0.9870730532428914,0.5280302851876438,1
20,59.0,7.0,1,rbf_svc,1,0.9949311670152695,0.5280302851876438,1
20,60.0,6.0,1,rbf_svc,1,0.994053879093687,0.5280302851876438,1
20,61.0,5.0,1,rbf_svc,1,0.9883339448006782,0.5280302851876438,1
20,62.0,4.0,1,rbf_svc,1,0.9965801485132224,0.5280302851876438,1
20,63.0,3.0,1,rbf_svc,1,0.9974529456562222,0.5280302851876438,1
20,64.0,2.0,1,rbf_svc,1,0.989910877861981,0.5280302851876438,1
20,65.0,1.0,1,rbf_svc,1,0.9999980391602048,0.5280302851876438,1
20,66.0,0.0,1,rbf_svc,1,0.9999995532596158,0.5280302851876438,1
21,1.0,58.0,4,hist_gradient_boosting,0,0.00015540553291152432,0.6936009670541174,0
21,2.0,57.0,4,hist_gradient_boosting,0,0.003997134965000125,0.6936009670541174,0
21,3.0,56.0,4,hist_gradient_boosting,0,7.9767403341015e-05,0.6936009670541174,0
21,4.0,55.0,4,hist_gradient_boosting,0,0.000512110419118834,0.6936009670541174,0
21,5.0,54.0,4,hist_gradient_boosting,0,0.00017091001310811865,0.6936009670541174,0
21,6.0,53.0,4,hist_gradient_boosting,0,0.00016148359900614793,0.6936009670541174,0
21,7.0,52.0,4,hist_gradient_boosting,0,0.0003421461439266626,0.6936009670541174,0
21,8.0,51.0,4,hist_gradient_boosting,0,0.00028308073128060325,0.6936009670541174,0
21,9.0,50.0,4,hist_gradient_boosting,0,0.0002454057131236182,0.6936009670541174,0
21,10.0,49.0,4,hist_gradient_boosting,0,0.00014319659788568297,0.6936009670541174,0
21,11.0,48.0,4,hist_gradient_boosting,0,0.00016303415283446332,0.6936009670541174,0
21,12.0,47.0,4,hist_gradient_boosting,0,0.0005407036536554473,0.6936009670541174,0
21,13.0,46.0,4,hist_gradient_boosting,0,0.00015292214793512313,0.6936009670541174,0
21,14.0,45.0,4,hist_gradient_boosting,0,0.0001854671936583748,0.6936009670541174,0
21,15.0,44.0,4,hist_gradient_boosting,0,0.00010231974286284378,0.6936009670541174,0
21,16.0,43.0,4,hist_gradient_boosting,0,0.000117429825473208,0.6936009670541174,0
21,17.0,42.0,4,hist_gradient_boosting,0,0.00014684107853128324,0.6936009670541174,0
21,18.0,41.0,4,hist_gradient_boosting,0,0.0006687780744297742,0.6936009670541174,0
21,19.0,40.0,4,hist_gradient_boosting,0,0.00025379681909083225,0.6936009670541174,0
21,20.0,39.0,4,hist_gradient_boosting,0,0.0002225215447157857,0.6936009670541174,0
21,21.0,38.0,4,hist_gradient_boosting,0,0.00017584717910498965,0.6936009670541174,0
21,22.0,37.0,4,hist_gradient_boosting,0,0.00015356652561243313,0.6936009670541174,0
21,23.0,36.0,4,hist_gradient_boosting,0,0.00033433359146399375,0.6936009670541174,0
21,24.0,35.0,4,hist_gradient_boosting,0,0.000164589198400039,0.6936009670541174,0
21,25.0,34.0,4,hist_gradient_boosting,0,0.00018724998984324278,0.6936009670541174,0
21,26.0,33.0,4,hist_gradient_boosting,0,0.0006285729877425136,0.6936009670541174,0
21,27.0,32.0,4,hist_gradient_boosting,0,9.635860327800626e-05,0.6936009670541174,0
21,28.0,31.0,4,hist_gradient_boosting,0,0.0013691184959888035,0.6936009670541174,0
21,29.0,30.0,4,hist_gradient_boosting,0,0.00010884966718778859,0.6936009670541174,0
21,30.0,29.0,4,hist_gradient_boosting,0,0.014129388850740518,0.6936009670541174,0
21,31.0,28.0,4,hist_gradient_boosting,0,0.19863019841134674,0.6936009670541174,0
21,32.0,27.0,4,hist_gradient_boosting,0,0.02194596708474959,0.6936009670541174,0
21,33.0,26.0,4,hist_gradient_boosting,0,0.013660522811885276,0.6936009670541174,0
21,34.0,25.0,4,hist_gradient_boosting,0,0.2401899266853044,0.6936009670541174,0
21,35.0,24.0,4,hist_gradient_boosting,0,0.05666582020792355,0.6936009670541174,0
21,36.0,23.0,4,hist_gradient_boosting,0,0.28979993405978793,0.6936009670541174,0
21,37.0,22.0,4,hist_gradient_boosting,0,0.2941669721335943,0.6936009670541174,0
21,38.0,21.0,4,hist_gradient_boosting,0,0.06136972153475504,0.6936009670541174,0
21,39.0,20.0,4,hist_gradient_boosting,1,0.39097071562437863,0.6936009670541174,0
21,40.0,19.0,4,hist_gradient_boosting,1,0.8366709196607677,0.6936009670541174,1
21,41.0,18.0,4,hist_gradient_boosting,1,0.1108405024879793,0.6936009670541174,0
21,42.0,17.0,4,hist_gradient_boosting,1,0.6472324659564463,0.6936009670541174,0
21,43.0,16.0,4,hist_gradient_boosting,1,0.9292665816570848,0.6936009670541174,1
21,44.0,15.0,4,hist_gradient_boosting,1,0.6320260500682685,0.6936009670541174,0
21,45.0,14.0,4,hist_gradient_boosting,1,0.9003397304370976,0.6936009670541174,1
21,46.0,13.0,4,hist_gradient_boosting,1,0.9800677348877596,0.6936009670541174,1
21,47.0,12.0,4,hist_gradient_boosting,1,0.9974421844108722,0.6936009670541174,1
21,48.0,11.0,4,hist_gradient_boosting,1,0.9941153331135681,0.6936009670541174,1
21,49.0,10.0,4,hist_gradient_boosting,1,0.9713334386388631,0.6936009670541174,1
21,50.0,9.0,4,hist_gradient_boosting,1,0.996255737773496,0.6936009670541174,1
21,51.0,8.0,4,hist_gradient_boosting,1,0.9904353839588158,0.6936009670541174,1
21,52.0,7.0,4,hist_gradient_boosting,1,0.9963133668825573,0.6936009670541174,1
21,53.0,6.0,4,hist_gradient_boosting,1,0.994701817731128,0.6936009670541174,1
21,54.0,5.0,4,hist_gradient_boosting,1,0.995209730070799,0.6936009670541174,1
21,55.0,4.0,4,hist_gradient_boosting,1,0.9994521160355511,0.6936009670541174,1
21,56.0,3.0,4,hist_gradient_boosting,1,0.9967063351153634,0.6936009670541174,1
21,57.0,2.0,4,hist_gradient_boosting,1,0.9981967476194983,0.6936009670541174,1
21,58.0,1.0,4,hist_gradient_boosting,1,0.9990621244729535,0.6936009670541174,1
21,59.0,0.0,4,hist_gradient_boosting,1,0.9992212525782317,0.6936009670541174,1
22,1.0,92.0,2,hist_gradient_boosting,0,0.00012004723217689023,0.6510141822896698,0
22,2.0,91.0,2,hist_gradient_boosting,0,0.0001454484736896539,0.6510141822896698,0
22,3.0,90.0,2,hist_gradient_boosting,0,0.00010157942400258514,0.6510141822896698,0
22,4.0,89.0,2,hist_gradient_boosting,0,0.00011967366225344822,0.6510141822896698,0
22,5.0,88.0,2,hist_gradient_boosting,0,0.00010645668149063032,0.6510141822896698,0
22,6.0,87.0,2,hist_gradient_boosting,0,0.00012284436363133798,0.6510141822896698,0
22,7.0,86.0,2,hist_gradient_boosting,0,0.00016464212110919844,0.6510141822896698,0
22,8.0,85.0,2,hist_gradient_boosting,0,8.368464185801384e-05,0.6510141822896698,0
22,9.0,84.0,2,hist_gradient_boosting,0,5.717988466148123e-05,0.6510141822896698,0
22,10.0,83.0,2,hist_gradient_boosting,0,0.00015573324510990258,0.6510141822896698,0
22,11.0,82.0,2,hist_gradient_boosting,0,0.00024277069094333055,0.6510141822896698,0
22,12.0,81.0,2,hist_gradient_boosting,0,6.686707407768087e-05,0.6510141822896698,0
22,13.0,80.0,2,hist_gradient_boosting,0,7.915002821913864e-05,0.6510141822896698,0
22,14.0,79.0,2,hist_gradient_boosting,0,8.832929441590828e-05,0.6510141822896698,0
22,15.0,78.0,2,hist_gradient_boosting,0,4.0709911145528315e-05,0.6510141822896698,0
22,16.0,77.0,2,hist_gradient_boosting,0,4.2756524905000754e-05,0.6510141822896698,0
22,17.0,76.0,2,hist_gradient_boosting,0,6.632722193398805e-05,0.6510141822896698,0
22,18.0,75.0,2,hist_gradient_boosting,0,0.00026189584530804014,0.6510141822896698,0
22,19.0,74.0,2,hist_gradient_boosting,0,6.482744009171083e-05,0.6510141822896698,0
22,20.0,73.0,2,hist_gradient_boosting,0,5.6760455489428556e-05,0.6510141822896698,0
22,21.0,72.0,2,hist_gradient_boosting,0,4.458431606130177e-05,0.6510141822896698,0
22,22.0,71.0,2,hist_gradient_boosting,0,4.9004468833586036e-05,0.6510141822896698,0
22,23.0,70.0,2,hist_gradient_boosting,0,0.00013517760227710885,0.6510141822896698,0
22,24.0,69.0,2,hist_gradient_boosting,0,4.058377337150718e-05,0.6510141822896698,0
22,25.0,68.0,2,hist_gradient_boosting,0,4.930774423093136e-05,0.6510141822896698,0
22,26.0,67.0,2,hist_gradient_boosting,0,0.0002065098743943769,0.6510141822896698,0
22,27.0,66.0,2,hist_gradient_boosting,0,0.00012114763511441116,0.6510141822896698,0
22,28.0,65.0,2,hist_gradient_boosting,0,0.000823820032499366,0.6510141822896698,0
22,29.0,64.0,2,hist_gradient_boosting,0,0.0003880950724202901,0.6510141822896698,0
22,30.0,63.0,2,hist_gradient_boosting,0,0.0005498772690603266,0.6510141822896698,0
22,31.0,62.0,2,hist_gradient_boosting,0,0.01105680661159766,0.6510141822896698,0
22,32.0,61.0,2,hist_gradient_boosting,0,0.0010916813664336867,0.6510141822896698,0
22,33.0,60.0,2,hist_gradient_boosting,0,0.005134582824457311,0.6510141822896698,0
22,34.0,59.0,2,hist_gradient_boosting,0,0.005852157773093116,0.6510141822896698,0
22,35.0,58.0,2,hist_gradient_boosting,0,0.0014586483486420192,0.6510141822896698,0
22,36.0,57.0,2,hist_gradient_boosting,0,0.002528386845467923,0.6510141822896698,0
22,37.0,56.0,2,hist_gradient_boosting,0,0.000542582997562816,0.6510141822896698,0
22,38.0,55.0,2,hist_gradient_boosting,0,0.0009674207579020296,0.6510141822896698,0
22,39.0,54.0,2,hist_gradient_boosting,0,0.01637077811240592,0.6510141822896698,0
22,40.0,53.0,2,hist_gradient_boosting,0,0.0007136957076472938,0.6510141822896698,0
22,41.0,52.0,2,hist_gradient_boosting,0,0.0011241590587023015,0.6510141822896698,0
22,42.0,51.0,2,hist_gradient_boosting,0,0.00625796792214366,0.6510141822896698,0
22,43.0,50.0,2,hist_gradient_boosting,0,0.038571102158201837,0.6510141822896698,0
22,44.0,49.0,2,hist_gradient_boosting,0,0.01114572513724111,0.6510141822896698,0
22,45.0,48.0,2,hist_gradient_boosting,0,0.003931502520752375,0.6510141822896698,0
22,46.0,47.0,2,hist_gradient_boosting,0,0.00984002418675195,0.6510141822896698,0
22,47.0,46.0,2,hist_gradient_boosting,0,0.01006912678783707,0.6510141822896698,0
22,48.0,45.0,2,hist_gradient_boosting,0,0.005093784060677556,0.6510141822896698,0
22,49.0,44.0,2,hist_gradient_boosting,0,0.020182481049427794,0.6510141822896698,0
22,50.0,43.0,2,hist_gradient_boosting,0,0.03238664511616302,0.6510141822896698,0
22,51.0,42.0,2,hist_gradient_boosting,0,0.10636029479342246,0.6510141822896698,0
22,52.0,41.0,2,hist_gradient_boosting,0,0.23290547403341869,0.6510141822896698,0
22,53.0,40.0,2,hist_gradient_boosting,0,0.16710634393719614,0.6510141822896698,0
22,54.0,39.0,2,hist_gradient_boosting,0,0.5206314917590427,0.6510141822896698,0
22,55.0,38.0,2,hist_gradient_boosting,0,0.14538105618050523,0.6510141822896698,0
22,56.0,37.0,2,hist_gradient_boosting,0,0.26039502843332035,0.6510141822896698,0
22,57.0,36.0,2,hist_gradient_boosting,0,0.010996733119303579,0.6510141822896698,0
22,58.0,35.0,2,hist_gradient_boosting,0,0.34817284767624834,0.6510141822896698,0
22,59.0,34.0,2,hist_gradient_boosting,0,0.22794274405535747,0.6510141822896698,0
22,60.0,33.0,2,hist_gradient_boosting,0,0.600702210511737,0.6510141822896698,0
22,61.0,32.0,2,hist_gradient_boosting,0,0.4708768702215536,0.6510141822896698,0
22,62.0,31.0,2,hist_gradient_boosting,0,0.7468980156956919,0.6510141822896698,1
22,63.0,30.0,2,hist_gradient_boosting,0,0.9728315506997262,0.6510141822896698,1
22,64.0,29.0,2,hist_gradient_boosting,0,0.8542165223911846,0.6510141822896698,1
22,65.0,28.0,2,hist_gradient_boosting,0,0.9196683933220142,0.6510141822896698,1
22,66.0,27.0,2,hist_gradient_boosting,0,0.05082296804414648,0.6510141822896698,0
22,67.0,26.0,2,hist_gradient_boosting,0,0.5321198025632583,0.6510141822896698,0
22,68.0,25.0,2,hist_gradient_boosting,0,0.8251206255666045,0.6510141822896698,1
22,69.0,24.0,2,hist_gradient_boosting,0,0.8811813240254237,0.6510141822896698,1
22,70.0,23.0,2,hist_gradient_boosting,0,0.8924556845638423,0.6510141822896698,1
22,71.0,22.0,2,hist_gradient_boosting,0,0.992731702973867,0.6510141822896698,1
22,72.0,21.0,2,hist_gradient_boosting,0,0.961882531367439,0.6510141822896698,1
22,73.0,20.0,2,hist_gradient_boosting,1,0.9838830164315171,0.6510141822896698,1
22,74.0,19.0,2,hist_gradient_boosting,1,0.9729794741160837,0.6510141822896698,1
22,75.0,18.0,2,hist_gradient_boosting,1,0.685832279740705,0.6510141822896698,1
22,76.0,17.0,2,hist_gradient_boosting,1,0.9516201773714498,0.6510141822896698,1
22,77.0,16.0,2,hist_gradient_boosting,1,0.9978135048364833,0.6510141822896698,1
22,78.0,15.0,2,hist_gradient_boosting,1,0.5145244038278172,0.6510141822896698,0
22,79.0,14.0,2,hist_gradient_boosting,1,0.9848560460211956,0.6510141822896698,1
22,80.0,13.0,2,hist_gradient_boosting,1,0.9996050052024413,0.6510141822896698,1
22,81.0,12.0,2,hist_gradient_boosting,1,0.9997671856887423,0.6510141822896698,1
22,82.0,11.0,2,hist_gradient_boosting,1,0.9994202081547086,0.6510141822896698,1
22,83.0,10.0,2,hist_gradient_boosting,1,0.9988183076971382,0.6510141822896698,1
22,84.0,9.0,2,hist_gradient_boosting,1,0.9998952105975244,0.6510141822896698,1
22,85.0,8.0,2,hist_gradient_boosting,1,0.9998997381097144,0.6510141822896698,1
22,86.0,7.0,2,hist_gradient_boosting,1,0.9998995182271765,0.6510141822896698,1
22,87.0,6.0,2,hist_gradient_boosting,1,0.9999271103661624,0.6510141822896698,1
22,88.0,5.0,2,hist_gradient_boosting,1,0.9998550638803282,0.6510141822896698,1
22,89.0,4.0,2,hist_gradient_boosting,1,0.9992614900090171,0.6510141822896698,1
22,90.0,3.0,2,hist_gradient_boosting,1,0.9998546725533068,0.6510141822896698,1
22,91.0,2.0,2,hist_gradient_boosting,1,0.9999069608028135,0.6510141822896698,1
22,92.0,1.0,2,hist_gradient_boosting,1,0.9999095460104438,0.6510141822896698,1
22,93.0,0.0,2,hist_gradient_boosting,1,0.9999522459580384,0.6510141822896698,1
23,1.0,76.0,5,rbf_svc,0,0.0008893082869893335,0.48778595770042416,0
23,2.0,75.0,5,rbf_svc,0,0.0011606227845016403,0.48778595770042416,0
23,3.0,74.0,5,rbf_svc,0,0.0023235288584771505,0.48778595770042416,0
23,4.0,73.0,5,rbf_svc,0,0.0018711272443948594,0.48778595770042416,0
23,5.0,72.0,5,rbf_svc,0,0.0012666507108503528,0.48778595770042416,0
23,6.0,71.0,5,rbf_svc,0,0.0003517118097264498,0.48778595770042416,0
23,7.0,70.0,5,rbf_svc,0,0.0014514137971381482,0.48778595770042416,0
23,8.0,69.0,5,rbf_svc,0,0.0004137379395535324,0.48778595770042416,0
23,9.0,68.0,5,rbf_svc,0,0.0007212187799835491,0.48778595770042416,0
23,10.0,67.0,5,rbf_svc,0,0.001404567765899696,0.48778595770042416,0
23,11.0,66.0,5,rbf_svc,0,0.0017453683795517724,0.48778595770042416,0
23,12.0,65.0,5,rbf_svc,0,0.004669771139329839,0.48778595770042416,0
23,13.0,64.0,5,rbf_svc,0,0.0035050401476272894,0.48778595770042416,0
23,14.0,63.0,5,rbf_svc,0,0.004144600021942452,0.48778595770042416,0
23,15.0,62.0,5,rbf_svc,0,0.0004433780643966172,0.48778595770042416,0
23,16.0,61.0,5,rbf_svc,0,0.013375878526765216,0.48778595770042416,0
23,17.0,60.0,5,rbf_svc,0,0.002348232750999251,0.48778595770042416,0
23,18.0,59.0,5,rbf_svc,0,0.010000210539075,0.48778595770042416,0
23,19.0,58.0,5,rbf_svc,0,0.004987924063309471,0.48778595770042416,0
23,20.0,57.0,5,rbf_svc,0,0.060823282677583315,0.48778595770042416,0
23,21.0,56.0,5,rbf_svc,0,0.00477445486359641,0.48778595770042416,0
23,22.0,55.0,5,rbf_svc,0,0.024034358249315223,0.48778595770042416,0
23,23.0,54.0,5,rbf_svc,0,0.008888132444419262,0.48778595770042416,0
23,24.0,53.0,5,rbf_svc,0,0.03140304861401301,0.48778595770042416,0
23,25.0,52.0,5,rbf_svc,0,0.021702452845632453,0.48778595770042416,0
23,26.0,51.0,5,rbf_svc,0,0.016572925612427708,0.48778595770042416,0
23,27.0,50.0,5,rbf_svc,0,0.035069054827760675,0.48778595770042416,0
23,28.0,49.0,5,rbf_svc,0,0.024975303614580262,0.48778595770042416,0
23,29.0,48.0,5,rbf_svc,0,0.040009941064277965,0.48778595770042416,0
23,30.0,47.0,5,rbf_svc,0,0.017325242302349986,0.48778595770042416,0
23,31.0,46.0,5,rbf_svc,0,0.029034864543045012,0.48778595770042416,0
23,32.0,45.0,5,rbf_svc,0,0.012372341524112457,0.48778595770042416,0
23,33.0,44.0,5,rbf_svc,0,0.022300732396215814,0.48778595770042416,0
23,34.0,43.0,5,rbf_svc,0,0.04274025552076571,0.48778595770042416,0
23,35.0,42.0,5,rbf_svc,0,0.08012356420711426,0.48778595770042416,0
23,36.0,41.0,5,rbf_svc,0,0.03191468403840604,0.48778595770042416,0
23,37.0,40.0,5,rbf_svc,0,0.18189731904152595,0.48778595770042416,0
23,38.0,39.0,5,rbf_svc,0,0.12283819257972745,0.48778595770042416,0
23,39.0,38.0,5,rbf_svc,0,0.2027942698527754,0.48778595770042416,0
23,40.0,37.0,5,rbf_svc,0,0.2621614459804151,0.48778595770042416,0
23,41.0,36.0,5,rbf_svc,0,0.5528786847784668,0.48778595770042416,1
23,42.0,35.0,5,rbf_svc,0,0.4747984116700281,0.48778595770042416,0
23,43.0,34.0,5,rbf_svc,0,0.18835444286091116,0.48778595770042416,0
23,44.0,33.0,5,rbf_svc,0,0.4618586342395471,0.48778595770042416,0
23,45.0,32.0,5,rbf_svc,0,0.4319227550928603,0.48778595770042416,0
23,46.0,31.0,5,rbf_svc,0,0.42392261181253904,0.48778595770042416,0
23,47.0,30.0,5,rbf_svc,0,0.436636117168333,0.48778595770042416,0
23,48.0,29.0,5,rbf_svc,0,0.6487823736360625,0.48778595770042416,1
23,49.0,28.0,5,rbf_svc,0,0.7231410734186651,0.48778595770042416,1
23,50.0,27.0,5,rbf_svc,0,0.7729471609712182,0.48778595770042416,1
23,51.0,26.0,5,rbf_svc,0,0.7003491858978527,0.48778595770042416,1
23,52.0,25.0,5,rbf_svc,0,0.703559196487281,0.48778595770042416,1
23,53.0,24.0,5,rbf_svc,0,0.6927454482462939,0.48778595770042416,1
23,54.0,23.0,5,rbf_svc,0,0.2311288706796341,0.48778595770042416,0
23,55.0,22.0,5,rbf_svc,0,0.8003592385720665,0.48778595770042416,1
23,56.0,21.0,5,rbf_svc,0,0.9231138668654838,0.48778595770042416,1
23,57.0,20.0,5,rbf_svc,1,0.909021858858929,0.48778595770042416,1
23,58.0,19.0,5,rbf_svc,1,0.9259378179320225,0.48778595770042416,1
23,59.0,18.0,5,rbf_svc,1,0.9704196086731572,0.48778595770042416,1
23,60.0,17.0,5,rbf_svc,1,0.9713056353053925,0.48778595770042416,1
23,61.0,16.0,5,rbf_svc,1,0.9552870622843919,0.48778595770042416,1
23,62.0,15.0,5,rbf_svc,1,0.968354210686124,0.48778595770042416,1
23,63.0,14.0,5,rbf_svc,1,0.9372747816054551,0.48778595770042416,1
23,64.0,13.0,5,rbf_svc,1,0.9926530783709914,0.48778595770042416,1
23,65.0,12.0,5,rbf_svc,1,0.9870493151481132,0.48778595770042416,1
23,66.0,11.0,5,rbf_svc,1,0.9948560182662695,0.48778595770042416,1
23,67.0,10.0,5,rbf_svc,1,0.9952876212678353,0.48778595770042416,1
23,68.0,9.0,5,rbf_svc,1,0.999997549845385,0.48778595770042416,1
23,69.0,8.0,5,rbf_svc,1,0.9968882654902826,0.48778595770042416,1
23,70.0,7.0,5,rbf_svc,1,0.9999878604905441,0.48778595770042416,1
23,71.0,6.0,5,rbf_svc,1,0.9948065878320325,0.48778595770042416,1
23,72.0,5.0,5,rbf_svc,1,0.9999997556635777,0.48778595770042416,1
23,73.0,4.0,5,rbf_svc,1,0.9999986146194922,0.48778595770042416,1
23,74.0,3.0,5,rbf_svc,1,0.9999997734512042,0.48778595770042416,1
23,75.0,2.0,5,rbf_svc,1,0.9999994765276756,0.48778595770042416,1
23,76.0,1.0,5,rbf_svc,1,0.9999999716413632,0.48778595770042416,1
23,77.0,0.0,5,rbf_svc,1,0.9999999734895479,0.48778595770042416,1
24,1.0,75.0,4,hist_gradient_boosting,0,4.006220335793274e-05,0.6936009670541174,0
24,2.0,74.0,4,hist_gradient_boosting,0,0.00011845704565773566,0.6936009670541174,0
24,3.0,73.0,4,hist_gradient_boosting,0,8.019209554276702e-05,0.6936009670541174,0
24,4.0,72.0,4,hist_gradient_boosting,0,5.035853365677354e-05,0.6936009670541174,0
24,5.0,71.0,4,hist_gradient_boosting,0,0.00011972441366616811,0.6936009670541174,0
24,6.0,70.0,4,hist_gradient_boosting,0,0.00011744353625499056,0.6936009670541174,0
24,7.0,69.0,4,hist_gradient_boosting,0,4.785416858055483e-05,0.6936009670541174,0
24,8.0,68.0,4,hist_gradient_boosting,0,6.7506127397533e-05,0.6936009670541174,0
24,9.0,67.0,4,hist_gradient_boosting,0,0.00023149735873553227,0.6936009670541174,0
24,10.0,66.0,4,hist_gradient_boosting,0,5.019075334708574e-05,0.6936009670541174,0
24,11.0,65.0,4,hist_gradient_boosting,0,3.928921772468195e-05,0.6936009670541174,0
24,12.0,64.0,4,hist_gradient_boosting,0,0.00010929686487032426,0.6936009670541174,0
24,13.0,63.0,4,hist_gradient_boosting,0,4.896061927442763e-05,0.6936009670541174,0
24,14.0,62.0,4,hist_gradient_boosting,0,0.00015894767327455088,0.6936009670541174,0
24,15.0,61.0,4,hist_gradient_boosting,0,5.132111756838266e-05,0.6936009670541174,0
24,16.0,60.0,4,hist_gradient_boosting,0,0.00011695564415445733,0.6936009670541174,0
24,17.0,59.0,4,hist_gradient_boosting,0,0.00012820546801441427,0.6936009670541174,0
24,18.0,58.0,4,hist_gradient_boosting,0,8.691942204310942e-05,0.6936009670541174,0
24,19.0,57.0,4,hist_gradient_boosting,0,0.00038650148748317354,0.6936009670541174,0
24,20.0,56.0,4,hist_gradient_boosting,0,8.404291612600971e-05,0.6936009670541174,0
24,21.0,55.0,4,hist_gradient_boosting,0,5.696830146335618e-05,0.6936009670541174,0
24,22.0,54.0,4,hist_gradient_boosting,0,0.00012441542055909786,0.6936009670541174,0
24,23.0,53.0,4,hist_gradient_boosting,0,0.00034942084917193196,0.6936009670541174,0
24,24.0,52.0,4,hist_gradient_boosting,0,0.00012615090787510864,0.6936009670541174,0
24,25.0,51.0,4,hist_gradient_boosting,0,0.00013563112886285823,0.6936009670541174,0
24,26.0,50.0,4,hist_gradient_boosting,0,0.00016418388404173035,0.6936009670541174,0
24,27.0,49.0,4,hist_gradient_boosting,0,0.0001539903387061266,0.6936009670541174,0
24,28.0,48.0,4,hist_gradient_boosting,0,9.313400443118486e-05,0.6936009670541174,0
24,29.0,47.0,4,hist_gradient_boosting,0,0.00011885448979750373,0.6936009670541174,0
24,30.0,46.0,4,hist_gradient_boosting,0,0.0012429838095490537,0.6936009670541174,0
24,31.0,45.0,4,hist_gradient_boosting,0,0.0023823011150795196,0.6936009670541174,0
24,32.0,44.0,4,hist_gradient_boosting,0,0.0011474693664475127,0.6936009670541174,0
24,33.0,43.0,4,hist_gradient_boosting,0,0.0035705570372866527,0.6936009670541174,0
24,34.0,42.0,4,hist_gradient_boosting,0,0.0005053203320491594,0.6936009670541174,0
24,35.0,41.0,4,hist_gradient_boosting,0,0.003863656595249936,0.6936009670541174,0
24,36.0,40.0,4,hist_gradient_boosting,0,0.000925851629525773,0.6936009670541174,0
24,37.0,39.0,4,hist_gradient_boosting,0,0.004955091636224035,0.6936009670541174,0
24,38.0,38.0,4,hist_gradient_boosting,0,0.0006176411112421836,0.6936009670541174,0
24,39.0,37.0,4,hist_gradient_boosting,0,0.00037425065806493427,0.6936009670541174,0
24,40.0,36.0,4,hist_gradient_boosting,0,0.002819547606398936,0.6936009670541174,0
24,41.0,35.0,4,hist_gradient_boosting,0,0.013628814327793979,0.6936009670541174,0
24,42.0,34.0,4,hist_gradient_boosting,0,0.009652919274564365,0.6936009670541174,0
24,43.0,33.0,4,hist_gradient_boosting,0,0.027999965813072937,0.6936009670541174,0
24,44.0,32.0,4,hist_gradient_boosting,0,0.0071671900983382225,0.6936009670541174,0
24,45.0,31.0,4,hist_gradient_boosting,0,0.08497973550550182,0.6936009670541174,0
24,46.0,30.0,4,hist_gradient_boosting,0,0.0031281568348058867,0.6936009670541174,0
24,47.0,29.0,4,hist_gradient_boosting,0,0.20449599317224013,0.6936009670541174,0
24,48.0,28.0,4,hist_gradient_boosting,0,0.003023718977349639,0.6936009670541174,0
24,49.0,27.0,4,hist_gradient_boosting,0,0.00930932735155581,0.6936009670541174,0
24,50.0,26.0,4,hist_gradient_boosting,0,0.05419800795324707,0.6936009670541174,0
24,51.0,25.0,4,hist_gradient_boosting,0,0.013633996522703121,0.6936009670541174,0
24,52.0,24.0,4,hist_gradient_boosting,0,0.08506555043405498,0.6936009670541174,0
24,53.0,23.0,4,hist_gradient_boosting,0,0.07043222593443439,0.6936009670541174,0
24,54.0,22.0,4,hist_gradient_boosting,0,0.4514984199919723,0.6936009670541174,0
24,55.0,21.0,4,hist_gradient_boosting,0,0.282946102558766,0.6936009670541174,0
24,56.0,20.0,4,hist_gradient_boosting,1,0.7938856130814336,0.6936009670541174,1
24,57.0,19.0,4,hist_gradient_boosting,1,0.09125052916766868,0.6936009670541174,0
24,58.0,18.0,4,hist_gradient_boosting,1,0.5660444092738143,0.6936009670541174,0
24,59.0,17.0,4,hist_gradient_boosting,1,0.6603530548991791,0.6936009670541174,0
24,60.0,16.0,4,hist_gradient_boosting,1,0.9355775821639893,0.6936009670541174,1
24,61.0,15.0,4,hist_gradient_boosting,1,0.7905413314400479,0.6936009670541174,1
24,62.0,14.0,4,hist_gradient_boosting,1,0.9705582624873683,0.6936009670541174,1
24,63.0,13.0,4,hist_gradient_boosting,1,0.9864975775082856,0.6936009670541174,1
24,64.0,12.0,4,hist_gradient_boosting,1,0.9526034565102633,0.6936009670541174,1
24,65.0,11.0,4,hist_gradient_boosting,1,0.980398330833083,0.6936009670541174,1
24,66.0,10.0,4,hist_gradient_boosting,1,0.9916708712925207,0.6936009670541174,1
24,67.0,9.0,4,hist_gradient_boosting,1,0.9878762978695296,0.6936009670541174,1
24,68.0,8.0,4,hist_gradient_boosting,1,0.9992606043545071,0.6936009670541174,1
24,69.0,7.0,4,hist_gradient_boosting,1,0.9922100128999427,0.6936009670541174,1
24,70.0,6.0,4,hist_gradient_boosting,1,0.9375332358381685,0.6936009670541174,1
24,71.0,5.0,4,hist_gradient_boosting,1,0.9943743689202705,0.6936009670541174,1
24,72.0,4.0,4,hist_gradient_boosting,1,0.9421062200426027,0.6936009670541174,1
24,73.0,3.0,4,hist_gradient_boosting,1,0.9824375358639573,0.6936009670541174,1
24,74.0,2.0,4,hist_gradient_boosting,1,0.999286708460375,0.6936009670541174,1
24,75.0,1.0,4,hist_gradient_boosting,1,0.9991124242870046,0.6936009670541174,1
24,76.0,0.0,4,hist_gradient_boosting,1,0.9982983386557652,0.6936009670541174,1
25,1.0,66.0,5,rbf_svc,0,0.0006533266971862917,0.48778595770042416,0
25,2.0,65.0,5,rbf_svc,0,0.0004569203960672389,0.48778595770042416,0
25,3.0,64.0,5,rbf_svc,0,0.005472490142860419,0.48778595770042416,0
25,4.0,63.0,5,rbf_svc,0,0.0004056498372318814,0.48778595770042416,0
25,5.0,62.0,5,rbf_svc,0,0.0004391945065612479,0.48778595770042416,0
25,6.0,61.0,5,rbf_svc,0,0.000528092958698107,0.48778595770042416,0
25,7.0,60.0,5,rbf_svc,0,0.006877057808089311,0.48778595770042416,0
25,8.0,59.0,5,rbf_svc,0,0.000906510625005128,0.48778595770042416,0
25,9.0,58.0,5,rbf_svc,0,0.001399845978669225,0.48778595770042416,0
25,10.0,57.0,5,rbf_svc,0,0.001829193649367913,0.48778595770042416,0
25,11.0,56.0,5,rbf_svc,0,0.0025937331759312383,0.48778595770042416,0
25,12.0,55.0,5,rbf_svc,0,0.001074005719309883,0.48778595770042416,0
25,13.0,54.0,5,rbf_svc,0,0.0008363764325806778,0.48778595770042416,0
25,14.0,53.0,5,rbf_svc,0,0.0017553195357052267,0.48778595770042416,0
25,15.0,52.0,5,rbf_svc,0,0.0024431588524073413,0.48778595770042416,0
25,16.0,51.0,5,rbf_svc,0,0.0034826764519964855,0.48778595770042416,0
25,17.0,50.0,5,rbf_svc,0,0.0013548158374422341,0.48778595770042416,0
25,18.0,49.0,5,rbf_svc,0,0.0033626771361197094,0.48778595770042416,0
25,19.0,48.0,5,rbf_svc,0,0.014103624530702304,0.48778595770042416,0
25,20.0,47.0,5,rbf_svc,0,0.0028120975376458414,0.48778595770042416,0
25,21.0,46.0,5,rbf_svc,0,0.0011767612738089993,0.48778595770042416,0
25,22.0,45.0,5,rbf_svc,0,0.01564186743852554,0.48778595770042416,0
25,23.0,44.0,5,rbf_svc,0,0.005041974438033607,0.48778595770042416,0
25,24.0,43.0,5,rbf_svc,0,0.020922490659898835,0.48778595770042416,0
25,25.0,42.0,5,rbf_svc,0,0.006525027141034275,0.48778595770042416,0
25,26.0,41.0,5,rbf_svc,0,0.036240588513305715,0.48778595770042416,0
25,27.0,40.0,5,rbf_svc,0,0.01235938903378726,0.48778595770042416,0
25,28.0,39.0,5,rbf_svc,0,0.05388772552701913,0.48778595770042416,0
25,29.0,38.0,5,rbf_svc,0,0.022632757501862076,0.48778595770042416,0
25,30.0,37.0,5,rbf_svc,0,0.04265139202284621,0.48778595770042416,0
25,31.0,36.0,5,rbf_svc,0,0.00912778060546556,0.48778595770042416,0
25,32.0,35.0,5,rbf_svc,0,0.035807264852658956,0.48778595770042416,0
25,33.0,34.0,5,rbf_svc,0,0.08920081516392585,0.48778595770042416,0
25,34.0,33.0,5,rbf_svc,0,0.03786782209142205,0.48778595770042416,0
25,35.0,32.0,5,rbf_svc,0,0.05020859210599526,0.48778595770042416,0
25,36.0,31.0,5,rbf_svc,0,0.27029017055238636,0.48778595770042416,0
25,37.0,30.0,5,rbf_svc,0,0.0200853930934349,0.48778595770042416,0
25,38.0,29.0,5,rbf_svc,0,0.10198307455630687,0.48778595770042416,0
25,39.0,28.0,5,rbf_svc,0,0.16316414466087883,0.48778595770042416,0
25,40.0,27.0,5,rbf_svc,0,0.17093122108300104,0.48778595770042416,0
25,41.0,26.0,5,rbf_svc,0,0.10473220676051283,0.48778595770042416,0
25,42.0,25.0,5,rbf_svc,0,0.14617122799672203,0.48778595770042416,0
25,43.0,24.0,5,rbf_svc,0,0.3619045528986568,0.48778595770042416,0
25,44.0,23.0,5,rbf_svc,0,0.3234246338236308,0.48778595770042416,0
25,45.0,22.0,5,rbf_svc,0,0.24623322455435315,0.48778595770042416,0
25,46.0,21.0,5,rbf_svc,0,0.7274522943747952,0.48778595770042416,1
25,47.0,20.0,5,rbf_svc,1,0.6116518147696086,0.48778595770042416,1
25,48.0,19.0,5,rbf_svc,1,0.6554807815563591,0.48778595770042416,1
25,49.0,18.0,5,rbf_svc,1,0.7023745938640407,0.48778595770042416,1
25,50.0,17.0,5,rbf_svc,1,0.754023098218139,0.48778595770042416,1
25,51.0,16.0,5,rbf_svc,1,0.9107577507505853,0.48778595770042416,1
25,52.0,15.0,5,rbf_svc,1,0.6877811528040667,0.48778595770042416,1
25,53.0,14.0,5,rbf_svc,1,0.9407893668537906,0.48778595770042416,1
25,54.0,13.0,5,rbf_svc,1,0.9133960880468205,0.48778595770042416,1
25,55.0,12.0,5,rbf_svc,1,0.9862769579253187,0.48778595770042416,1
25,56.0,11.0,5,rbf_svc,1,0.9888297163569734,0.48778595770042416,1
25,57.0,10.0,5,rbf_svc,1,0.9845616349535626,0.48778595770042416,1
25,58.0,9.0,5,rbf_svc,1,0.9667839823936153,0.48778595770042416,1
25,59.0,8.0,5,rbf_svc,1,0.9999828133058705,0.48778595770042416,1
25,60.0,7.0,5,rbf_svc,1,0.9999924849774126,0.48778595770042416,1
25,61.0,6.0,5,rbf_svc,1,0.9999809093783519,0.48778595770042416,1
25,62.0,5.0,5,rbf_svc,1,0.9999986047063322,0.48778595770042416,1
25,63.0,4.0,5,rbf_svc,1,0.9999997503557475,0.48778595770042416,1
25,64.0,3.0,5,rbf_svc,1,0.9999954671958773,0.48778595770042416,1
25,65.0,2.0,5,rbf_svc,1,0.9999990731119599,0.48778595770042416,1
25,66.0,1.0,5,rbf_svc,1,0.9999999488202903,0.48778595770042416,1
25,67.0,0.0,5,rbf_svc,1,0.9999999992763963,0.48778595770042416,1
26,1.0,86.0,2,hist_gradient_boosting,0,0.00023943103744213944,0.6510141822896698,0
26,2.0,85.0,2,hist_gradient_boosting,0,7.777412327767789e-05,0.6510141822896698,0
26,3.0,84.0,2,hist_gradient_boosting,0,0.00010781521023894375,0.6510141822896698,0
26,4.0,83.0,2,hist_gradient_boosting,0,0.00014967856085539252,0.6510141822896698,0
26,5.0,82.0,2,hist_gradient_boosting,0,0.00017627249397261322,0.6510141822896698,0
26,6.0,81.0,2,hist_gradient_boosting,0,0.00018933364691348608,0.6510141822896698,0
26,7.0,80.0,2,hist_gradient_boosting,0,0.00032082214973269707,0.6510141822896698,0
26,8.0,79.0,2,hist_gradient_boosting,0,0.0004385923751035829,0.6510141822896698,0
26,9.0,78.0,2,hist_gradient_boosting,0,0.0001675930532146089,0.6510141822896698,0
26,10.0,77.0,2,hist_gradient_boosting,0,0.00013429896817265685,0.6510141822896698,0
26,11.0,76.0,2,hist_gradient_boosting,0,8.009975775847323e-05,0.6510141822896698,0
26,12.0,75.0,2,hist_gradient_boosting,0,0.0002755187165941899,0.6510141822896698,0
26,13.0,74.0,2,hist_gradient_boosting,0,0.00017622792902934813,0.6510141822896698,0
26,14.0,73.0,2,hist_gradient_boosting,0,0.00013712806936157806,0.6510141822896698,0
26,15.0,72.0,2,hist_gradient_boosting,0,0.00014696059007774807,0.6510141822896698,0
26,16.0,71.0,2,hist_gradient_boosting,0,0.0001765190151544702,0.6510141822896698,0
26,17.0,70.0,2,hist_gradient_boosting,0,0.0001263152568967828,0.6510141822896698,0
26,18.0,69.0,2,hist_gradient_boosting,0,6.821660685805107e-05,0.6510141822896698,0
26,19.0,68.0,2,hist_gradient_boosting,0,0.0001133313118665605,0.6510141822896698,0
26,20.0,67.0,2,hist_gradient_boosting,0,9.39779053550275e-05,0.6510141822896698,0
26,21.0,66.0,2,hist_gradient_boosting,0,7.361326498351544e-05,0.6510141822896698,0
26,22.0,65.0,2,hist_gradient_boosting,0,0.00014788657625532486,0.6510141822896698,0
26,23.0,64.0,2,hist_gradient_boosting,0,0.00010548095148333258,0.6510141822896698,0
26,24.0,63.0,2,hist_gradient_boosting,0,0.00024184284479617332,0.6510141822896698,0
26,25.0,62.0,2,hist_gradient_boosting,0,0.00012809630012717836,0.6510141822896698,0
26,26.0,61.0,2,hist_gradient_boosting,0,0.0002247128205828192,0.6510141822896698,0
26,27.0,60.0,2,hist_gradient_boosting,0,7.028462753368824e-05,0.6510141822896698,0
26,28.0,59.0,2,hist_gradient_boosting,0,0.0007333375238697985,0.6510141822896698,0
26,29.0,58.0,2,hist_gradient_boosting,0,0.0060246587218115355,0.6510141822896698,0
26,30.0,57.0,2,hist_gradient_boosting,0,0.0014016534037995805,0.6510141822896698,0
26,31.0,56.0,2,hist_gradient_boosting,0,0.006938456228046034,0.6510141822896698,0
26,32.0,55.0,2,hist_gradient_boosting,0,0.002868489968280263,0.6510141822896698,0
26,33.0,54.0,2,hist_gradient_boosting,0,0.004121131871301082,0.6510141822896698,0
26,34.0,53.0,2,hist_gradient_boosting,0,0.024547025055025023,0.6510141822896698,0
26,35.0,52.0,2,hist_gradient_boosting,0,0.02278100274218136,0.6510141822896698,0
26,36.0,51.0,2,hist_gradient_boosting,0,0.012996823613273919,0.6510141822896698,0
26,37.0,50.0,2,hist_gradient_boosting,0,0.03116416596909541,0.6510141822896698,0
26,38.0,49.0,2,hist_gradient_boosting,0,0.14343317293485097,0.6510141822896698,0
26,39.0,48.0,2,hist_gradient_boosting,0,0.03519988875798126,0.6510141822896698,0
26,40.0,47.0,2,hist_gradient_boosting,0,0.00403459090457806,0.6510141822896698,0
26,41.0,46.0,2,hist_gradient_boosting,0,0.001983338242190415,0.6510141822896698,0
26,42.0,45.0,2,hist_gradient_boosting,0,0.009491872292055035,0.6510141822896698,0
26,43.0,44.0,2,hist_gradient_boosting,0,0.013966190568802321,0.6510141822896698,0
26,44.0,43.0,2,hist_gradient_boosting,0,0.20012092919436641,0.6510141822896698,0
26,45.0,42.0,2,hist_gradient_boosting,0,0.0023140657516296996,0.6510141822896698,0
26,46.0,41.0,2,hist_gradient_boosting,0,0.10689074694325572,0.6510141822896698,0
26,47.0,40.0,2,hist_gradient_boosting,0,0.06903887387034127,0.6510141822896698,0
26,48.0,39.0,2,hist_gradient_boosting,0,0.04207416963885708,0.6510141822896698,0
26,49.0,38.0,2,hist_gradient_boosting,0,0.4990353434102869,0.6510141822896698,0
26,50.0,37.0,2,hist_gradient_boosting,0,0.07430384106212198,0.6510141822896698,0
26,51.0,36.0,2,hist_gradient_boosting,0,0.020079127169606997,0.6510141822896698,0
26,52.0,35.0,2,hist_gradient_boosting,0,0.1352693235677028,0.6510141822896698,0
26,53.0,34.0,2,hist_gradient_boosting,0,0.07184601058986377,0.6510141822896698,0
26,54.0,33.0,2,hist_gradient_boosting,0,0.022668883953951006,0.6510141822896698,0
26,55.0,32.0,2,hist_gradient_boosting,0,0.12499523015823555,0.6510141822896698,0
26,56.0,31.0,2,hist_gradient_boosting,0,0.031122992863354376,0.6510141822896698,0
26,57.0,30.0,2,hist_gradient_boosting,0,0.015259796494535613,0.6510141822896698,0
26,58.0,29.0,2,hist_gradient_boosting,0,0.04444893713784875,0.6510141822896698,0
26,59.0,28.0,2,hist_gradient_boosting,0,0.09279314614000045,0.6510141822896698,0
26,60.0,27.0,2,hist_gradient_boosting,0,0.014981786009184836,0.6510141822896698,0
26,61.0,26.0,2,hist_gradient_boosting,0,0.12155820248406968,0.6510141822896698,0
26,62.0,25.0,2,hist_gradient_boosting,0,0.0750002464342706,0.6510141822896698,0
26,63.0,24.0,2,hist_gradient_boosting,0,0.1809301856690609,0.6510141822896698,0
26,64.0,23.0,2,hist_gradient_boosting,0,0.7163002815633605,0.6510141822896698,1
26,65.0,22.0,2,hist_gradient_boosting,0,0.13686306386498998,0.6510141822896698,0
26,66.0,21.0,2,hist_gradient_boosting,0,0.37567147579079213,0.6510141822896698,0
26,67.0,20.0,2,hist_gradient_boosting,1,0.045894663375103,0.6510141822896698,0
26,68.0,19.0,2,hist_gradient_boosting,1,0.024348023365674876,0.6510141822896698,0
26,69.0,18.0,2,hist_gradient_boosting,1,0.6038296581655705,0.6510141822896698,0
26,70.0,17.0,2,hist_gradient_boosting,1,0.05550840944691665,0.6510141822896698,0
26,71.0,16.0,2,hist_gradient_boosting,1,0.5080513814178352,0.6510141822896698,0
26,72.0,15.0,2,hist_gradient_boosting,1,0.32774751607500996,0.6510141822896698,0
26,73.0,14.0,2,hist_gradient_boosting,1,0.5434601965397986,0.6510141822896698,0
26,74.0,13.0,2,hist_gradient_boosting,1,0.47332692860361975,0.6510141822896698,0
26,75.0,12.0,2,hist_gradient_boosting,1,0.9055402529314869,0.6510141822896698,1
26,76.0,11.0,2,hist_gradient_boosting,1,0.7574878927946586,0.6510141822896698,1
26,77.0,10.0,2,hist_gradient_boosting,1,0.9740909700657532,0.6510141822896698,1
26,78.0,9.0,2,hist_gradient_boosting,1,0.494914686186488,0.6510141822896698,0
26,79.0,8.0,2,hist_gradient_boosting,1,0.9355002005599685,0.6510141822896698,1
26,80.0,7.0,2,hist_gradient_boosting,1,0.9982512059686877,0.6510141822896698,1
26,81.0,6.0,2,hist_gradient_boosting,1,0.9977118833573734,0.6510141822896698,1
26,82.0,5.0,2,hist_gradient_boosting,1,0.9993427893844634,0.6510141822896698,1
26,83.0,4.0,2,hist_gradient_boosting,1,0.9977589741429426,0.6510141822896698,1
26,84.0,3.0,2,hist_gradient_boosting,1,0.9992814043936304,0.6510141822896698,1
26,85.0,2.0,2,hist_gradient_boosting,1,0.9990781970000732,0.6510141822896698,1
26,86.0,1.0,2,hist_gradient_boosting,1,0.9994205001516209,0.6510141822896698,1
26,87.0,0.0,2,hist_gradient_boosting,1,0.9996337026786811,0.6510141822896698,1
27,1.0,72.0,3,hist_gradient_boosting,0,9.211760702421834e-05,0.6323221630840011,0
27,2.0,71.0,3,hist_gradient_boosting,0,0.00024590020051607717,0.6323221630840011,0
27,3.0,70.0,3,hist_gradient_boosting,0,0.0001333275349275731,0.6323221630840011,0
27,4.0,69.0,3,hist_gradient_boosting,0,0.00017896468203060372,0.6323221630840011,0
27,5.0,68.0,3,hist_gradient_boosting,0,0.00017779683885590718,0.6323221630840011,0
27,6.0,67.0,3,hist_gradient_boosting,0,0.0003010806013861913,0.6323221630840011,0
27,7.0,66.0,3,hist_gradient_boosting,0,0.00019106035916949523,0.6323221630840011,0
27,8.0,65.0,3,hist_gradient_boosting,0,0.00013214332548438788,0.6323221630840011,0
27,9.0,64.0,3,hist_gradient_boosting,0,0.00032807771909193484,0.6323221630840011,0
27,10.0,63.0,3,hist_gradient_boosting,0,0.0004629621935749709,0.6323221630840011,0
27,11.0,62.0,3,hist_gradient_boosting,0,0.00013495898155794855,0.6323221630840011,0
27,12.0,61.0,3,hist_gradient_boosting,0,0.00039189534092259155,0.6323221630840011,0
27,13.0,60.0,3,hist_gradient_boosting,0,0.0004188541977599109,0.6323221630840011,0
27,14.0,59.0,3,hist_gradient_boosting,0,0.0002934006925702683,0.6323221630840011,0
27,15.0,58.0,3,hist_gradient_boosting,0,0.0002681917558673923,0.6323221630840011,0
27,16.0,57.0,3,hist_gradient_boosting,0,0.0003512371094978867,0.6323221630840011,0
27,17.0,56.0,3,hist_gradient_boosting,0,0.0002475326412185174,0.6323221630840011,0
27,18.0,55.0,3,hist_gradient_boosting,0,0.00011380712304320734,0.6323221630840011,0
27,19.0,54.0,3,hist_gradient_boosting,0,0.0005588884782090431,0.6323221630840011,0
27,20.0,53.0,3,hist_gradient_boosting,0,0.00013291179743085398,0.6323221630840011,0
27,21.0,52.0,3,hist_gradient_boosting,0,0.00016204360456032507,0.6323221630840011,0
27,22.0,51.0,3,hist_gradient_boosting,0,9.845790151381742e-05,0.6323221630840011,0
27,23.0,50.0,3,hist_gradient_boosting,0,0.00038727587465850206,0.6323221630840011,0
27,24.0,49.0,3,hist_gradient_boosting,0,0.0001987839900341588,0.6323221630840011,0
27,25.0,48.0,3,hist_gradient_boosting,0,0.0002792040508508185,0.6323221630840011,0
27,26.0,47.0,3,hist_gradient_boosting,0,0.00013140863483220169,0.6323221630840011,0
27,27.0,46.0,3,hist_gradient_boosting,0,0.0004157146709340298,0.6323221630840011,0
27,28.0,45.0,3,hist_gradient_boosting,0,0.003980084989607728,0.6323221630840011,0
27,29.0,44.0,3,hist_gradient_boosting,0,0.01637021233763284,0.6323221630840011,0
27,30.0,43.0,3,hist_gradient_boosting,0,0.021581506556938218,0.6323221630840011,0
27,31.0,42.0,3,hist_gradient_boosting,0,0.10997254502396511,0.6323221630840011,0
27,32.0,41.0,3,hist_gradient_boosting,0,0.003413488658420949,0.6323221630840011,0
27,33.0,40.0,3,hist_gradient_boosting,0,0.008633501715557816,0.6323221630840011,0
27,34.0,39.0,3,hist_gradient_boosting,0,0.010852712132946675,0.6323221630840011,0
27,35.0,38.0,3,hist_gradient_boosting,0,0.045133574598963236,0.6323221630840011,0
27,36.0,37.0,3,hist_gradient_boosting,0,0.006477535754782552,0.6323221630840011,0
27,37.0,36.0,3,hist_gradient_boosting,0,0.03403461259013574,0.6323221630840011,0
27,38.0,35.0,3,hist_gradient_boosting,0,0.031883719691439216,0.6323221630840011,0
27,39.0,34.0,3,hist_gradient_boosting,0,0.1976831022250525,0.6323221630840011,0
27,40.0,33.0,3,hist_gradient_boosting,0,0.014292745144031848,0.6323221630840011,0
27,41.0,32.0,3,hist_gradient_boosting,0,0.019986273458211398,0.6323221630840011,0
27,42.0,31.0,3,hist_gradient_boosting,0,0.04817952000275893,0.6323221630840011,0
27,43.0,30.0,3,hist_gradient_boosting,0,0.0022695875274077754,0.6323221630840011,0
27,44.0,29.0,3,hist_gradient_boosting,0,0.007391656047455075,0.6323221630840011,0
27,45.0,28.0,3,hist_gradient_boosting,0,0.08543412786274202,0.6323221630840011,0
27,46.0,27.0,3,hist_gradient_boosting,0,0.022434435824251163,0.6323221630840011,0
27,47.0,26.0,3,hist_gradient_boosting,0,0.02523275528436788,0.6323221630840011,0
27,48.0,25.0,3,hist_gradient_boosting,0,0.03868463242483849,0.6323221630840011,0
27,49.0,24.0,3,hist_gradient_boosting,0,0.010816172071214328,0.6323221630840011,0
27,50.0,23.0,3,hist_gradient_boosting,0,0.03457493408750404,0.6323221630840011,0
27,51.0,22.0,3,hist_gradient_boosting,0,0.015155816215644054,0.6323221630840011,0
27,52.0,21.0,3,hist_gradient_boosting,0,0.024760236326434922,0.6323221630840011,0
27,53.0,20.0,3,hist_gradient_boosting,1,0.00904562426517936,0.6323221630840011,0
27,54.0,19.0,3,hist_gradient_boosting,1,0.03231324675360296,0.6323221630840011,0
27,55.0,18.0,3,hist_gradient_boosting,1,0.04272380562098159,0.6323221630840011,0
27,56.0,17.0,3,hist_gradient_boosting,1,0.10638485018760015,0.6323221630840011,0
27,57.0,16.0,3,hist_gradient_boosting,1,0.03680501741960713,0.6323221630840011,0
27,58.0,15.0,3,hist_gradient_boosting,1,0.06144644856877431,0.6323221630840011,0
27,59.0,14.0,3,hist_gradient_boosting,1,0.2837491285043922,0.6323221630840011,0
27,60.0,13.0,3,hist_gradient_boosting,1,0.6230371759175681,0.6323221630840011,0
27,61.0,12.0,3,hist_gradient_boosting,1,0.526200200059924,0.6323221630840011,0
27,62.0,11.0,3,hist_gradient_boosting,1,0.10084485905364142,0.6323221630840011,0
27,63.0,10.0,3,hist_gradient_boosting,1,0.3158165404430917,0.6323221630840011,0
27,64.0,9.0,3,hist_gradient_boosting,1,0.8309365899501836,0.6323221630840011,1
27,65.0,8.0,3,hist_gradient_boosting,1,0.9052229822238725,0.6323221630840011,1
27,66.0,7.0,3,hist_gradient_boosting,1,0.37376886388227654,0.6323221630840011,0
27,67.0,6.0,3,hist_gradient_boosting,1,0.7346372095561536,0.6323221630840011,1
27,68.0,5.0,3,hist_gradient_boosting,1,0.7068428792326277,0.6323221630840011,1
27,69.0,4.0,3,hist_gradient_boosting,1,0.36101303385815064,0.6323221630840011,0
27,70.0,3.0,3,hist_gradient_boosting,1,0.8957733924462165,0.6323221630840011,1
27,71.0,2.0,3,hist_gradient_boosting,1,0.824042272890575,0.6323221630840011,1
27,72.0,1.0,3,hist_gradient_boosting,1,0.8059140873440652,0.6323221630840011,1
27,73.0,0.0,3,hist_gradient_boosting,1,0.23666487132024666,0.6323221630840011,0
28,1.0,99.0,2,hist_gradient_boosting,0,9.394777186576863e-05,0.6510141822896698,0
28,2.0,98.0,2,hist_gradient_boosting,0,0.0004960864558452217,0.6510141822896698,0
28,3.0,97.0,2,hist_gradient_boosting,0,0.00013329714803251528,0.6510141822896698,0
28,4.0,96.0,2,hist_gradient_boosting,0,0.00015977256961026212,0.6510141822896698,0
28,5.0,95.0,2,hist_gradient_boosting,0,0.00013742915636075619,0.6510141822896698,0
28,6.0,94.0,2,hist_gradient_boosting,0,0.00020218824218001835,0.6510141822896698,0
28,7.0,93.0,2,hist_gradient_boosting,0,0.00013516566077062222,0.6510141822896698,0
28,8.0,92.0,2,hist_gradient_boosting,0,7.164973972288355e-05,0.6510141822896698,0
28,9.0,91.0,2,hist_gradient_boosting,0,0.00023361355577131872,0.6510141822896698,0
28,10.0,90.0,2,hist_gradient_boosting,0,0.0001386144110700612,0.6510141822896698,0
28,11.0,89.0,2,hist_gradient_boosting,0,0.0004914617753601005,0.6510141822896698,0
28,12.0,88.0,2,hist_gradient_boosting,0,0.00013159704909550425,0.6510141822896698,0
28,13.0,87.0,2,hist_gradient_boosting,0,7.45825923548761e-05,0.6510141822896698,0
28,14.0,86.0,2,hist_gradient_boosting,0,0.0001713570683045516,0.6510141822896698,0
28,15.0,85.0,2,hist_gradient_boosting,0,0.00016990089888111248,0.6510141822896698,0
28,16.0,84.0,2,hist_gradient_boosting,0,8.645277377504292e-05,0.6510141822896698,0
28,17.0,83.0,2,hist_gradient_boosting,0,0.0002200093984829731,0.6510141822896698,0
28,18.0,82.0,2,hist_gradient_boosting,0,0.0001365902108749353,0.6510141822896698,0
28,19.0,81.0,2,hist_gradient_boosting,0,0.00012276708080658557,0.6510141822896698,0
28,20.0,80.0,2,hist_gradient_boosting,0,8.983372462709667e-05,0.6510141822896698,0
28,21.0,79.0,2,hist_gradient_boosting,0,0.00018196408376714657,0.6510141822896698,0
28,22.0,78.0,2,hist_gradient_boosting,0,7.547029433298941e-05,0.6510141822896698,0
28,23.0,77.0,2,hist_gradient_boosting,0,0.00015755327989300312,0.6510141822896698,0
28,24.0,76.0,2,hist_gradient_boosting,0,0.00010826529716667414,0.6510141822896698,0
28,25.0,75.0,2,hist_gradient_boosting,0,6.355525362226914e-05,0.6510141822896698,0
28,26.0,74.0,2,hist_gradient_boosting,0,0.00011675183275270449,0.6510141822896698,0
28,27.0,73.0,2,hist_gradient_boosting,0,0.00018345758685984177,0.6510141822896698,0
28,28.0,72.0,2,hist_gradient_boosting,0,0.0007510296132264017,0.6510141822896698,0
28,29.0,71.0,2,hist_gradient_boosting,0,0.000738459977839564,0.6510141822896698,0
28,30.0,70.0,2,hist_gradient_boosting,0,0.0003413649851913906,0.6510141822896698,0
28,31.0,69.0,2,hist_gradient_boosting,0,0.001769448896424027,0.6510141822896698,0
28,32.0,68.0,2,hist_gradient_boosting,0,0.017763539060059248,0.6510141822896698,0
28,33.0,67.0,2,hist_gradient_boosting,0,0.0022500593332869193,0.6510141822896698,0
28,34.0,66.0,2,hist_gradient_boosting,0,0.002630431556954478,0.6510141822896698,0
28,35.0,65.0,2,hist_gradient_boosting,0,0.016848813177398263,0.6510141822896698,0
28,36.0,64.0,2,hist_gradient_boosting,0,0.0015948064900486007,0.6510141822896698,0
28,37.0,63.0,2,hist_gradient_boosting,0,0.014004861957675214,0.6510141822896698,0
28,38.0,62.0,2,hist_gradient_boosting,0,0.06642148304971371,0.6510141822896698,0
28,39.0,61.0,2,hist_gradient_boosting,0,0.047319561761714514,0.6510141822896698,0
28,40.0,60.0,2,hist_gradient_boosting,0,0.044334664143181324,0.6510141822896698,0
28,41.0,59.0,2,hist_gradient_boosting,0,0.012122737550254583,0.6510141822896698,0
28,42.0,58.0,2,hist_gradient_boosting,0,0.012961068923923753,0.6510141822896698,0
28,43.0,57.0,2,hist_gradient_boosting,0,0.024940950612995127,0.6510141822896698,0
28,44.0,56.0,2,hist_gradient_boosting,0,0.0028401748410367255,0.6510141822896698,0
28,45.0,55.0,2,hist_gradient_boosting,0,0.0250401973928376,0.6510141822896698,0
28,46.0,54.0,2,hist_gradient_boosting,0,0.08654332286856439,0.6510141822896698,0
28,47.0,53.0,2,hist_gradient_boosting,0,0.24626308906935968,0.6510141822896698,0
28,48.0,52.0,2,hist_gradient_boosting,0,0.02076457871263437,0.6510141822896698,0
28,49.0,51.0,2,hist_gradient_boosting,0,0.07318626532280716,0.6510141822896698,0
28,50.0,50.0,2,hist_gradient_boosting,0,0.011841713515131969,0.6510141822896698,0
28,51.0,49.0,2,hist_gradient_boosting,0,0.0540537509631875,0.6510141822896698,0
28,52.0,48.0,2,hist_gradient_boosting,0,0.01457618958622331,0.6510141822896698,0
28,53.0,47.0,2,hist_gradient_boosting,0,0.017986542371334586,0.6510141822896698,0
28,54.0,46.0,2,hist_gradient_boosting,0,0.017058494242514984,0.6510141822896698,0
28,55.0,45.0,2,hist_gradient_boosting,0,0.06791369897098963,0.6510141822896698,0
28,56.0,44.0,2,hist_gradient_boosting,0,0.063604165364401,0.6510141822896698,0
28,57.0,43.0,2,hist_gradient_boosting,0,0.0028805389668128136,0.6510141822896698,0
28,58.0,42.0,2,hist_gradient_boosting,0,0.005509455975143471,0.6510141822896698,0
28,59.0,41.0,2,hist_gradient_boosting,0,0.0795535983791038,0.6510141822896698,0
28,60.0,40.0,2,hist_gradient_boosting,0,0.12240064365303008,0.6510141822896698,0
28,61.0,39.0,2,hist_gradient_boosting,0,0.6345701148049888,0.6510141822896698,0
28,62.0,38.0,2,hist_gradient_boosting,0,0.0899297260832394,0.6510141822896698,0
28,63.0,37.0,2,hist_gradient_boosting,0,0.2726425915004394,0.6510141822896698,0
28,64.0,36.0,2,hist_gradient_boosting,0,0.0502857871922614,0.6510141822896698,0
28,65.0,35.0,2,hist_gradient_boosting,0,0.20855054886934912,0.6510141822896698,0
28,66.0,34.0,2,hist_gradient_boosting,0,0.3381335083517746,0.6510141822896698,0
28,67.0,33.0,2,hist_gradient_boosting,0,0.374082466972758,0.6510141822896698,0
28,68.0,32.0,2,hist_gradient_boosting,0,0.25566085505114927,0.6510141822896698,0
28,69.0,31.0,2,hist_gradient_boosting,0,0.27847761750478855,0.6510141822896698,0
28,70.0,30.0,2,hist_gradient_boosting,0,0.27342411327641913,0.6510141822896698,0
28,71.0,29.0,2,hist_gradient_boosting,0,0.6329880915762983,0.6510141822896698,0
28,72.0,28.0,2,hist_gradient_boosting,0,0.07783513340068501,0.6510141822896698,0
28,73.0,27.0,2,hist_gradient_boosting,0,0.2801652881483133,0.6510141822896698,0
28,74.0,26.0,2,hist_gradient_boosting,0,0.22246917378543682,0.6510141822896698,0
28,75.0,25.0,2,hist_gradient_boosting,0,0.8780762882318458,0.6510141822896698,1
28,76.0,24.0,2,hist_gradient_boosting,0,0.40461467610717367,0.6510141822896698,0
28,77.0,23.0,2,hist_gradient_boosting,0,0.44698234826056743,0.6510141822896698,0
28,78.0,22.0,2,hist_gradient_boosting,0,0.14222525021044274,0.6510141822896698,0
28,79.0,21.0,2,hist_gradient_boosting,0,0.532696918562683,0.6510141822896698,0
28,80.0,20.0,2,hist_gradient_boosting,1,0.994732805530923,0.6510141822896698,1
28,81.0,19.0,2,hist_gradient_boosting,1,0.9972093616883961,0.6510141822896698,1
28,82.0,18.0,2,hist_gradient_boosting,1,0.9886286009334219,0.6510141822896698,1
28,83.0,17.0,2,hist_gradient_boosting,1,0.9930835839784317,0.6510141822896698,1
28,84.0,16.0,2,hist_gradient_boosting,1,0.9984924516698941,0.6510141822896698,1
28,85.0,15.0,2,hist_gradient_boosting,1,0.9982461161623526,0.6510141822896698,1
28,86.0,14.0,2,hist_gradient_boosting,1,0.994697848785475,0.6510141822896698,1
28,87.0,13.0,2,hist_gradient_boosting,1,0.9987399434665002,0.6510141822896698,1
28,88.0,12.0,2,hist_gradient_boosting,1,0.9976566649103529,0.6510141822896698,1
28,89.0,11.0,2,hist_gradient_boosting,1,0.9956879754690037,0.6510141822896698,1
28,90.0,10.0,2,hist_gradient_boosting,1,0.998787117849219,0.6510141822896698,1
28,91.0,9.0,2,hist_gradient_boosting,1,0.997738193157564,0.6510141822896698,1
28,92.0,8.0,2,hist_gradient_boosting,1,0.9986933047614458,0.6510141822896698,1
28,93.0,7.0,2,hist_gradient_boosting,1,0.9976374641102743,0.6510141822896698,1
28,94.0,6.0,2,hist_gradient_boosting,1,0.9958672457970887,0.6510141822896698,1
28,95.0,5.0,2,hist_gradient_boosting,1,0.9928698678057035,0.6510141822896698,1
28,96.0,4.0,2,hist_gradient_boosting,1,0.9973649609574284,0.6510141822896698,1
28,97.0,3.0,2,hist_gradient_boosting,1,0.9971536916985574,0.6510141822896698,1
28,98.0,2.0,2,hist_gradient_boosting,1,0.9964891509606538,0.6510141822896698,1
28,99.0,1.0,2,hist_gradient_boosting,1,0.996161105620979,0.6510141822896698,1
28,100.0,0.0,2,hist_gradient_boosting,1,0.9980327979758303,0.6510141822896698,1
29,1.0,68.0,1,rbf_svc,0,0.0008952642916835405,0.5280302851876438,0
29,2.0,67.0,1,rbf_svc,0,0.0013476708622109864,0.5280302851876438,0
29,3.0,66.0,1,rbf_svc,0,0.0007587846296450922,0.5280302851876438,0
29,4.0,65.0,1,rbf_svc,0,9.433894756065584e-05,0.5280302851876438,0
29,5.0,64.0,1,rbf_svc,0,0.0022055458487422242,0.5280302851876438,0
29,6.0,63.0,1,rbf_svc,0,0.0006784945194065907,0.5280302851876438,0
29,7.0,62.0,1,rbf_svc,0,0.0009865826646535626,0.5280302851876438,0
29,8.0,61.0,1,rbf_svc,0,0.004618912502680007,0.5280302851876438,0
29,9.0,60.0,1,rbf_svc,0,0.0006108414219916743,0.5280302851876438,0
29,10.0,59.0,1,rbf_svc,0,0.001135384891432256,0.5280302851876438,0
29,11.0,58.0,1,rbf_svc,0,0.001803535075049548,0.5280302851876438,0
29,12.0,57.0,1,rbf_svc,0,0.004146809964588063,0.5280302851876438,0
29,13.0,56.0,1,rbf_svc,0,0.0008562698507575267,0.5280302851876438,0
29,14.0,55.0,1,rbf_svc,0,0.013930561095259763,0.5280302851876438,0
29,15.0,54.0,1,rbf_svc,0,0.007452760188994298,0.5280302851876438,0
29,16.0,53.0,1,rbf_svc,0,0.0026867245945544228,0.5280302851876438,0
29,17.0,52.0,1,rbf_svc,0,0.0002550214823529764,0.5280302851876438,0
29,18.0,51.0,1,rbf_svc,0,0.0039972934018363965,0.5280302851876438,0
29,19.0,50.0,1,rbf_svc,0,0.004375574870783308,0.5280302851876438,0
29,20.0,49.0,1,rbf_svc,0,0.009953721353908351,0.5280302851876438,0
29,21.0,48.0,1,rbf_svc,0,0.0023579406999420147,0.5280302851876438,0
29,22.0,47.0,1,rbf_svc,0,0.008332022409375126,0.5280302851876438,0
29,23.0,46.0,1,rbf_svc,0,0.01390732808103459,0.5280302851876438,0
29,24.0,45.0,1,rbf_svc,0,0.0031980290918944606,0.5280302851876438,0
29,25.0,44.0,1,rbf_svc,0,0.009615972712869536,0.5280302851876438,0
29,26.0,43.0,1,rbf_svc,0,0.020635302795464362,0.5280302851876438,0
29,27.0,42.0,1,rbf_svc,0,0.003991575955260165,0.5280302851876438,0
29,28.0,41.0,1,rbf_svc,0,0.013731597707210785,0.5280302851876438,0
29,29.0,40.0,1,rbf_svc,0,0.0004916984743321779,0.5280302851876438,0
29,30.0,39.0,1,rbf_svc,0,0.008041864017717434,0.5280302851876438,0
29,31.0,38.0,1,rbf_svc,0,0.004176250535495085,0.5280302851876438,0
29,32.0,37.0,1,rbf_svc,0,0.03602441458153949,0.5280302851876438,0
29,33.0,36.0,1,rbf_svc,0,0.011078678584879086,0.5280302851876438,0
29,34.0,35.0,1,rbf_svc,0,0.002226425184639584,0.5280302851876438,0
29,35.0,34.0,1,rbf_svc,0,0.012592158988083343,0.5280302851876438,0
29,36.0,33.0,1,rbf_svc,0,0.09188570510302686,0.5280302851876438,0
29,37.0,32.0,1,rbf_svc,0,0.005942824638206655,0.5280302851876438,0
29,38.0,31.0,1,rbf_svc,0,0.014064300062739933,0.5280302851876438,0
29,39.0,30.0,1,rbf_svc,0,0.038648273926281076,0.5280302851876438,0
29,40.0,29.0,1,rbf_svc,0,0.022492192267009905,0.5280302851876438,0
29,41.0,28.0,1,rbf_svc,0,0.030671811529662207,0.5280302851876438,0
29,42.0,27.0,1,rbf_svc,0,0.04647272347602046,0.5280302851876438,0
29,43.0,26.0,1,rbf_svc,0,0.04922209733287359,0.5280302851876438,0
29,44.0,25.0,1,rbf_svc,0,0.0953258313959777,0.5280302851876438,0
29,45.0,24.0,1,rbf_svc,0,0.040961185759345604,0.5280302851876438,0
29,46.0,23.0,1,rbf_svc,0,0.041866201112677866,0.5280302851876438,0
29,47.0,22.0,1,rbf_svc,0,0.09355604935142624,0.5280302851876438,0
29,48.0,21.0,1,rbf_svc,0,0.06553608453528663,0.5280302851876438,0
29,49.0,20.0,1,rbf_svc,1,0.03432037487581718,0.5280302851876438,0
29,50.0,19.0,1,rbf_svc,1,0.0479906897930728,0.5280302851876438,0
29,51.0,18.0,1,rbf_svc,1,0.057601920048176665,0.5280302851876438,0
29,52.0,17.0,1,rbf_svc,1,0.09332798844854626,0.5280302851876438,0
29,53.0,16.0,1,rbf_svc,1,0.0691177502444136,0.5280302851876438,0
29,54.0,15.0,1,rbf_svc,1,0.20402658753690814,0.5280302851876438,0
29,55.0,14.0,1,rbf_svc,1,0.24544288859119012,0.5280302851876438,0
29,56.0,13.0,1,rbf_svc,1,0.020179829907354344,0.5280302851876438,0
29,57.0,12.0,1,rbf_svc,1,0.10020667038504022,0.5280302851876438,0
29,58.0,11.0,1,rbf_svc,1,0.10266817209605057,0.5280302851876438,0
29,59.0,10.0,1,rbf_svc,1,0.2044061758704159,0.5280302851876438,0
29,60.0,9.0,1,rbf_svc,1,0.048691513534384306,0.5280302851876438,0
29,61.0,8.0,1,rbf_svc,1,0.1136293650878613,0.5280302851876438,0
29,62.0,7.0,1,rbf_svc,1,0.10803051314114533,0.5280302851876438,0
29,63.0,6.0,1,rbf_svc,1,0.42251438526488816,0.5280302851876438,0
29,64.0,5.0,1,rbf_svc,1,0.3653972334024765,0.5280302851876438,0
29,65.0,4.0,1,rbf_svc,1,0.19421237601834757,0.5280302851876438,0
29,66.0,3.0,1,rbf_svc,1,0.04503245010312385,0.5280302851876438,0
29,67.0,2.0,1,rbf_svc,1,0.076693972565089,0.5280302851876438,0
29,68.0,1.0,1,rbf_svc,1,0.3792744900546627,0.5280302851876438,0
29,69.0,0.0,1,rbf_svc,1,0.4637465767028586,0.5280302851876438,0
30,1.0,99.0,5,rbf_svc,0,0.00017898528073528465,0.48778595770042416,0
30,2.0,98.0,5,rbf_svc,0,0.0014510124643310348,0.48778595770042416,0
30,3.0,97.0,5,rbf_svc,0,0.033028751607900614,0.48778595770042416,0
30,4.0,96.0,5,rbf_svc,0,0.00030548080609910886,0.48778595770042416,0
30,5.0,95.0,5,rbf_svc,0,0.0027062474083154654,0.48778595770042416,0
30,6.0,94.0,5,rbf_svc,0,0.00021996673694027542,0.48778595770042416,0
30,7.0,93.0,5,rbf_svc,0,0.0009850578410384072,0.48778595770042416,0
30,8.0,92.0,5,rbf_svc,0,0.004117089651822162,0.48778595770042416,0
30,9.0,91.0,5,rbf_svc,0,0.0036429704197645466,0.48778595770042416,0
30,10.0,90.0,5,rbf_svc,0,0.0002862592801340186,0.48778595770042416,0
30,11.0,89.0,5,rbf_svc,0,0.0003157118872629054,0.48778595770042416,0
30,12.0,88.0,5,rbf_svc,0,0.0005627122569717445,0.48778595770042416,0
30,13.0,87.0,5,rbf_svc,0,0.0012606996657734198,0.48778595770042416,0
30,14.0,86.0,5,rbf_svc,0,0.000499920842901549,0.48778595770042416,0
30,15.0,85.0,5,rbf_svc,0,0.022478845235912547,0.48778595770042416,0
30,16.0,84.0,5,rbf_svc,0,0.0074163080405216415,0.48778595770042416,0
30,17.0,83.0,5,rbf_svc,0,0.02699124496084431,0.48778595770042416,0
30,18.0,82.0,5,rbf_svc,0,0.0004128501284832797,0.48778595770042416,0
30,19.0,81.0,5,rbf_svc,0,0.0013815942205899377,0.48778595770042416,0
30,20.0,80.0,5,rbf_svc,0,0.004158212662283965,0.48778595770042416,0
30,21.0,79.0,5,rbf_svc,0,0.01184099809047102,0.48778595770042416,0
30,22.0,78.0,5,rbf_svc,0,0.007669567100051514,0.48778595770042416,0
30,23.0,77.0,5,rbf_svc,0,0.012490764685682604,0.48778595770042416,0
30,24.0,76.0,5,rbf_svc,0,0.015295137690380302,0.48778595770042416,0
30,25.0,75.0,5,rbf_svc,0,0.0036933001223480254,0.48778595770042416,0
30,26.0,74.0,5,rbf_svc,0,0.006069968797626248,0.48778595770042416,0
30,27.0,73.0,5,rbf_svc,0,0.01248546916652848,0.48778595770042416,0
30,28.0,72.0,5,rbf_svc,0,0.010990405446166467,0.48778595770042416,0
30,29.0,71.0,5,rbf_svc,0,0.028114086080783224,0.48778595770042416,0
30,30.0,70.0,5,rbf_svc,0,0.004511095108913722,0.48778595770042416,0
30,31.0,69.0,5,rbf_svc,0,0.0029202753233591194,0.48778595770042416,0
30,32.0,68.0,5,rbf_svc,0,0.018580925987203855,0.48778595770042416,0
30,33.0,67.0,5,rbf_svc,0,0.05328476176678275,0.48778595770042416,0
30,34.0,66.0,5,rbf_svc,0,0.01492126087890728,0.48778595770042416,0
30,35.0,65.0,5,rbf_svc,0,0.012126788541219685,0.48778595770042416,0
30,36.0,64.0,5,rbf_svc,0,0.03026674797889366,0.48778595770042416,0
30,37.0,63.0,5,rbf_svc,0,0.016976061421700418,0.48778595770042416,0
30,38.0,62.0,5,rbf_svc,0,0.052390766464875664,0.48778595770042416,0
30,39.0,61.0,5,rbf_svc,0,0.061167246446426266,0.48778595770042416,0
30,40.0,60.0,5,rbf_svc,0,0.024541574237877808,0.48778595770042416,0
30,41.0,59.0,5,rbf_svc,0,0.023589765194317377,0.48778595770042416,0
30,42.0,58.0,5,rbf_svc,0,0.00444663373391395,0.48778595770042416,0
30,43.0,57.0,5,rbf_svc,0,0.007411894096104429,0.48778595770042416,0
30,44.0,56.0,5,rbf_svc,0,0.004022050318325882,0.48778595770042416,0
30,45.0,55.0,5,rbf_svc,0,0.08453191464254593,0.48778595770042416,0
30,46.0,54.0,5,rbf_svc,0,0.1397873261289366,0.48778595770042416,0
30,47.0,53.0,5,rbf_svc,0,0.04548203747551183,0.48778595770042416,0
30,48.0,52.0,5,rbf_svc,0,0.04768267275055438,0.48778595770042416,0
30,49.0,51.0,5,rbf_svc,0,0.1582115505435173,0.48778595770042416,0
30,50.0,50.0,5,rbf_svc,0,0.2301270781139473,0.48778595770042416,0
30,51.0,49.0,5,rbf_svc,0,0.05632514909249329,0.48778595770042416,0
30,52.0,48.0,5,rbf_svc,0,0.08800659109113627,0.48778595770042416,0
30,53.0,47.0,5,rbf_svc,0,0.04474048364451353,0.48778595770042416,0
30,54.0,46.0,5,rbf_svc,0,0.19622410943175425,0.48778595770042416,0
30,55.0,45.0,5,rbf_svc,0,0.2220301321768159,0.48778595770042416,0
30,56.0,44.0,5,rbf_svc,0,0.08465461815475285,0.48778595770042416,0
30,57.0,43.0,5,rbf_svc,0,0.12785108752213042,0.48778595770042416,0
30,58.0,42.0,5,rbf_svc,0,0.4424717675172749,0.48778595770042416,0
30,59.0,41.0,5,rbf_svc,0,0.35310398431497336,0.48778595770042416,0
30,60.0,40.0,5,rbf_svc,0,0.47008739264429605,0.48778595770042416,0
30,61.0,39.0,5,rbf_svc,0,0.4523005372419152,0.48778595770042416,0
30,62.0,38.0,5,rbf_svc,0,0.5128430413873252,0.48778595770042416,1
30,63.0,37.0,5,rbf_svc,0,0.5,0.48778595770042416,1
30,64.0,36.0,5,rbf_svc,0,0.6559047354237736,0.48778595770042416,1
30,65.0,35.0,5,rbf_svc,0,0.2013406487419815,0.48778595770042416,0
30,66.0,34.0,5,rbf_svc,0,0.6557157093451392,0.48778595770042416,1
30,67.0,33.0,5,rbf_svc,0,0.2076618643850209,0.48778595770042416,0
30,68.0,32.0,5,rbf_svc,0,0.6116613586468078,0.48778595770042416,1
30,69.0,31.0,5,rbf_svc,0,0.6161550260728395,0.48778595770042416,1
30,70.0,30.0,5,rbf_svc,0,0.5138376888692413,0.48778595770042416,1
30,71.0,29.0,5,rbf_svc,0,0.6766290407296764,0.48778595770042416,1
30,72.0,28.0,5,rbf_svc,0,0.7305209883297323,0.48778595770042416,1
30,73.0,27.0,5,rbf_svc,0,0.7259535054987536,0.48778595770042416,1
30,74.0,26.0,5,rbf_svc,0,0.8137083788662017,0.48778595770042416,1
30,75.0,25.0,5,rbf_svc,0,0.9373509915096652,0.48778595770042416,1
30,76.0,24.0,5,rbf_svc,0,0.7693113875862051,0.48778595770042416,1
30,77.0,23.0,5,rbf_svc,0,0.8144781158788437,0.48778595770042416,1
30,78.0,22.0,5,rbf_svc,0,0.6881217851547681,0.48778595770042416,1
30,79.0,21.0,5,rbf_svc,0,0.6036975210938145,0.48778595770042416,1
30,80.0,20.0,5,rbf_svc,1,0.9416787580024928,0.48778595770042416,1
30,81.0,19.0,5,rbf_svc,1,0.5869171273968993,0.48778595770042416,1
30,82.0,18.0,5,rbf_svc,1,0.9704849312569569,0.48778595770042416,1
30,83.0,17.0,5,rbf_svc,1,0.94647720255878,0.48778595770042416,1
30,84.0,16.0,5,rbf_svc,1,0.926870872435055,0.48778595770042416,1
30,85.0,15.0,5,rbf_svc,1,0.9314962996969087,0.48778595770042416,1
30,86.0,14.0,5,rbf_svc,1,0.7701076305017707,0.48778595770042416,1
30,87.0,13.0,5,rbf_svc,1,0.9783025465750379,0.48778595770042416,1
30,88.0,12.0,5,rbf_svc,1,0.8683778527602892,0.48778595770042416,1
30,89.0,11.0,5,rbf_svc,1,0.9761879304270014,0.48778595770042416,1
30,90.0,10.0,5,rbf_svc,1,0.8597260648474737,0.48778595770042416,1
30,91.0,9.0,5,rbf_svc,1,0.9893603107884771,0.48778595770042416,1
30,92.0,8.0,5,rbf_svc,1,0.35719895076361224,0.48778595770042416,0
30,93.0,7.0,5,rbf_svc,1,0.9890262420105326,0.48778595770042416,1
30,94.0,6.0,5,rbf_svc,1,0.9871768580054666,0.48778595770042416,1
30,95.0,5.0,5,rbf_svc,1,0.9639247155954175,0.48778595770042416,1
30,96.0,4.0,5,rbf_svc,1,0.9311764671207644,0.48778595770042416,1
30,97.0,3.0,5,rbf_svc,1,0.8228232129296408,0.48778595770042416,1
30,98.0,2.0,5,rbf_svc,1,0.9932871154424575,0.48778595770042416,1
30,99.0,1.0,5,rbf_svc,1,0.9168724246928196,0.48778595770042416,1
30,100.0,0.0,5,rbf_svc,1,0.993363436723997,0.48778595770042416,1
31,1.0,82.0,4,hist_gradient_boosting,0,0.00011693912943460469,0.6936009670541174,0
31,2.0,81.0,4,hist_gradient_boosting,0,0.00020318478437882206,0.6936009670541174,0
31,3.0,80.0,4,hist_gradient_boosting,0,0.00010251476093178732,0.6936009670541174,0
31,4.0,79.0,4,hist_gradient_boosting,0,9.184284336310996e-05,0.6936009670541174,0
31,5.0,78.0,4,hist_gradient_boosting,0,0.00011727564951302802,0.6936009670541174,0
31,6.0,77.0,4,hist_gradient_boosting,0,8.931990361382575e-05,0.6936009670541174,0
31,7.0,76.0,4,hist_gradient_boosting,0,9.395039629350765e-05,0.6936009670541174,0
31,8.0,75.0,4,hist_gradient_boosting,0,0.00018261451078240424,0.6936009670541174,0
31,9.0,74.0,4,hist_gradient_boosting,0,0.0001763024808607208,0.6936009670541174,0
31,10.0,73.0,4,hist_gradient_boosting,0,0.0009237780005942411,0.6936009670541174,0
31,11.0,72.0,4,hist_gradient_boosting,0,0.00027236532077740903,0.6936009670541174,0
31,12.0,71.0,4,hist_gradient_boosting,0,0.00021652240518605436,0.6936009670541174,0
31,13.0,70.0,4,hist_gradient_boosting,0,7.497190218992259e-05,0.6936009670541174,0
31,14.0,69.0,4,hist_gradient_boosting,0,0.00022067870876656828,0.6936009670541174,0
31,15.0,68.0,4,hist_gradient_boosting,0,0.00039805827105012024,0.6936009670541174,0
31,16.0,67.0,4,hist_gradient_boosting,0,0.0007315576642200742,0.6936009670541174,0
31,17.0,66.0,4,hist_gradient_boosting,0,0.00019464544647674524,0.6936009670541174,0
31,18.0,65.0,4,hist_gradient_boosting,0,7.957439907932183e-05,0.6936009670541174,0
31,19.0,64.0,4,hist_gradient_boosting,0,0.00019028727303940012,0.6936009670541174,0
31,20.0,63.0,4,hist_gradient_boosting,0,0.0002812496839011958,0.6936009670541174,0
31,21.0,62.0,4,hist_gradient_boosting,0,0.0001369106364394723,0.6936009670541174,0
31,22.0,61.0,4,hist_gradient_boosting,0,0.00049080307266203,0.6936009670541174,0
31,23.0,60.0,4,hist_gradient_boosting,0,0.0008336822221602006,0.6936009670541174,0
31,24.0,59.0,4,hist_gradient_boosting,0,0.00024852065214145234,0.6936009670541174,0
31,25.0,58.0,4,hist_gradient_boosting,0,0.00023377175347577523,0.6936009670541174,0
31,26.0,57.0,4,hist_gradient_boosting,0,0.00020482553607201933,0.6936009670541174,0
31,27.0,56.0,4,hist_gradient_boosting,0,0.00017668032092080474,0.6936009670541174,0
31,28.0,55.0,4,hist_gradient_boosting,0,0.0006386146444383534,0.6936009670541174,0
31,29.0,54.0,4,hist_gradient_boosting,0,0.00010735813854256441,0.6936009670541174,0
31,30.0,53.0,4,hist_gradient_boosting,0,0.0005353519781000388,0.6936009670541174,0
31,31.0,52.0,4,hist_gradient_boosting,0,0.00620366575233919,0.6936009670541174,0
31,32.0,51.0,4,hist_gradient_boosting,0,0.008132214836687487,0.6936009670541174,0
31,33.0,50.0,4,hist_gradient_boosting,0,0.003946450425719466,0.6936009670541174,0
31,34.0,49.0,4,hist_gradient_boosting,0,0.04464464976922955,0.6936009670541174,0
31,35.0,48.0,4,hist_gradient_boosting,0,0.037010363386458724,0.6936009670541174,0
31,36.0,47.0,4,hist_gradient_boosting,0,0.03149023516739941,0.6936009670541174,0
31,37.0,46.0,4,hist_gradient_boosting,0,0.024220075045868265,0.6936009670541174,0
31,38.0,45.0,4,hist_gradient_boosting,0,0.0051950694029561555,0.6936009670541174,0
31,39.0,44.0,4,hist_gradient_boosting,0,0.03702583265573541,0.6936009670541174,0
31,40.0,43.0,4,hist_gradient_boosting,0,0.014930225130338537,0.6936009670541174,0
31,41.0,42.0,4,hist_gradient_boosting,0,0.00992905678017514,0.6936009670541174,0
31,42.0,41.0,4,hist_gradient_boosting,0,0.12039390420003554,0.6936009670541174,0
31,43.0,40.0,4,hist_gradient_boosting,0,0.00505521768766914,0.6936009670541174,0
31,44.0,39.0,4,hist_gradient_boosting,0,0.01350188000564971,0.6936009670541174,0
31,45.0,38.0,4,hist_gradient_boosting,0,0.01101699296495622,0.6936009670541174,0
31,46.0,37.0,4,hist_gradient_boosting,0,0.011510639270220856,0.6936009670541174,0
31,47.0,36.0,4,hist_gradient_boosting,0,0.7357313256940325,0.6936009670541174,1
31,48.0,35.0,4,hist_gradient_boosting,0,0.03030006960937543,0.6936009670541174,0
31,49.0,34.0,4,hist_gradient_boosting,0,0.045149812067219464,0.6936009670541174,0
31,50.0,33.0,4,hist_gradient_boosting,0,0.051762218954000336,0.6936009670541174,0
31,51.0,32.0,4,hist_gradient_boosting,0,0.3243856773903696,0.6936009670541174,0
31,52.0,31.0,4,hist_gradient_boosting,0,0.023510304523833403,0.6936009670541174,0
31,53.0,30.0,4,hist_gradient_boosting,0,0.06884558628920984,0.6936009670541174,0
31,54.0,29.0,4,hist_gradient_boosting,0,0.4007447633406974,0.6936009670541174,0
31,55.0,28.0,4,hist_gradient_boosting,0,0.35165579375424316,0.6936009670541174,0
31,56.0,27.0,4,hist_gradient_boosting,0,0.06308904850039097,0.6936009670541174,0
31,57.0,26.0,4,hist_gradient_boosting,0,0.08180241996226105,0.6936009670541174,0
31,58.0,25.0,4,hist_gradient_boosting,0,0.06492379521429079,0.6936009670541174,0
31,59.0,24.0,4,hist_gradient_boosting,0,0.2821249081918101,0.6936009670541174,0
31,60.0,23.0,4,hist_gradient_boosting,0,0.8297316865277181,0.6936009670541174,1
31,61.0,22.0,4,hist_gradient_boosting,0,0.5289209147066815,0.6936009670541174,0
31,62.0,21.0,4,hist_gradient_boosting,0,0.9540454717266215,0.6936009670541174,1
31,63.0,20.0,4,hist_gradient_boosting,1,0.6285894481770458,0.6936009670541174,0
31,64.0,19.0,4,hist_gradient_boosting,1,0.5610905220481792,0.6936009670541174,0
31,65.0,18.0,4,hist_gradient_boosting,1,0.5939901203300239,0.6936009670541174,0
31,66.0,17.0,4,hist_gradient_boosting,1,0.2886207543895248,0.6936009670541174,0
31,67.0,16.0,4,hist_gradient_boosting,1,0.08186028719784823,0.6936009670541174,0
31,68.0,15.0,4,hist_gradient_boosting,1,0.7626286652277967,0.6936009670541174,1
31,69.0,14.0,4,hist_gradient_boosting,1,0.9093727110094559,0.6936009670541174,1
31,70.0,13.0,4,hist_gradient_boosting,1,0.3469871058551302,0.6936009670541174,0
31,71.0,12.0,4,hist_gradient_boosting,1,0.6504947029086777,0.6936009670541174,0
31,72.0,11.0,4,hist_gradient_boosting,1,0.746092597146172,0.6936009670541174,1
31,73.0,10.0,4,hist_gradient_boosting,1,0.8829533888902492,0.6936009670541174,1
31,74.0,9.0,4,hist_gradient_boosting,1,0.9385467392828046,0.6936009670541174,1
31,75.0,8.0,4,hist_gradient_boosting,1,0.9276623011710785,0.6936009670541174,1
31,76.0,7.0,4,hist_gradient_boosting,1,0.9917561079253159,0.6936009670541174,1
31,77.0,6.0,4,hist_gradient_boosting,1,0.9584065159626352,0.6936009670541174,1
31,78.0,5.0,4,hist_gradient_boosting,1,0.9922199755701447,0.6936009670541174,1
31,79.0,4.0,4,hist_gradient_boosting,1,0.993715408891073,0.6936009670541174,1
31,80.0,3.0,4,hist_gradient_boosting,1,0.999939173596789,0.6936009670541174,1
31,81.0,2.0,4,hist_gradient_boosting,1,0.9998495533318402,0.6936009670541174,1
31,82.0,1.0,4,hist_gradient_boosting,1,0.9998944507646018,0.6936009670541174,1
31,83.0,0.0,4,hist_gradient_boosting,1,0.9998904787061197,0.6936009670541174,1
32,1.0,86.0,2,hist_gradient_boosting,0,0.00013586432111995002,0.6510141822896698,0
32,2.0,85.0,2,hist_gradient_boosting,0,8.443519499031094e-05,0.6510141822896698,0
32,3.0,84.0,2,hist_gradient_boosting,0,0.0001359850687017712,0.6510141822896698,0
32,4.0,83.0,2,hist_gradient_boosting,0,0.00010828580648326092,0.6510141822896698,0
32,5.0,82.0,2,hist_gradient_boosting,0,9.675690388455045e-05,0.6510141822896698,0
32,6.0,81.0,2,hist_gradient_boosting,0,0.00017691037918546055,0.6510141822896698,0
32,7.0,80.0,2,hist_gradient_boosting,0,0.0002285214626238117,0.6510141822896698,0
32,8.0,79.0,2,hist_gradient_boosting,0,6.930132517302397e-05,0.6510141822896698,0
32,9.0,78.0,2,hist_gradient_boosting,0,0.0001468927334880374,0.6510141822896698,0
32,10.0,77.0,2,hist_gradient_boosting,0,0.00012335609764228993,0.6510141822896698,0
32,11.0,76.0,2,hist_gradient_boosting,0,0.00011504130923419932,0.6510141822896698,0
32,12.0,75.0,2,hist_gradient_boosting,0,0.00014265031409215764,0.6510141822896698,0
32,13.0,74.0,2,hist_gradient_boosting,0,0.00026285776058069236,0.6510141822896698,0
32,14.0,73.0,2,hist_gradient_boosting,0,0.00011924928934081235,0.6510141822896698,0
32,15.0,72.0,2,hist_gradient_boosting,0,0.00017198318913361622,0.6510141822896698,0
32,16.0,71.0,2,hist_gradient_boosting,0,0.00015727400771222477,0.6510141822896698,0
32,17.0,70.0,2,hist_gradient_boosting,0,0.00019389322104665737,0.6510141822896698,0
32,18.0,69.0,2,hist_gradient_boosting,0,0.0004385923751035829,0.6510141822896698,0
32,19.0,68.0,2,hist_gradient_boosting,0,0.0006560173015429214,0.6510141822896698,0
32,20.0,67.0,2,hist_gradient_boosting,0,0.00032643719897824865,0.6510141822896698,0
32,21.0,66.0,2,hist_gradient_boosting,0,5.595988028637323e-05,0.6510141822896698,0
32,22.0,65.0,2,hist_gradient_boosting,0,0.0003624218425442563,0.6510141822896698,0
32,23.0,64.0,2,hist_gradient_boosting,0,0.0001032047150494799,0.6510141822896698,0
32,24.0,63.0,2,hist_gradient_boosting,0,0.00014891085143779414,0.6510141822896698,0
32,25.0,62.0,2,hist_gradient_boosting,0,0.0003432807601437054,0.6510141822896698,0
32,26.0,61.0,2,hist_gradient_boosting,0,0.00016201582540112204,0.6510141822896698,0
32,27.0,60.0,2,hist_gradient_boosting,0,0.00039361876634833184,0.6510141822896698,0
32,28.0,59.0,2,hist_gradient_boosting,0,0.0014175424396235736,0.6510141822896698,0
32,29.0,58.0,2,hist_gradient_boosting,0,0.0007077311046524722,0.6510141822896698,0
32,30.0,57.0,2,hist_gradient_boosting,0,0.0011379902078402697,0.6510141822896698,0
32,31.0,56.0,2,hist_gradient_boosting,0,0.002580746702846511,0.6510141822896698,0
32,32.0,55.0,2,hist_gradient_boosting,0,0.017944623848256458,0.6510141822896698,0
32,33.0,54.0,2,hist_gradient_boosting,0,0.0497500619603683,0.6510141822896698,0
32,34.0,53.0,2,hist_gradient_boosting,0,0.0037283627468633045,0.6510141822896698,0
32,35.0,52.0,2,hist_gradient_boosting,0,0.013810971655922813,0.6510141822896698,0
32,36.0,51.0,2,hist_gradient_boosting,0,0.012130642411745206,0.6510141822896698,0
32,37.0,50.0,2,hist_gradient_boosting,0,0.018308940844908916,0.6510141822896698,0
32,38.0,49.0,2,hist_gradient_boosting,0,0.03242152086919563,0.6510141822896698,0
32,39.0,48.0,2,hist_gradient_boosting,0,0.06252831724124432,0.6510141822896698,0
32,40.0,47.0,2,hist_gradient_boosting,0,0.18820721958733863,0.6510141822896698,0
32,41.0,46.0,2,hist_gradient_boosting,0,0.012347234591822624,0.6510141822896698,0
32,42.0,45.0,2,hist_gradient_boosting,0,0.03219544167041506,0.6510141822896698,0
32,43.0,44.0,2,hist_gradient_boosting,0,0.18247717538567657,0.6510141822896698,0
32,44.0,43.0,2,hist_gradient_boosting,0,0.05172174164838564,0.6510141822896698,0
32,45.0,42.0,2,hist_gradient_boosting,0,0.010878577545806692,0.6510141822896698,0
32,46.0,41.0,2,hist_gradient_boosting,0,0.03931500081148887,0.6510141822896698,0
32,47.0,40.0,2,hist_gradient_boosting,0,0.05324587711438054,0.6510141822896698,0
32,48.0,39.0,2,hist_gradient_boosting,0,0.18124289077400943,0.6510141822896698,0
32,49.0,38.0,2,hist_gradient_boosting,0,0.00374012046106053,0.6510141822896698,0
32,50.0,37.0,2,hist_gradient_boosting,0,0.04031132813487403,0.6510141822896698,0
32,51.0,36.0,2,hist_gradient_boosting,0,0.727987890241298,0.6510141822896698,1
32,52.0,35.0,2,hist_gradient_boosting,0,0.05580311250589143,0.6510141822896698,0
32,53.0,34.0,2,hist_gradient_boosting,0,0.053272380261129494,0.6510141822896698,0
32,54.0,33.0,2,hist_gradient_boosting,0,0.01566770576630016,0.6510141822896698,0
32,55.0,32.0,2,hist_gradient_boosting,0,0.09038166157728034,0.6510141822896698,0
32,56.0,31.0,2,hist_gradient_boosting,0,0.015579324612654571,0.6510141822896698,0
32,57.0,30.0,2,hist_gradient_boosting,0,0.0523365025948595,0.6510141822896698,0
32,58.0,29.0,2,hist_gradient_boosting,0,0.02907455379228206,0.6510141822896698,0
32,59.0,28.0,2,hist_gradient_boosting,0,0.005613045175552857,0.6510141822896698,0
32,60.0,27.0,2,hist_gradient_boosting,0,0.29389431882179023,0.6510141822896698,0
32,61.0,26.0,2,hist_gradient_boosting,0,0.05739569647745157,0.6510141822896698,0
32,62.0,25.0,2,hist_gradient_boosting,0,0.31863819905594987,0.6510141822896698,0
32,63.0,24.0,2,hist_gradient_boosting,0,0.12308869824245672,0.6510141822896698,0
32,64.0,23.0,2,hist_gradient_boosting,0,0.19677922360842257,0.6510141822896698,0
32,65.0,22.0,2,hist_gradient_boosting,0,0.04808145646105539,0.6510141822896698,0
32,66.0,21.0,2,hist_gradient_boosting,0,0.0403039094785159,0.6510141822896698,0
32,67.0,20.0,2,hist_gradient_boosting,1,0.22342375621559923,0.6510141822896698,0
32,68.0,19.0,2,hist_gradient_boosting,1,0.6515123189281503,0.6510141822896698,1
32,69.0,18.0,2,hist_gradient_boosting,1,0.8584529802351726,0.6510141822896698,1
32,70.0,17.0,2,hist_gradient_boosting,1,0.8138847255146472,0.6510141822896698,1
32,71.0,16.0,2,hist_gradient_boosting,1,0.2748533911819004,0.6510141822896698,0
32,72.0,15.0,2,hist_gradient_boosting,1,0.1427351233261279,0.6510141822896698,0
32,73.0,14.0,2,hist_gradient_boosting,1,0.25013735910649393,0.6510141822896698,0
32,74.0,13.0,2,hist_gradient_boosting,1,0.8289730720794389,0.6510141822896698,1
32,75.0,12.0,2,hist_gradient_boosting,1,0.7846371844212724,0.6510141822896698,1
32,76.0,11.0,2,hist_gradient_boosting,1,0.3477962087972967,0.6510141822896698,0
32,77.0,10.0,2,hist_gradient_boosting,1,0.6326681151130976,0.6510141822896698,0
32,78.0,9.0,2,hist_gradient_boosting,1,0.601425396826792,0.6510141822896698,0
32,79.0,8.0,2,hist_gradient_boosting,1,0.6613801512503907,0.6510141822896698,1
32,80.0,7.0,2,hist_gradient_boosting,1,0.9959567240559031,0.6510141822896698,1
32,81.0,6.0,2,hist_gradient_boosting,1,0.9985472748649505,0.6510141822896698,1
32,82.0,5.0,2,hist_gradient_boosting,1,0.9981433158453737,0.6510141822896698,1
32,83.0,4.0,2,hist_gradient_boosting,1,0.9987500791053578,0.6510141822896698,1
32,84.0,3.0,2,hist_gradient_boosting,1,0.9993046148363025,0.6510141822896698,1
32,85.0,2.0,2,hist_gradient_boosting,1,0.9984372215744914,0.6510141822896698,1
32,86.0,1.0,2,hist_gradient_boosting,1,0.9983399644426517,0.6510141822896698,1
32,87.0,0.0,2,hist_gradient_boosting,1,0.9997634862154459,0.6510141822896698,1
33,1.0,98.0,3,hist_gradient_boosting,0,7.902449642636996e-05,0.6323221630840011,0
33,2.0,97.0,3,hist_gradient_boosting,0,0.0001429798149207566,0.6323221630840011,0
33,3.0,96.0,3,hist_gradient_boosting,0,0.00023500954728053927,0.6323221630840011,0
33,4.0,95.0,3,hist_gradient_boosting,0,0.00011983939322379313,0.6323221630840011,0
33,5.0,94.0,3,hist_gradient_boosting,0,0.0001963283700742104,0.6323221630840011,0
33,6.0,93.0,3,hist_gradient_boosting,0,5.589193761768855e-05,0.6323221630840011,0
33,7.0,92.0,3,hist_gradient_boosting,0,0.00012489129197339974,0.6323221630840011,0
33,8.0,91.0,3,hist_gradient_boosting,0,0.00016208417365074426,0.6323221630840011,0
33,9.0,90.0,3,hist_gradient_boosting,0,0.00013772038001316357,0.6323221630840011,0
33,10.0,89.0,3,hist_gradient_boosting,0,0.00012675305715622532,0.6323221630840011,0
33,11.0,88.0,3,hist_gradient_boosting,0,0.00010532704240772077,0.6323221630840011,0
33,12.0,87.0,3,hist_gradient_boosting,0,7.117698958773108e-05,0.6323221630840011,0
33,13.0,86.0,3,hist_gradient_boosting,0,0.00013346098764998752,0.6323221630840011,0
33,14.0,85.0,3,hist_gradient_boosting,0,0.0002474221996638299,0.6323221630840011,0
33,15.0,84.0,3,hist_gradient_boosting,0,0.00019765693422618333,0.6323221630840011,0
33,16.0,83.0,3,hist_gradient_boosting,0,0.00026666945419737885,0.6323221630840011,0
33,17.0,82.0,3,hist_gradient_boosting,0,0.00011511633786736007,0.6323221630840011,0
33,18.0,81.0,3,hist_gradient_boosting,0,0.00012714935497315806,0.6323221630840011,0
33,19.0,80.0,3,hist_gradient_boosting,0,0.00018957872845209647,0.6323221630840011,0
33,20.0,79.0,3,hist_gradient_boosting,0,9.368794984309872e-05,0.6323221630840011,0
33,21.0,78.0,3,hist_gradient_boosting,0,0.00010168262703206549,0.6323221630840011,0
33,22.0,77.0,3,hist_gradient_boosting,0,0.0001319702452922408,0.6323221630840011,0
33,23.0,76.0,3,hist_gradient_boosting,0,0.0002241848191187695,0.6323221630840011,0
33,24.0,75.0,3,hist_gradient_boosting,0,0.00011042204165094854,0.6323221630840011,0
33,25.0,74.0,3,hist_gradient_boosting,0,0.0001595327302200054,0.6323221630840011,0
33,26.0,73.0,3,hist_gradient_boosting,0,0.00014690435522830516,0.6323221630840011,0
33,27.0,72.0,3,hist_gradient_boosting,0,0.0001363998574819377,0.6323221630840011,0
33,28.0,71.0,3,hist_gradient_boosting,0,0.001336536716008529,0.6323221630840011,0
33,29.0,70.0,3,hist_gradient_boosting,0,0.0026446547888738584,0.6323221630840011,0
33,30.0,69.0,3,hist_gradient_boosting,0,0.0021094199234128817,0.6323221630840011,0
33,31.0,68.0,3,hist_gradient_boosting,0,0.0016704304737233779,0.6323221630840011,0
33,32.0,67.0,3,hist_gradient_boosting,0,0.015693421664914945,0.6323221630840011,0
33,33.0,66.0,3,hist_gradient_boosting,0,0.002147004490287252,0.6323221630840011,0
33,34.0,65.0,3,hist_gradient_boosting,0,0.0013175346875168054,0.6323221630840011,0
33,35.0,64.0,3,hist_gradient_boosting,0,0.001418397056930593,0.6323221630840011,0
33,36.0,63.0,3,hist_gradient_boosting,0,0.009766477302800492,0.6323221630840011,0
33,37.0,62.0,3,hist_gradient_boosting,0,0.0065493305467286675,0.6323221630840011,0
33,38.0,61.0,3,hist_gradient_boosting,0,0.0025026812654707882,0.6323221630840011,0
33,39.0,60.0,3,hist_gradient_boosting,0,0.051636638607717764,0.6323221630840011,0
33,40.0,59.0,3,hist_gradient_boosting,0,0.14502294607391386,0.6323221630840011,0
33,41.0,58.0,3,hist_gradient_boosting,0,0.020815724469253644,0.6323221630840011,0
33,42.0,57.0,3,hist_gradient_boosting,0,0.08542972311955498,0.6323221630840011,0
33,43.0,56.0,3,hist_gradient_boosting,0,0.004139791408183495,0.6323221630840011,0
33,44.0,55.0,3,hist_gradient_boosting,0,0.01887264836713543,0.6323221630840011,0
33,45.0,54.0,3,hist_gradient_boosting,0,0.028975103963387816,0.6323221630840011,0
33,46.0,53.0,3,hist_gradient_boosting,0,0.015940760377134836,0.6323221630840011,0
33,47.0,52.0,3,hist_gradient_boosting,0,0.06339175234751768,0.6323221630840011,0
33,48.0,51.0,3,hist_gradient_boosting,0,0.006767236649934391,0.6323221630840011,0
33,49.0,50.0,3,hist_gradient_boosting,0,0.182766299488516,0.6323221630840011,0
33,50.0,49.0,3,hist_gradient_boosting,0,0.029456556553949492,0.6323221630840011,0
33,51.0,48.0,3,hist_gradient_boosting,0,0.012915212967085905,0.6323221630840011,0
33,52.0,47.0,3,hist_gradient_boosting,0,0.047408222144428094,0.6323221630840011,0
33,53.0,46.0,3,hist_gradient_boosting,0,0.024604130420438547,0.6323221630840011,0
33,54.0,45.0,3,hist_gradient_boosting,0,0.050993726830649413,0.6323221630840011,0
33,55.0,44.0,3,hist_gradient_boosting,0,0.021140055405649647,0.6323221630840011,0
33,56.0,43.0,3,hist_gradient_boosting,0,0.30443926621020867,0.6323221630840011,0
33,57.0,42.0,3,hist_gradient_boosting,0,0.011587706239358859,0.6323221630840011,0
33,58.0,41.0,3,hist_gradient_boosting,0,0.009423792956602122,0.6323221630840011,0
33,59.0,40.0,3,hist_gradient_boosting,0,0.03383694157846847,0.6323221630840011,0
33,60.0,39.0,3,hist_gradient_boosting,0,0.7305226764024926,0.6323221630840011,1
33,61.0,38.0,3,hist_gradient_boosting,0,0.07999085659941871,0.6323221630840011,0
33,62.0,37.0,3,hist_gradient_boosting,0,0.07718335216671302,0.6323221630840011,0
33,63.0,36.0,3,hist_gradient_boosting,0,0.13879269080688053,0.6323221630840011,0
33,64.0,35.0,3,hist_gradient_boosting,0,0.17606974972298411,0.6323221630840011,0
33,65.0,34.0,3,hist_gradient_boosting,0,0.27432624934880256,0.6323221630840011,0
33,66.0,33.0,3,hist_gradient_boosting,0,0.24184107752407374,0.6323221630840011,0
33,67.0,32.0,3,hist_gradient_boosting,0,0.23649346783635977,0.6323221630840011,0
33,68.0,31.0,3,hist_gradient_boosting,0,0.04870874114570469,0.6323221630840011,0
33,69.0,30.0,3,hist_gradient_boosting,0,0.797612364767043,0.6323221630840011,1
33,70.0,29.0,3,hist_gradient_boosting,0,0.41412929244269403,0.6323221630840011,0
33,71.0,28.0,3,hist_gradient_boosting,0,0.38223824662769784,0.6323221630840011,0
33,72.0,27.0,3,hist_gradient_boosting,0,0.16220270412591636,0.6323221630840011,0
33,73.0,26.0,3,hist_gradient_boosting,0,0.19169695960183608,0.6323221630840011,0
33,74.0,25.0,3,hist_gradient_boosting,0,0.3805898957249095,0.6323221630840011,0
33,75.0,24.0,3,hist_gradient_boosting,0,0.5259715140981973,0.6323221630840011,0
33,76.0,23.0,3,hist_gradient_boosting,0,0.6827597188103396,0.6323221630840011,1
33,77.0,22.0,3,hist_gradient_boosting,0,0.5208347557729347,0.6323221630840011,0
33,78.0,21.0,3,hist_gradient_boosting,0,0.8411827875371995,0.6323221630840011,1
33,79.0,20.0,3,hist_gradient_boosting,1,0.8200630700211882,0.6323221630840011,1
33,80.0,19.0,3,hist_gradient_boosting,1,0.9971918715829791,0.6323221630840011,1
33,81.0,18.0,3,hist_gradient_boosting,1,0.9941296041451675,0.6323221630840011,1
33,82.0,17.0,3,hist_gradient_boosting,1,0.9979385995827658,0.6323221630840011,1
33,83.0,16.0,3,hist_gradient_boosting,1,0.9954308749103891,0.6323221630840011,1
33,84.0,15.0,3,hist_gradient_boosting,1,0.9990571454254299,0.6323221630840011,1
33,85.0,14.0,3,hist_gradient_boosting,1,0.9967598279588564,0.6323221630840011,1
33,86.0,13.0,3,hist_gradient_boosting,1,0.9971522608756367,0.6323221630840011,1
33,87.0,12.0,3,hist_gradient_boosting,1,0.9991792738776989,0.6323221630840011,1
33,88.0,11.0,3,hist_gradient_boosting,1,0.9987552899426487,0.6323221630840011,1
33,89.0,10.0,3,hist_gradient_boosting,1,0.9981917974826134,0.6323221630840011,1
33,90.0,9.0,3,hist_gradient_boosting,1,0.9967925762474352,0.6323221630840011,1
33,91.0,8.0,3,hist_gradient_boosting,1,0.9965331637796164,0.6323221630840011,1
33,92.0,7.0,3,hist_gradient_boosting,1,0.9982475542718102,0.6323221630840011,1
33,93.0,6.0,3,hist_gradient_boosting,1,0.9988991132747298,0.6323221630840011,1
33,94.0,5.0,3,hist_gradient_boosting,1,0.9974122236146759,0.6323221630840011,1
33,95.0,4.0,3,hist_gradient_boosting,1,0.9958046819434657,0.6323221630840011,1
33,96.0,3.0,3,hist_gradient_boosting,1,0.999475341607547,0.6323221630840011,1
33,97.0,2.0,3,hist_gradient_boosting,1,0.996298029906132,0.6323221630840011,1
33,98.0,1.0,3,hist_gradient_boosting,1,0.9978835541695001,0.6323221630840011,1
33,99.0,0.0,3,hist_gradient_boosting,1,0.9974842883343836,0.6323221630840011,1
34,1.0,72.0,2,hist_gradient_boosting,0,0.0003252717570586109,0.6510141822896698,0
34,2.0,71.0,2,hist_gradient_boosting,0,0.00011351184070783099,0.6510141822896698,0
34,3.0,70.0,2,hist_gradient_boosting,0,5.981525322495348e-05,0.6510141822896698,0
34,4.0,69.0,2,hist_gradient_boosting,0,0.00012067170100638864,0.6510141822896698,0
34,5.0,68.0,2,hist_gradient_boosting,0,0.00019504952526573066,0.6510141822896698,0
34,6.0,67.0,2,hist_gradient_boosting,0,6.422848071132728e-05,0.6510141822896698,0
34,7.0,66.0,2,hist_gradient_boosting,0,0.00023688945177593104,0.6510141822896698,0
34,8.0,65.0,2,hist_gradient_boosting,0,0.00017798162311644884,0.6510141822896698,0
34,9.0,64.0,2,hist_gradient_boosting,0,5.2504479402899896e-05,0.6510141822896698,0
34,10.0,63.0,2,hist_gradient_boosting,0,0.00010499383764753417,0.6510141822896698,0
34,11.0,62.0,2,hist_gradient_boosting,0,0.00020706497281844073,0.6510141822896698,0
34,12.0,61.0,2,hist_gradient_boosting,0,0.00018333690172089574,0.6510141822896698,0
34,13.0,60.0,2,hist_gradient_boosting,0,0.00035895913938647014,0.6510141822896698,0
34,14.0,59.0,2,hist_gradient_boosting,0,0.00012960378695671946,0.6510141822896698,0
34,15.0,58.0,2,hist_gradient_boosting,0,0.00029706588487641515,0.6510141822896698,0
34,16.0,57.0,2,hist_gradient_boosting,0,8.836809202847137e-05,0.6510141822896698,0
34,17.0,56.0,2,hist_gradient_boosting,0,0.00022864400056487935,0.6510141822896698,0
34,18.0,55.0,2,hist_gradient_boosting,0,0.0002740435950269232,0.6510141822896698,0
34,19.0,54.0,2,hist_gradient_boosting,0,0.0006566906444740041,0.6510141822896698,0
34,20.0,53.0,2,hist_gradient_boosting,0,0.0005840841397120246,0.6510141822896698,0
34,21.0,52.0,2,hist_gradient_boosting,0,7.164973972288355e-05,0.6510141822896698,0
34,22.0,51.0,2,hist_gradient_boosting,0,8.791088257017313e-05,0.6510141822896698,0
34,23.0,50.0,2,hist_gradient_boosting,0,0.00018057507404918064,0.6510141822896698,0
34,24.0,49.0,2,hist_gradient_boosting,0,0.00012601434973522567,0.6510141822896698,0
34,25.0,48.0,2,hist_gradient_boosting,0,0.00016295039969897236,0.6510141822896698,0
34,26.0,47.0,2,hist_gradient_boosting,0,0.0001749233722355911,0.6510141822896698,0
34,27.0,46.0,2,hist_gradient_boosting,0,0.0001270602055745043,0.6510141822896698,0
34,28.0,45.0,2,hist_gradient_boosting,0,0.0016761056398358148,0.6510141822896698,0
34,29.0,44.0,2,hist_gradient_boosting,0,0.002448342894532257,0.6510141822896698,0
34,30.0,43.0,2,hist_gradient_boosting,0,0.00343844050789101,0.6510141822896698,0
34,31.0,42.0,2,hist_gradient_boosting,0,0.005775776478014723,0.6510141822896698,0
34,32.0,41.0,2,hist_gradient_boosting,0,0.000999501932474004,0.6510141822896698,0
34,33.0,40.0,2,hist_gradient_boosting,0,0.003956034398346095,0.6510141822896698,0
34,34.0,39.0,2,hist_gradient_boosting,0,0.0035323314824691142,0.6510141822896698,0
34,35.0,38.0,2,hist_gradient_boosting,0,0.008190800562063139,0.6510141822896698,0
34,36.0,37.0,2,hist_gradient_boosting,0,0.005054716045871535,0.6510141822896698,0
34,37.0,36.0,2,hist_gradient_boosting,0,0.02615422859440347,0.6510141822896698,0
34,38.0,35.0,2,hist_gradient_boosting,0,0.054278641957154206,0.6510141822896698,0
34,39.0,34.0,2,hist_gradient_boosting,0,0.01411144824450504,0.6510141822896698,0
34,40.0,33.0,2,hist_gradient_boosting,0,0.010409353911647063,0.6510141822896698,0
34,41.0,32.0,2,hist_gradient_boosting,0,0.03554940043071655,0.6510141822896698,0
34,42.0,31.0,2,hist_gradient_boosting,0,0.12442340930094065,0.6510141822896698,0
34,43.0,30.0,2,hist_gradient_boosting,0,0.05597456389869017,0.6510141822896698,0
34,44.0,29.0,2,hist_gradient_boosting,0,0.05591828004574891,0.6510141822896698,0
34,45.0,28.0,2,hist_gradient_boosting,0,0.02812843464878741,0.6510141822896698,0
34,46.0,27.0,2,hist_gradient_boosting,0,0.08725425457872765,0.6510141822896698,0
34,47.0,26.0,2,hist_gradient_boosting,0,0.022609224500293564,0.6510141822896698,0
34,48.0,25.0,2,hist_gradient_boosting,0,0.009530945011355544,0.6510141822896698,0
34,49.0,24.0,2,hist_gradient_boosting,0,0.028232378536640606,0.6510141822896698,0
34,50.0,23.0,2,hist_gradient_boosting,0,0.03227818459049088,0.6510141822896698,0
34,51.0,22.0,2,hist_gradient_boosting,0,0.10427012959758457,0.6510141822896698,0
34,52.0,21.0,2,hist_gradient_boosting,0,0.020698298790842194,0.6510141822896698,0
34,53.0,20.0,2,hist_gradient_boosting,1,0.09055294525649277,0.6510141822896698,0
34,54.0,19.0,2,hist_gradient_boosting,1,0.014906263032639793,0.6510141822896698,0
34,55.0,18.0,2,hist_gradient_boosting,1,0.024049644104042447,0.6510141822896698,0
34,56.0,17.0,2,hist_gradient_boosting,1,0.012950386031991131,0.6510141822896698,0
34,57.0,16.0,2,hist_gradient_boosting,1,0.2729835043230854,0.6510141822896698,0
34,58.0,15.0,2,hist_gradient_boosting,1,0.3342200534583492,0.6510141822896698,0
34,59.0,14.0,2,hist_gradient_boosting,1,0.5624323272603685,0.6510141822896698,0
34,60.0,13.0,2,hist_gradient_boosting,1,0.10124939101070088,0.6510141822896698,0
34,61.0,12.0,2,hist_gradient_boosting,1,0.07972227622593664,0.6510141822896698,0
34,62.0,11.0,2,hist_gradient_boosting,1,0.6393828871892073,0.6510141822896698,0
34,63.0,10.0,2,hist_gradient_boosting,1,0.16323965975158264,0.6510141822896698,0
34,64.0,9.0,2,hist_gradient_boosting,1,0.4310452547645449,0.6510141822896698,0
34,65.0,8.0,2,hist_gradient_boosting,1,0.2976132970896729,0.6510141822896698,0
34,66.0,7.0,2,hist_gradient_boosting,1,0.5011264770987839,0.6510141822896698,0
34,67.0,6.0,2,hist_gradient_boosting,1,0.8926493470279553,0.6510141822896698,1
34,68.0,5.0,2,hist_gradient_boosting,1,0.9868417491096607,0.6510141822896698,1
34,69.0,4.0,2,hist_gradient_boosting,1,0.9553936911377804,0.6510141822896698,1
34,70.0,3.0,2,hist_gradient_boosting,1,0.9738226281109152,0.6510141822896698,1
34,71.0,2.0,2,hist_gradient_boosting,1,0.9962763721560898,0.6510141822896698,1
34,72.0,1.0,2,hist_gradient_boosting,1,0.9990510555206656,0.6510141822896698,1
34,73.0,0.0,2,hist_gradient_boosting,1,0.9163132017865304,0.6510141822896698,1
35,1.0,84.0,1,rbf_svc,0,0.0004784318907290061,0.5280302851876438,0
35,2.0,83.0,1,rbf_svc,0,0.001655762855074599,0.5280302851876438,0
35,3.0,82.0,1,rbf_svc,0,0.0009803082666370536,0.5280302851876438,0
35,4.0,81.0,1,rbf_svc,0,0.00012804108408653983,0.5280302851876438,0
35,5.0,80.0,1,rbf_svc,0,4.633671921512181e-05,0.5280302851876438,0
35,6.0,79.0,1,rbf_svc,0,0.002830304929582679,0.5280302851876438,0
35,7.0,78.0,1,rbf_svc,0,6.204135711073509e-05,0.5280302851876438,0
35,8.0,77.0,1,rbf_svc,0,0.00031313297058968527,0.5280302851876438,0
35,9.0,76.0,1,rbf_svc,0,0.0015173489918656588,0.5280302851876438,0
35,10.0,75.0,1,rbf_svc,0,0.0020620056176181563,0.5280302851876438,0
35,11.0,74.0,1,rbf_svc,0,0.0014954135848130596,0.5280302851876438,0
35,12.0,73.0,1,rbf_svc,0,0.0003067695803449283,0.5280302851876438,0
35,13.0,72.0,1,rbf_svc,0,0.020727781892048595,0.5280302851876438,0
35,14.0,71.0,1,rbf_svc,0,0.0016291629543757253,0.5280302851876438,0
35,15.0,70.0,1,rbf_svc,0,0.008551416976607728,0.5280302851876438,0
35,16.0,69.0,1,rbf_svc,0,0.000512456134983843,0.5280302851876438,0
35,17.0,68.0,1,rbf_svc,0,0.013141804711669102,0.5280302851876438,0
35,18.0,67.0,1,rbf_svc,0,0.012298355113408611,0.5280302851876438,0
35,19.0,66.0,1,rbf_svc,0,0.0025573825467928414,0.5280302851876438,0
35,20.0,65.0,1,rbf_svc,0,0.002082390633736616,0.5280302851876438,0
35,21.0,64.0,1,rbf_svc,0,0.008411405092823947,0.5280302851876438,0
35,22.0,63.0,1,rbf_svc,0,0.0025890419907365855,0.5280302851876438,0
35,23.0,62.0,1,rbf_svc,0,0.0021908921310528047,0.5280302851876438,0
35,24.0,61.0,1,rbf_svc,0,0.007240432572158676,0.5280302851876438,0
35,25.0,60.0,1,rbf_svc,0,0.009459506621905735,0.5280302851876438,0
35,26.0,59.0,1,rbf_svc,0,0.010124603717062872,0.5280302851876438,0
35,27.0,58.0,1,rbf_svc,0,0.017900763044251748,0.5280302851876438,0
35,28.0,57.0,1,rbf_svc,0,0.013349596978074087,0.5280302851876438,0
35,29.0,56.0,1,rbf_svc,0,0.00403382163230541,0.5280302851876438,0
35,30.0,55.0,1,rbf_svc,0,0.014175372175409245,0.5280302851876438,0
35,31.0,54.0,1,rbf_svc,0,0.0111740224575961,0.5280302851876438,0
35,32.0,53.0,1,rbf_svc,0,0.07258174921701713,0.5280302851876438,0
35,33.0,52.0,1,rbf_svc,0,0.029009243177844465,0.5280302851876438,0
35,34.0,51.0,1,rbf_svc,0,0.1204593092185744,0.5280302851876438,0
35,35.0,50.0,1,rbf_svc,0,0.010036760799353166,0.5280302851876438,0
35,36.0,49.0,1,rbf_svc,0,0.01243889573811966,0.5280302851876438,0
35,37.0,48.0,1,rbf_svc,0,0.032968048111712146,0.5280302851876438,0
35,38.0,47.0,1,rbf_svc,0,0.007610630259330089,0.5280302851876438,0
35,39.0,46.0,1,rbf_svc,0,0.025584334830367143,0.5280302851876438,0
35,40.0,45.0,1,rbf_svc,0,0.010919388384145443,0.5280302851876438,0
35,41.0,44.0,1,rbf_svc,0,0.0157471979057637,0.5280302851876438,0
35,42.0,43.0,1,rbf_svc,0,0.024243193445552275,0.5280302851876438,0
35,43.0,42.0,1,rbf_svc,0,0.25506501945101834,0.5280302851876438,0
35,44.0,41.0,1,rbf_svc,0,0.05773042500643146,0.5280302851876438,0
35,45.0,40.0,1,rbf_svc,0,0.04042112425540739,0.5280302851876438,0
35,46.0,39.0,1,rbf_svc,0,0.06166236188079096,0.5280302851876438,0
35,47.0,38.0,1,rbf_svc,0,0.08535465068752965,0.5280302851876438,0
35,48.0,37.0,1,rbf_svc,0,0.0546134172115498,0.5280302851876438,0
35,49.0,36.0,1,rbf_svc,0,0.2916093184045468,0.5280302851876438,0
35,50.0,35.0,1,rbf_svc,0,0.05388022100076644,0.5280302851876438,0
35,51.0,34.0,1,rbf_svc,0,0.052166562854159694,0.5280302851876438,0
35,52.0,33.0,1,rbf_svc,0,0.1664794940452777,0.5280302851876438,0
35,53.0,32.0,1,rbf_svc,0,0.12137728056813499,0.5280302851876438,0
35,54.0,31.0,1,rbf_svc,0,0.0873793285426964,0.5280302851876438,0
35,55.0,30.0,1,rbf_svc,0,0.03356612879858368,0.5280302851876438,0
35,56.0,29.0,1,rbf_svc,0,0.20511756742094636,0.5280302851876438,0
35,57.0,28.0,1,rbf_svc,0,0.43680567957136673,0.5280302851876438,0
35,58.0,27.0,1,rbf_svc,0,0.05508391855306998,0.5280302851876438,0
35,59.0,26.0,1,rbf_svc,0,0.28042588686351544,0.5280302851876438,0
35,60.0,25.0,1,rbf_svc,0,0.09173951998529147,0.5280302851876438,0
35,61.0,24.0,1,rbf_svc,0,0.12607861666295747,0.5280302851876438,0
35,62.0,23.0,1,rbf_svc,0,0.16106126325939504,0.5280302851876438,0
35,63.0,22.0,1,rbf_svc,0,0.19956313597065625,0.5280302851876438,0
35,64.0,21.0,1,rbf_svc,0,0.18886145354122744,0.5280302851876438,0
35,65.0,20.0,1,rbf_svc,1,0.33717195268100997,0.5280302851876438,0
35,66.0,19.0,1,rbf_svc,1,0.3129142971271951,0.5280302851876438,0
35,67.0,18.0,1,rbf_svc,1,0.34454417403744236,0.5280302851876438,0
35,68.0,17.0,1,rbf_svc,1,0.32227742301626977,0.5280302851876438,0
35,69.0,16.0,1,rbf_svc,1,0.2900552285388411,0.5280302851876438,0
35,70.0,15.0,1,rbf_svc,1,0.6016165304268263,0.5280302851876438,1
35,71.0,14.0,1,rbf_svc,1,0.5299621088223913,0.5280302851876438,1
35,72.0,13.0,1,rbf_svc,1,0.6460700007643885,0.5280302851876438,1
35,73.0,12.0,1,rbf_svc,1,0.7490883197633846,0.5280302851876438,1
35,74.0,11.0,1,rbf_svc,1,0.29624672709725286,0.5280302851876438,0
35,75.0,10.0,1,rbf_svc,1,0.16858464317736882,0.5280302851876438,0
35,76.0,9.0,1,rbf_svc,1,0.8278825889265837,0.5280302851876438,1
35,77.0,8.0,1,rbf_svc,1,0.6278323964934501,0.5280302851876438,1
35,78.0,7.0,1,rbf_svc,1,0.7915727149058018,0.5280302851876438,1
35,79.0,6.0,1,rbf_svc,1,0.5597187713993371,0.5280302851876438,1
35,80.0,5.0,1,rbf_svc,1,0.6964212544103349,0.5280302851876438,1
35,81.0,4.0,1,rbf_svc,1,0.5469865056299874,0.5280302851876438,1
35,82.0,3.0,1,rbf_svc,1,0.6932293373046944,0.5280302851876438,1
35,83.0,2.0,1,rbf_svc,1,0.849062869408126,0.5280302851876438,1
35,84.0,1.0,1,rbf_svc,1,0.8387218565814555,0.5280302851876438,1
35,85.0,0.0,1,rbf_svc,1,0.7924199153924881,0.5280302851876438,1
36,1.0,79.0,5,rbf_svc,0,0.00018471371973795525,0.48778595770042416,0
36,2.0,78.0,5,rbf_svc,0,0.00017931320754023132,0.48778595770042416,0
36,3.0,77.0,5,rbf_svc,0,0.0001234613060984174,0.48778595770042416,0
36,4.0,76.0,5,rbf_svc,0,0.0014242149244729765,0.48778595770042416,0
36,5.0,75.0,5,rbf_svc,0,0.00036823832874024646,0.48778595770042416,0
36,6.0,74.0,5,rbf_svc,0,0.00026507833044913645,0.48778595770042416,0
36,7.0,73.0,5,rbf_svc,0,0.00015230718103124603,0.48778595770042416,0
36,8.0,72.0,5,rbf_svc,0,0.00046265430397899915,0.48778595770042416,0
36,9.0,71.0,5,rbf_svc,0,0.0004870152725545113,0.48778595770042416,0
36,10.0,70.0,5,rbf_svc,0,0.00031740010697610307,0.48778595770042416,0
36,11.0,69.0,5,rbf_svc,0,0.00033011989331376674,0.48778595770042416,0
36,12.0,68.0,5,rbf_svc,0,0.00046000776919042475,0.48778595770042416,0
36,13.0,67.0,5,rbf_svc,0,0.00021884219151578342,0.48778595770042416,0
36,14.0,66.0,5,rbf_svc,0,0.0007293442320835619,0.48778595770042416,0
36,15.0,65.0,5,rbf_svc,0,0.0006858441335262375,0.48778595770042416,0
36,16.0,64.0,5,rbf_svc,0,0.0008478651618984735,0.48778595770042416,0
36,17.0,63.0,5,rbf_svc,0,0.002649356703894305,0.48778595770042416,0
36,18.0,62.0,5,rbf_svc,0,0.001993099534166109,0.48778595770042416,0
36,19.0,61.0,5,rbf_svc,0,0.0015076700525507975,0.48778595770042416,0
36,20.0,60.0,5,rbf_svc,0,0.0029896831390573905,0.48778595770042416,0
36,21.0,59.0,5,rbf_svc,0,0.0005393994959111585,0.48778595770042416,0
36,22.0,58.0,5,rbf_svc,0,0.0029933435738172857,0.48778595770042416,0
36,23.0,57.0,5,rbf_svc,0,0.008777271819171683,0.48778595770042416,0
36,24.0,56.0,5,rbf_svc,0,0.0014978062396567217,0.48778595770042416,0
36,25.0,55.0,5,rbf_svc,0,0.0029427583400847886,0.48778595770042416,0
36,26.0,54.0,5,rbf_svc,0,0.0013706685957544725,0.48778595770042416,0
36,27.0,53.0,5,rbf_svc,0,0.0024142572160372826,0.48778595770042416,0
36,28.0,52.0,5,rbf_svc,0,0.0023958230026021477,0.48778595770042416,0
36,29.0,51.0,5,rbf_svc,0,0.004472361400181095,0.48778595770042416,0
36,30.0,50.0,5,rbf_svc,0,0.010754128176667344,0.48778595770042416,0
36,31.0,49.0,5,rbf_svc,0,0.0037213264425283326,0.48778595770042416,0
36,32.0,48.0,5,rbf_svc,0,0.013813968361836064,0.48778595770042416,0
36,33.0,47.0,5,rbf_svc,0,0.006245215805761709,0.48778595770042416,0
36,34.0,46.0,5,rbf_svc,0,0.05542614149232135,0.48778595770042416,0
36,35.0,45.0,5,rbf_svc,0,0.007913215332068041,0.48778595770042416,0
36,36.0,44.0,5,rbf_svc,0,0.008049718223147853,0.48778595770042416,0
36,37.0,43.0,5,rbf_svc,0,0.008226115992125884,0.48778595770042416,0
36,38.0,42.0,5,rbf_svc,0,0.004539042606008249,0.48778595770042416,0
36,39.0,41.0,5,rbf_svc,0,0.01964146834119253,0.48778595770042416,0
36,40.0,40.0,5,rbf_svc,0,0.01188703076104106,0.48778595770042416,0
36,41.0,39.0,5,rbf_svc,0,0.006394935330992814,0.48778595770042416,0
36,42.0,38.0,5,rbf_svc,0,0.019377901070429318,0.48778595770042416,0
36,43.0,37.0,5,rbf_svc,0,0.0024486372753421276,0.48778595770042416,0
36,44.0,36.0,5,rbf_svc,0,0.03468637836146111,0.48778595770042416,0
36,45.0,35.0,5,rbf_svc,0,0.08004371393584592,0.48778595770042416,0
36,46.0,34.0,5,rbf_svc,0,0.04431204186327745,0.48778595770042416,0
36,47.0,33.0,5,rbf_svc,0,0.14309132865267982,0.48778595770042416,0
36,48.0,32.0,5,rbf_svc,0,0.16959367868166506,0.48778595770042416,0
36,49.0,31.0,5,rbf_svc,0,0.13393468260986047,0.48778595770042416,0
36,50.0,30.0,5,rbf_svc,0,0.18264498250370817,0.48778595770042416,0
36,51.0,29.0,5,rbf_svc,0,0.351605218186784,0.48778595770042416,0
36,52.0,28.0,5,rbf_svc,0,0.19646802059819476,0.48778595770042416,0
36,53.0,27.0,5,rbf_svc,0,0.29806146260610267,0.48778595770042416,0
36,54.0,26.0,5,rbf_svc,0,0.294431639627178,0.48778595770042416,0
36,55.0,25.0,5,rbf_svc,0,0.17926435248795777,0.48778595770042416,0
36,56.0,24.0,5,rbf_svc,0,0.4166650263073919,0.48778595770042416,0
36,57.0,23.0,5,rbf_svc,0,0.4949975741137494,0.48778595770042416,1
36,58.0,22.0,5,rbf_svc,0,0.6911028329882226,0.48778595770042416,1
36,59.0,21.0,5,rbf_svc,0,0.7572131304678298,0.48778595770042416,1
36,60.0,20.0,5,rbf_svc,1,0.7726318960024952,0.48778595770042416,1
36,61.0,19.0,5,rbf_svc,1,0.794448811479415,0.48778595770042416,1
36,62.0,18.0,5,rbf_svc,1,0.6723906380775851,0.48778595770042416,1
36,63.0,17.0,5,rbf_svc,1,0.8272581357923952,0.48778595770042416,1
36,64.0,16.0,5,rbf_svc,1,0.8358551228042498,0.48778595770042416,1
36,65.0,15.0,5,rbf_svc,1,0.9242406523409191,0.48778595770042416,1
36,66.0,14.0,5,rbf_svc,1,0.9376132349216486,0.48778595770042416,1
36,67.0,13.0,5,rbf_svc,1,0.990514159990181,0.48778595770042416,1
36,68.0,12.0,5,rbf_svc,1,0.9919782357497292,0.48778595770042416,1
36,69.0,11.0,5,rbf_svc,1,0.9885607187375053,0.48778595770042416,1
36,70.0,10.0,5,rbf_svc,1,0.9968389407527116,0.48778595770042416,1
36,71.0,9.0,5,rbf_svc,1,0.9777828199008709,0.48778595770042416,1
36,72.0,8.0,5,rbf_svc,1,0.9934825615590338,0.48778595770042416,1
36,73.0,7.0,5,rbf_svc,1,0.9999993920835066,0.48778595770042416,1
36,74.0,6.0,5,rbf_svc,1,0.9999832795350668,0.48778595770042416,1
36,75.0,5.0,5,rbf_svc,1,0.9999998994721355,0.48778595770042416,1
36,76.0,4.0,5,rbf_svc,1,0.9999996323300344,0.48778595770042416,1
36,77.0,3.0,5,rbf_svc,1,0.9999995224589759,0.48778595770042416,1
36,78.0,2.0,5,rbf_svc,1,0.999999989633115,0.48778595770042416,1
36,79.0,1.0,5,rbf_svc,1,0.9999999994285024,0.48778595770042416,1
36,80.0,0.0,5,rbf_svc,1,0.9999999997736158,0.48778595770042416,1
37,1.0,79.0,1,rbf_svc,0,0.00046180069498718873,0.5280302851876438,0
37,2.0,78.0,1,rbf_svc,0,0.00136225166000486,0.5280302851876438,0
37,3.0,77.0,1,rbf_svc,0,0.0008802938916983089,0.5280302851876438,0
37,4.0,76.0,1,rbf_svc,0,0.0009652454596851105,0.5280302851876438,0
37,5.0,75.0,1,rbf_svc,0,0.0017629392396421107,0.5280302851876438,0
37,6.0,74.0,1,rbf_svc,0,0.001398047501106845,0.5280302851876438,0
37,7.0,73.0,1,rbf_svc,0,0.0011859161796734681,0.5280302851876438,0
37,8.0,72.0,1,rbf_svc,0,0.0015801088206771339,0.5280302851876438,0
37,9.0,71.0,1,rbf_svc,0,0.002427878519538879,0.5280302851876438,0
37,10.0,70.0,1,rbf_svc,0,0.006840675304681947,0.5280302851876438,0
37,11.0,69.0,1,rbf_svc,0,0.009870702184467449,0.5280302851876438,0
37,12.0,68.0,1,rbf_svc,0,0.01910114603378226,0.5280302851876438,0
37,13.0,67.0,1,rbf_svc,0,0.002065575906380013,0.5280302851876438,0
37,14.0,66.0,1,rbf_svc,0,0.004022403435524298,0.5280302851876438,0
37,15.0,65.0,1,rbf_svc,0,0.02130228193034877,0.5280302851876438,0
37,16.0,64.0,1,rbf_svc,0,0.0053207440549178165,0.5280302851876438,0
37,17.0,63.0,1,rbf_svc,0,0.006025227076275208,0.5280302851876438,0
37,18.0,62.0,1,rbf_svc,0,0.002612566928113058,0.5280302851876438,0
37,19.0,61.0,1,rbf_svc,0,0.002012784511121579,0.5280302851876438,0
37,20.0,60.0,1,rbf_svc,0,0.003790613602292318,0.5280302851876438,0
37,21.0,59.0,1,rbf_svc,0,0.008882950070277769,0.5280302851876438,0
37,22.0,58.0,1,rbf_svc,0,0.02666688016892068,0.5280302851876438,0
37,23.0,57.0,1,rbf_svc,0,0.0033745479466167957,0.5280302851876438,0
37,24.0,56.0,1,rbf_svc,0,0.00580378045027817,0.5280302851876438,0
37,25.0,55.0,1,rbf_svc,0,0.009117969050965992,0.5280302851876438,0
37,26.0,54.0,1,rbf_svc,0,0.012183975150367645,0.5280302851876438,0
37,27.0,53.0,1,rbf_svc,0,0.008608795856762427,0.5280302851876438,0
37,28.0,52.0,1,rbf_svc,0,0.012774564244240564,0.5280302851876438,0
37,29.0,51.0,1,rbf_svc,0,0.01002449589121038,0.5280302851876438,0
37,30.0,50.0,1,rbf_svc,0,0.022513456293862564,0.5280302851876438,0
37,31.0,49.0,1,rbf_svc,0,0.030189927482074812,0.5280302851876438,0
37,32.0,48.0,1,rbf_svc,0,0.036493647705185206,0.5280302851876438,0
37,33.0,47.0,1,rbf_svc,0,0.00566927116005956,0.5280302851876438,0
37,34.0,46.0,1,rbf_svc,0,0.016791478907882535,0.5280302851876438,0
37,35.0,45.0,1,rbf_svc,0,0.05072553329174733,0.5280302851876438,0
37,36.0,44.0,1,rbf_svc,0,0.06730323917113698,0.5280302851876438,0
37,37.0,43.0,1,rbf_svc,0,0.06549028737725833,0.5280302851876438,0
37,38.0,42.0,1,rbf_svc,0,0.21046526085993078,0.5280302851876438,0
37,39.0,41.0,1,rbf_svc,0,0.030948654155637613,0.5280302851876438,0
37,40.0,40.0,1,rbf_svc,0,0.050966390198726674,0.5280302851876438,0
37,41.0,39.0,1,rbf_svc,0,0.1309582782847193,0.5280302851876438,0
37,42.0,38.0,1,rbf_svc,0,0.1183182353159752,0.5280302851876438,0
37,43.0,37.0,1,rbf_svc,0,0.15704138136264356,0.5280302851876438,0
37,44.0,36.0,1,rbf_svc,0,0.09936811865866177,0.5280302851876438,0
37,45.0,35.0,1,rbf_svc,0,0.2857444163477281,0.5280302851876438,0
37,46.0,34.0,1,rbf_svc,0,0.26055207447559364,0.5280302851876438,0
37,47.0,33.0,1,rbf_svc,0,0.3611385901967057,0.5280302851876438,0
37,48.0,32.0,1,rbf_svc,0,0.2295289771327102,0.5280302851876438,0
37,49.0,31.0,1,rbf_svc,0,0.42289676732416376,0.5280302851876438,0
37,50.0,30.0,1,rbf_svc,0,0.21031772440518434,0.5280302851876438,0
37,51.0,29.0,1,rbf_svc,0,0.43750183369738144,0.5280302851876438,0
37,52.0,28.0,1,rbf_svc,0,0.37633169823828166,0.5280302851876438,0
37,53.0,27.0,1,rbf_svc,0,0.4658548136205616,0.5280302851876438,0
37,54.0,26.0,1,rbf_svc,0,0.36521539916637447,0.5280302851876438,0
37,55.0,25.0,1,rbf_svc,0,0.4053904016225231,0.5280302851876438,0
37,56.0,24.0,1,rbf_svc,0,0.74416623256688,0.5280302851876438,1
37,57.0,23.0,1,rbf_svc,0,0.6526855274370802,0.5280302851876438,1
37,58.0,22.0,1,rbf_svc,0,0.8727825554445342,0.5280302851876438,1
37,59.0,21.0,1,rbf_svc,0,0.8280452753558547,0.5280302851876438,1
37,60.0,20.0,1,rbf_svc,1,0.6841730939940535,0.5280302851876438,1
37,61.0,19.0,1,rbf_svc,1,0.6670765507238908,0.5280302851876438,1
37,62.0,18.0,1,rbf_svc,1,0.9073400327112834,0.5280302851876438,1
37,63.0,17.0,1,rbf_svc,1,0.9554232016617714,0.5280302851876438,1
37,64.0,16.0,1,rbf_svc,1,0.9675597224316272,0.5280302851876438,1
37,65.0,15.0,1,rbf_svc,1,0.9769662353179511,0.5280302851876438,1
37,66.0,14.0,1,rbf_svc,1,0.9389712508094905,0.5280302851876438,1
37,67.0,13.0,1,rbf_svc,1,0.9902786525918426,0.5280302851876438,1
37,68.0,12.0,1,rbf_svc,1,0.9888237897895451,0.5280302851876438,1
37,69.0,11.0,1,rbf_svc,1,0.9970695859170502,0.5280302851876438,1
37,70.0,10.0,1,rbf_svc,1,0.9673808946974085,0.5280302851876438,1
37,71.0,9.0,1,rbf_svc,1,0.9961289527533059,0.5280302851876438,1
37,72.0,8.0,1,rbf_svc,1,0.9970929546892641,0.5280302851876438,1
37,73.0,7.0,1,rbf_svc,1,0.9999980318989499,0.5280302851876438,1
37,74.0,6.0,1,rbf_svc,1,0.9999999663630962,0.5280302851876438,1
37,75.0,5.0,1,rbf_svc,1,0.9999985041264057,0.5280302851876438,1
37,76.0,4.0,1,rbf_svc,1,0.9999995322357113,0.5280302851876438,1
37,77.0,3.0,1,rbf_svc,1,0.999999994656631,0.5280302851876438,1
37,78.0,2.0,1,rbf_svc,1,0.9999950914331375,0.5280302851876438,1
37,79.0,1.0,1,rbf_svc,1,0.9999999670019504,0.5280302851876438,1
37,80.0,0.0,1,rbf_svc,1,0.9999999981510953,0.5280302851876438,1
38,1.0,64.0,5,rbf_svc,0,7.17127326902652e-05,0.48778595770042416,0
38,2.0,63.0,5,rbf_svc,0,0.0002968128911786465,0.48778595770042416,0
38,3.0,62.0,5,rbf_svc,0,0.000818940105175311,0.48778595770042416,0
38,4.0,61.0,5,rbf_svc,0,8.108660858183318e-05,0.48778595770042416,0
38,5.0,60.0,5,rbf_svc,0,0.00016672198462256015,0.48778595770042416,0
38,6.0,59.0,5,rbf_svc,0,0.00042121445238313084,0.48778595770042416,0
38,7.0,58.0,5,rbf_svc,0,0.0009436318518823735,0.48778595770042416,0
38,8.0,57.0,5,rbf_svc,0,0.0008735967169099418,0.48778595770042416,0
38,9.0,56.0,5,rbf_svc,0,0.001974278920715366,0.48778595770042416,0
38,10.0,55.0,5,rbf_svc,0,0.006928252007809271,0.48778595770042416,0
38,11.0,54.0,5,rbf_svc,0,0.0020129867381731914,0.48778595770042416,0
38,12.0,53.0,5,rbf_svc,0,0.0010721625730855404,0.48778595770042416,0
38,13.0,52.0,5,rbf_svc,0,0.00016619783725894808,0.48778595770042416,0
38,14.0,51.0,5,rbf_svc,0,0.0005044912524083182,0.48778595770042416,0
38,15.0,50.0,5,rbf_svc,0,0.0017975149041469462,0.48778595770042416,0
38,16.0,49.0,5,rbf_svc,0,0.0010808480144365465,0.48778595770042416,0
38,17.0,48.0,5,rbf_svc,0,0.0007304765213023456,0.48778595770042416,0
38,18.0,47.0,5,rbf_svc,0,0.0015344997079038648,0.48778595770042416,0
38,19.0,46.0,5,rbf_svc,0,0.0006834734568710732,0.48778595770042416,0
38,20.0,45.0,5,rbf_svc,0,0.003104651861388853,0.48778595770042416,0
38,21.0,44.0,5,rbf_svc,0,0.001959273387061495,0.48778595770042416,0
38,22.0,43.0,5,rbf_svc,0,0.003463193624179487,0.48778595770042416,0
38,23.0,42.0,5,rbf_svc,0,0.001372749884780686,0.48778595770042416,0
38,24.0,41.0,5,rbf_svc,0,0.0018485397385733173,0.48778595770042416,0
38,25.0,40.0,5,rbf_svc,0,0.020229644990209253,0.48778595770042416,0
38,26.0,39.0,5,rbf_svc,0,0.003945938168754963,0.48778595770042416,0
38,27.0,38.0,5,rbf_svc,0,0.0006198154618882165,0.48778595770042416,0
38,28.0,37.0,5,rbf_svc,0,0.010167253328639237,0.48778595770042416,0
38,29.0,36.0,5,rbf_svc,0,0.0024409627958777934,0.48778595770042416,0
38,30.0,35.0,5,rbf_svc,0,0.0008386665451702909,0.48778595770042416,0
38,31.0,34.0,5,rbf_svc,0,0.016522686782783385,0.48778595770042416,0
38,32.0,33.0,5,rbf_svc,0,0.0047562872001686626,0.48778595770042416,0
38,33.0,32.0,5,rbf_svc,0,0.006143897901237665,0.48778595770042416,0
38,34.0,31.0,5,rbf_svc,0,0.003936019824462406,0.48778595770042416,0
38,35.0,30.0,5,rbf_svc,0,0.014902761041450628,0.48778595770042416,0
38,36.0,29.0,5,rbf_svc,0,0.021309654594123758,0.48778595770042416,0
38,37.0,28.0,5,rbf_svc,0,0.026745349370803716,0.48778595770042416,0
38,38.0,27.0,5,rbf_svc,0,0.01791764838028505,0.48778595770042416,0
38,39.0,26.0,5,rbf_svc,0,0.04880544150991278,0.48778595770042416,0
38,40.0,25.0,5,rbf_svc,0,0.032286548278807205,0.48778595770042416,0
38,41.0,24.0,5,rbf_svc,0,0.03831452485254383,0.48778595770042416,0
38,42.0,23.0,5,rbf_svc,0,0.05786948094101667,0.48778595770042416,0
38,43.0,22.0,5,rbf_svc,0,0.022732699843698925,0.48778595770042416,0
38,44.0,21.0,5,rbf_svc,0,0.05944288815280701,0.48778595770042416,0
38,45.0,20.0,5,rbf_svc,1,0.14133616191072199,0.48778595770042416,0
38,46.0,19.0,5,rbf_svc,1,0.1636220035135368,0.48778595770042416,0
38,47.0,18.0,5,rbf_svc,1,0.14508158015696662,0.48778595770042416,0
38,48.0,17.0,5,rbf_svc,1,0.06270231142030896,0.48778595770042416,0
38,49.0,16.0,5,rbf_svc,1,0.3150466197728696,0.48778595770042416,0
38,50.0,15.0,5,rbf_svc,1,0.5890707461103457,0.48778595770042416,1
38,51.0,14.0,5,rbf_svc,1,0.3888426367912038,0.48778595770042416,0
38,52.0,13.0,5,rbf_svc,1,0.6692593897878644,0.48778595770042416,1
38,53.0,12.0,5,rbf_svc,1,0.6707034646486685,0.48778595770042416,1
38,54.0,11.0,5,rbf_svc,1,0.7980784346784007,0.48778595770042416,1
38,55.0,10.0,5,rbf_svc,1,0.857077536692052,0.48778595770042416,1
38,56.0,9.0,5,rbf_svc,1,0.8604443018038198,0.48778595770042416,1
38,57.0,8.0,5,rbf_svc,1,0.8312660806884136,0.48778595770042416,1
38,58.0,7.0,5,rbf_svc,1,0.941999561562255,0.48778595770042416,1
38,59.0,6.0,5,rbf_svc,1,0.9839144508171653,0.48778595770042416,1
38,60.0,5.0,5,rbf_svc,1,0.9939013402555784,0.48778595770042416,1
38,61.0,4.0,5,rbf_svc,1,0.9966503899834611,0.48778595770042416,1
38,62.0,3.0,5,rbf_svc,1,0.999995392551192,0.48778595770042416,1
38,63.0,2.0,5,rbf_svc,1,0.9999925360134891,0.48778595770042416,1
38,64.0,1.0,5,rbf_svc,1,0.9832725346619412,0.48778595770042416,1
38,65.0,0.0,5,rbf_svc,1,0.9999999997885191,0.48778595770042416,1
39,1.0,98.0,2,hist_gradient_boosting,0,4.736671836219559e-05,0.6510141822896698,0
39,2.0,97.0,2,hist_gradient_boosting,0,0.00016991733147128258,0.6510141822896698,0
39,3.0,96.0,2,hist_gradient_boosting,0,4.2449564438287104e-05,0.6510141822896698,0
39,4.0,95.0,2,hist_gradient_boosting,0,6.938429310133876e-05,0.6510141822896698,0
39,5.0,94.0,2,hist_gradient_boosting,0,7.285405141886652e-05,0.6510141822896698,0
39,6.0,93.0,2,hist_gradient_boosting,0,5.5311341996448155e-05,0.6510141822896698,0
39,7.0,92.0,2,hist_gradient_boosting,0,0.00010971742883451452,0.6510141822896698,0
39,8.0,91.0,2,hist_gradient_boosting,0,4.7233219193501044e-05,0.6510141822896698,0
39,9.0,90.0,2,hist_gradient_boosting,0,2.8239451626043317e-05,0.6510141822896698,0
39,10.0,89.0,2,hist_gradient_boosting,0,7.004100105757341e-05,0.6510141822896698,0
39,11.0,88.0,2,hist_gradient_boosting,0,3.344936671300511e-05,0.6510141822896698,0
39,12.0,87.0,2,hist_gradient_boosting,0,6.532270339794213e-05,0.6510141822896698,0
39,13.0,86.0,2,hist_gradient_boosting,0,9.912002013146296e-05,0.6510141822896698,0
39,14.0,85.0,2,hist_gradient_boosting,0,9.640753930191237e-05,0.6510141822896698,0
39,15.0,84.0,2,hist_gradient_boosting,0,6.532270339794213e-05,0.6510141822896698,0
39,16.0,83.0,2,hist_gradient_boosting,0,8.304580197877254e-05,0.6510141822896698,0
39,17.0,82.0,2,hist_gradient_boosting,0,0.00015690194030586129,0.6510141822896698,0
39,18.0,81.0,2,hist_gradient_boosting,0,4.402496660522849e-05,0.6510141822896698,0
39,19.0,80.0,2,hist_gradient_boosting,0,9.509182755250252e-05,0.6510141822896698,0
39,20.0,79.0,2,hist_gradient_boosting,0,3.787040133550406e-05,0.6510141822896698,0
39,21.0,78.0,2,hist_gradient_boosting,0,5.401020713786349e-05,0.6510141822896698,0
39,22.0,77.0,2,hist_gradient_boosting,0,4.412545861729554e-05,0.6510141822896698,0
39,23.0,76.0,2,hist_gradient_boosting,0,4.59149146301244e-05,0.6510141822896698,0
39,24.0,75.0,2,hist_gradient_boosting,0,0.00013705779843160151,0.6510141822896698,0
39,25.0,74.0,2,hist_gradient_boosting,0,0.00018815327268112856,0.6510141822896698,0
39,26.0,73.0,2,hist_gradient_boosting,0,9.736202987812399e-05,0.6510141822896698,0
39,27.0,72.0,2,hist_gradient_boosting,0,7.892496846260012e-05,0.6510141822896698,0
39,28.0,71.0,2,hist_gradient_boosting,0,0.00034827801849653274,0.6510141822896698,0
39,29.0,70.0,2,hist_gradient_boosting,0,0.0003271340026567284,0.6510141822896698,0
39,30.0,69.0,2,hist_gradient_boosting,0,0.000388887971661883,0.6510141822896698,0
39,31.0,68.0,2,hist_gradient_boosting,0,0.00014887746423319348,0.6510141822896698,0
39,32.0,67.0,2,hist_gradient_boosting,0,0.002367346054304204,0.6510141822896698,0
39,33.0,66.0,2,hist_gradient_boosting,0,0.0008467713549736883,0.6510141822896698,0
39,34.0,65.0,2,hist_gradient_boosting,0,0.001686087010440961,0.6510141822896698,0
39,35.0,64.0,2,hist_gradient_boosting,0,0.0013616917807579025,0.6510141822896698,0
39,36.0,63.0,2,hist_gradient_boosting,0,0.0015638689995823775,0.6510141822896698,0
39,37.0,62.0,2,hist_gradient_boosting,0,0.0007200818148781511,0.6510141822896698,0
39,38.0,61.0,2,hist_gradient_boosting,0,0.0007951905358439092,0.6510141822896698,0
39,39.0,60.0,2,hist_gradient_boosting,0,0.0015918902671592217,0.6510141822896698,0
39,40.0,59.0,2,hist_gradient_boosting,0,0.00331517836314995,0.6510141822896698,0
39,41.0,58.0,2,hist_gradient_boosting,0,0.00045695553839899633,0.6510141822896698,0
39,42.0,57.0,2,hist_gradient_boosting,0,0.0010321018625984134,0.6510141822896698,0
39,43.0,56.0,2,hist_gradient_boosting,0,0.003153736311126953,0.6510141822896698,0
39,44.0,55.0,2,hist_gradient_boosting,0,0.000685700103854265,0.6510141822896698,0
39,45.0,54.0,2,hist_gradient_boosting,0,0.00550828999607712,0.6510141822896698,0
39,46.0,53.0,2,hist_gradient_boosting,0,0.0022142130093881214,0.6510141822896698,0
39,47.0,52.0,2,hist_gradient_boosting,0,0.011090207354411647,0.6510141822896698,0
39,48.0,51.0,2,hist_gradient_boosting,0,0.008361322827559994,0.6510141822896698,0
39,49.0,50.0,2,hist_gradient_boosting,0,0.009680544788791467,0.6510141822896698,0
39,50.0,49.0,2,hist_gradient_boosting,0,0.00309394957004501,0.6510141822896698,0
39,51.0,48.0,2,hist_gradient_boosting,0,0.0055759182497597416,0.6510141822896698,0
39,52.0,47.0,2,hist_gradient_boosting,0,0.010594338847459741,0.6510141822896698,0
39,53.0,46.0,2,hist_gradient_boosting,0,0.014431145925519317,0.6510141822896698,0
39,54.0,45.0,2,hist_gradient_boosting,0,0.007890093721154188,0.6510141822896698,0
39,55.0,44.0,2,hist_gradient_boosting,0,0.005414182543470388,0.6510141822896698,0
39,56.0,43.0,2,hist_gradient_boosting,0,0.003234094598729184,0.6510141822896698,0
39,57.0,42.0,2,hist_gradient_boosting,0,0.04447938923811388,0.6510141822896698,0
39,58.0,41.0,2,hist_gradient_boosting,0,0.0051544746029102365,0.6510141822896698,0
39,59.0,40.0,2,hist_gradient_boosting,0,0.03677240393196859,0.6510141822896698,0
39,60.0,39.0,2,hist_gradient_boosting,0,0.10064639293836089,0.6510141822896698,0
39,61.0,38.0,2,hist_gradient_boosting,0,0.04585500729504796,0.6510141822896698,0
39,62.0,37.0,2,hist_gradient_boosting,0,0.016062473457741915,0.6510141822896698,0
39,63.0,36.0,2,hist_gradient_boosting,0,0.18659187857308437,0.6510141822896698,0
39,64.0,35.0,2,hist_gradient_boosting,0,0.016101198208500093,0.6510141822896698,0
39,65.0,34.0,2,hist_gradient_boosting,0,0.10814978894509117,0.6510141822896698,0
39,66.0,33.0,2,hist_gradient_boosting,0,0.14422403491004962,0.6510141822896698,0
39,67.0,32.0,2,hist_gradient_boosting,0,0.7795362079699897,0.6510141822896698,1
39,68.0,31.0,2,hist_gradient_boosting,0,0.4742175771481238,0.6510141822896698,0
39,69.0,30.0,2,hist_gradient_boosting,0,0.24969616524536647,0.6510141822896698,0
39,70.0,29.0,2,hist_gradient_boosting,0,0.7878963505087712,0.6510141822896698,1
39,71.0,28.0,2,hist_gradient_boosting,0,0.65308710538858,0.6510141822896698,1
39,72.0,27.0,2,hist_gradient_boosting,0,0.345352419924968,0.6510141822896698,0
39,73.0,26.0,2,hist_gradient_boosting,0,0.6896004024566207,0.6510141822896698,1
39,74.0,25.0,2,hist_gradient_boosting,0,0.6849327757964815,0.6510141822896698,1
39,75.0,24.0,2,hist_gradient_boosting,0,0.8194031442161425,0.6510141822896698,1
39,76.0,23.0,2,hist_gradient_boosting,0,0.2997126973465536,0.6510141822896698,0
39,77.0,22.0,2,hist_gradient_boosting,0,0.9831962762592272,0.6510141822896698,1
39,78.0,21.0,2,hist_gradient_boosting,0,0.9683909853134456,0.6510141822896698,1
39,79.0,20.0,2,hist_gradient_boosting,1,0.9900172389333821,0.6510141822896698,1
39,80.0,19.0,2,hist_gradient_boosting,1,0.9993573287649873,0.6510141822896698,1
39,81.0,18.0,2,hist_gradient_boosting,1,0.9981538096719039,0.6510141822896698,1
39,82.0,17.0,2,hist_gradient_boosting,1,0.9956480901991682,0.6510141822896698,1
39,83.0,16.0,2,hist_gradient_boosting,1,0.9997701045755523,0.6510141822896698,1
39,84.0,15.0,2,hist_gradient_boosting,1,0.9995397470624591,0.6510141822896698,1
39,85.0,14.0,2,hist_gradient_boosting,1,0.9982417752227246,0.6510141822896698,1
39,86.0,13.0,2,hist_gradient_boosting,1,0.9993236017964233,0.6510141822896698,1
39,87.0,12.0,2,hist_gradient_boosting,1,0.9993380750569724,0.6510141822896698,1
39,88.0,11.0,2,hist_gradient_boosting,1,0.9996952758068891,0.6510141822896698,1
39,89.0,10.0,2,hist_gradient_boosting,1,0.999549356968752,0.6510141822896698,1
39,90.0,9.0,2,hist_gradient_boosting,1,0.9997756719484311,0.6510141822896698,1
39,91.0,8.0,2,hist_gradient_boosting,1,0.999662372364138,0.6510141822896698,1
39,92.0,7.0,2,hist_gradient_boosting,1,0.9996844252225925,0.6510141822896698,1
39,93.0,6.0,2,hist_gradient_boosting,1,0.9998394678666525,0.6510141822896698,1
39,94.0,5.0,2,hist_gradient_boosting,1,0.9991278228003988,0.6510141822896698,1
39,95.0,4.0,2,hist_gradient_boosting,1,0.999895242654035,0.6510141822896698,1
39,96.0,3.0,2,hist_gradient_boosting,1,0.9998650452982527,0.6510141822896698,1
39,97.0,2.0,2,hist_gradient_boosting,1,0.9999223566950739,0.6510141822896698,1
39,98.0,1.0,2,hist_gradient_boosting,1,0.999285499041584,0.6510141822896698,1
39,99.0,0.0,2,hist_gradient_boosting,1,0.999660962159945,0.6510141822896698,1
40,1.0,99.0,4,hist_gradient_boosting,0,9.251117670010889e-05,0.6936009670541174,0
40,2.0,98.0,4,hist_gradient_boosting,0,9.454658102418268e-05,0.6936009670541174,0
40,3.0,97.0,4,hist_gradient_boosting,0,9.30219932270605e-05,0.6936009670541174,0
40,4.0,96.0,4,hist_gradient_boosting,0,4.2780248340206865e-05,0.6936009670541174,0
40,5.0,95.0,4,hist_gradient_boosting,0,4.349929589216785e-05,0.6936009670541174,0
40,6.0,94.0,4,hist_gradient_boosting,0,5.290846997099378e-05,0.6936009670541174,0
40,7.0,93.0,4,hist_gradient_boosting,0,0.00010834934469554445,0.6936009670541174,0
40,8.0,92.0,4,hist_gradient_boosting,0,7.61632170903298e-05,0.6936009670541174,0
40,9.0,91.0,4,hist_gradient_boosting,0,3.894500352474045e-05,0.6936009670541174,0
40,10.0,90.0,4,hist_gradient_boosting,0,2.711564901979396e-05,0.6936009670541174,0
40,11.0,89.0,4,hist_gradient_boosting,0,7.671347542158824e-05,0.6936009670541174,0
40,12.0,88.0,4,hist_gradient_boosting,0,6.75540659125778e-05,0.6936009670541174,0
40,13.0,87.0,4,hist_gradient_boosting,0,0.00013219274788400917,0.6936009670541174,0
40,14.0,86.0,4,hist_gradient_boosting,0,6.924032969538672e-05,0.6936009670541174,0
40,15.0,85.0,4,hist_gradient_boosting,0,2.9931833367803583e-05,0.6936009670541174,0
40,16.0,84.0,4,hist_gradient_boosting,0,7.86072599790489e-05,0.6936009670541174,0
40,17.0,83.0,4,hist_gradient_boosting,0,5.2735104101104475e-05,0.6936009670541174,0
40,18.0,82.0,4,hist_gradient_boosting,0,0.00010081207664741686,0.6936009670541174,0
40,19.0,81.0,4,hist_gradient_boosting,0,8.205158708467107e-05,0.6936009670541174,0
40,20.0,80.0,4,hist_gradient_boosting,0,4.590391235820338e-05,0.6936009670541174,0
40,21.0,79.0,4,hist_gradient_boosting,0,8.512219014340416e-05,0.6936009670541174,0
40,22.0,78.0,4,hist_gradient_boosting,0,0.00011541335593398232,0.6936009670541174,0
40,23.0,77.0,4,hist_gradient_boosting,0,0.00011750739398492269,0.6936009670541174,0
40,24.0,76.0,4,hist_gradient_boosting,0,0.00013797102723626454,0.6936009670541174,0
40,25.0,75.0,4,hist_gradient_boosting,0,0.0001407719294988404,0.6936009670541174,0
40,26.0,74.0,4,hist_gradient_boosting,0,4.4731577300216524e-05,0.6936009670541174,0
40,27.0,73.0,4,hist_gradient_boosting,0,8.765084380886824e-05,0.6936009670541174,0
40,28.0,72.0,4,hist_gradient_boosting,0,0.0001954169096251083,0.6936009670541174,0
40,29.0,71.0,4,hist_gradient_boosting,0,8.149201632694545e-05,0.6936009670541174,0
40,30.0,70.0,4,hist_gradient_boosting,0,0.00042721143137100965,0.6936009670541174,0
40,31.0,69.0,4,hist_gradient_boosting,0,0.0008624685418355505,0.6936009670541174,0
40,32.0,68.0,4,hist_gradient_boosting,0,0.0010768848722893267,0.6936009670541174,0
40,33.0,67.0,4,hist_gradient_boosting,0,0.001480415404219112,0.6936009670541174,0
40,34.0,66.0,4,hist_gradient_boosting,0,0.0014108512227766188,0.6936009670541174,0
40,35.0,65.0,4,hist_gradient_boosting,0,0.0001705424415513786,0.6936009670541174,0
40,36.0,64.0,4,hist_gradient_boosting,0,0.0006155031216166667,0.6936009670541174,0
40,37.0,63.0,4,hist_gradient_boosting,0,0.0003902411635256186,0.6936009670541174,0
40,38.0,62.0,4,hist_gradient_boosting,0,0.0007887820509818019,0.6936009670541174,0
40,39.0,61.0,4,hist_gradient_boosting,0,0.0017210350972617458,0.6936009670541174,0
40,40.0,60.0,4,hist_gradient_boosting,0,0.003311302207362638,0.6936009670541174,0
40,41.0,59.0,4,hist_gradient_boosting,0,0.005523382231064833,0.6936009670541174,0
40,42.0,58.0,4,hist_gradient_boosting,0,0.009984564238256327,0.6936009670541174,0
40,43.0,57.0,4,hist_gradient_boosting,0,0.005382941203850168,0.6936009670541174,0
40,44.0,56.0,4,hist_gradient_boosting,0,0.002984930402586249,0.6936009670541174,0
40,45.0,55.0,4,hist_gradient_boosting,0,0.004537472989696552,0.6936009670541174,0
40,46.0,54.0,4,hist_gradient_boosting,0,0.010031404761664833,0.6936009670541174,0
40,47.0,53.0,4,hist_gradient_boosting,0,0.0007419259116067359,0.6936009670541174,0
40,48.0,52.0,4,hist_gradient_boosting,0,0.0007938419376396818,0.6936009670541174,0
40,49.0,51.0,4,hist_gradient_boosting,0,0.011914565189806534,0.6936009670541174,0
40,50.0,50.0,4,hist_gradient_boosting,0,0.0020129257560219708,0.6936009670541174,0
40,51.0,49.0,4,hist_gradient_boosting,0,0.00652315972825656,0.6936009670541174,0
40,52.0,48.0,4,hist_gradient_boosting,0,0.011931002363175808,0.6936009670541174,0
40,53.0,47.0,4,hist_gradient_boosting,0,0.018118502906114498,0.6936009670541174,0
40,54.0,46.0,4,hist_gradient_boosting,0,0.009085093425093572,0.6936009670541174,0
40,55.0,45.0,4,hist_gradient_boosting,0,0.009975806214975038,0.6936009670541174,0
40,56.0,44.0,4,hist_gradient_boosting,0,0.013244765751178039,0.6936009670541174,0
40,57.0,43.0,4,hist_gradient_boosting,0,0.002384344895478032,0.6936009670541174,0
40,58.0,42.0,4,hist_gradient_boosting,0,0.022192082406648765,0.6936009670541174,0
40,59.0,41.0,4,hist_gradient_boosting,0,0.015016016678134148,0.6936009670541174,0
40,60.0,40.0,4,hist_gradient_boosting,0,0.05513240695549935,0.6936009670541174,0
40,61.0,39.0,4,hist_gradient_boosting,0,0.016347801876226333,0.6936009670541174,0
40,62.0,38.0,4,hist_gradient_boosting,0,0.007069464477458176,0.6936009670541174,0
40,63.0,37.0,4,hist_gradient_boosting,0,0.026378872381910355,0.6936009670541174,0
40,64.0,36.0,4,hist_gradient_boosting,0,0.016709101129591106,0.6936009670541174,0
40,65.0,35.0,4,hist_gradient_boosting,0,0.3389301943102333,0.6936009670541174,0
40,66.0,34.0,4,hist_gradient_boosting,0,0.054847605001665196,0.6936009670541174,0
40,67.0,33.0,4,hist_gradient_boosting,0,0.13110060095983722,0.6936009670541174,0
40,68.0,32.0,4,hist_gradient_boosting,0,0.11669820995936873,0.6936009670541174,0
40,69.0,31.0,4,hist_gradient_boosting,0,0.25797942498562815,0.6936009670541174,0
40,70.0,30.0,4,hist_gradient_boosting,0,0.10467361452511015,0.6936009670541174,0
40,71.0,29.0,4,hist_gradient_boosting,0,0.06436527182066733,0.6936009670541174,0
40,72.0,28.0,4,hist_gradient_boosting,0,0.33804951454403637,0.6936009670541174,0
40,73.0,27.0,4,hist_gradient_boosting,0,0.2997461683928805,0.6936009670541174,0
40,74.0,26.0,4,hist_gradient_boosting,0,0.1574574590336667,0.6936009670541174,0
40,75.0,25.0,4,hist_gradient_boosting,0,0.18742760977024603,0.6936009670541174,0
40,76.0,24.0,4,hist_gradient_boosting,0,0.21177908323729186,0.6936009670541174,0
40,77.0,23.0,4,hist_gradient_boosting,0,0.030618683990803208,0.6936009670541174,0
40,78.0,22.0,4,hist_gradient_boosting,0,0.3458849061793155,0.6936009670541174,0
40,79.0,21.0,4,hist_gradient_boosting,0,0.8556381754656117,0.6936009670541174,1
40,80.0,20.0,4,hist_gradient_boosting,1,0.9977397640762192,0.6936009670541174,1
40,81.0,19.0,4,hist_gradient_boosting,1,0.9975117266778809,0.6936009670541174,1
40,82.0,18.0,4,hist_gradient_boosting,1,0.9992477773514566,0.6936009670541174,1
40,83.0,17.0,4,hist_gradient_boosting,1,0.9993665011579204,0.6936009670541174,1
40,84.0,16.0,4,hist_gradient_boosting,1,0.9993109038132643,0.6936009670541174,1
40,85.0,15.0,4,hist_gradient_boosting,1,0.9989276164647609,0.6936009670541174,1
40,86.0,14.0,4,hist_gradient_boosting,1,0.9991947490880662,0.6936009670541174,1
40,87.0,13.0,4,hist_gradient_boosting,1,0.9992228023109123,0.6936009670541174,1
40,88.0,12.0,4,hist_gradient_boosting,1,0.9984072905102318,0.6936009670541174,1
40,89.0,11.0,4,hist_gradient_boosting,1,0.9989551193809629,0.6936009670541174,1
40,90.0,10.0,4,hist_gradient_boosting,1,0.9994186699153513,0.6936009670541174,1
40,91.0,9.0,4,hist_gradient_boosting,1,0.997925871613262,0.6936009670541174,1
40,92.0,8.0,4,hist_gradient_boosting,1,0.9996100858681245,0.6936009670541174,1
40,93.0,7.0,4,hist_gradient_boosting,1,0.9996632202225443,0.6936009670541174,1
40,94.0,6.0,4,hist_gradient_boosting,1,0.9996260309499532,0.6936009670541174,1
40,95.0,5.0,4,hist_gradient_boosting,1,0.999212345485664,0.6936009670541174,1
40,96.0,4.0,4,hist_gradient_boosting,1,0.9996947877687301,0.6936009670541174,1
40,97.0,3.0,4,hist_gradient_boosting,1,0.9996485501564535,0.6936009670541174,1
40,98.0,2.0,4,hist_gradient_boosting,1,0.9998230867804525,0.6936009670541174,1
40,99.0,1.0,4,hist_gradient_boosting,1,0.999742168808494,0.6936009670541174,1
40,100.0,0.0,4,hist_gradient_boosting,1,0.9994736645289338,0.6936009670541174,1
41,1.0,66.0,4,hist_gradient_boosting,0,0.00014317966142191285,0.6936009670541174,0
41,2.0,65.0,4,hist_gradient_boosting,0,0.0008051882564909593,0.6936009670541174,0
41,3.0,64.0,4,hist_gradient_boosting,0,0.00011874340249827166,0.6936009670541174,0
41,4.0,63.0,4,hist_gradient_boosting,0,0.0005490987003360908,0.6936009670541174,0
41,5.0,62.0,4,hist_gradient_boosting,0,0.00022075793133545933,0.6936009670541174,0
41,6.0,61.0,4,hist_gradient_boosting,0,0.00016971550574781334,0.6936009670541174,0
41,7.0,60.0,4,hist_gradient_boosting,0,0.00036817774723649693,0.6936009670541174,0
41,8.0,59.0,4,hist_gradient_boosting,0,0.0003633935570615681,0.6936009670541174,0
41,9.0,58.0,4,hist_gradient_boosting,0,0.0001034810693899963,0.6936009670541174,0
41,10.0,57.0,4,hist_gradient_boosting,0,0.00026861785763467424,0.6936009670541174,0
41,11.0,56.0,4,hist_gradient_boosting,0,0.00019517277804632634,0.6936009670541174,0
41,12.0,55.0,4,hist_gradient_boosting,0,0.0003565673014790893,0.6936009670541174,0
41,13.0,54.0,4,hist_gradient_boosting,0,0.0005771548787893898,0.6936009670541174,0
41,14.0,53.0,4,hist_gradient_boosting,0,0.0003632477273241832,0.6936009670541174,0
41,15.0,52.0,4,hist_gradient_boosting,0,0.0002897200903100413,0.6936009670541174,0
41,16.0,51.0,4,hist_gradient_boosting,0,0.00012360792319348013,0.6936009670541174,0
41,17.0,50.0,4,hist_gradient_boosting,0,0.00021280963521512188,0.6936009670541174,0
41,18.0,49.0,4,hist_gradient_boosting,0,0.0002593299350448836,0.6936009670541174,0
41,19.0,48.0,4,hist_gradient_boosting,0,0.0004215219769390826,0.6936009670541174,0
41,20.0,47.0,4,hist_gradient_boosting,0,0.0008435166666394051,0.6936009670541174,0
41,21.0,46.0,4,hist_gradient_boosting,0,0.00087957088218174,0.6936009670541174,0
41,22.0,45.0,4,hist_gradient_boosting,0,0.0005502964472229334,0.6936009670541174,0
41,23.0,44.0,4,hist_gradient_boosting,0,0.00019009514823397147,0.6936009670541174,0
41,24.0,43.0,4,hist_gradient_boosting,0,0.0006402758906138418,0.6936009670541174,0
41,25.0,42.0,4,hist_gradient_boosting,0,0.0002458564739533046,0.6936009670541174,0
41,26.0,41.0,4,hist_gradient_boosting,0,0.0002638990252100117,0.6936009670541174,0
41,27.0,40.0,4,hist_gradient_boosting,0,0.0003124401855765024,0.6936009670541174,0
41,28.0,39.0,4,hist_gradient_boosting,0,0.0005272788262652115,0.6936009670541174,0
41,29.0,38.0,4,hist_gradient_boosting,0,8.416091449264632e-05,0.6936009670541174,0
41,30.0,37.0,4,hist_gradient_boosting,0,0.007428049915889273,0.6936009670541174,0
41,31.0,36.0,4,hist_gradient_boosting,0,0.005469795005421772,0.6936009670541174,0
41,32.0,35.0,4,hist_gradient_boosting,0,0.002837554607952904,0.6936009670541174,0
41,33.0,34.0,4,hist_gradient_boosting,0,0.05664445390881096,0.6936009670541174,0
41,34.0,33.0,4,hist_gradient_boosting,0,0.011905353971882828,0.6936009670541174,0
41,35.0,32.0,4,hist_gradient_boosting,0,0.0072473732682072425,0.6936009670541174,0
41,36.0,31.0,4,hist_gradient_boosting,0,0.01681048445503588,0.6936009670541174,0
41,37.0,30.0,4,hist_gradient_boosting,0,0.009491705951587773,0.6936009670541174,0
41,38.0,29.0,4,hist_gradient_boosting,0,0.03976214189152138,0.6936009670541174,0
41,39.0,28.0,4,hist_gradient_boosting,0,0.1952765969933627,0.6936009670541174,0
41,40.0,27.0,4,hist_gradient_boosting,0,0.17475719040423693,0.6936009670541174,0
41,41.0,26.0,4,hist_gradient_boosting,0,0.04344614291562514,0.6936009670541174,0
41,42.0,25.0,4,hist_gradient_boosting,0,0.06594401331634027,0.6936009670541174,0
41,43.0,24.0,4,hist_gradient_boosting,0,0.018848308336057926,0.6936009670541174,0
41,44.0,23.0,4,hist_gradient_boosting,0,0.008505503007405059,0.6936009670541174,0
41,45.0,22.0,4,hist_gradient_boosting,0,0.018964522987818144,0.6936009670541174,0
41,46.0,21.0,4,hist_gradient_boosting,0,0.007988495463649591,0.6936009670541174,0
41,47.0,20.0,4,hist_gradient_boosting,1,0.18105710400831454,0.6936009670541174,0
41,48.0,19.0,4,hist_gradient_boosting,1,0.8598857141422186,0.6936009670541174,1
41,49.0,18.0,4,hist_gradient_boosting,1,0.7206573243517206,0.6936009670541174,1
41,50.0,17.0,4,hist_gradient_boosting,1,0.8452416933954738,0.6936009670541174,1
41,51.0,16.0,4,hist_gradient_boosting,1,0.8980036258131205,0.6936009670541174,1
41,52.0,15.0,4,hist_gradient_boosting,1,0.9413427275659241,0.6936009670541174,1
41,53.0,14.0,4,hist_gradient_boosting,1,0.8508197520280153,0.6936009670541174,1
41,54.0,13.0,4,hist_gradient_boosting,1,0.9821771518681235,0.6936009670541174,1
41,55.0,12.0,4,hist_gradient_boosting,1,0.9884784994739255,0.6936009670541174,1
41,56.0,11.0,4,hist_gradient_boosting,1,0.9910616076946471,0.6936009670541174,1
41,57.0,10.0,4,hist_gradient_boosting,1,0.9595328334900208,0.6936009670541174,1
41,58.0,9.0,4,hist_gradient_boosting,1,0.9819772346638111,0.6936009670541174,1
41,59.0,8.0,4,hist_gradient_boosting,1,0.9826520075346685,0.6936009670541174,1
41,60.0,7.0,4,hist_gradient_boosting,1,0.9925951843288046,0.6936009670541174,1
41,61.0,6.0,4,hist_gradient_boosting,1,0.9930662470193835,0.6936009670541174,1
41,62.0,5.0,4,hist_gradient_boosting,1,0.9966764650524251,0.6936009670541174,1
41,63.0,4.0,4,hist_gradient_boosting,1,0.9829783636067264,0.6936009670541174,1
41,64.0,3.0,4,hist_gradient_boosting,1,0.9902711194709435,0.6936009670541174,1
41,65.0,2.0,4,hist_gradient_boosting,1,0.9901923671677377,0.6936009670541174,1
41,66.0,1.0,4,hist_gradient_boosting,1,0.9792305928874923,0.6936009670541174,1
41,67.0,0.0,4,hist_gradient_boosting,1,0.9987417670598556,0.6936009670541174,1
42,1.0,84.0,2,hist_gradient_boosting,0,0.00011194947510760175,0.6510141822896698,0
42,2.0,83.0,2,hist_gradient_boosting,0,0.0002669452880994997,0.6510141822896698,0
42,3.0,82.0,2,hist_gradient_boosting,0,0.00010405150544818965,0.6510141822896698,0
42,4.0,81.0,2,hist_gradient_boosting,0,0.00010104749759307004,0.6510141822896698,0
42,5.0,80.0,2,hist_gradient_boosting,0,9.240190680565795e-05,0.6510141822896698,0
42,6.0,79.0,2,hist_gradient_boosting,0,0.0003113141128669227,0.6510141822896698,0
42,7.0,78.0,2,hist_gradient_boosting,0,0.000129942710934341,0.6510141822896698,0
42,8.0,77.0,2,hist_gradient_boosting,0,0.0001465613270039975,0.6510141822896698,0
42,9.0,76.0,2,hist_gradient_boosting,0,0.0001225162886537031,0.6510141822896698,0
42,10.0,75.0,2,hist_gradient_boosting,0,0.00039068965888540804,0.6510141822896698,0
42,11.0,74.0,2,hist_gradient_boosting,0,0.0002457750338361237,0.6510141822896698,0
42,12.0,73.0,2,hist_gradient_boosting,0,0.00012467792273312525,0.6510141822896698,0
42,13.0,72.0,2,hist_gradient_boosting,0,0.00026677556311631987,0.6510141822896698,0
42,14.0,71.0,2,hist_gradient_boosting,0,0.0004086019249215031,0.6510141822896698,0
42,15.0,70.0,2,hist_gradient_boosting,0,6.472511363857978e-05,0.6510141822896698,0
42,16.0,69.0,2,hist_gradient_boosting,0,8.500470381783752e-05,0.6510141822896698,0
42,17.0,68.0,2,hist_gradient_boosting,0,0.0002325414797078675,0.6510141822896698,0
42,18.0,67.0,2,hist_gradient_boosting,0,0.00011582786861272142,0.6510141822896698,0
42,19.0,66.0,2,hist_gradient_boosting,0,0.0005101468589744965,0.6510141822896698,0
42,20.0,65.0,2,hist_gradient_boosting,0,0.00016958515625904922,0.6510141822896698,0
42,21.0,64.0,2,hist_gradient_boosting,0,8.800595140884503e-05,0.6510141822896698,0
42,22.0,63.0,2,hist_gradient_boosting,0,0.0003408669001416082,0.6510141822896698,0
42,23.0,62.0,2,hist_gradient_boosting,0,0.00010543651284807726,0.6510141822896698,0
42,24.0,61.0,2,hist_gradient_boosting,0,0.0003253389750874755,0.6510141822896698,0
42,25.0,60.0,2,hist_gradient_boosting,0,0.00010973644721554577,0.6510141822896698,0
42,26.0,59.0,2,hist_gradient_boosting,0,7.972647634127647e-05,0.6510141822896698,0
42,27.0,58.0,2,hist_gradient_boosting,0,7.823990857954027e-05,0.6510141822896698,0
42,28.0,57.0,2,hist_gradient_boosting,0,0.000800100568265622,0.6510141822896698,0
42,29.0,56.0,2,hist_gradient_boosting,0,0.004654910645790193,0.6510141822896698,0
42,30.0,55.0,2,hist_gradient_boosting,0,0.003071219539683798,0.6510141822896698,0
42,31.0,54.0,2,hist_gradient_boosting,0,0.010844041105781166,0.6510141822896698,0
42,32.0,53.0,2,hist_gradient_boosting,0,0.001912166662616344,0.6510141822896698,0
42,33.0,52.0,2,hist_gradient_boosting,0,0.011342088055263683,0.6510141822896698,0
42,34.0,51.0,2,hist_gradient_boosting,0,0.006017502592626968,0.6510141822896698,0
42,35.0,50.0,2,hist_gradient_boosting,0,0.012708189677511651,0.6510141822896698,0
42,36.0,49.0,2,hist_gradient_boosting,0,0.0023182905991628567,0.6510141822896698,0
42,37.0,48.0,2,hist_gradient_boosting,0,0.0033090586130086743,0.6510141822896698,0
42,38.0,47.0,2,hist_gradient_boosting,0,0.006531334258252371,0.6510141822896698,0
42,39.0,46.0,2,hist_gradient_boosting,0,0.035288889532261,0.6510141822896698,0
42,40.0,45.0,2,hist_gradient_boosting,0,0.007335816089852217,0.6510141822896698,0
42,41.0,44.0,2,hist_gradient_boosting,0,0.007736730007065348,0.6510141822896698,0
42,42.0,43.0,2,hist_gradient_boosting,0,0.01993148975792188,0.6510141822896698,0
42,43.0,42.0,2,hist_gradient_boosting,0,0.008615327304877709,0.6510141822896698,0
42,44.0,41.0,2,hist_gradient_boosting,0,0.005745221298505643,0.6510141822896698,0
42,45.0,40.0,2,hist_gradient_boosting,0,0.00418209864300511,0.6510141822896698,0
42,46.0,39.0,2,hist_gradient_boosting,0,0.02977068630629523,0.6510141822896698,0
42,47.0,38.0,2,hist_gradient_boosting,0,0.037495701344988794,0.6510141822896698,0
42,48.0,37.0,2,hist_gradient_boosting,0,0.024279723319896918,0.6510141822896698,0
42,49.0,36.0,2,hist_gradient_boosting,0,0.03291512168503448,0.6510141822896698,0
42,50.0,35.0,2,hist_gradient_boosting,0,0.048739140233906283,0.6510141822896698,0
42,51.0,34.0,2,hist_gradient_boosting,0,0.03189509956091525,0.6510141822896698,0
42,52.0,33.0,2,hist_gradient_boosting,0,0.02194922125443628,0.6510141822896698,0
42,53.0,32.0,2,hist_gradient_boosting,0,0.013850131038285904,0.6510141822896698,0
42,54.0,31.0,2,hist_gradient_boosting,0,0.03664805038696531,0.6510141822896698,0
42,55.0,30.0,2,hist_gradient_boosting,0,0.01688790152246681,0.6510141822896698,0
42,56.0,29.0,2,hist_gradient_boosting,0,0.022240294113725648,0.6510141822896698,0
42,57.0,28.0,2,hist_gradient_boosting,0,0.05433407840878112,0.6510141822896698,0
42,58.0,27.0,2,hist_gradient_boosting,0,0.5054888685711796,0.6510141822896698,0
42,59.0,26.0,2,hist_gradient_boosting,0,0.1309004487161657,0.6510141822896698,0
42,60.0,25.0,2,hist_gradient_boosting,0,0.8634683246059489,0.6510141822896698,1
42,61.0,24.0,2,hist_gradient_boosting,0,0.6550618074141434,0.6510141822896698,1
42,62.0,23.0,2,hist_gradient_boosting,0,0.7477256061860867,0.6510141822896698,1
42,63.0,22.0,2,hist_gradient_boosting,0,0.8755540284430666,0.6510141822896698,1
42,64.0,21.0,2,hist_gradient_boosting,0,0.46140400494807626,0.6510141822896698,0
42,65.0,20.0,2,hist_gradient_boosting,1,0.7262305030538561,0.6510141822896698,1
42,66.0,19.0,2,hist_gradient_boosting,1,0.9787623820656894,0.6510141822896698,1
42,67.0,18.0,2,hist_gradient_boosting,1,0.8833403085707193,0.6510141822896698,1
42,68.0,17.0,2,hist_gradient_boosting,1,0.44841786074609796,0.6510141822896698,0
42,69.0,16.0,2,hist_gradient_boosting,1,0.9369774498263654,0.6510141822896698,1
42,70.0,15.0,2,hist_gradient_boosting,1,0.9549472179345369,0.6510141822896698,1
42,71.0,14.0,2,hist_gradient_boosting,1,0.9096246265582387,0.6510141822896698,1
42,72.0,13.0,2,hist_gradient_boosting,1,0.7733093517512705,0.6510141822896698,1
42,73.0,12.0,2,hist_gradient_boosting,1,0.9622598483054912,0.6510141822896698,1
42,74.0,11.0,2,hist_gradient_boosting,1,0.7481437411624006,0.6510141822896698,1
42,75.0,10.0,2,hist_gradient_boosting,1,0.952624876043801,0.6510141822896698,1
42,76.0,9.0,2,hist_gradient_boosting,1,0.9537581070805431,0.6510141822896698,1
42,77.0,8.0,2,hist_gradient_boosting,1,0.9972042605439251,0.6510141822896698,1
42,78.0,7.0,2,hist_gradient_boosting,1,0.6750910872144574,0.6510141822896698,1
42,79.0,6.0,2,hist_gradient_boosting,1,0.9711933508298609,0.6510141822896698,1
42,80.0,5.0,2,hist_gradient_boosting,1,0.9989667272800121,0.6510141822896698,1
42,81.0,4.0,2,hist_gradient_boosting,1,0.9995825400154588,0.6510141822896698,1
42,82.0,3.0,2,hist_gradient_boosting,1,0.9991207414121734,0.6510141822896698,1
42,83.0,2.0,2,hist_gradient_boosting,1,0.9997121193182037,0.6510141822896698,1
42,84.0,1.0,2,hist_gradient_boosting,1,0.9995699921804578,0.6510141822896698,1
42,85.0,0.0,2,hist_gradient_boosting,1,0.999644451756992,0.6510141822896698,1
43,1.0,90.0,3,hist_gradient_boosting,0,0.00021970535386908282,0.6323221630840011,0
43,2.0,89.0,3,hist_gradient_boosting,0,5.58202198314623e-05,0.6323221630840011,0
43,3.0,88.0,3,hist_gradient_boosting,0,6.304312828611769e-05,0.6323221630840011,0
43,4.0,87.0,3,hist_gradient_boosting,0,9.100793252554985e-05,0.6323221630840011,0
43,5.0,86.0,3,hist_gradient_boosting,0,8.263362852938039e-05,0.6323221630840011,0
43,6.0,85.0,3,hist_gradient_boosting,0,8.164836091132454e-05,0.6323221630840011,0
43,7.0,84.0,3,hist_gradient_boosting,0,0.00010510026525496547,0.6323221630840011,0
43,8.0,83.0,3,hist_gradient_boosting,0,3.443192661958653e-05,0.6323221630840011,0
43,9.0,82.0,3,hist_gradient_boosting,0,5.8637362506287894e-05,0.6323221630840011,0
43,10.0,81.0,3,hist_gradient_boosting,0,3.6395123408795396e-05,0.6323221630840011,0
43,11.0,80.0,3,hist_gradient_boosting,0,0.00010136026308563827,0.6323221630840011,0
43,12.0,79.0,3,hist_gradient_boosting,0,0.00015381524949112523,0.6323221630840011,0
43,13.0,78.0,3,hist_gradient_boosting,0,0.0001628306588757956,0.6323221630840011,0
43,14.0,77.0,3,hist_gradient_boosting,0,7.350844835153213e-05,0.6323221630840011,0
43,15.0,76.0,3,hist_gradient_boosting,0,7.030510919100835e-05,0.6323221630840011,0
43,16.0,75.0,3,hist_gradient_boosting,0,5.599906796811009e-05,0.6323221630840011,0
43,17.0,74.0,3,hist_gradient_boosting,0,0.00010931808497041785,0.6323221630840011,0
43,18.0,73.0,3,hist_gradient_boosting,0,5.5536218682998506e-05,0.6323221630840011,0
43,19.0,72.0,3,hist_gradient_boosting,0,0.0001722730504763989,0.6323221630840011,0
43,20.0,71.0,3,hist_gradient_boosting,0,6.697510278445768e-05,0.6323221630840011,0
43,21.0,70.0,3,hist_gradient_boosting,0,5.5423079661812636e-05,0.6323221630840011,0
43,22.0,69.0,3,hist_gradient_boosting,0,0.0001844713719890252,0.6323221630840011,0
43,23.0,68.0,3,hist_gradient_boosting,0,4.725198648615971e-05,0.6323221630840011,0
43,24.0,67.0,3,hist_gradient_boosting,0,3.0451152815288673e-05,0.6323221630840011,0
43,25.0,66.0,3,hist_gradient_boosting,0,0.00017540725158742863,0.6323221630840011,0
43,26.0,65.0,3,hist_gradient_boosting,0,0.00015381524949112523,0.6323221630840011,0
43,27.0,64.0,3,hist_gradient_boosting,0,6.752804011645297e-05,0.6323221630840011,0
43,28.0,63.0,3,hist_gradient_boosting,0,0.00030010059277655026,0.6323221630840011,0
43,29.0,62.0,3,hist_gradient_boosting,0,0.0002227693453603596,0.6323221630840011,0
43,30.0,61.0,3,hist_gradient_boosting,0,0.00038691922767815964,0.6323221630840011,0
43,31.0,60.0,3,hist_gradient_boosting,0,0.00015548450856758933,0.6323221630840011,0
43,32.0,59.0,3,hist_gradient_boosting,0,0.0003570976069170608,0.6323221630840011,0
43,33.0,58.0,3,hist_gradient_boosting,0,0.000296365987279778,0.6323221630840011,0
43,34.0,57.0,3,hist_gradient_boosting,0,0.0008571159063701883,0.6323221630840011,0
43,35.0,56.0,3,hist_gradient_boosting,0,0.0010577130281621363,0.6323221630840011,0
43,36.0,55.0,3,hist_gradient_boosting,0,0.0019272348244848457,0.6323221630840011,0
43,37.0,54.0,3,hist_gradient_boosting,0,0.001523928044916634,0.6323221630840011,0
43,38.0,53.0,3,hist_gradient_boosting,0,0.0015705274681831673,0.6323221630840011,0
43,39.0,52.0,3,hist_gradient_boosting,0,0.002775513442013972,0.6323221630840011,0
43,40.0,51.0,3,hist_gradient_boosting,0,0.002076635549486246,0.6323221630840011,0
43,41.0,50.0,3,hist_gradient_boosting,0,0.004302521167250999,0.6323221630840011,0
43,42.0,49.0,3,hist_gradient_boosting,0,0.0007149162503412673,0.6323221630840011,0
43,43.0,48.0,3,hist_gradient_boosting,0,0.0043742017549809106,0.6323221630840011,0
43,44.0,47.0,3,hist_gradient_boosting,0,0.001094020885047823,0.6323221630840011,0
43,45.0,46.0,3,hist_gradient_boosting,0,0.005983343569247523,0.6323221630840011,0
43,46.0,45.0,3,hist_gradient_boosting,0,0.001342446272699523,0.6323221630840011,0
43,47.0,44.0,3,hist_gradient_boosting,0,0.007965180910394432,0.6323221630840011,0
43,48.0,43.0,3,hist_gradient_boosting,0,0.03906442877761157,0.6323221630840011,0
43,49.0,42.0,3,hist_gradient_boosting,0,0.00796623943455886,0.6323221630840011,0
43,50.0,41.0,3,hist_gradient_boosting,0,0.036441219489832324,0.6323221630840011,0
43,51.0,40.0,3,hist_gradient_boosting,0,0.0022202268859562533,0.6323221630840011,0
43,52.0,39.0,3,hist_gradient_boosting,0,0.02798064420774381,0.6323221630840011,0
43,53.0,38.0,3,hist_gradient_boosting,0,0.012015907060114357,0.6323221630840011,0
43,54.0,37.0,3,hist_gradient_boosting,0,0.0874711017422309,0.6323221630840011,0
43,55.0,36.0,3,hist_gradient_boosting,0,0.0037471505067194016,0.6323221630840011,0
43,56.0,35.0,3,hist_gradient_boosting,0,0.019415289512988633,0.6323221630840011,0
43,57.0,34.0,3,hist_gradient_boosting,0,0.024997784072432548,0.6323221630840011,0
43,58.0,33.0,3,hist_gradient_boosting,0,0.017382117418874198,0.6323221630840011,0
43,59.0,32.0,3,hist_gradient_boosting,0,0.04642434976209724,0.6323221630840011,0
43,60.0,31.0,3,hist_gradient_boosting,0,0.02078505179694951,0.6323221630840011,0
43,61.0,30.0,3,hist_gradient_boosting,0,0.028967688366497366,0.6323221630840011,0
43,62.0,29.0,3,hist_gradient_boosting,0,0.009720726193333534,0.6323221630840011,0
43,63.0,28.0,3,hist_gradient_boosting,0,0.5478966319234982,0.6323221630840011,0
43,64.0,27.0,3,hist_gradient_boosting,0,0.36656195196730185,0.6323221630840011,0
43,65.0,26.0,3,hist_gradient_boosting,0,0.45103515072846806,0.6323221630840011,0
43,66.0,25.0,3,hist_gradient_boosting,0,0.18007036581538483,0.6323221630840011,0
43,67.0,24.0,3,hist_gradient_boosting,0,0.5637808551123947,0.6323221630840011,0
43,68.0,23.0,3,hist_gradient_boosting,0,0.9647416392861204,0.6323221630840011,1
43,69.0,22.0,3,hist_gradient_boosting,0,0.6842384688710823,0.6323221630840011,1
43,70.0,21.0,3,hist_gradient_boosting,0,0.607969131845469,0.6323221630840011,0
43,71.0,20.0,3,hist_gradient_boosting,1,0.4729060054727032,0.6323221630840011,0
43,72.0,19.0,3,hist_gradient_boosting,1,0.3308416771118064,0.6323221630840011,0
43,73.0,18.0,3,hist_gradient_boosting,1,0.5073624757392223,0.6323221630840011,0
43,74.0,17.0,3,hist_gradient_boosting,1,0.4812956724294542,0.6323221630840011,0
43,75.0,16.0,3,hist_gradient_boosting,1,0.9293179763778666,0.6323221630840011,1
43,76.0,15.0,3,hist_gradient_boosting,1,0.864603463602318,0.6323221630840011,1
43,77.0,14.0,3,hist_gradient_boosting,1,0.9588046058778406,0.6323221630840011,1
43,78.0,13.0,3,hist_gradient_boosting,1,0.9541890851735083,0.6323221630840011,1
43,79.0,12.0,3,hist_gradient_boosting,1,0.9949203230094754,0.6323221630840011,1
43,80.0,11.0,3,hist_gradient_boosting,1,0.999503943907747,0.6323221630840011,1
43,81.0,10.0,3,hist_gradient_boosting,1,0.9996624318667066,0.6323221630840011,1
43,82.0,9.0,3,hist_gradient_boosting,1,0.999394555283844,0.6323221630840011,1
43,83.0,8.0,3,hist_gradient_boosting,1,0.9993061473922623,0.6323221630840011,1
43,84.0,7.0,3,hist_gradient_boosting,1,0.9997485922456177,0.6323221630840011,1
43,85.0,6.0,3,hist_gradient_boosting,1,0.9997181767500898,0.6323221630840011,1
43,86.0,5.0,3,hist_gradient_boosting,1,0.9992518376129657,0.6323221630840011,1
43,87.0,4.0,3,hist_gradient_boosting,1,0.9998213658789025,0.6323221630840011,1
43,88.0,3.0,3,hist_gradient_boosting,1,0.9995299846253988,0.6323221630840011,1
43,89.0,2.0,3,hist_gradient_boosting,1,0.9996540902029513,0.6323221630840011,1
43,90.0,1.0,3,hist_gradient_boosting,1,0.9997989337525462,0.6323221630840011,1
43,91.0,0.0,3,hist_gradient_boosting,1,0.9998336826116261,0.6323221630840011,1
44,1.0,68.0,4,hist_gradient_boosting,0,0.00025898884789755987,0.6936009670541174,0
44,2.0,67.0,4,hist_gradient_boosting,0,0.0004067235921744174,0.6936009670541174,0
44,3.0,66.0,4,hist_gradient_boosting,0,0.0003212938253734989,0.6936009670541174,0
44,4.0,65.0,4,hist_gradient_boosting,0,0.00037392417843523234,0.6936009670541174,0
44,5.0,64.0,4,hist_gradient_boosting,0,0.0004466247770842042,0.6936009670541174,0
44,6.0,63.0,4,hist_gradient_boosting,0,0.00011012827723639081,0.6936009670541174,0
44,7.0,62.0,4,hist_gradient_boosting,0,0.00022644258289006422,0.6936009670541174,0
44,8.0,61.0,4,hist_gradient_boosting,0,0.003734818931466736,0.6936009670541174,0
44,9.0,60.0,4,hist_gradient_boosting,0,0.00032533575214879415,0.6936009670541174,0
44,10.0,59.0,4,hist_gradient_boosting,0,0.0011491125409524732,0.6936009670541174,0
44,11.0,58.0,4,hist_gradient_boosting,0,0.0011991767920683553,0.6936009670541174,0
44,12.0,57.0,4,hist_gradient_boosting,0,0.0003330003204034891,0.6936009670541174,0
44,13.0,56.0,4,hist_gradient_boosting,0,0.00016219810714706364,0.6936009670541174,0
44,14.0,55.0,4,hist_gradient_boosting,0,0.00013437340225078893,0.6936009670541174,0
44,15.0,54.0,4,hist_gradient_boosting,0,0.0003109206189979006,0.6936009670541174,0
44,16.0,53.0,4,hist_gradient_boosting,0,0.000313657835598391,0.6936009670541174,0
44,17.0,52.0,4,hist_gradient_boosting,0,0.0005217998921392495,0.6936009670541174,0
44,18.0,51.0,4,hist_gradient_boosting,0,0.0003463618946645948,0.6936009670541174,0
44,19.0,50.0,4,hist_gradient_boosting,0,0.003866490937666277,0.6936009670541174,0
44,20.0,49.0,4,hist_gradient_boosting,0,0.0005056610353042793,0.6936009670541174,0
44,21.0,48.0,4,hist_gradient_boosting,0,0.00014061577128009976,0.6936009670541174,0
44,22.0,47.0,4,hist_gradient_boosting,0,0.00026491697943539945,0.6936009670541174,0
44,23.0,46.0,4,hist_gradient_boosting,0,0.00017638778908012732,0.6936009670541174,0
44,24.0,45.0,4,hist_gradient_boosting,0,0.00018613095774539448,0.6936009670541174,0
44,25.0,44.0,4,hist_gradient_boosting,0,0.0002582508298438552,0.6936009670541174,0
44,26.0,43.0,4,hist_gradient_boosting,0,0.0002021206739323379,0.6936009670541174,0
44,27.0,42.0,4,hist_gradient_boosting,0,8.645367920377136e-05,0.6936009670541174,0
44,28.0,41.0,4,hist_gradient_boosting,0,0.0003570045553633395,0.6936009670541174,0
44,29.0,40.0,4,hist_gradient_boosting,0,0.00031203134220727483,0.6936009670541174,0
44,30.0,39.0,4,hist_gradient_boosting,0,0.0036553891493225073,0.6936009670541174,0
44,31.0,38.0,4,hist_gradient_boosting,0,0.0059179903263573115,0.6936009670541174,0
44,32.0,37.0,4,hist_gradient_boosting,0,0.021527821663415353,0.6936009670541174,0
44,33.0,36.0,4,hist_gradient_boosting,0,0.036864383604106196,0.6936009670541174,0
44,34.0,35.0,4,hist_gradient_boosting,0,0.011038483172781988,0.6936009670541174,0
44,35.0,34.0,4,hist_gradient_boosting,0,0.016828238365645093,0.6936009670541174,0
44,36.0,33.0,4,hist_gradient_boosting,0,0.05124676915273783,0.6936009670541174,0
44,37.0,32.0,4,hist_gradient_boosting,0,0.011272491669547866,0.6936009670541174,0
44,38.0,31.0,4,hist_gradient_boosting,0,0.14915657574595714,0.6936009670541174,0
44,39.0,30.0,4,hist_gradient_boosting,0,0.011125377528383391,0.6936009670541174,0
44,40.0,29.0,4,hist_gradient_boosting,0,0.015657307136634217,0.6936009670541174,0
44,41.0,28.0,4,hist_gradient_boosting,0,0.016384499224339787,0.6936009670541174,0
44,42.0,27.0,4,hist_gradient_boosting,0,0.023045718633328268,0.6936009670541174,0
44,43.0,26.0,4,hist_gradient_boosting,0,0.07160434020967014,0.6936009670541174,0
44,44.0,25.0,4,hist_gradient_boosting,0,0.22457273693607743,0.6936009670541174,0
44,45.0,24.0,4,hist_gradient_boosting,0,0.2489256285211207,0.6936009670541174,0
44,46.0,23.0,4,hist_gradient_boosting,0,0.06569092916403804,0.6936009670541174,0
44,47.0,22.0,4,hist_gradient_boosting,0,0.09982546930817242,0.6936009670541174,0
44,48.0,21.0,4,hist_gradient_boosting,0,0.03658131984319031,0.6936009670541174,0
44,49.0,20.0,4,hist_gradient_boosting,1,0.8827937283245023,0.6936009670541174,1
44,50.0,19.0,4,hist_gradient_boosting,1,0.9338889006303371,0.6936009670541174,1
44,51.0,18.0,4,hist_gradient_boosting,1,0.955239266796998,0.6936009670541174,1
44,52.0,17.0,4,hist_gradient_boosting,1,0.9728799775868127,0.6936009670541174,1
44,53.0,16.0,4,hist_gradient_boosting,1,0.8469385084788974,0.6936009670541174,1
44,54.0,15.0,4,hist_gradient_boosting,1,0.9222324865822832,0.6936009670541174,1
44,55.0,14.0,4,hist_gradient_boosting,1,0.769317710634758,0.6936009670541174,1
44,56.0,13.0,4,hist_gradient_boosting,1,0.9852169621380663,0.6936009670541174,1
44,57.0,12.0,4,hist_gradient_boosting,1,0.9308923437970569,0.6936009670541174,1
44,58.0,11.0,4,hist_gradient_boosting,1,0.9903705662143126,0.6936009670541174,1
44,59.0,10.0,4,hist_gradient_boosting,1,0.9791793773269265,0.6936009670541174,1
44,60.0,9.0,4,hist_gradient_boosting,1,0.9812635679851144,0.6936009670541174,1
44,61.0,8.0,4,hist_gradient_boosting,1,0.973747888882666,0.6936009670541174,1
44,62.0,7.0,4,hist_gradient_boosting,1,0.9972168677314673,0.6936009670541174,1
44,63.0,6.0,4,hist_gradient_boosting,1,0.9909054677881729,0.6936009670541174,1
44,64.0,5.0,4,hist_gradient_boosting,1,0.996021136617005,0.6936009670541174,1
44,65.0,4.0,4,hist_gradient_boosting,1,0.9978161305238904,0.6936009670541174,1
44,66.0,3.0,4,hist_gradient_boosting,1,0.9987085315763066,0.6936009670541174,1
44,67.0,2.0,4,hist_gradient_boosting,1,0.9986214323479932,0.6936009670541174,1
44,68.0,1.0,4,hist_gradient_boosting,1,0.9984078835377147,0.6936009670541174,1
44,69.0,0.0,4,hist_gradient_boosting,1,0.9980544449207812,0.6936009670541174,1
45,1.0,81.0,4,hist_gradient_boosting,0,8.765067247002968e-05,0.6936009670541174,0
45,2.0,80.0,4,hist_gradient_boosting,0,4.408639751878767e-05,0.6936009670541174,0
45,3.0,79.0,4,hist_gradient_boosting,0,8.438491271411612e-05,0.6936009670541174,0
45,4.0,78.0,4,hist_gradient_boosting,0,7.756171051558124e-05,0.6936009670541174,0
45,5.0,77.0,4,hist_gradient_boosting,0,3.0232052155027518e-05,0.6936009670541174,0
45,6.0,76.0,4,hist_gradient_boosting,0,3.247696751270782e-05,0.6936009670541174,0
45,7.0,75.0,4,hist_gradient_boosting,0,0.00010785018496272129,0.6936009670541174,0
45,8.0,74.0,4,hist_gradient_boosting,0,0.00014059171330265313,0.6936009670541174,0
45,9.0,73.0,4,hist_gradient_boosting,0,6.434360056593638e-05,0.6936009670541174,0
45,10.0,72.0,4,hist_gradient_boosting,0,7.455994102737269e-05,0.6936009670541174,0
45,11.0,71.0,4,hist_gradient_boosting,0,2.9795392350634182e-05,0.6936009670541174,0
45,12.0,70.0,4,hist_gradient_boosting,0,8.90435069030763e-05,0.6936009670541174,0
45,13.0,69.0,4,hist_gradient_boosting,0,9.565123753783671e-05,0.6936009670541174,0
45,14.0,68.0,4,hist_gradient_boosting,0,0.00010671255469724702,0.6936009670541174,0
45,15.0,67.0,4,hist_gradient_boosting,0,0.0001664163896320299,0.6936009670541174,0
45,16.0,66.0,4,hist_gradient_boosting,0,0.00013478279513802095,0.6936009670541174,0
45,17.0,65.0,4,hist_gradient_boosting,0,3.9056529917748e-05,0.6936009670541174,0
45,18.0,64.0,4,hist_gradient_boosting,0,8.109577337676173e-05,0.6936009670541174,0
45,19.0,63.0,4,hist_gradient_boosting,0,0.00020461679015589795,0.6936009670541174,0
45,20.0,62.0,4,hist_gradient_boosting,0,0.0002323457270358503,0.6936009670541174,0
45,21.0,61.0,4,hist_gradient_boosting,0,0.00011953721860675082,0.6936009670541174,0
45,22.0,60.0,4,hist_gradient_boosting,0,0.00010994774586695737,0.6936009670541174,0
45,23.0,59.0,4,hist_gradient_boosting,0,8.268184840148637e-05,0.6936009670541174,0
45,24.0,58.0,4,hist_gradient_boosting,0,6.568993331044468e-05,0.6936009670541174,0
45,25.0,57.0,4,hist_gradient_boosting,0,7.756171051558124e-05,0.6936009670541174,0
45,26.0,56.0,4,hist_gradient_boosting,0,0.00019229398020521385,0.6936009670541174,0
45,27.0,55.0,4,hist_gradient_boosting,0,0.00012914732604883358,0.6936009670541174,0
45,28.0,54.0,4,hist_gradient_boosting,0,0.00012325350572951765,0.6936009670541174,0
45,29.0,53.0,4,hist_gradient_boosting,0,4.482261963683231e-05,0.6936009670541174,0
45,30.0,52.0,4,hist_gradient_boosting,0,0.000441919888963921,0.6936009670541174,0
45,31.0,51.0,4,hist_gradient_boosting,0,0.0002494214313206023,0.6936009670541174,0
45,32.0,50.0,4,hist_gradient_boosting,0,0.002995294528147127,0.6936009670541174,0
45,33.0,49.0,4,hist_gradient_boosting,0,0.00028003801111964387,0.6936009670541174,0
45,34.0,48.0,4,hist_gradient_boosting,0,0.001761338329300675,0.6936009670541174,0
45,35.0,47.0,4,hist_gradient_boosting,0,0.0002488359415907384,0.6936009670541174,0
45,36.0,46.0,4,hist_gradient_boosting,0,0.01352992512379588,0.6936009670541174,0
45,37.0,45.0,4,hist_gradient_boosting,0,0.0031584366093230175,0.6936009670541174,0
45,38.0,44.0,4,hist_gradient_boosting,0,0.00782721715319473,0.6936009670541174,0
45,39.0,43.0,4,hist_gradient_boosting,0,0.022726971888900525,0.6936009670541174,0
45,40.0,42.0,4,hist_gradient_boosting,0,0.0014826810584317126,0.6936009670541174,0
45,41.0,41.0,4,hist_gradient_boosting,0,0.000653021672025822,0.6936009670541174,0
45,42.0,40.0,4,hist_gradient_boosting,0,0.001654783584843654,0.6936009670541174,0
45,43.0,39.0,4,hist_gradient_boosting,0,0.003113842757548818,0.6936009670541174,0
45,44.0,38.0,4,hist_gradient_boosting,0,0.00139943028849503,0.6936009670541174,0
45,45.0,37.0,4,hist_gradient_boosting,0,0.0026482782866012683,0.6936009670541174,0
45,46.0,36.0,4,hist_gradient_boosting,0,0.012531110914644907,0.6936009670541174,0
45,47.0,35.0,4,hist_gradient_boosting,0,0.004708139213392013,0.6936009670541174,0
45,48.0,34.0,4,hist_gradient_boosting,0,0.009573132389748234,0.6936009670541174,0
45,49.0,33.0,4,hist_gradient_boosting,0,0.011923658647134456,0.6936009670541174,0
45,50.0,32.0,4,hist_gradient_boosting,0,0.003527345742419294,0.6936009670541174,0
45,51.0,31.0,4,hist_gradient_boosting,0,0.02319067125172764,0.6936009670541174,0
45,52.0,30.0,4,hist_gradient_boosting,0,0.017401655495492444,0.6936009670541174,0
45,53.0,29.0,4,hist_gradient_boosting,0,0.03760702594169518,0.6936009670541174,0
45,54.0,28.0,4,hist_gradient_boosting,0,0.041220752516657154,0.6936009670541174,0
45,55.0,27.0,4,hist_gradient_boosting,0,0.03763269935080506,0.6936009670541174,0
45,56.0,26.0,4,hist_gradient_boosting,0,0.03283313267786324,0.6936009670541174,0
45,57.0,25.0,4,hist_gradient_boosting,0,0.047449120121120215,0.6936009670541174,0
45,58.0,24.0,4,hist_gradient_boosting,0,0.009078074869864432,0.6936009670541174,0
45,59.0,23.0,4,hist_gradient_boosting,0,0.14192315685712215,0.6936009670541174,0
45,60.0,22.0,4,hist_gradient_boosting,0,0.027930038801867077,0.6936009670541174,0
45,61.0,21.0,4,hist_gradient_boosting,0,0.02559128118061986,0.6936009670541174,0
45,62.0,20.0,4,hist_gradient_boosting,1,0.6958487137134507,0.6936009670541174,1
45,63.0,19.0,4,hist_gradient_boosting,1,0.4791529260859652,0.6936009670541174,0
45,64.0,18.0,4,hist_gradient_boosting,1,0.8805909468054337,0.6936009670541174,1
45,65.0,17.0,4,hist_gradient_boosting,1,0.9207207251341732,0.6936009670541174,1
45,66.0,16.0,4,hist_gradient_boosting,1,0.944605988649619,0.6936009670541174,1
45,67.0,15.0,4,hist_gradient_boosting,1,0.9826993125331952,0.6936009670541174,1
45,68.0,14.0,4,hist_gradient_boosting,1,0.9915293415437794,0.6936009670541174,1
45,69.0,13.0,4,hist_gradient_boosting,1,0.8007573238181174,0.6936009670541174,1
45,70.0,12.0,4,hist_gradient_boosting,1,0.9214932077164811,0.6936009670541174,1
45,71.0,11.0,4,hist_gradient_boosting,1,0.9175481074330883,0.6936009670541174,1
45,72.0,10.0,4,hist_gradient_boosting,1,0.9878643642998989,0.6936009670541174,1
45,73.0,9.0,4,hist_gradient_boosting,1,0.9174141522335458,0.6936009670541174,1
45,74.0,8.0,4,hist_gradient_boosting,1,0.9917958074367637,0.6936009670541174,1
45,75.0,7.0,4,hist_gradient_boosting,1,0.9945279559880403,0.6936009670541174,1
45,76.0,6.0,4,hist_gradient_boosting,1,0.9982500353863183,0.6936009670541174,1
45,77.0,5.0,4,hist_gradient_boosting,1,0.9790288618052757,0.6936009670541174,1
45,78.0,4.0,4,hist_gradient_boosting,1,0.9261253278360027,0.6936009670541174,1
45,79.0,3.0,4,hist_gradient_boosting,1,0.9634723468107113,0.6936009670541174,1
45,80.0,2.0,4,hist_gradient_boosting,1,0.9992701279616311,0.6936009670541174,1
45,81.0,1.0,4,hist_gradient_boosting,1,0.999843994928755,0.6936009670541174,1
45,82.0,0.0,4,hist_gradient_boosting,1,0.9998720848530263,0.6936009670541174,1
46,1.0,77.0,3,hist_gradient_boosting,0,0.00011358510207694856,0.6323221630840011,0
46,2.0,76.0,3,hist_gradient_boosting,0,0.00016043264323734212,0.6323221630840011,0
46,3.0,75.0,3,hist_gradient_boosting,0,0.00011290553106396478,0.6323221630840011,0
46,4.0,74.0,3,hist_gradient_boosting,0,0.0002703801006886394,0.6323221630840011,0
46,5.0,73.0,3,hist_gradient_boosting,0,0.00014188816796920523,0.6323221630840011,0
46,6.0,72.0,3,hist_gradient_boosting,0,0.00012783718947056825,0.6323221630840011,0
46,7.0,71.0,3,hist_gradient_boosting,0,6.956517792813139e-05,0.6323221630840011,0
46,8.0,70.0,3,hist_gradient_boosting,0,0.00012181781833383211,0.6323221630840011,0
46,9.0,69.0,3,hist_gradient_boosting,0,0.00014966149330527723,0.6323221630840011,0
46,10.0,68.0,3,hist_gradient_boosting,0,0.0001572188745683679,0.6323221630840011,0
46,11.0,67.0,3,hist_gradient_boosting,0,5.9112793367959015e-05,0.6323221630840011,0
46,12.0,66.0,3,hist_gradient_boosting,0,7.574210151082555e-05,0.6323221630840011,0
46,13.0,65.0,3,hist_gradient_boosting,0,0.00019081052051508673,0.6323221630840011,0
46,14.0,64.0,3,hist_gradient_boosting,0,0.0001364668066728821,0.6323221630840011,0
46,15.0,63.0,3,hist_gradient_boosting,0,0.00012780661463538718,0.6323221630840011,0
46,16.0,62.0,3,hist_gradient_boosting,0,0.00011976384316073113,0.6323221630840011,0
46,17.0,61.0,3,hist_gradient_boosting,0,0.00022796436172453668,0.6323221630840011,0
46,18.0,60.0,3,hist_gradient_boosting,0,8.227286037385663e-05,0.6323221630840011,0
46,19.0,59.0,3,hist_gradient_boosting,0,0.00013267504548086667,0.6323221630840011,0
46,20.0,58.0,3,hist_gradient_boosting,0,0.00013373304825802686,0.6323221630840011,0
46,21.0,57.0,3,hist_gradient_boosting,0,4.7378958162825225e-05,0.6323221630840011,0
46,22.0,56.0,3,hist_gradient_boosting,0,0.0001488426827716169,0.6323221630840011,0
46,23.0,55.0,3,hist_gradient_boosting,0,0.00013665419713731406,0.6323221630840011,0
46,24.0,54.0,3,hist_gradient_boosting,0,0.00011299668024904638,0.6323221630840011,0
46,25.0,53.0,3,hist_gradient_boosting,0,0.000254609889862162,0.6323221630840011,0
46,26.0,52.0,3,hist_gradient_boosting,0,7.089705655244814e-05,0.6323221630840011,0
46,27.0,51.0,3,hist_gradient_boosting,0,0.00016192634096684794,0.6323221630840011,0
46,28.0,50.0,3,hist_gradient_boosting,0,0.0015003833377716016,0.6323221630840011,0
46,29.0,49.0,3,hist_gradient_boosting,0,0.007555437116618204,0.6323221630840011,0
46,30.0,48.0,3,hist_gradient_boosting,0,0.0013379497231285767,0.6323221630840011,0
46,31.0,47.0,3,hist_gradient_boosting,0,0.0014987847537165757,0.6323221630840011,0
46,32.0,46.0,3,hist_gradient_boosting,0,0.0014658384350975287,0.6323221630840011,0
46,33.0,45.0,3,hist_gradient_boosting,0,0.008296564957784323,0.6323221630840011,0
46,34.0,44.0,3,hist_gradient_boosting,0,0.011988169111726782,0.6323221630840011,0
46,35.0,43.0,3,hist_gradient_boosting,0,0.0052603185080487115,0.6323221630840011,0
46,36.0,42.0,3,hist_gradient_boosting,0,0.0014869099420017232,0.6323221630840011,0
46,37.0,41.0,3,hist_gradient_boosting,0,0.0025864092302906884,0.6323221630840011,0
46,38.0,40.0,3,hist_gradient_boosting,0,0.001159638621363226,0.6323221630840011,0
46,39.0,39.0,3,hist_gradient_boosting,0,0.004345779260491103,0.6323221630840011,0
46,40.0,38.0,3,hist_gradient_boosting,0,0.00546209688638352,0.6323221630840011,0
46,41.0,37.0,3,hist_gradient_boosting,0,0.004762743027856297,0.6323221630840011,0
46,42.0,36.0,3,hist_gradient_boosting,0,0.03221972225757834,0.6323221630840011,0
46,43.0,35.0,3,hist_gradient_boosting,0,0.02704798004909469,0.6323221630840011,0
46,44.0,34.0,3,hist_gradient_boosting,0,0.02333942572474862,0.6323221630840011,0
46,45.0,33.0,3,hist_gradient_boosting,0,0.08087411205775735,0.6323221630840011,0
46,46.0,32.0,3,hist_gradient_boosting,0,0.012524587631381721,0.6323221630840011,0
46,47.0,31.0,3,hist_gradient_boosting,0,0.17104741163225606,0.6323221630840011,0
46,48.0,30.0,3,hist_gradient_boosting,0,0.37177205867084895,0.6323221630840011,0
46,49.0,29.0,3,hist_gradient_boosting,0,0.09000142275949259,0.6323221630840011,0
46,50.0,28.0,3,hist_gradient_boosting,0,0.14940428546415552,0.6323221630840011,0
46,51.0,27.0,3,hist_gradient_boosting,0,0.5219703588028779,0.6323221630840011,0
46,52.0,26.0,3,hist_gradient_boosting,0,0.39176105203097794,0.6323221630840011,0
46,53.0,25.0,3,hist_gradient_boosting,0,0.1757837592996041,0.6323221630840011,0
46,54.0,24.0,3,hist_gradient_boosting,0,0.4979545965301511,0.6323221630840011,0
46,55.0,23.0,3,hist_gradient_boosting,0,0.1927533598414242,0.6323221630840011,0
46,56.0,22.0,3,hist_gradient_boosting,0,0.45501281406735206,0.6323221630840011,0
46,57.0,21.0,3,hist_gradient_boosting,0,0.39210145593535056,0.6323221630840011,0
46,58.0,20.0,3,hist_gradient_boosting,1,0.31652639977946034,0.6323221630840011,0
46,59.0,19.0,3,hist_gradient_boosting,1,0.9478945603803193,0.6323221630840011,1
46,60.0,18.0,3,hist_gradient_boosting,1,0.9247392932427783,0.6323221630840011,1
46,61.0,17.0,3,hist_gradient_boosting,1,0.9737782161503559,0.6323221630840011,1
46,62.0,16.0,3,hist_gradient_boosting,1,0.9278023062228662,0.6323221630840011,1
46,63.0,15.0,3,hist_gradient_boosting,1,0.9818289422322448,0.6323221630840011,1
46,64.0,14.0,3,hist_gradient_boosting,1,0.9661492896414473,0.6323221630840011,1
46,65.0,13.0,3,hist_gradient_boosting,1,0.9920020489531493,0.6323221630840011,1
46,66.0,12.0,3,hist_gradient_boosting,1,0.9866506734445295,0.6323221630840011,1
46,67.0,11.0,3,hist_gradient_boosting,1,0.9955827454118743,0.6323221630840011,1
46,68.0,10.0,3,hist_gradient_boosting,1,0.9960912736161568,0.6323221630840011,1
46,69.0,9.0,3,hist_gradient_boosting,1,0.9746930988861688,0.6323221630840011,1
46,70.0,8.0,3,hist_gradient_boosting,1,0.9973632025282714,0.6323221630840011,1
46,71.0,7.0,3,hist_gradient_boosting,1,0.9977298494198696,0.6323221630840011,1
46,72.0,6.0,3,hist_gradient_boosting,1,0.991166870049437,0.6323221630840011,1
46,73.0,5.0,3,hist_gradient_boosting,1,0.9973361500021639,0.6323221630840011,1
46,74.0,4.0,3,hist_gradient_boosting,1,0.9973488851292999,0.6323221630840011,1
46,75.0,3.0,3,hist_gradient_boosting,1,0.9994278841277573,0.6323221630840011,1
46,76.0,2.0,3,hist_gradient_boosting,1,0.9992506057425566,0.6323221630840011,1
46,77.0,1.0,3,hist_gradient_boosting,1,0.9992883399267868,0.6323221630840011,1
46,78.0,0.0,3,hist_gradient_boosting,1,0.9992712955676716,0.6323221630840011,1
47,1.0,77.0,2,hist_gradient_boosting,0,0.00018177156565418623,0.6510141822896698,0
47,2.0,76.0,2,hist_gradient_boosting,0,0.00016240837720302457,0.6510141822896698,0
47,3.0,75.0,2,hist_gradient_boosting,0,0.0002412161793978099,0.6510141822896698,0
47,4.0,74.0,2,hist_gradient_boosting,0,0.00019511000911785512,0.6510141822896698,0
47,5.0,73.0,2,hist_gradient_boosting,0,0.00014095387402011066,0.6510141822896698,0
47,6.0,72.0,2,hist_gradient_boosting,0,0.0021374754024156596,0.6510141822896698,0
47,7.0,71.0,2,hist_gradient_boosting,0,0.00024541149868344264,0.6510141822896698,0
47,8.0,70.0,2,hist_gradient_boosting,0,0.000182701115913673,0.6510141822896698,0
47,9.0,69.0,2,hist_gradient_boosting,0,0.00042323439306329625,0.6510141822896698,0
47,10.0,68.0,2,hist_gradient_boosting,0,0.0003581030057119485,0.6510141822896698,0
47,11.0,67.0,2,hist_gradient_boosting,0,0.00023212746922976973,0.6510141822896698,0
47,12.0,66.0,2,hist_gradient_boosting,0,0.0012879669872342112,0.6510141822896698,0
47,13.0,65.0,2,hist_gradient_boosting,0,0.00022498955098031935,0.6510141822896698,0
47,14.0,64.0,2,hist_gradient_boosting,0,0.00011145303142733296,0.6510141822896698,0
47,15.0,63.0,2,hist_gradient_boosting,0,0.001668355462052777,0.6510141822896698,0
47,16.0,62.0,2,hist_gradient_boosting,0,0.0005321279651102659,0.6510141822896698,0
47,17.0,61.0,2,hist_gradient_boosting,0,0.0002475915851139292,0.6510141822896698,0
47,18.0,60.0,2,hist_gradient_boosting,0,0.00023908931407976846,0.6510141822896698,0
47,19.0,59.0,2,hist_gradient_boosting,0,0.0003716678520276948,0.6510141822896698,0
47,20.0,58.0,2,hist_gradient_boosting,0,0.0012981917883351482,0.6510141822896698,0
47,21.0,57.0,2,hist_gradient_boosting,0,0.0011033498479695613,0.6510141822896698,0
47,22.0,56.0,2,hist_gradient_boosting,0,0.00023212746922976973,0.6510141822896698,0
47,23.0,55.0,2,hist_gradient_boosting,0,0.00028723243030100317,0.6510141822896698,0
47,24.0,54.0,2,hist_gradient_boosting,0,0.00037751197659940976,0.6510141822896698,0
47,25.0,53.0,2,hist_gradient_boosting,0,0.00022252689744513035,0.6510141822896698,0
47,26.0,52.0,2,hist_gradient_boosting,0,0.00017588938174612298,0.6510141822896698,0
47,27.0,51.0,2,hist_gradient_boosting,0,0.000713045826376009,0.6510141822896698,0
47,28.0,50.0,2,hist_gradient_boosting,0,0.003153008655082984,0.6510141822896698,0
47,29.0,49.0,2,hist_gradient_boosting,0,0.0025137887541094917,0.6510141822896698,0
47,30.0,48.0,2,hist_gradient_boosting,0,0.010047905736819556,0.6510141822896698,0
47,31.0,47.0,2,hist_gradient_boosting,0,0.0049892212886734864,0.6510141822896698,0
47,32.0,46.0,2,hist_gradient_boosting,0,0.005935307589594356,0.6510141822896698,0
47,33.0,45.0,2,hist_gradient_boosting,0,0.006652264940059156,0.6510141822896698,0
47,34.0,44.0,2,hist_gradient_boosting,0,0.006221891605654119,0.6510141822896698,0
47,35.0,43.0,2,hist_gradient_boosting,0,0.02529821917590624,0.6510141822896698,0
47,36.0,42.0,2,hist_gradient_boosting,0,0.018114716356002588,0.6510141822896698,0
47,37.0,41.0,2,hist_gradient_boosting,0,0.01933395758868308,0.6510141822896698,0
47,38.0,40.0,2,hist_gradient_boosting,0,0.10877182198248779,0.6510141822896698,0
47,39.0,39.0,2,hist_gradient_boosting,0,0.010866584893087507,0.6510141822896698,0
47,40.0,38.0,2,hist_gradient_boosting,0,0.007807750130997575,0.6510141822896698,0
47,41.0,37.0,2,hist_gradient_boosting,0,0.09661056418682738,0.6510141822896698,0
47,42.0,36.0,2,hist_gradient_boosting,0,0.02185409188104425,0.6510141822896698,0
47,43.0,35.0,2,hist_gradient_boosting,0,0.0639720820816561,0.6510141822896698,0
47,44.0,34.0,2,hist_gradient_boosting,0,0.01767496868326061,0.6510141822896698,0
47,45.0,33.0,2,hist_gradient_boosting,0,0.07958419239601354,0.6510141822896698,0
47,46.0,32.0,2,hist_gradient_boosting,0,0.08886610622367032,0.6510141822896698,0
47,47.0,31.0,2,hist_gradient_boosting,0,0.04060957893061253,0.6510141822896698,0
47,48.0,30.0,2,hist_gradient_boosting,0,0.03576930070787007,0.6510141822896698,0
47,49.0,29.0,2,hist_gradient_boosting,0,0.11028683402119711,0.6510141822896698,0
47,50.0,28.0,2,hist_gradient_boosting,0,0.009672334512446014,0.6510141822896698,0
47,51.0,27.0,2,hist_gradient_boosting,0,0.4903738303899465,0.6510141822896698,0
47,52.0,26.0,2,hist_gradient_boosting,0,0.5048208177926626,0.6510141822896698,0
47,53.0,25.0,2,hist_gradient_boosting,0,0.055588707398852626,0.6510141822896698,0
47,54.0,24.0,2,hist_gradient_boosting,0,0.06698175418778485,0.6510141822896698,0
47,55.0,23.0,2,hist_gradient_boosting,0,0.08504404262834991,0.6510141822896698,0
47,56.0,22.0,2,hist_gradient_boosting,0,0.46884455147881554,0.6510141822896698,0
47,57.0,21.0,2,hist_gradient_boosting,0,0.1202511880669276,0.6510141822896698,0
47,58.0,20.0,2,hist_gradient_boosting,1,0.6030866487768637,0.6510141822896698,0
47,59.0,19.0,2,hist_gradient_boosting,1,0.15151709132489316,0.6510141822896698,0
47,60.0,18.0,2,hist_gradient_boosting,1,0.9354409221433724,0.6510141822896698,1
47,61.0,17.0,2,hist_gradient_boosting,1,0.935036465976323,0.6510141822896698,1
47,62.0,16.0,2,hist_gradient_boosting,1,0.9420234770245992,0.6510141822896698,1
47,63.0,15.0,2,hist_gradient_boosting,1,0.9842667988925166,0.6510141822896698,1
47,64.0,14.0,2,hist_gradient_boosting,1,0.9603629042837086,0.6510141822896698,1
47,65.0,13.0,2,hist_gradient_boosting,1,0.9893434533394407,0.6510141822896698,1
47,66.0,12.0,2,hist_gradient_boosting,1,0.9927184318537444,0.6510141822896698,1
47,67.0,11.0,2,hist_gradient_boosting,1,0.9684449296960446,0.6510141822896698,1
47,68.0,10.0,2,hist_gradient_boosting,1,0.989340765871286,0.6510141822896698,1
47,69.0,9.0,2,hist_gradient_boosting,1,0.9898066398742942,0.6510141822896698,1
47,70.0,8.0,2,hist_gradient_boosting,1,0.9883017084360481,0.6510141822896698,1
47,71.0,7.0,2,hist_gradient_boosting,1,0.9971526724242921,0.6510141822896698,1
47,72.0,6.0,2,hist_gradient_boosting,1,0.9961462662968089,0.6510141822896698,1
47,73.0,5.0,2,hist_gradient_boosting,1,0.9989354223845573,0.6510141822896698,1
47,74.0,4.0,2,hist_gradient_boosting,1,0.9958207425856269,0.6510141822896698,1
47,75.0,3.0,2,hist_gradient_boosting,1,0.9990777063266585,0.6510141822896698,1
47,76.0,2.0,2,hist_gradient_boosting,1,0.9926114224087178,0.6510141822896698,1
47,77.0,1.0,2,hist_gradient_boosting,1,0.9993802876808245,0.6510141822896698,1
47,78.0,0.0,2,hist_gradient_boosting,1,0.9992589626155892,0.6510141822896698,1
48,1.0,64.0,3,hist_gradient_boosting,0,6.202967571998576e-05,0.6323221630840011,0
48,2.0,63.0,3,hist_gradient_boosting,0,7.77582106054505e-05,0.6323221630840011,0
48,3.0,62.0,3,hist_gradient_boosting,0,0.00013593153789437343,0.6323221630840011,0
48,4.0,61.0,3,hist_gradient_boosting,0,0.00012966087002415705,0.6323221630840011,0
48,5.0,60.0,3,hist_gradient_boosting,0,8.549492896465507e-05,0.6323221630840011,0
48,6.0,59.0,3,hist_gradient_boosting,0,0.000629044878024284,0.6323221630840011,0
48,7.0,58.0,3,hist_gradient_boosting,0,9.573811736543565e-05,0.6323221630840011,0
48,8.0,57.0,3,hist_gradient_boosting,0,0.0003715409199657651,0.6323221630840011,0
48,9.0,56.0,3,hist_gradient_boosting,0,0.0003138347115223105,0.6323221630840011,0
48,10.0,55.0,3,hist_gradient_boosting,0,9.041885713945585e-05,0.6323221630840011,0
48,11.0,54.0,3,hist_gradient_boosting,0,0.00013230086600831672,0.6323221630840011,0
48,12.0,53.0,3,hist_gradient_boosting,0,7.340634001811696e-05,0.6323221630840011,0
48,13.0,52.0,3,hist_gradient_boosting,0,9.223538666591723e-05,0.6323221630840011,0
48,14.0,51.0,3,hist_gradient_boosting,0,0.0001266778547390087,0.6323221630840011,0
48,15.0,50.0,3,hist_gradient_boosting,0,6.450243943335392e-05,0.6323221630840011,0
48,16.0,49.0,3,hist_gradient_boosting,0,8.555131797558919e-05,0.6323221630840011,0
48,17.0,48.0,3,hist_gradient_boosting,0,0.00014518817340155885,0.6323221630840011,0
48,18.0,47.0,3,hist_gradient_boosting,0,0.00021332541149452882,0.6323221630840011,0
48,19.0,46.0,3,hist_gradient_boosting,0,4.4829865626340444e-05,0.6323221630840011,0
48,20.0,45.0,3,hist_gradient_boosting,0,0.00012337997794914984,0.6323221630840011,0
48,21.0,44.0,3,hist_gradient_boosting,0,9.616974027003018e-05,0.6323221630840011,0
48,22.0,43.0,3,hist_gradient_boosting,0,0.00027359540343303563,0.6323221630840011,0
48,23.0,42.0,3,hist_gradient_boosting,0,0.00013539328163473456,0.6323221630840011,0
48,24.0,41.0,3,hist_gradient_boosting,0,0.00018470154223369813,0.6323221630840011,0
48,25.0,40.0,3,hist_gradient_boosting,0,0.00018626526953243838,0.6323221630840011,0
48,26.0,39.0,3,hist_gradient_boosting,0,0.0001395362577615696,0.6323221630840011,0
48,27.0,38.0,3,hist_gradient_boosting,0,0.00015579121570311012,0.6323221630840011,0
48,28.0,37.0,3,hist_gradient_boosting,0,0.0036049181733389547,0.6323221630840011,0
48,29.0,36.0,3,hist_gradient_boosting,0,0.0015082814829422272,0.6323221630840011,0
48,30.0,35.0,3,hist_gradient_boosting,0,0.0012556388577146908,0.6323221630840011,0
48,31.0,34.0,3,hist_gradient_boosting,0,0.0015043412543058285,0.6323221630840011,0
48,32.0,33.0,3,hist_gradient_boosting,0,0.00242408413743773,0.6323221630840011,0
48,33.0,32.0,3,hist_gradient_boosting,0,0.0073797150370262625,0.6323221630840011,0
48,34.0,31.0,3,hist_gradient_boosting,0,0.0006471888279268323,0.6323221630840011,0
48,35.0,30.0,3,hist_gradient_boosting,0,0.003368287589433915,0.6323221630840011,0
48,36.0,29.0,3,hist_gradient_boosting,0,0.029782082254179613,0.6323221630840011,0
48,37.0,28.0,3,hist_gradient_boosting,0,0.012109924657522707,0.6323221630840011,0
48,38.0,27.0,3,hist_gradient_boosting,0,0.13754665434628652,0.6323221630840011,0
48,39.0,26.0,3,hist_gradient_boosting,0,0.04513186954299113,0.6323221630840011,0
48,40.0,25.0,3,hist_gradient_boosting,0,0.051375278326717594,0.6323221630840011,0
48,41.0,24.0,3,hist_gradient_boosting,0,0.021977068358195066,0.6323221630840011,0
48,42.0,23.0,3,hist_gradient_boosting,0,0.027905173379356968,0.6323221630840011,0
48,43.0,22.0,3,hist_gradient_boosting,0,0.012958027798092901,0.6323221630840011,0
48,44.0,21.0,3,hist_gradient_boosting,0,0.008598227961876679,0.6323221630840011,0
48,45.0,20.0,3,hist_gradient_boosting,1,0.6946748363316427,0.6323221630840011,1
48,46.0,19.0,3,hist_gradient_boosting,1,0.8430331714393849,0.6323221630840011,1
48,47.0,18.0,3,hist_gradient_boosting,1,0.8095950818573855,0.6323221630840011,1
48,48.0,17.0,3,hist_gradient_boosting,1,0.8509513673951387,0.6323221630840011,1
48,49.0,16.0,3,hist_gradient_boosting,1,0.888419088501727,0.6323221630840011,1
48,50.0,15.0,3,hist_gradient_boosting,1,0.9190937112542809,0.6323221630840011,1
48,51.0,14.0,3,hist_gradient_boosting,1,0.8985372168191794,0.6323221630840011,1
48,52.0,13.0,3,hist_gradient_boosting,1,0.9827287240103222,0.6323221630840011,1
48,53.0,12.0,3,hist_gradient_boosting,1,0.9324775736205969,0.6323221630840011,1
48,54.0,11.0,3,hist_gradient_boosting,1,0.953039378990247,0.6323221630840011,1
48,55.0,10.0,3,hist_gradient_boosting,1,0.9536227395503869,0.6323221630840011,1
48,56.0,9.0,3,hist_gradient_boosting,1,0.9838541247259825,0.6323221630840011,1
48,57.0,8.0,3,hist_gradient_boosting,1,0.9926803458436251,0.6323221630840011,1
48,58.0,7.0,3,hist_gradient_boosting,1,0.9952047645184872,0.6323221630840011,1
48,59.0,6.0,3,hist_gradient_boosting,1,0.9954879138038789,0.6323221630840011,1
48,60.0,5.0,3,hist_gradient_boosting,1,0.9987538316373613,0.6323221630840011,1
48,61.0,4.0,3,hist_gradient_boosting,1,0.9978040608972251,0.6323221630840011,1
48,62.0,3.0,3,hist_gradient_boosting,1,0.9985098246722056,0.6323221630840011,1
48,63.0,2.0,3,hist_gradient_boosting,1,0.9994669810933513,0.6323221630840011,1
48,64.0,1.0,3,hist_gradient_boosting,1,0.9974957984459214,0.6323221630840011,1
48,65.0,0.0,3,hist_gradient_boosting,1,0.9994946350633621,0.6323221630840011,1
49,1.0,86.0,5,rbf_svc,0,0.00011994247054121667,0.48778595770042416,0
49,2.0,85.0,5,rbf_svc,0,0.0008669650493617945,0.48778595770042416,0
49,3.0,84.0,5,rbf_svc,0,0.00011741248004655259,0.48778595770042416,0
49,4.0,83.0,5,rbf_svc,0,3.835598746540244e-05,0.48778595770042416,0
49,5.0,82.0,5,rbf_svc,0,0.000394827106787982,0.48778595770042416,0
49,6.0,81.0,5,rbf_svc,0,0.0005435711327227204,0.48778595770042416,0
49,7.0,80.0,5,rbf_svc,0,9.395042160587226e-05,0.48778595770042416,0
49,8.0,79.0,5,rbf_svc,0,0.00012415863956607398,0.48778595770042416,0
49,9.0,78.0,5,rbf_svc,0,5.727874445415498e-05,0.48778595770042416,0
49,10.0,77.0,5,rbf_svc,0,0.0001247003737185413,0.48778595770042416,0
49,11.0,76.0,5,rbf_svc,0,0.0003425158579751746,0.48778595770042416,0
49,12.0,75.0,5,rbf_svc,0,4.1597436833367095e-05,0.48778595770042416,0
49,13.0,74.0,5,rbf_svc,0,0.0012668252630484826,0.48778595770042416,0
49,14.0,73.0,5,rbf_svc,0,0.0016394239889061378,0.48778595770042416,0
49,15.0,72.0,5,rbf_svc,0,5.2357281692016684e-05,0.48778595770042416,0
49,16.0,71.0,5,rbf_svc,0,0.0007315464782512954,0.48778595770042416,0
49,17.0,70.0,5,rbf_svc,0,0.001523445330060567,0.48778595770042416,0
49,18.0,69.0,5,rbf_svc,0,0.00015069196028623752,0.48778595770042416,0
49,19.0,68.0,5,rbf_svc,0,0.0002393796780500319,0.48778595770042416,0
49,20.0,67.0,5,rbf_svc,0,0.0005430509380129639,0.48778595770042416,0
49,21.0,66.0,5,rbf_svc,0,0.0009754621917361825,0.48778595770042416,0
49,22.0,65.0,5,rbf_svc,0,0.0006832713039643245,0.48778595770042416,0
49,23.0,64.0,5,rbf_svc,0,0.000656970743375241,0.48778595770042416,0
49,24.0,63.0,5,rbf_svc,0,0.00017604497874810381,0.48778595770042416,0
49,25.0,62.0,5,rbf_svc,0,0.00302972215096626,0.48778595770042416,0
49,26.0,61.0,5,rbf_svc,0,0.0004441991185296544,0.48778595770042416,0
49,27.0,60.0,5,rbf_svc,0,0.0015471318505010125,0.48778595770042416,0
49,28.0,59.0,5,rbf_svc,0,0.0022239228272802687,0.48778595770042416,0
49,29.0,58.0,5,rbf_svc,0,0.004763310234992545,0.48778595770042416,0
49,30.0,57.0,5,rbf_svc,0,0.0006160456472551515,0.48778595770042416,0
49,31.0,56.0,5,rbf_svc,0,0.0008483679850616593,0.48778595770042416,0
49,32.0,55.0,5,rbf_svc,0,0.001245382110349861,0.48778595770042416,0
49,33.0,54.0,5,rbf_svc,0,0.002749999162097613,0.48778595770042416,0
49,34.0,53.0,5,rbf_svc,0,0.006612382769079441,0.48778595770042416,0
49,35.0,52.0,5,rbf_svc,0,0.00044689541770770767,0.48778595770042416,0
49,36.0,51.0,5,rbf_svc,0,0.0010836858113739357,0.48778595770042416,0
49,37.0,50.0,5,rbf_svc,0,0.0016270374339959139,0.48778595770042416,0
49,38.0,49.0,5,rbf_svc,0,0.004781463103260287,0.48778595770042416,0
49,39.0,48.0,5,rbf_svc,0,0.0016628757684915762,0.48778595770042416,0
49,40.0,47.0,5,rbf_svc,0,0.008773519178543094,0.48778595770042416,0
49,41.0,46.0,5,rbf_svc,0,0.0023765130070820366,0.48778595770042416,0
49,42.0,45.0,5,rbf_svc,0,0.010359503036440341,0.48778595770042416,0
49,43.0,44.0,5,rbf_svc,0,0.004151536047653285,0.48778595770042416,0
49,44.0,43.0,5,rbf_svc,0,0.011272673599396828,0.48778595770042416,0
49,45.0,42.0,5,rbf_svc,0,0.003099176423604531,0.48778595770042416,0
49,46.0,41.0,5,rbf_svc,0,0.017622677420180345,0.48778595770042416,0
49,47.0,40.0,5,rbf_svc,0,0.0027401031127641854,0.48778595770042416,0
49,48.0,39.0,5,rbf_svc,0,0.04056189352598898,0.48778595770042416,0
49,49.0,38.0,5,rbf_svc,0,0.005821341616976814,0.48778595770042416,0
49,50.0,37.0,5,rbf_svc,0,0.04271410748828042,0.48778595770042416,0
49,51.0,36.0,5,rbf_svc,0,0.009182304216003816,0.48778595770042416,0
49,52.0,35.0,5,rbf_svc,0,0.016459760234676286,0.48778595770042416,0
49,53.0,34.0,5,rbf_svc,0,0.011821681424693226,0.48778595770042416,0
49,54.0,33.0,5,rbf_svc,0,0.01540186119837451,0.48778595770042416,0
49,55.0,32.0,5,rbf_svc,0,0.07403463463027683,0.48778595770042416,0
49,56.0,31.0,5,rbf_svc,0,0.023996473334322907,0.48778595770042416,0
49,57.0,30.0,5,rbf_svc,0,0.040774782259734695,0.48778595770042416,0
49,58.0,29.0,5,rbf_svc,0,0.02571876282610704,0.48778595770042416,0
49,59.0,28.0,5,rbf_svc,0,0.035964490600688466,0.48778595770042416,0
49,60.0,27.0,5,rbf_svc,0,0.10160198523450119,0.48778595770042416,0
49,61.0,26.0,5,rbf_svc,0,0.05668365065440038,0.48778595770042416,0
49,62.0,25.0,5,rbf_svc,0,0.21553135405061552,0.48778595770042416,0
49,63.0,24.0,5,rbf_svc,0,0.15612398860010174,0.48778595770042416,0
49,64.0,23.0,5,rbf_svc,0,0.07103124931855187,0.48778595770042416,0
49,65.0,22.0,5,rbf_svc,0,0.44409650349884555,0.48778595770042416,0
49,66.0,21.0,5,rbf_svc,0,0.3524737257473835,0.48778595770042416,0
49,67.0,20.0,5,rbf_svc,1,0.47722083705011914,0.48778595770042416,0
49,68.0,19.0,5,rbf_svc,1,0.46413597083104247,0.48778595770042416,0
49,69.0,18.0,5,rbf_svc,1,0.6016698806051594,0.48778595770042416,1
49,70.0,17.0,5,rbf_svc,1,0.5612904926735891,0.48778595770042416,1
49,71.0,16.0,5,rbf_svc,1,0.6403924625736596,0.48778595770042416,1
49,72.0,15.0,5,rbf_svc,1,0.4262718660689155,0.48778595770042416,0
49,73.0,14.0,5,rbf_svc,1,0.7362111036090273,0.48778595770042416,1
49,74.0,13.0,5,rbf_svc,1,0.47505015735828565,0.48778595770042416,0
49,75.0,12.0,5,rbf_svc,1,0.39764227805127234,0.48778595770042416,0
49,76.0,11.0,5,rbf_svc,1,0.9008967671397461,0.48778595770042416,1
49,77.0,10.0,5,rbf_svc,1,0.9029547412879011,0.48778595770042416,1
49,78.0,9.0,5,rbf_svc,1,0.8580893993399333,0.48778595770042416,1
49,79.0,8.0,5,rbf_svc,1,0.9731949922794154,0.48778595770042416,1
49,80.0,7.0,5,rbf_svc,1,0.9600059823274312,0.48778595770042416,1
49,81.0,6.0,5,rbf_svc,1,0.9805776889800336,0.48778595770042416,1
49,82.0,5.0,5,rbf_svc,1,0.9701119787174101,0.48778595770042416,1
49,83.0,4.0,5,rbf_svc,1,0.9782098032563477,0.48778595770042416,1
49,84.0,3.0,5,rbf_svc,1,0.9880336251898363,0.48778595770042416,1
49,85.0,2.0,5,rbf_svc,1,0.9999942350384872,0.48778595770042416,1
49,86.0,1.0,5,rbf_svc,1,0.962595376808028,0.48778595770042416,1
49,87.0,0.0,5,rbf_svc,1,0.9930205205984615,0.48778595770042416,1
50,1.0,98.0,1,rbf_svc,0,6.676653686164189e-06,0.5280302851876438,0
50,2.0,97.0,1,rbf_svc,0,4.54301736835524e-05,0.5280302851876438,0
50,3.0,96.0,1,rbf_svc,0,0.00030520803597204653,0.5280302851876438,0
50,4.0,95.0,1,rbf_svc,0,2.7558157842289064e-05,0.5280302851876438,0
50,5.0,94.0,1,rbf_svc,0,0.00046571621633351216,0.5280302851876438,0
50,6.0,93.0,1,rbf_svc,0,0.00016360281485214534,0.5280302851876438,0
50,7.0,92.0,1,rbf_svc,0,3.670398933756075e-05,0.5280302851876438,0
50,8.0,91.0,1,rbf_svc,0,0.0004099507890203301,0.5280302851876438,0
50,9.0,90.0,1,rbf_svc,0,0.00011256302138395033,0.5280302851876438,0
50,10.0,89.0,1,rbf_svc,0,5.738187202044408e-05,0.5280302851876438,0
50,11.0,88.0,1,rbf_svc,0,0.00021055398437586884,0.5280302851876438,0
50,12.0,87.0,1,rbf_svc,0,0.0004293658208585212,0.5280302851876438,0
50,13.0,86.0,1,rbf_svc,0,0.0012419318296557251,0.5280302851876438,0
50,14.0,85.0,1,rbf_svc,0,0.0002499122540134835,0.5280302851876438,0
50,15.0,84.0,1,rbf_svc,0,0.00012960336436751966,0.5280302851876438,0
50,16.0,83.0,1,rbf_svc,0,0.0002678212590976317,0.5280302851876438,0
50,17.0,82.0,1,rbf_svc,0,0.0003282669962631969,0.5280302851876438,0
50,18.0,81.0,1,rbf_svc,0,0.00011062434704472564,0.5280302851876438,0
50,19.0,80.0,1,rbf_svc,0,0.00019785154357431688,0.5280302851876438,0
50,20.0,79.0,1,rbf_svc,0,0.00020286649882398977,0.5280302851876438,0
50,21.0,78.0,1,rbf_svc,0,0.0003121545305287801,0.5280302851876438,0
50,22.0,77.0,1,rbf_svc,0,0.00013506917352085361,0.5280302851876438,0
50,23.0,76.0,1,rbf_svc,0,0.0010160672562779453,0.5280302851876438,0
50,24.0,75.0,1,rbf_svc,0,0.00024111527392445966,0.5280302851876438,0
50,25.0,74.0,1,rbf_svc,0,0.0005006547620836693,0.5280302851876438,0
50,26.0,73.0,1,rbf_svc,0,0.00030328296565156326,0.5280302851876438,0
50,27.0,72.0,1,rbf_svc,0,0.0009892875500954422,0.5280302851876438,0
50,28.0,71.0,1,rbf_svc,0,0.0004940210874974648,0.5280302851876438,0
50,29.0,70.0,1,rbf_svc,0,0.0011910842342799377,0.5280302851876438,0
50,30.0,69.0,1,rbf_svc,0,0.001961324981313592,0.5280302851876438,0
50,31.0,68.0,1,rbf_svc,0,0.0007478580483951269,0.5280302851876438,0
50,32.0,67.0,1,rbf_svc,0,0.010348398074327402,0.5280302851876438,0
50,33.0,66.0,1,rbf_svc,0,0.002940579607765808,0.5280302851876438,0
50,34.0,65.0,1,rbf_svc,0,0.0011750384184758282,0.5280302851876438,0
50,35.0,64.0,1,rbf_svc,0,0.0024990040002716724,0.5280302851876438,0
50,36.0,63.0,1,rbf_svc,0,0.001574458317734684,0.5280302851876438,0
50,37.0,62.0,1,rbf_svc,0,0.0028709751758306014,0.5280302851876438,0
50,38.0,61.0,1,rbf_svc,0,0.003601591576315022,0.5280302851876438,0
50,39.0,60.0,1,rbf_svc,0,0.0031572925803405798,0.5280302851876438,0
50,40.0,59.0,1,rbf_svc,0,0.0043918118548109284,0.5280302851876438,0
50,41.0,58.0,1,rbf_svc,0,0.003099101138388123,0.5280302851876438,0
50,42.0,57.0,1,rbf_svc,0,0.001076072551068049,0.5280302851876438,0
50,43.0,56.0,1,rbf_svc,0,0.004656471341720099,0.5280302851876438,0
50,44.0,55.0,1,rbf_svc,0,0.0037170912589622393,0.5280302851876438,0
50,45.0,54.0,1,rbf_svc,0,0.006157375893015856,0.5280302851876438,0
50,46.0,53.0,1,rbf_svc,0,0.0030717846852817772,0.5280302851876438,0
50,47.0,52.0,1,rbf_svc,0,0.01479073285845241,0.5280302851876438,0
50,48.0,51.0,1,rbf_svc,0,0.017695900452748905,0.5280302851876438,0
50,49.0,50.0,1,rbf_svc,0,0.0183294137616458,0.5280302851876438,0
50,50.0,49.0,1,rbf_svc,0,0.009669774919479618,0.5280302851876438,0
50,51.0,48.0,1,rbf_svc,0,0.01960479485927045,0.5280302851876438,0
50,52.0,47.0,1,rbf_svc,0,0.02755428845598523,0.5280302851876438,0
50,53.0,46.0,1,rbf_svc,0,0.053877057981858885,0.5280302851876438,0
50,54.0,45.0,1,rbf_svc,0,0.019240502219540125,0.5280302851876438,0
50,55.0,44.0,1,rbf_svc,0,0.02089300971013122,0.5280302851876438,0
50,56.0,43.0,1,rbf_svc,0,0.036313362835451654,0.5280302851876438,0
50,57.0,42.0,1,rbf_svc,0,0.0307654661031221,0.5280302851876438,0
50,58.0,41.0,1,rbf_svc,0,0.016942688959671753,0.5280302851876438,0
50,59.0,40.0,1,rbf_svc,0,0.04690920293998245,0.5280302851876438,0
50,60.0,39.0,1,rbf_svc,0,0.06631585204386449,0.5280302851876438,0
50,61.0,38.0,1,rbf_svc,0,0.14771568897045773,0.5280302851876438,0
50,62.0,37.0,1,rbf_svc,0,0.07317868294433359,0.5280302851876438,0
50,63.0,36.0,1,rbf_svc,0,0.13926761059094286,0.5280302851876438,0
50,64.0,35.0,1,rbf_svc,0,0.09513396861634724,0.5280302851876438,0
50,65.0,34.0,1,rbf_svc,0,0.4246568066729177,0.5280302851876438,0
50,66.0,33.0,1,rbf_svc,0,0.38079135570375355,0.5280302851876438,0
50,67.0,32.0,1,rbf_svc,0,0.24738872272167567,0.5280302851876438,0
50,68.0,31.0,1,rbf_svc,0,0.41991714480684705,0.5280302851876438,0
50,69.0,30.0,1,rbf_svc,0,0.30691392374337856,0.5280302851876438,0
50,70.0,29.0,1,rbf_svc,0,0.23602543127010053,0.5280302851876438,0
50,71.0,28.0,1,rbf_svc,0,0.18214010295267227,0.5280302851876438,0
50,72.0,27.0,1,rbf_svc,0,0.7254599506192886,0.5280302851876438,1
50,73.0,26.0,1,rbf_svc,0,0.21148436703296933,0.5280302851876438,0
50,74.0,25.0,1,rbf_svc,0,0.34624758079998685,0.5280302851876438,0
50,75.0,24.0,1,rbf_svc,0,0.6399423670039663,0.5280302851876438,1
50,76.0,23.0,1,rbf_svc,0,0.5714642390209472,0.5280302851876438,1
50,77.0,22.0,1,rbf_svc,0,0.5415216794893741,0.5280302851876438,1
50,78.0,21.0,1,rbf_svc,0,0.8209128117451614,0.5280302851876438,1
50,79.0,20.0,1,rbf_svc,1,0.8513348142291941,0.5280302851876438,1
50,80.0,19.0,1,rbf_svc,1,0.8138675377947188,0.5280302851876438,1
50,81.0,18.0,1,rbf_svc,1,0.9026915663156747,0.5280302851876438,1
50,82.0,17.0,1,rbf_svc,1,0.821750627531198,0.5280302851876438,1
50,83.0,16.0,1,rbf_svc,1,0.8662121734976895,0.5280302851876438,1
50,84.0,15.0,1,rbf_svc,1,0.9221320625287825,0.5280302851876438,1
50,85.0,14.0,1,rbf_svc,1,0.7922102765611924,0.5280302851876438,1
50,86.0,13.0,1,rbf_svc,1,0.9601846306172355,0.5280302851876438,1
50,87.0,12.0,1,rbf_svc,1,0.9108299739811884,0.5280302851876438,1
50,88.0,11.0,1,rbf_svc,1,0.7623556194146885,0.5280302851876438,1
50,89.0,10.0,1,rbf_svc,1,0.9056726734079132,0.5280302851876438,1
50,90.0,9.0,1,rbf_svc,1,0.9079323355635256,0.5280302851876438,1
50,91.0,8.0,1,rbf_svc,1,0.9386338768048696,0.5280302851876438,1
50,92.0,7.0,1,rbf_svc,1,0.9793770517625727,0.5280302851876438,1
50,93.0,6.0,1,rbf_svc,1,0.9834293074077097,0.5280302851876438,1
50,94.0,5.0,1,rbf_svc,1,0.9846663628809316,0.5280302851876438,1
50,95.0,4.0,1,rbf_svc,1,0.9915016866389332,0.5280302851876438,1
50,96.0,3.0,1,rbf_svc,1,0.986165632122099,0.5280302851876438,1
50,97.0,2.0,1,rbf_svc,1,0.9837235340948802,0.5280302851876438,1
50,98.0,1.0,1,rbf_svc,1,0.9901306808245757,0.5280302851876438,1
50,99.0,0.0,1,rbf_svc,1,0.9874506050173968,0.5280302851876438,1
51,1.0,67.0,1,rbf_svc,0,0.0008526820678341937,0.5280302851876438,0
51,2.0,66.0,1,rbf_svc,0,0.021714422405571795,0.5280302851876438,0
51,3.0,65.0,1,rbf_svc,0,0.002898975557998233,0.5280302851876438,0
51,4.0,64.0,1,rbf_svc,0,0.0009890311717884366,0.5280302851876438,0
51,5.0,63.0,1,rbf_svc,0,0.004144014943344848,0.5280302851876438,0
51,6.0,62.0,1,rbf_svc,0,0.0016332165051890133,0.5280302851876438,0
51,7.0,61.0,1,rbf_svc,0,0.005532564568986145,0.5280302851876438,0
51,8.0,60.0,1,rbf_svc,0,0.004823328581461623,0.5280302851876438,0
51,9.0,59.0,1,rbf_svc,0,0.001618909835098321,0.5280302851876438,0
51,10.0,58.0,1,rbf_svc,0,0.0008651147251204754,0.5280302851876438,0
51,11.0,57.0,1,rbf_svc,0,0.007689366711822048,0.5280302851876438,0
51,12.0,56.0,1,rbf_svc,0,0.001950929903369066,0.5280302851876438,0
51,13.0,55.0,1,rbf_svc,0,0.004041787647137803,0.5280302851876438,0
51,14.0,54.0,1,rbf_svc,0,0.0065728179927512995,0.5280302851876438,0
51,15.0,53.0,1,rbf_svc,0,0.0008303834053353089,0.5280302851876438,0
51,16.0,52.0,1,rbf_svc,0,0.004570484997590372,0.5280302851876438,0
51,17.0,51.0,1,rbf_svc,0,0.0021730801988716257,0.5280302851876438,0
51,18.0,50.0,1,rbf_svc,0,0.023907363703163965,0.5280302851876438,0
51,19.0,49.0,1,rbf_svc,0,0.030415991345287427,0.5280302851876438,0
51,20.0,48.0,1,rbf_svc,0,0.01890485341027591,0.5280302851876438,0
51,21.0,47.0,1,rbf_svc,0,0.019272543596956068,0.5280302851876438,0
51,22.0,46.0,1,rbf_svc,0,0.012058583156932437,0.5280302851876438,0
51,23.0,45.0,1,rbf_svc,0,0.00558881491080886,0.5280302851876438,0
51,24.0,44.0,1,rbf_svc,0,0.012408826329860245,0.5280302851876438,0
51,25.0,43.0,1,rbf_svc,0,0.01431631229173326,0.5280302851876438,0
51,26.0,42.0,1,rbf_svc,0,0.024711411047654,0.5280302851876438,0
51,27.0,41.0,1,rbf_svc,0,0.04345972700863699,0.5280302851876438,0
51,28.0,40.0,1,rbf_svc,0,0.023534875170256642,0.5280302851876438,0
51,29.0,39.0,1,rbf_svc,0,0.015951451306928852,0.5280302851876438,0
51,30.0,38.0,1,rbf_svc,0,0.025350142646482103,0.5280302851876438,0
51,31.0,37.0,1,rbf_svc,0,0.024592943959199663,0.5280302851876438,0
51,32.0,36.0,1,rbf_svc,0,0.01117460476066721,0.5280302851876438,0
51,33.0,35.0,1,rbf_svc,0,0.09849873320189127,0.5280302851876438,0
51,34.0,34.0,1,rbf_svc,0,0.022046986519983672,0.5280302851876438,0
51,35.0,33.0,1,rbf_svc,0,0.040259353047685804,0.5280302851876438,0
51,36.0,32.0,1,rbf_svc,0,0.043576718268108994,0.5280302851876438,0
51,37.0,31.0,1,rbf_svc,0,0.1556815471359549,0.5280302851876438,0
51,38.0,30.0,1,rbf_svc,0,0.08381664743748148,0.5280302851876438,0
51,39.0,29.0,1,rbf_svc,0,0.2065697528939239,0.5280302851876438,0
51,40.0,28.0,1,rbf_svc,0,0.06185414860995588,0.5280302851876438,0
51,41.0,27.0,1,rbf_svc,0,0.04913052637715323,0.5280302851876438,0
51,42.0,26.0,1,rbf_svc,0,0.1403994528882287,0.5280302851876438,0
51,43.0,25.0,1,rbf_svc,0,0.20594354236325063,0.5280302851876438,0
51,44.0,24.0,1,rbf_svc,0,0.23406003427807756,0.5280302851876438,0
51,45.0,23.0,1,rbf_svc,0,0.06346426117794225,0.5280302851876438,0
51,46.0,22.0,1,rbf_svc,0,0.16328661242091067,0.5280302851876438,0
51,47.0,21.0,1,rbf_svc,0,0.6115759099143515,0.5280302851876438,1
51,48.0,20.0,1,rbf_svc,1,0.6539763978749701,0.5280302851876438,1
51,49.0,19.0,1,rbf_svc,1,0.44334899987975535,0.5280302851876438,0
51,50.0,18.0,1,rbf_svc,1,0.3878339734380577,0.5280302851876438,0
51,51.0,17.0,1,rbf_svc,1,0.17717085417844214,0.5280302851876438,0
51,52.0,16.0,1,rbf_svc,1,0.36291905817775333,0.5280302851876438,0
51,53.0,15.0,1,rbf_svc,1,0.622005564688148,0.5280302851876438,1
51,54.0,14.0,1,rbf_svc,1,0.7503370364083157,0.5280302851876438,1
51,55.0,13.0,1,rbf_svc,1,0.8327651025768699,0.5280302851876438,1
51,56.0,12.0,1,rbf_svc,1,0.7420001706888248,0.5280302851876438,1
51,57.0,11.0,1,rbf_svc,1,0.8182486371483997,0.5280302851876438,1
51,58.0,10.0,1,rbf_svc,1,0.938429030565293,0.5280302851876438,1
51,59.0,9.0,1,rbf_svc,1,0.9016914180850524,0.5280302851876438,1
51,60.0,8.0,1,rbf_svc,1,0.9267762831248687,0.5280302851876438,1
51,61.0,7.0,1,rbf_svc,1,0.9804268136578433,0.5280302851876438,1
51,62.0,6.0,1,rbf_svc,1,0.9678942380576255,0.5280302851876438,1
51,63.0,5.0,1,rbf_svc,1,0.8537779660771925,0.5280302851876438,1
51,64.0,4.0,1,rbf_svc,1,0.9782247466717017,0.5280302851876438,1
51,65.0,3.0,1,rbf_svc,1,0.9771339722973049,0.5280302851876438,1
51,66.0,2.0,1,rbf_svc,1,0.9539231982122115,0.5280302851876438,1
51,67.0,1.0,1,rbf_svc,1,0.988777902444226,0.5280302851876438,1
51,68.0,0.0,1,rbf_svc,1,0.9893212991485432,0.5280302851876438,1
52,1.0,79.0,1,rbf_svc,0,0.0009918377897246667,0.5280302851876438,0
52,2.0,78.0,1,rbf_svc,0,0.003497004749631373,0.5280302851876438,0
52,3.0,77.0,1,rbf_svc,0,3.4928028219994865e-05,0.5280302851876438,0
52,4.0,76.0,1,rbf_svc,0,0.00448731288758377,0.5280302851876438,0
52,5.0,75.0,1,rbf_svc,0,0.003588279358001909,0.5280302851876438,0
52,6.0,74.0,1,rbf_svc,0,0.0013850579138737229,0.5280302851876438,0
52,7.0,73.0,1,rbf_svc,0,7.822235884161796e-05,0.5280302851876438,0
52,8.0,72.0,1,rbf_svc,0,0.00016499449669441808,0.5280302851876438,0
52,9.0,71.0,1,rbf_svc,0,0.0010895187187471042,0.5280302851876438,0
52,10.0,70.0,1,rbf_svc,0,0.00392527017045802,0.5280302851876438,0
52,11.0,69.0,1,rbf_svc,0,0.004229891131164402,0.5280302851876438,0
52,12.0,68.0,1,rbf_svc,0,0.0017364701197152253,0.5280302851876438,0
52,13.0,67.0,1,rbf_svc,0,0.001525693006646303,0.5280302851876438,0
52,14.0,66.0,1,rbf_svc,0,0.002615755770652195,0.5280302851876438,0
52,15.0,65.0,1,rbf_svc,0,0.001510817179409836,0.5280302851876438,0
52,16.0,64.0,1,rbf_svc,0,0.0035088783590723222,0.5280302851876438,0
52,17.0,63.0,1,rbf_svc,0,0.005864521102632209,0.5280302851876438,0
52,18.0,62.0,1,rbf_svc,0,0.0021490211920993222,0.5280302851876438,0
52,19.0,61.0,1,rbf_svc,0,0.003075141658784563,0.5280302851876438,0
52,20.0,60.0,1,rbf_svc,0,0.00227047946782805,0.5280302851876438,0
52,21.0,59.0,1,rbf_svc,0,0.00010875808512666808,0.5280302851876438,0
52,22.0,58.0,1,rbf_svc,0,0.0026347525416973426,0.5280302851876438,0
52,23.0,57.0,1,rbf_svc,0,0.0018759017568240007,0.5280302851876438,0
52,24.0,56.0,1,rbf_svc,0,0.0047741701968175764,0.5280302851876438,0
52,25.0,55.0,1,rbf_svc,0,0.0017689052472702593,0.5280302851876438,0
52,26.0,54.0,1,rbf_svc,0,0.0005994424932092193,0.5280302851876438,0
52,27.0,53.0,1,rbf_svc,0,0.0038972992373218092,0.5280302851876438,0
52,28.0,52.0,1,rbf_svc,0,0.004478479051118182,0.5280302851876438,0
52,29.0,51.0,1,rbf_svc,0,0.01129127311736867,0.5280302851876438,0
52,30.0,50.0,1,rbf_svc,0,0.01163274408092607,0.5280302851876438,0
52,31.0,49.0,1,rbf_svc,0,0.017269889171783404,0.5280302851876438,0
52,32.0,48.0,1,rbf_svc,0,0.007489251898748864,0.5280302851876438,0
52,33.0,47.0,1,rbf_svc,0,0.024516425710824994,0.5280302851876438,0
52,34.0,46.0,1,rbf_svc,0,0.05380431169052547,0.5280302851876438,0
52,35.0,45.0,1,rbf_svc,0,0.03360957090490184,0.5280302851876438,0
52,36.0,44.0,1,rbf_svc,0,0.014861962748134483,0.5280302851876438,0
52,37.0,43.0,1,rbf_svc,0,0.019701338700580835,0.5280302851876438,0
52,38.0,42.0,1,rbf_svc,0,0.014756972932908466,0.5280302851876438,0
52,39.0,41.0,1,rbf_svc,0,0.026418009436177323,0.5280302851876438,0
52,40.0,40.0,1,rbf_svc,0,0.0025875697502215603,0.5280302851876438,0
52,41.0,39.0,1,rbf_svc,0,0.040135787969878885,0.5280302851876438,0
52,42.0,38.0,1,rbf_svc,0,0.04511096702818938,0.5280302851876438,0
52,43.0,37.0,1,rbf_svc,0,0.023886319584881254,0.5280302851876438,0
52,44.0,36.0,1,rbf_svc,0,0.008990430385852732,0.5280302851876438,0
52,45.0,35.0,1,rbf_svc,0,0.013597267315901123,0.5280302851876438,0
52,46.0,34.0,1,rbf_svc,0,0.056449788141380436,0.5280302851876438,0
52,47.0,33.0,1,rbf_svc,0,0.1428903751937346,0.5280302851876438,0
52,48.0,32.0,1,rbf_svc,0,0.059408218970442864,0.5280302851876438,0
52,49.0,31.0,1,rbf_svc,0,0.08184945500274124,0.5280302851876438,0
52,50.0,30.0,1,rbf_svc,0,0.15327750063199927,0.5280302851876438,0
52,51.0,29.0,1,rbf_svc,0,0.24133738075304043,0.5280302851876438,0
52,52.0,28.0,1,rbf_svc,0,0.24602933483056608,0.5280302851876438,0
52,53.0,27.0,1,rbf_svc,0,0.21263897234487966,0.5280302851876438,0
52,54.0,26.0,1,rbf_svc,0,0.28390865461036424,0.5280302851876438,0
52,55.0,25.0,1,rbf_svc,0,0.31250994167665513,0.5280302851876438,0
52,56.0,24.0,1,rbf_svc,0,0.33720526593179934,0.5280302851876438,0
52,57.0,23.0,1,rbf_svc,0,0.40309201208843304,0.5280302851876438,0
52,58.0,22.0,1,rbf_svc,0,0.5,0.5280302851876438,0
52,59.0,21.0,1,rbf_svc,0,0.4666647950586559,0.5280302851876438,0
52,60.0,20.0,1,rbf_svc,1,0.46740702325371797,0.5280302851876438,0
52,61.0,19.0,1,rbf_svc,1,0.6009672653320017,0.5280302851876438,1
52,62.0,18.0,1,rbf_svc,1,0.5059566966370639,0.5280302851876438,0
52,63.0,17.0,1,rbf_svc,1,0.8414846512662345,0.5280302851876438,1
52,64.0,16.0,1,rbf_svc,1,0.35075700796322906,0.5280302851876438,0
52,65.0,15.0,1,rbf_svc,1,0.5536792078857817,0.5280302851876438,1
52,66.0,14.0,1,rbf_svc,1,0.7111903117729742,0.5280302851876438,1
52,67.0,13.0,1,rbf_svc,1,0.8615986543669831,0.5280302851876438,1
52,68.0,12.0,1,rbf_svc,1,0.814886625287079,0.5280302851876438,1
52,69.0,11.0,1,rbf_svc,1,0.8293043083211348,0.5280302851876438,1
52,70.0,10.0,1,rbf_svc,1,0.8620534496248484,0.5280302851876438,1
52,71.0,9.0,1,rbf_svc,1,0.9196265196740844,0.5280302851876438,1
52,72.0,8.0,1,rbf_svc,1,0.9229011664529383,0.5280302851876438,1
52,73.0,7.0,1,rbf_svc,1,0.9635744623735214,0.5280302851876438,1
52,74.0,6.0,1,rbf_svc,1,0.9637406791932991,0.5280302851876438,1
52,75.0,5.0,1,rbf_svc,1,0.9811564695852144,0.5280302851876438,1
52,76.0,4.0,1,rbf_svc,1,0.9730027586310062,0.5280302851876438,1
52,77.0,3.0,1,rbf_svc,1,0.9786207997767088,0.5280302851876438,1
52,78.0,2.0,1,rbf_svc,1,0.9955146807989624,0.5280302851876438,1
52,79.0,1.0,1,rbf_svc,1,0.9955248399816649,0.5280302851876438,1
52,80.0,0.0,1,rbf_svc,1,0.9999953198202809,0.5280302851876438,1
53,1.0,90.0,3,hist_gradient_boosting,0,0.0002030614730333333,0.6323221630840011,0
53,2.0,89.0,3,hist_gradient_boosting,0,5.58202198314623e-05,0.6323221630840011,0
53,3.0,88.0,3,hist_gradient_boosting,0,6.531421510337816e-05,0.6323221630840011,0
53,4.0,87.0,3,hist_gradient_boosting,0,9.100793252554985e-05,0.6323221630840011,0
53,5.0,86.0,3,hist_gradient_boosting,0,8.263362852938039e-05,0.6323221630840011,0
53,6.0,85.0,3,hist_gradient_boosting,0,8.500158157100183e-05,0.6323221630840011,0
53,7.0,84.0,3,hist_gradient_boosting,0,0.00010510026525496547,0.6323221630840011,0
53,8.0,83.0,3,hist_gradient_boosting,0,3.443192661958653e-05,0.6323221630840011,0
53,9.0,82.0,3,hist_gradient_boosting,0,5.8637362506287894e-05,0.6323221630840011,0
53,10.0,81.0,3,hist_gradient_boosting,0,3.6395123408795396e-05,0.6323221630840011,0
53,11.0,80.0,3,hist_gradient_boosting,0,0.00010136026308563827,0.6323221630840011,0
53,12.0,79.0,3,hist_gradient_boosting,0,0.00015381524949112523,0.6323221630840011,0
53,13.0,78.0,3,hist_gradient_boosting,0,0.0001628306588757956,0.6323221630840011,0
53,14.0,77.0,3,hist_gradient_boosting,0,7.350844835153213e-05,0.6323221630840011,0
53,15.0,76.0,3,hist_gradient_boosting,0,7.030510919100835e-05,0.6323221630840011,0
53,16.0,75.0,3,hist_gradient_boosting,0,5.599906796811009e-05,0.6323221630840011,0
53,17.0,74.0,3,hist_gradient_boosting,0,0.00010931808497041785,0.6323221630840011,0
53,18.0,73.0,3,hist_gradient_boosting,0,5.863589077198046e-05,0.6323221630840011,0
53,19.0,72.0,3,hist_gradient_boosting,0,0.0001722730504763989,0.6323221630840011,0
53,20.0,71.0,3,hist_gradient_boosting,0,6.697510278445768e-05,0.6323221630840011,0
53,21.0,70.0,3,hist_gradient_boosting,0,5.5423079661812636e-05,0.6323221630840011,0
53,22.0,69.0,3,hist_gradient_boosting,0,0.00019244319029765696,0.6323221630840011,0
53,23.0,68.0,3,hist_gradient_boosting,0,4.560557450415046e-05,0.6323221630840011,0
53,24.0,67.0,3,hist_gradient_boosting,0,3.0451152815288673e-05,0.6323221630840011,0
53,25.0,66.0,3,hist_gradient_boosting,0,0.00017540725158742863,0.6323221630840011,0
53,26.0,65.0,3,hist_gradient_boosting,0,0.00015786986502269702,0.6323221630840011,0
53,27.0,64.0,3,hist_gradient_boosting,0,6.752804011645297e-05,0.6323221630840011,0
53,28.0,63.0,3,hist_gradient_boosting,0,0.00030010059277655026,0.6323221630840011,0
53,29.0,62.0,3,hist_gradient_boosting,0,0.0002227693453603596,0.6323221630840011,0
53,30.0,61.0,3,hist_gradient_boosting,0,0.00037115992133189205,0.6323221630840011,0
53,31.0,60.0,3,hist_gradient_boosting,0,0.00019549171169238444,0.6323221630840011,0
53,32.0,59.0,3,hist_gradient_boosting,0,0.0003570976069170608,0.6323221630840011,0
53,33.0,58.0,3,hist_gradient_boosting,0,0.000296365987279778,0.6323221630840011,0
53,34.0,57.0,3,hist_gradient_boosting,0,0.0008571159063701883,0.6323221630840011,0
53,35.0,56.0,3,hist_gradient_boosting,0,0.0013986557081303599,0.6323221630840011,0
53,36.0,55.0,3,hist_gradient_boosting,0,0.0026904027596481115,0.6323221630840011,0
53,37.0,54.0,3,hist_gradient_boosting,0,0.000826334380990655,0.6323221630840011,0
53,38.0,53.0,3,hist_gradient_boosting,0,0.0016444744812558019,0.6323221630840011,0
53,39.0,52.0,3,hist_gradient_boosting,0,0.002775513442013972,0.6323221630840011,0
53,40.0,51.0,3,hist_gradient_boosting,0,0.002076635549486246,0.6323221630840011,0
53,41.0,50.0,3,hist_gradient_boosting,0,0.0040822372763437125,0.6323221630840011,0
53,42.0,49.0,3,hist_gradient_boosting,0,0.0007149162503412673,0.6323221630840011,0
53,43.0,48.0,3,hist_gradient_boosting,0,0.0043742017549809106,0.6323221630840011,0
53,44.0,47.0,3,hist_gradient_boosting,0,0.001094020885047823,0.6323221630840011,0
53,45.0,46.0,3,hist_gradient_boosting,0,0.005983343569247523,0.6323221630840011,0
53,46.0,45.0,3,hist_gradient_boosting,0,0.0018315631779724229,0.6323221630840011,0
53,47.0,44.0,3,hist_gradient_boosting,0,0.005673932765559296,0.6323221630840011,0
53,48.0,43.0,3,hist_gradient_boosting,0,0.057025629450403195,0.6323221630840011,0
53,49.0,42.0,3,hist_gradient_boosting,0,0.006521634745173957,0.6323221630840011,0
53,50.0,41.0,3,hist_gradient_boosting,0,0.03445864933039337,0.6323221630840011,0
53,51.0,40.0,3,hist_gradient_boosting,0,0.0022202268859562533,0.6323221630840011,0
53,52.0,39.0,3,hist_gradient_boosting,0,0.02798064420774381,0.6323221630840011,0
53,53.0,38.0,3,hist_gradient_boosting,0,0.012171934938601447,0.6323221630840011,0
53,54.0,37.0,3,hist_gradient_boosting,0,0.09103627576549786,0.6323221630840011,0
53,55.0,36.0,3,hist_gradient_boosting,0,0.0037471505067194016,0.6323221630840011,0
53,56.0,35.0,3,hist_gradient_boosting,0,0.019218216185105448,0.6323221630840011,0
53,57.0,34.0,3,hist_gradient_boosting,0,0.027567102943337553,0.6323221630840011,0
53,58.0,33.0,3,hist_gradient_boosting,0,0.03757648006385263,0.6323221630840011,0
53,59.0,32.0,3,hist_gradient_boosting,0,0.05132531790996334,0.6323221630840011,0
53,60.0,31.0,3,hist_gradient_boosting,0,0.10730376301585948,0.6323221630840011,0
53,61.0,30.0,3,hist_gradient_boosting,0,0.025845761212228258,0.6323221630840011,0
53,62.0,29.0,3,hist_gradient_boosting,0,0.010287604824410232,0.6323221630840011,0
53,63.0,28.0,3,hist_gradient_boosting,0,0.5203110274209207,0.6323221630840011,0
53,64.0,27.0,3,hist_gradient_boosting,0,0.4105592241996562,0.6323221630840011,0
53,65.0,26.0,3,hist_gradient_boosting,0,0.4570933676036819,0.6323221630840011,0
53,66.0,25.0,3,hist_gradient_boosting,0,0.1894053045266643,0.6323221630840011,0
53,67.0,24.0,3,hist_gradient_boosting,0,0.562202711444397,0.6323221630840011,0
53,68.0,23.0,3,hist_gradient_boosting,0,0.9647416392861204,0.6323221630840011,1
53,69.0,22.0,3,hist_gradient_boosting,0,0.7638830126444971,0.6323221630840011,1
53,70.0,21.0,3,hist_gradient_boosting,0,0.7189984565003259,0.6323221630840011,1
53,71.0,20.0,3,hist_gradient_boosting,1,0.5196531869394577,0.6323221630840011,0
53,72.0,19.0,3,hist_gradient_boosting,1,0.7533967531755131,0.6323221630840011,1
53,73.0,18.0,3,hist_gradient_boosting,1,0.4848983183222525,0.6323221630840011,0
53,74.0,17.0,3,hist_gradient_boosting,1,0.6119516459371956,0.6323221630840011,0
53,75.0,16.0,3,hist_gradient_boosting,1,0.6601541022029673,0.6323221630840011,1
53,76.0,15.0,3,hist_gradient_boosting,1,0.8595320671710914,0.6323221630840011,1
53,77.0,14.0,3,hist_gradient_boosting,1,0.9528517533423025,0.6323221630840011,1
53,78.0,13.0,3,hist_gradient_boosting,1,0.9377037546410969,0.6323221630840011,1
53,79.0,12.0,3,hist_gradient_boosting,1,0.9617436850962905,0.6323221630840011,1
53,80.0,11.0,3,hist_gradient_boosting,1,0.9993721075475904,0.6323221630840011,1
53,81.0,10.0,3,hist_gradient_boosting,1,0.9997092612111205,0.6323221630840011,1
53,82.0,9.0,3,hist_gradient_boosting,1,0.9995103692044495,0.6323221630840011,1
53,83.0,8.0,3,hist_gradient_boosting,1,0.9993584427289885,0.6323221630840011,1
53,84.0,7.0,3,hist_gradient_boosting,1,0.999726155145582,0.6323221630840011,1
53,85.0,6.0,3,hist_gradient_boosting,1,0.9997673168130717,0.6323221630840011,1
53,86.0,5.0,3,hist_gradient_boosting,1,0.9992664738392273,0.6323221630840011,1
53,87.0,4.0,3,hist_gradient_boosting,1,0.9998346699450444,0.6323221630840011,1
53,88.0,3.0,3,hist_gradient_boosting,1,0.9994844337756962,0.6323221630840011,1
53,89.0,2.0,3,hist_gradient_boosting,1,0.99967227501224,0.6323221630840011,1
53,90.0,1.0,3,hist_gradient_boosting,1,0.9998312538226299,0.6323221630840011,1
53,91.0,0.0,3,hist_gradient_boosting,1,0.9994222127771232,0.6323221630840011,1
54,1.0,68.0,2,hist_gradient_boosting,0,0.000808098138453487,0.6510141822896698,0
54,2.0,67.0,2,hist_gradient_boosting,0,0.00036879884928516594,0.6510141822896698,0
54,3.0,66.0,2,hist_gradient_boosting,0,0.00020007324916148495,0.6510141822896698,0
54,4.0,65.0,2,hist_gradient_boosting,0,0.0002279593312270225,0.6510141822896698,0
54,5.0,64.0,2,hist_gradient_boosting,0,0.0002108386331761516,0.6510141822896698,0
54,6.0,63.0,2,hist_gradient_boosting,0,0.00011268213669259114,0.6510141822896698,0
54,7.0,62.0,2,hist_gradient_boosting,0,0.00025749775756933493,0.6510141822896698,0
54,8.0,61.0,2,hist_gradient_boosting,0,0.0012960123885279208,0.6510141822896698,0
54,9.0,60.0,2,hist_gradient_boosting,0,0.0003658216449598812,0.6510141822896698,0
54,10.0,59.0,2,hist_gradient_boosting,0,0.0003335970142515381,0.6510141822896698,0
54,11.0,58.0,2,hist_gradient_boosting,0,0.00048097603786540524,0.6510141822896698,0
54,12.0,57.0,2,hist_gradient_boosting,0,0.0005851745118804035,0.6510141822896698,0
54,13.0,56.0,2,hist_gradient_boosting,0,0.00014585983111074506,0.6510141822896698,0
54,14.0,55.0,2,hist_gradient_boosting,0,0.0002730013012294322,0.6510141822896698,0
54,15.0,54.0,2,hist_gradient_boosting,0,0.0002389369963442315,0.6510141822896698,0
54,16.0,53.0,2,hist_gradient_boosting,0,0.000636051727350733,0.6510141822896698,0
54,17.0,52.0,2,hist_gradient_boosting,0,0.0004383689844142299,0.6510141822896698,0
54,18.0,51.0,2,hist_gradient_boosting,0,0.000416257918721188,0.6510141822896698,0
54,19.0,50.0,2,hist_gradient_boosting,0,0.0018668146739238836,0.6510141822896698,0
54,20.0,49.0,2,hist_gradient_boosting,0,0.0008348257416369375,0.6510141822896698,0
54,21.0,48.0,2,hist_gradient_boosting,0,0.00014502838191291824,0.6510141822896698,0
54,22.0,47.0,2,hist_gradient_boosting,0,0.00023501471341973482,0.6510141822896698,0
54,23.0,46.0,2,hist_gradient_boosting,0,0.0003208197251115159,0.6510141822896698,0
54,24.0,45.0,2,hist_gradient_boosting,0,0.0013230379185357683,0.6510141822896698,0
54,25.0,44.0,2,hist_gradient_boosting,0,0.0012446273768413174,0.6510141822896698,0
54,26.0,43.0,2,hist_gradient_boosting,0,0.0002766111448906008,0.6510141822896698,0
54,27.0,42.0,2,hist_gradient_boosting,0,9.055771663933921e-05,0.6510141822896698,0
54,28.0,41.0,2,hist_gradient_boosting,0,0.00480748386660595,0.6510141822896698,0
54,29.0,40.0,2,hist_gradient_boosting,0,0.0027068218991419747,0.6510141822896698,0
54,30.0,39.0,2,hist_gradient_boosting,0,0.0017776014990750675,0.6510141822896698,0
54,31.0,38.0,2,hist_gradient_boosting,0,0.005686091516464503,0.6510141822896698,0
54,32.0,37.0,2,hist_gradient_boosting,0,0.013416798580247212,0.6510141822896698,0
54,33.0,36.0,2,hist_gradient_boosting,0,0.03176985262275135,0.6510141822896698,0
54,34.0,35.0,2,hist_gradient_boosting,0,0.0069819142004492515,0.6510141822896698,0
54,35.0,34.0,2,hist_gradient_boosting,0,0.04271840046491152,0.6510141822896698,0
54,36.0,33.0,2,hist_gradient_boosting,0,0.1144320097115998,0.6510141822896698,0
54,37.0,32.0,2,hist_gradient_boosting,0,0.030049922032962372,0.6510141822896698,0
54,38.0,31.0,2,hist_gradient_boosting,0,0.0719954833425923,0.6510141822896698,0
54,39.0,30.0,2,hist_gradient_boosting,0,0.019454302742913154,0.6510141822896698,0
54,40.0,29.0,2,hist_gradient_boosting,0,0.04540139525264384,0.6510141822896698,0
54,41.0,28.0,2,hist_gradient_boosting,0,0.015071132278992412,0.6510141822896698,0
54,42.0,27.0,2,hist_gradient_boosting,0,0.04936433729963741,0.6510141822896698,0
54,43.0,26.0,2,hist_gradient_boosting,0,0.04674578654605729,0.6510141822896698,0
54,44.0,25.0,2,hist_gradient_boosting,0,0.02907460449802994,0.6510141822896698,0
54,45.0,24.0,2,hist_gradient_boosting,0,0.13939864879774505,0.6510141822896698,0
54,46.0,23.0,2,hist_gradient_boosting,0,0.08652083853186623,0.6510141822896698,0
54,47.0,22.0,2,hist_gradient_boosting,0,0.06470631576625252,0.6510141822896698,0
54,48.0,21.0,2,hist_gradient_boosting,0,0.030876169830807165,0.6510141822896698,0
54,49.0,20.0,2,hist_gradient_boosting,1,0.8615767393358187,0.6510141822896698,1
54,50.0,19.0,2,hist_gradient_boosting,1,0.9797637948993175,0.6510141822896698,1
54,51.0,18.0,2,hist_gradient_boosting,1,0.8821132869879671,0.6510141822896698,1
54,52.0,17.0,2,hist_gradient_boosting,1,0.9414880552524673,0.6510141822896698,1
54,53.0,16.0,2,hist_gradient_boosting,1,0.8327321373974237,0.6510141822896698,1
54,54.0,15.0,2,hist_gradient_boosting,1,0.8794944117332991,0.6510141822896698,1
54,55.0,14.0,2,hist_gradient_boosting,1,0.9583710146604246,0.6510141822896698,1
54,56.0,13.0,2,hist_gradient_boosting,1,0.9474196716207783,0.6510141822896698,1
54,57.0,12.0,2,hist_gradient_boosting,1,0.9189816618343521,0.6510141822896698,1
54,58.0,11.0,2,hist_gradient_boosting,1,0.9798096128623747,0.6510141822896698,1
54,59.0,10.0,2,hist_gradient_boosting,1,0.9612663474009178,0.6510141822896698,1
54,60.0,9.0,2,hist_gradient_boosting,1,0.9853003126808054,0.6510141822896698,1
54,61.0,8.0,2,hist_gradient_boosting,1,0.9800104750109673,0.6510141822896698,1
54,62.0,7.0,2,hist_gradient_boosting,1,0.9878259316366528,0.6510141822896698,1
54,63.0,6.0,2,hist_gradient_boosting,1,0.9844404742521288,0.6510141822896698,1
54,64.0,5.0,2,hist_gradient_boosting,1,0.9978755534105296,0.6510141822896698,1
54,65.0,4.0,2,hist_gradient_boosting,1,0.9962400482547694,0.6510141822896698,1
54,66.0,3.0,2,hist_gradient_boosting,1,0.9980572590395562,0.6510141822896698,1
54,67.0,2.0,2,hist_gradient_boosting,1,0.9973148836707818,0.6510141822896698,1
54,68.0,1.0,2,hist_gradient_boosting,1,0.9988983576918395,0.6510141822896698,1
54,69.0,0.0,2,hist_gradient_boosting,1,0.9992365556605604,0.6510141822896698,1
55,1.0,81.0,3,hist_gradient_boosting,0,7.329393389763263e-05,0.6323221630840011,0
55,2.0,80.0,3,hist_gradient_boosting,0,4.371353710684774e-05,0.6323221630840011,0
55,3.0,79.0,3,hist_gradient_boosting,0,6.633730800162532e-05,0.6323221630840011,0
55,4.0,78.0,3,hist_gradient_boosting,0,4.428049276164275e-05,0.6323221630840011,0
55,5.0,77.0,3,hist_gradient_boosting,0,7.344337279485027e-05,0.6323221630840011,0
55,6.0,76.0,3,hist_gradient_boosting,0,4.5288159957987066e-05,0.6323221630840011,0
55,7.0,75.0,3,hist_gradient_boosting,0,8.617403924155839e-05,0.6323221630840011,0
55,8.0,74.0,3,hist_gradient_boosting,0,7.016036789927464e-05,0.6323221630840011,0
55,9.0,73.0,3,hist_gradient_boosting,0,3.437737599647803e-05,0.6323221630840011,0
55,10.0,72.0,3,hist_gradient_boosting,0,4.428049276164275e-05,0.6323221630840011,0
55,11.0,71.0,3,hist_gradient_boosting,0,6.700854599885166e-05,0.6323221630840011,0
55,12.0,70.0,3,hist_gradient_boosting,0,5.248344267851971e-05,0.6323221630840011,0
55,13.0,69.0,3,hist_gradient_boosting,0,3.200191412376858e-05,0.6323221630840011,0
55,14.0,68.0,3,hist_gradient_boosting,0,7.007719536553842e-05,0.6323221630840011,0
55,15.0,67.0,3,hist_gradient_boosting,0,6.344697966072466e-05,0.6323221630840011,0
55,16.0,66.0,3,hist_gradient_boosting,0,4.4301696316057285e-05,0.6323221630840011,0
55,17.0,65.0,3,hist_gradient_boosting,0,4.342583277295563e-05,0.6323221630840011,0
55,18.0,64.0,3,hist_gradient_boosting,0,6.172677527226296e-05,0.6323221630840011,0
55,19.0,63.0,3,hist_gradient_boosting,0,9.241737157125672e-05,0.6323221630840011,0
55,20.0,62.0,3,hist_gradient_boosting,0,0.00014439191650633286,0.6323221630840011,0
55,21.0,61.0,3,hist_gradient_boosting,0,0.00011524874402916951,0.6323221630840011,0
55,22.0,60.0,3,hist_gradient_boosting,0,4.313450658864463e-05,0.6323221630840011,0
55,23.0,59.0,3,hist_gradient_boosting,0,6.167467508023758e-05,0.6323221630840011,0
55,24.0,58.0,3,hist_gradient_boosting,0,0.00010399587605117259,0.6323221630840011,0
55,25.0,57.0,3,hist_gradient_boosting,0,4.428049276164275e-05,0.6323221630840011,0
55,26.0,56.0,3,hist_gradient_boosting,0,0.00015905957030232275,0.6323221630840011,0
55,27.0,55.0,3,hist_gradient_boosting,0,6.238446599772771e-05,0.6323221630840011,0
55,28.0,54.0,3,hist_gradient_boosting,0,0.0005807944351566625,0.6323221630840011,0
55,29.0,53.0,3,hist_gradient_boosting,0,0.00018541202995486276,0.6323221630840011,0
55,30.0,52.0,3,hist_gradient_boosting,0,0.0010559286328920602,0.6323221630840011,0
55,31.0,51.0,3,hist_gradient_boosting,0,0.00025438207240705,0.6323221630840011,0
55,32.0,50.0,3,hist_gradient_boosting,0,0.0034624350128113434,0.6323221630840011,0
55,33.0,49.0,3,hist_gradient_boosting,0,0.000347326245436247,0.6323221630840011,0
55,34.0,48.0,3,hist_gradient_boosting,0,0.0008224190429603613,0.6323221630840011,0
55,35.0,47.0,3,hist_gradient_boosting,0,0.0004850759753652457,0.6323221630840011,0
55,36.0,46.0,3,hist_gradient_boosting,0,0.00773126697578045,0.6323221630840011,0
55,37.0,45.0,3,hist_gradient_boosting,0,0.0017359233049065483,0.6323221630840011,0
55,38.0,44.0,3,hist_gradient_boosting,0,0.0039047092093882864,0.6323221630840011,0
55,39.0,43.0,3,hist_gradient_boosting,0,0.01241706552326406,0.6323221630840011,0
55,40.0,42.0,3,hist_gradient_boosting,0,0.000915107629506571,0.6323221630840011,0
55,41.0,41.0,3,hist_gradient_boosting,0,0.0007304354067214256,0.6323221630840011,0
55,42.0,40.0,3,hist_gradient_boosting,0,0.0022882821109345406,0.6323221630840011,0
55,43.0,39.0,3,hist_gradient_boosting,0,0.0022269324037536035,0.6323221630840011,0
55,44.0,38.0,3,hist_gradient_boosting,0,0.0028759087709956423,0.6323221630840011,0
55,45.0,37.0,3,hist_gradient_boosting,0,0.0014623094933855938,0.6323221630840011,0
55,46.0,36.0,3,hist_gradient_boosting,0,0.02443985631732747,0.6323221630840011,0
55,47.0,35.0,3,hist_gradient_boosting,0,0.004634883259392204,0.6323221630840011,0
55,48.0,34.0,3,hist_gradient_boosting,0,0.011599942545725066,0.6323221630840011,0
55,49.0,33.0,3,hist_gradient_boosting,0,0.024456500508942148,0.6323221630840011,0
55,50.0,32.0,3,hist_gradient_boosting,0,0.0022848627892787937,0.6323221630840011,0
55,51.0,31.0,3,hist_gradient_boosting,0,0.016472793928543297,0.6323221630840011,0
55,52.0,30.0,3,hist_gradient_boosting,0,0.05101506777774559,0.6323221630840011,0
55,53.0,29.0,3,hist_gradient_boosting,0,0.017299577671433048,0.6323221630840011,0
55,54.0,28.0,3,hist_gradient_boosting,0,0.0337503805146477,0.6323221630840011,0
55,55.0,27.0,3,hist_gradient_boosting,0,0.020159191195621016,0.6323221630840011,0
55,56.0,26.0,3,hist_gradient_boosting,0,0.041144077099430916,0.6323221630840011,0
55,57.0,25.0,3,hist_gradient_boosting,0,0.01488023462538867,0.6323221630840011,0
55,58.0,24.0,3,hist_gradient_boosting,0,0.026334944326212462,0.6323221630840011,0
55,59.0,23.0,3,hist_gradient_boosting,0,0.09335668400598232,0.6323221630840011,0
55,60.0,22.0,3,hist_gradient_boosting,0,0.014579245566697109,0.6323221630840011,0
55,61.0,21.0,3,hist_gradient_boosting,0,0.04251771587183161,0.6323221630840011,0
55,62.0,20.0,3,hist_gradient_boosting,1,0.9410962523743531,0.6323221630840011,1
55,63.0,19.0,3,hist_gradient_boosting,1,0.9492212386621146,0.6323221630840011,1
55,64.0,18.0,3,hist_gradient_boosting,1,0.8601895626141487,0.6323221630840011,1
55,65.0,17.0,3,hist_gradient_boosting,1,0.9798518533794988,0.6323221630840011,1
55,66.0,16.0,3,hist_gradient_boosting,1,0.9319996187100924,0.6323221630840011,1
55,67.0,15.0,3,hist_gradient_boosting,1,0.9945270384158428,0.6323221630840011,1
55,68.0,14.0,3,hist_gradient_boosting,1,0.9928826261496221,0.6323221630840011,1
55,69.0,13.0,3,hist_gradient_boosting,1,0.9718966106405932,0.6323221630840011,1
55,70.0,12.0,3,hist_gradient_boosting,1,0.9715458419496963,0.6323221630840011,1
55,71.0,11.0,3,hist_gradient_boosting,1,0.9806264125219973,0.6323221630840011,1
55,72.0,10.0,3,hist_gradient_boosting,1,0.976073312157502,0.6323221630840011,1
55,73.0,9.0,3,hist_gradient_boosting,1,0.9882881536335051,0.6323221630840011,1
55,74.0,8.0,3,hist_gradient_boosting,1,0.9975249186073109,0.6323221630840011,1
55,75.0,7.0,3,hist_gradient_boosting,1,0.9920851425308211,0.6323221630840011,1
55,76.0,6.0,3,hist_gradient_boosting,1,0.9989246817757094,0.6323221630840011,1
55,77.0,5.0,3,hist_gradient_boosting,1,0.9918167053703322,0.6323221630840011,1
55,78.0,4.0,3,hist_gradient_boosting,1,0.988846384240609,0.6323221630840011,1
55,79.0,3.0,3,hist_gradient_boosting,1,0.9886773237555836,0.6323221630840011,1
55,80.0,2.0,3,hist_gradient_boosting,1,0.999708633065982,0.6323221630840011,1
55,81.0,1.0,3,hist_gradient_boosting,1,0.999907416007819,0.6323221630840011,1
55,82.0,0.0,3,hist_gradient_boosting,1,0.9998909836687359,0.6323221630840011,1
56,1.0,66.0,4,hist_gradient_boosting,0,0.00020492859950056155,0.6936009670541174,0
56,2.0,65.0,4,hist_gradient_boosting,0,0.00017229674643332892,0.6936009670541174,0
56,3.0,64.0,4,hist_gradient_boosting,0,0.000276999325572375,0.6936009670541174,0
56,4.0,63.0,4,hist_gradient_boosting,0,0.0001373731549565993,0.6936009670541174,0
56,5.0,62.0,4,hist_gradient_boosting,0,9.719138428667911e-05,0.6936009670541174,0
56,6.0,61.0,4,hist_gradient_boosting,0,0.00014597208245200705,0.6936009670541174,0
56,7.0,60.0,4,hist_gradient_boosting,0,0.00010658768968229405,0.6936009670541174,0
56,8.0,59.0,4,hist_gradient_boosting,0,0.00028790338966906963,0.6936009670541174,0
56,9.0,58.0,4,hist_gradient_boosting,0,0.00011034221111938645,0.6936009670541174,0
56,10.0,57.0,4,hist_gradient_boosting,0,0.00029353009269728823,0.6936009670541174,0
56,11.0,56.0,4,hist_gradient_boosting,0,0.0001018260045550542,0.6936009670541174,0
56,12.0,55.0,4,hist_gradient_boosting,0,0.0002275076499743337,0.6936009670541174,0
56,13.0,54.0,4,hist_gradient_boosting,0,0.00015241711140388125,0.6936009670541174,0
56,14.0,53.0,4,hist_gradient_boosting,0,0.00010591737211501536,0.6936009670541174,0
56,15.0,52.0,4,hist_gradient_boosting,0,0.00022260236634016306,0.6936009670541174,0
56,16.0,51.0,4,hist_gradient_boosting,0,6.391622912444712e-05,0.6936009670541174,0
56,17.0,50.0,4,hist_gradient_boosting,0,0.00046117351142186525,0.6936009670541174,0
56,18.0,49.0,4,hist_gradient_boosting,0,7.085911394878458e-05,0.6936009670541174,0
56,19.0,48.0,4,hist_gradient_boosting,0,0.000203220864815104,0.6936009670541174,0
56,20.0,47.0,4,hist_gradient_boosting,0,0.0001407285984717495,0.6936009670541174,0
56,21.0,46.0,4,hist_gradient_boosting,0,7.123225202376243e-05,0.6936009670541174,0
56,22.0,45.0,4,hist_gradient_boosting,0,0.00037298918323606294,0.6936009670541174,0
56,23.0,44.0,4,hist_gradient_boosting,0,0.00015177706259555097,0.6936009670541174,0
56,24.0,43.0,4,hist_gradient_boosting,0,0.0002324241663374735,0.6936009670541174,0
56,25.0,42.0,4,hist_gradient_boosting,0,0.00024891047710570875,0.6936009670541174,0
56,26.0,41.0,4,hist_gradient_boosting,0,0.00014578013597351075,0.6936009670541174,0
56,27.0,40.0,4,hist_gradient_boosting,0,0.00047926976466892496,0.6936009670541174,0
56,28.0,39.0,4,hist_gradient_boosting,0,0.00022118311570203689,0.6936009670541174,0
56,29.0,38.0,4,hist_gradient_boosting,0,0.0001310825077423498,0.6936009670541174,0
56,30.0,37.0,4,hist_gradient_boosting,0,0.0014810143153310292,0.6936009670541174,0
56,31.0,36.0,4,hist_gradient_boosting,0,0.0016734959136184909,0.6936009670541174,0
56,32.0,35.0,4,hist_gradient_boosting,0,0.007523566030222005,0.6936009670541174,0
56,33.0,34.0,4,hist_gradient_boosting,0,0.009529441476015624,0.6936009670541174,0
56,34.0,33.0,4,hist_gradient_boosting,0,0.008088253053964135,0.6936009670541174,0
56,35.0,32.0,4,hist_gradient_boosting,0,0.011604793527298022,0.6936009670541174,0
56,36.0,31.0,4,hist_gradient_boosting,0,0.0025957095979999545,0.6936009670541174,0
56,37.0,30.0,4,hist_gradient_boosting,0,0.005816168202212342,0.6936009670541174,0
56,38.0,29.0,4,hist_gradient_boosting,0,0.003378415222000188,0.6936009670541174,0
56,39.0,28.0,4,hist_gradient_boosting,0,0.004940392592336694,0.6936009670541174,0
56,40.0,27.0,4,hist_gradient_boosting,0,0.0049411201882536785,0.6936009670541174,0
56,41.0,26.0,4,hist_gradient_boosting,0,0.0025257175745232664,0.6936009670541174,0
56,42.0,25.0,4,hist_gradient_boosting,0,0.04130598704915532,0.6936009670541174,0
56,43.0,24.0,4,hist_gradient_boosting,0,0.018507362190584457,0.6936009670541174,0
56,44.0,23.0,4,hist_gradient_boosting,0,0.014191150777579245,0.6936009670541174,0
56,45.0,22.0,4,hist_gradient_boosting,0,0.2426441919156582,0.6936009670541174,0
56,46.0,21.0,4,hist_gradient_boosting,0,0.06863883971945682,0.6936009670541174,0
56,47.0,20.0,4,hist_gradient_boosting,1,0.06013661602736725,0.6936009670541174,0
56,48.0,19.0,4,hist_gradient_boosting,1,0.6491935409435434,0.6936009670541174,0
56,49.0,18.0,4,hist_gradient_boosting,1,0.06096234327376104,0.6936009670541174,0
56,50.0,17.0,4,hist_gradient_boosting,1,0.06297237257463607,0.6936009670541174,0
56,51.0,16.0,4,hist_gradient_boosting,1,0.34992448283301003,0.6936009670541174,0
56,52.0,15.0,4,hist_gradient_boosting,1,0.28274878404414033,0.6936009670541174,0
56,53.0,14.0,4,hist_gradient_boosting,1,0.6332420529441913,0.6936009670541174,0
56,54.0,13.0,4,hist_gradient_boosting,1,0.11011445928485802,0.6936009670541174,0
56,55.0,12.0,4,hist_gradient_boosting,1,0.8967460502519654,0.6936009670541174,1
56,56.0,11.0,4,hist_gradient_boosting,1,0.9345986631834516,0.6936009670541174,1
56,57.0,10.0,4,hist_gradient_boosting,1,0.9320941554967399,0.6936009670541174,1
56,58.0,9.0,4,hist_gradient_boosting,1,0.9642684607268863,0.6936009670541174,1
56,59.0,8.0,4,hist_gradient_boosting,1,0.9929252773993558,0.6936009670541174,1
56,60.0,7.0,4,hist_gradient_boosting,1,0.9949076825552697,0.6936009670541174,1
56,61.0,6.0,4,hist_gradient_boosting,1,0.9936044218989648,0.6936009670541174,1
56,62.0,5.0,4,hist_gradient_boosting,1,0.9959098045967006,0.6936009670541174,1
56,63.0,4.0,4,hist_gradient_boosting,1,0.9952603751771354,0.6936009670541174,1
56,64.0,3.0,4,hist_gradient_boosting,1,0.9982335784650953,0.6936009670541174,1
56,65.0,2.0,4,hist_gradient_boosting,1,0.9989113233202467,0.6936009670541174,1
56,66.0,1.0,4,hist_gradient_boosting,1,0.9955671754654897,0.6936009670541174,1
56,67.0,0.0,4,hist_gradient_boosting,1,0.9995978481952408,0.6936009670541174,1
57,1.0,84.0,3,hist_gradient_boosting,0,0.00010941173397369156,0.6323221630840011,0
57,2.0,83.0,3,hist_gradient_boosting,0,9.788864654194179e-05,0.6323221630840011,0
57,3.0,82.0,3,hist_gradient_boosting,0,0.00010250346729105645,0.6323221630840011,0
57,4.0,81.0,3,hist_gradient_boosting,0,0.00017102226173828833,0.6323221630840011,0
57,5.0,80.0,3,hist_gradient_boosting,0,0.00016415830082775298,0.6323221630840011,0
57,6.0,79.0,3,hist_gradient_boosting,0,0.0010595371374478005,0.6323221630840011,0
57,7.0,78.0,3,hist_gradient_boosting,0,0.000278595052773725,0.6323221630840011,0
57,8.0,77.0,3,hist_gradient_boosting,0,9.784300415642811e-05,0.6323221630840011,0
57,9.0,76.0,3,hist_gradient_boosting,0,0.0001367721665333176,0.6323221630840011,0
57,10.0,75.0,3,hist_gradient_boosting,0,0.000339499762237463,0.6323221630840011,0
57,11.0,74.0,3,hist_gradient_boosting,0,0.00020342702720759637,0.6323221630840011,0
57,12.0,73.0,3,hist_gradient_boosting,0,0.0005753901047696318,0.6323221630840011,0
57,13.0,72.0,3,hist_gradient_boosting,0,0.00022895253054183075,0.6323221630840011,0
57,14.0,71.0,3,hist_gradient_boosting,0,9.893372953197786e-05,0.6323221630840011,0
57,15.0,70.0,3,hist_gradient_boosting,0,0.0004862488284147788,0.6323221630840011,0
57,16.0,69.0,3,hist_gradient_boosting,0,0.0002856535279632058,0.6323221630840011,0
57,17.0,68.0,3,hist_gradient_boosting,0,0.00024938873154617636,0.6323221630840011,0
57,18.0,67.0,3,hist_gradient_boosting,0,0.00014155010615922282,0.6323221630840011,0
57,19.0,66.0,3,hist_gradient_boosting,0,0.00018052963729548965,0.6323221630840011,0
57,20.0,65.0,3,hist_gradient_boosting,0,0.0005381848292023021,0.6323221630840011,0
57,21.0,64.0,3,hist_gradient_boosting,0,0.0009528437283648066,0.6323221630840011,0
57,22.0,63.0,3,hist_gradient_boosting,0,0.00020342702720759637,0.6323221630840011,0
57,23.0,62.0,3,hist_gradient_boosting,0,0.0001049450605174196,0.6323221630840011,0
57,24.0,61.0,3,hist_gradient_boosting,0,0.00020644701500341988,0.6323221630840011,0
57,25.0,60.0,3,hist_gradient_boosting,0,0.0005112628638016404,0.6323221630840011,0
57,26.0,59.0,3,hist_gradient_boosting,0,0.00019404088883015545,0.6323221630840011,0
57,27.0,58.0,3,hist_gradient_boosting,0,0.00029215538341270696,0.6323221630840011,0
57,28.0,57.0,3,hist_gradient_boosting,0,0.003826972007142648,0.6323221630840011,0
57,29.0,56.0,3,hist_gradient_boosting,0,0.008194408348851068,0.6323221630840011,0
57,30.0,55.0,3,hist_gradient_boosting,0,0.050217586392445966,0.6323221630840011,0
57,31.0,54.0,3,hist_gradient_boosting,0,0.018894533645334954,0.6323221630840011,0
57,32.0,53.0,3,hist_gradient_boosting,0,0.016843953213041624,0.6323221630840011,0
57,33.0,52.0,3,hist_gradient_boosting,0,0.009394253005214032,0.6323221630840011,0
57,34.0,51.0,3,hist_gradient_boosting,0,0.004311303551644622,0.6323221630840011,0
57,35.0,50.0,3,hist_gradient_boosting,0,0.010909894372751982,0.6323221630840011,0
57,36.0,49.0,3,hist_gradient_boosting,0,0.004415692089828156,0.6323221630840011,0
57,37.0,48.0,3,hist_gradient_boosting,0,0.047885472219619724,0.6323221630840011,0
57,38.0,47.0,3,hist_gradient_boosting,0,0.06892773513711284,0.6323221630840011,0
57,39.0,46.0,3,hist_gradient_boosting,0,0.00707812612492146,0.6323221630840011,0
57,40.0,45.0,3,hist_gradient_boosting,0,0.015483042615397275,0.6323221630840011,0
57,41.0,44.0,3,hist_gradient_boosting,0,0.09207182204770162,0.6323221630840011,0
57,42.0,43.0,3,hist_gradient_boosting,0,0.00980460684612816,0.6323221630840011,0
57,43.0,42.0,3,hist_gradient_boosting,0,0.028369595819878798,0.6323221630840011,0
57,44.0,41.0,3,hist_gradient_boosting,0,0.010866638648696825,0.6323221630840011,0
57,45.0,40.0,3,hist_gradient_boosting,0,0.07096749110673699,0.6323221630840011,0
57,46.0,39.0,3,hist_gradient_boosting,0,0.02250451526283568,0.6323221630840011,0
57,47.0,38.0,3,hist_gradient_boosting,0,0.015254277864879052,0.6323221630840011,0
57,48.0,37.0,3,hist_gradient_boosting,0,0.009443137794244374,0.6323221630840011,0
57,49.0,36.0,3,hist_gradient_boosting,0,0.013264915853522973,0.6323221630840011,0
57,50.0,35.0,3,hist_gradient_boosting,0,0.019960411233959325,0.6323221630840011,0
57,51.0,34.0,3,hist_gradient_boosting,0,0.031376217378583364,0.6323221630840011,0
57,52.0,33.0,3,hist_gradient_boosting,0,0.09556004454079806,0.6323221630840011,0
57,53.0,32.0,3,hist_gradient_boosting,0,0.04699459504435895,0.6323221630840011,0
57,54.0,31.0,3,hist_gradient_boosting,0,0.05144779606522692,0.6323221630840011,0
57,55.0,30.0,3,hist_gradient_boosting,0,0.031368465868540335,0.6323221630840011,0
57,56.0,29.0,3,hist_gradient_boosting,0,0.020675158695954276,0.6323221630840011,0
57,57.0,28.0,3,hist_gradient_boosting,0,0.1110999723299329,0.6323221630840011,0
57,58.0,27.0,3,hist_gradient_boosting,0,0.5453968648854945,0.6323221630840011,0
57,59.0,26.0,3,hist_gradient_boosting,0,0.3165884993402074,0.6323221630840011,0
57,60.0,25.0,3,hist_gradient_boosting,0,0.5670460199030314,0.6323221630840011,0
57,61.0,24.0,3,hist_gradient_boosting,0,0.2986205839149333,0.6323221630840011,0
57,62.0,23.0,3,hist_gradient_boosting,0,0.5408691386179267,0.6323221630840011,0
57,63.0,22.0,3,hist_gradient_boosting,0,0.9789898066160113,0.6323221630840011,1
57,64.0,21.0,3,hist_gradient_boosting,0,0.859306515596088,0.6323221630840011,1
57,65.0,20.0,3,hist_gradient_boosting,1,0.9636212129954534,0.6323221630840011,1
57,66.0,19.0,3,hist_gradient_boosting,1,0.9947486755415531,0.6323221630840011,1
57,67.0,18.0,3,hist_gradient_boosting,1,0.8492201295062476,0.6323221630840011,1
57,68.0,17.0,3,hist_gradient_boosting,1,0.9934077835603842,0.6323221630840011,1
57,69.0,16.0,3,hist_gradient_boosting,1,0.9788619972117325,0.6323221630840011,1
57,70.0,15.0,3,hist_gradient_boosting,1,0.9629209180476112,0.6323221630840011,1
57,71.0,14.0,3,hist_gradient_boosting,1,0.9816691465766795,0.6323221630840011,1
57,72.0,13.0,3,hist_gradient_boosting,1,0.9798930043119606,0.6323221630840011,1
57,73.0,12.0,3,hist_gradient_boosting,1,0.9976439209570912,0.6323221630840011,1
57,74.0,11.0,3,hist_gradient_boosting,1,0.93977907953057,0.6323221630840011,1
57,75.0,10.0,3,hist_gradient_boosting,1,0.9965516664488439,0.6323221630840011,1
57,76.0,9.0,3,hist_gradient_boosting,1,0.993158427921132,0.6323221630840011,1
57,77.0,8.0,3,hist_gradient_boosting,1,0.9979737048052897,0.6323221630840011,1
57,78.0,7.0,3,hist_gradient_boosting,1,0.9941954509626247,0.6323221630840011,1
57,79.0,6.0,3,hist_gradient_boosting,1,0.9903706991508927,0.6323221630840011,1
57,80.0,5.0,3,hist_gradient_boosting,1,0.999541481964473,0.6323221630840011,1
57,81.0,4.0,3,hist_gradient_boosting,1,0.9995988796903125,0.6323221630840011,1
57,82.0,3.0,3,hist_gradient_boosting,1,0.9997294469470454,0.6323221630840011,1
57,83.0,2.0,3,hist_gradient_boosting,1,0.9998145259843806,0.6323221630840011,1
57,84.0,1.0,3,hist_gradient_boosting,1,0.9998991770889744,0.6323221630840011,1
57,85.0,0.0,3,hist_gradient_boosting,1,0.9996200930728947,0.6323221630840011,1
58,1.0,77.0,4,hist_gradient_boosting,0,8.973692796092813e-05,0.6936009670541174,0
58,2.0,76.0,4,hist_gradient_boosting,0,7.595342532143388e-05,0.6936009670541174,0
58,3.0,75.0,4,hist_gradient_boosting,0,0.00010458303575138213,0.6936009670541174,0
58,4.0,74.0,4,hist_gradient_boosting,0,0.00020069239854136886,0.6936009670541174,0
58,5.0,73.0,4,hist_gradient_boosting,0,0.00012211780024331062,0.6936009670541174,0
58,6.0,72.0,4,hist_gradient_boosting,0,0.00025465368303479146,0.6936009670541174,0
58,7.0,71.0,4,hist_gradient_boosting,0,8.593619931519671e-05,0.6936009670541174,0
58,8.0,70.0,4,hist_gradient_boosting,0,0.0003276676729518,0.6936009670541174,0
58,9.0,69.0,4,hist_gradient_boosting,0,0.0003496439947969915,0.6936009670541174,0
58,10.0,68.0,4,hist_gradient_boosting,0,0.00012348223408428536,0.6936009670541174,0
58,11.0,67.0,4,hist_gradient_boosting,0,0.00021679303077183805,0.6936009670541174,0
58,12.0,66.0,4,hist_gradient_boosting,0,0.0001360044329861697,0.6936009670541174,0
58,13.0,65.0,4,hist_gradient_boosting,0,0.00011648517036569863,0.6936009670541174,0
58,14.0,64.0,4,hist_gradient_boosting,0,0.00022112792016487027,0.6936009670541174,0
58,15.0,63.0,4,hist_gradient_boosting,0,0.00015274151595608452,0.6936009670541174,0
58,16.0,62.0,4,hist_gradient_boosting,0,8.078494640937599e-05,0.6936009670541174,0
58,17.0,61.0,4,hist_gradient_boosting,0,0.00018325028851206988,0.6936009670541174,0
58,18.0,60.0,4,hist_gradient_boosting,0,0.00010072341963245313,0.6936009670541174,0
58,19.0,59.0,4,hist_gradient_boosting,0,6.763375240122812e-05,0.6936009670541174,0
58,20.0,58.0,4,hist_gradient_boosting,0,9.828100693087351e-05,0.6936009670541174,0
58,21.0,57.0,4,hist_gradient_boosting,0,0.00018496424744809142,0.6936009670541174,0
58,22.0,56.0,4,hist_gradient_boosting,0,0.000211618939748867,0.6936009670541174,0
58,23.0,55.0,4,hist_gradient_boosting,0,0.0002405909579695277,0.6936009670541174,0
58,24.0,54.0,4,hist_gradient_boosting,0,0.00014716254104525742,0.6936009670541174,0
58,25.0,53.0,4,hist_gradient_boosting,0,0.0002007392132339631,0.6936009670541174,0
58,26.0,52.0,4,hist_gradient_boosting,0,0.00038199263408643093,0.6936009670541174,0
58,27.0,51.0,4,hist_gradient_boosting,0,9.985583500050059e-05,0.6936009670541174,0
58,28.0,50.0,4,hist_gradient_boosting,0,0.000291124937515052,0.6936009670541174,0
58,29.0,49.0,4,hist_gradient_boosting,0,0.0001730918279084464,0.6936009670541174,0
58,30.0,48.0,4,hist_gradient_boosting,0,0.0009210422483090566,0.6936009670541174,0
58,31.0,47.0,4,hist_gradient_boosting,0,0.008489076065535197,0.6936009670541174,0
58,32.0,46.0,4,hist_gradient_boosting,0,0.0012592760341966025,0.6936009670541174,0
58,33.0,45.0,4,hist_gradient_boosting,0,0.007414019616117062,0.6936009670541174,0
58,34.0,44.0,4,hist_gradient_boosting,0,0.0011266084592749092,0.6936009670541174,0
58,35.0,43.0,4,hist_gradient_boosting,0,0.0043491252270965826,0.6936009670541174,0
58,36.0,42.0,4,hist_gradient_boosting,0,0.012397260777369723,0.6936009670541174,0
58,37.0,41.0,4,hist_gradient_boosting,0,0.012442768268683761,0.6936009670541174,0
58,38.0,40.0,4,hist_gradient_boosting,0,0.008618061824995998,0.6936009670541174,0
58,39.0,39.0,4,hist_gradient_boosting,0,0.024531116249363515,0.6936009670541174,0
58,40.0,38.0,4,hist_gradient_boosting,0,0.004442795596105057,0.6936009670541174,0
58,41.0,37.0,4,hist_gradient_boosting,0,0.013071440328400297,0.6936009670541174,0
58,42.0,36.0,4,hist_gradient_boosting,0,0.0076792047459718045,0.6936009670541174,0
58,43.0,35.0,4,hist_gradient_boosting,0,0.003208124748393651,0.6936009670541174,0
58,44.0,34.0,4,hist_gradient_boosting,0,0.010398930132357844,0.6936009670541174,0
58,45.0,33.0,4,hist_gradient_boosting,0,0.45220250692431363,0.6936009670541174,0
58,46.0,32.0,4,hist_gradient_boosting,0,0.18628498612686803,0.6936009670541174,0
58,47.0,31.0,4,hist_gradient_boosting,0,0.5184206653325347,0.6936009670541174,0
58,48.0,30.0,4,hist_gradient_boosting,0,0.42348146502792144,0.6936009670541174,0
58,49.0,29.0,4,hist_gradient_boosting,0,0.5092448817170763,0.6936009670541174,0
58,50.0,28.0,4,hist_gradient_boosting,0,0.3486245098153287,0.6936009670541174,0
58,51.0,27.0,4,hist_gradient_boosting,0,0.4706966559627519,0.6936009670541174,0
58,52.0,26.0,4,hist_gradient_boosting,0,0.3899044865798472,0.6936009670541174,0
58,53.0,25.0,4,hist_gradient_boosting,0,0.05513100613708163,0.6936009670541174,0
58,54.0,24.0,4,hist_gradient_boosting,0,0.5589934007883743,0.6936009670541174,0
58,55.0,23.0,4,hist_gradient_boosting,0,0.3575685493988845,0.6936009670541174,0
58,56.0,22.0,4,hist_gradient_boosting,0,0.42877337255951453,0.6936009670541174,0
58,57.0,21.0,4,hist_gradient_boosting,0,0.0911479571610054,0.6936009670541174,0
58,58.0,20.0,4,hist_gradient_boosting,1,0.3450378119062055,0.6936009670541174,0
58,59.0,19.0,4,hist_gradient_boosting,1,0.23641084732593928,0.6936009670541174,0
58,60.0,18.0,4,hist_gradient_boosting,1,0.5343296870305401,0.6936009670541174,0
58,61.0,17.0,4,hist_gradient_boosting,1,0.3943966419579385,0.6936009670541174,0
58,62.0,16.0,4,hist_gradient_boosting,1,0.9786114088726208,0.6936009670541174,1
58,63.0,15.0,4,hist_gradient_boosting,1,0.8473206497083562,0.6936009670541174,1
58,64.0,14.0,4,hist_gradient_boosting,1,0.25141535308182617,0.6936009670541174,0
58,65.0,13.0,4,hist_gradient_boosting,1,0.8039488940597213,0.6936009670541174,1
58,66.0,12.0,4,hist_gradient_boosting,1,0.6490112240944164,0.6936009670541174,0
58,67.0,11.0,4,hist_gradient_boosting,1,0.6462229906336759,0.6936009670541174,0
58,68.0,10.0,4,hist_gradient_boosting,1,0.9394199807068258,0.6936009670541174,1
58,69.0,9.0,4,hist_gradient_boosting,1,0.9489222657087307,0.6936009670541174,1
58,70.0,8.0,4,hist_gradient_boosting,1,0.94168466976722,0.6936009670541174,1
58,71.0,7.0,4,hist_gradient_boosting,1,0.9705681858915878,0.6936009670541174,1
58,72.0,6.0,4,hist_gradient_boosting,1,0.9867373818599439,0.6936009670541174,1
58,73.0,5.0,4,hist_gradient_boosting,1,0.9948458477402986,0.6936009670541174,1
58,74.0,4.0,4,hist_gradient_boosting,1,0.9826691596692402,0.6936009670541174,1
58,75.0,3.0,4,hist_gradient_boosting,1,0.9803847900479004,0.6936009670541174,1
58,76.0,2.0,4,hist_gradient_boosting,1,0.9987860442729544,0.6936009670541174,1
58,77.0,1.0,4,hist_gradient_boosting,1,0.9602128359048898,0.6936009670541174,1
58,78.0,0.0,4,hist_gradient_boosting,1,0.9441349155558527,0.6936009670541174,1
59,1.0,78.0,3,hist_gradient_boosting,0,7.813611159757027e-05,0.6323221630840011,0
59,2.0,77.0,3,hist_gradient_boosting,0,0.00011106313909596195,0.6323221630840011,0
59,3.0,76.0,3,hist_gradient_boosting,0,4.249427684872257e-05,0.6323221630840011,0
59,4.0,75.0,3,hist_gradient_boosting,0,8.14431450425029e-05,0.6323221630840011,0
59,5.0,74.0,3,hist_gradient_boosting,0,3.0264600329467856e-05,0.6323221630840011,0
59,6.0,73.0,3,hist_gradient_boosting,0,7.147597374461573e-05,0.6323221630840011,0
59,7.0,72.0,3,hist_gradient_boosting,0,5.9943827115578887e-05,0.6323221630840011,0
59,8.0,71.0,3,hist_gradient_boosting,0,6.692168129717734e-05,0.6323221630840011,0
59,9.0,70.0,3,hist_gradient_boosting,0,4.532487282596161e-05,0.6323221630840011,0
59,10.0,69.0,3,hist_gradient_boosting,0,4.782241364319586e-05,0.6323221630840011,0
59,11.0,68.0,3,hist_gradient_boosting,0,8.339279864224323e-05,0.6323221630840011,0
59,12.0,67.0,3,hist_gradient_boosting,0,5.767601996812487e-05,0.6323221630840011,0
59,13.0,66.0,3,hist_gradient_boosting,0,4.813218343297368e-05,0.6323221630840011,0
59,14.0,65.0,3,hist_gradient_boosting,0,8.249391284810698e-05,0.6323221630840011,0
59,15.0,64.0,3,hist_gradient_boosting,0,5.767601996812487e-05,0.6323221630840011,0
59,16.0,63.0,3,hist_gradient_boosting,0,0.00012738385261106873,0.6323221630840011,0
59,17.0,62.0,3,hist_gradient_boosting,0,0.0001387045325045333,0.6323221630840011,0
59,18.0,61.0,3,hist_gradient_boosting,0,6.829474775041323e-05,0.6323221630840011,0
59,19.0,60.0,3,hist_gradient_boosting,0,5.970026820869395e-05,0.6323221630840011,0
59,20.0,59.0,3,hist_gradient_boosting,0,5.164873060341146e-05,0.6323221630840011,0
59,21.0,58.0,3,hist_gradient_boosting,0,6.138206999181255e-05,0.6323221630840011,0
59,22.0,57.0,3,hist_gradient_boosting,0,8.806441262413872e-05,0.6323221630840011,0
59,23.0,56.0,3,hist_gradient_boosting,0,9.336992484239456e-05,0.6323221630840011,0
59,24.0,55.0,3,hist_gradient_boosting,0,7.718049861875141e-05,0.6323221630840011,0
59,25.0,54.0,3,hist_gradient_boosting,0,0.00014077241523448156,0.6323221630840011,0
59,26.0,53.0,3,hist_gradient_boosting,0,8.494813799352085e-05,0.6323221630840011,0
59,27.0,52.0,3,hist_gradient_boosting,0,5.117610197846735e-05,0.6323221630840011,0
59,28.0,51.0,3,hist_gradient_boosting,0,0.00019666987760616958,0.6323221630840011,0
59,29.0,50.0,3,hist_gradient_boosting,0,0.00022652231113933914,0.6323221630840011,0
59,30.0,49.0,3,hist_gradient_boosting,0,0.00042345763882866897,0.6323221630840011,0
59,31.0,48.0,3,hist_gradient_boosting,0,0.0002653900238424802,0.6323221630840011,0
59,32.0,47.0,3,hist_gradient_boosting,0,0.0017941141390974368,0.6323221630840011,0
59,33.0,46.0,3,hist_gradient_boosting,0,0.0003489009703685352,0.6323221630840011,0
59,34.0,45.0,3,hist_gradient_boosting,0,0.0022632474557198828,0.6323221630840011,0
59,35.0,44.0,3,hist_gradient_boosting,0,0.0011353893894107741,0.6323221630840011,0
59,36.0,43.0,3,hist_gradient_boosting,0,0.001658845889956853,0.6323221630840011,0
59,37.0,42.0,3,hist_gradient_boosting,0,0.0006548690469920334,0.6323221630840011,0
59,38.0,41.0,3,hist_gradient_boosting,0,0.0009617113328733405,0.6323221630840011,0
59,39.0,40.0,3,hist_gradient_boosting,0,0.0006445605263326479,0.6323221630840011,0
59,40.0,39.0,3,hist_gradient_boosting,0,0.004684217397357717,0.6323221630840011,0
59,41.0,38.0,3,hist_gradient_boosting,0,0.0006272791963204106,0.6323221630840011,0
59,42.0,37.0,3,hist_gradient_boosting,0,0.0004810241216778471,0.6323221630840011,0
59,43.0,36.0,3,hist_gradient_boosting,0,0.004495665502787212,0.6323221630840011,0
59,44.0,35.0,3,hist_gradient_boosting,0,0.0010697772715590368,0.6323221630840011,0
59,45.0,34.0,3,hist_gradient_boosting,0,0.008699851415415223,0.6323221630840011,0
59,46.0,33.0,3,hist_gradient_boosting,0,0.0016290282045209625,0.6323221630840011,0
59,47.0,32.0,3,hist_gradient_boosting,0,0.003964382561207449,0.6323221630840011,0
59,48.0,31.0,3,hist_gradient_boosting,0,0.020906914195137623,0.6323221630840011,0
59,49.0,30.0,3,hist_gradient_boosting,0,0.03059906041620086,0.6323221630840011,0
59,50.0,29.0,3,hist_gradient_boosting,0,0.0038714016286238656,0.6323221630840011,0
59,51.0,28.0,3,hist_gradient_boosting,0,0.003445855773558788,0.6323221630840011,0
59,52.0,27.0,3,hist_gradient_boosting,0,0.002337334968085414,0.6323221630840011,0
59,53.0,26.0,3,hist_gradient_boosting,0,0.010859971641989069,0.6323221630840011,0
59,54.0,25.0,3,hist_gradient_boosting,0,0.01334344479388698,0.6323221630840011,0
59,55.0,24.0,3,hist_gradient_boosting,0,0.00825026128363865,0.6323221630840011,0
59,56.0,23.0,3,hist_gradient_boosting,0,0.12418180477578154,0.6323221630840011,0
59,57.0,22.0,3,hist_gradient_boosting,0,0.029556094634277174,0.6323221630840011,0
59,58.0,21.0,3,hist_gradient_boosting,0,0.07683916502945756,0.6323221630840011,0
59,59.0,20.0,3,hist_gradient_boosting,1,0.07375539426325342,0.6323221630840011,0
59,60.0,19.0,3,hist_gradient_boosting,1,0.02069525466326401,0.6323221630840011,0
59,61.0,18.0,3,hist_gradient_boosting,1,0.1605681267122931,0.6323221630840011,0
59,62.0,17.0,3,hist_gradient_boosting,1,0.29880808340558795,0.6323221630840011,0
59,63.0,16.0,3,hist_gradient_boosting,1,0.09646666011602568,0.6323221630840011,0
59,64.0,15.0,3,hist_gradient_boosting,1,0.23558124581432274,0.6323221630840011,0
59,65.0,14.0,3,hist_gradient_boosting,1,0.2685058010339876,0.6323221630840011,0
59,66.0,13.0,3,hist_gradient_boosting,1,0.07291406601788987,0.6323221630840011,0
59,67.0,12.0,3,hist_gradient_boosting,1,0.9828702968106612,0.6323221630840011,1
59,68.0,11.0,3,hist_gradient_boosting,1,0.6695005044009328,0.6323221630840011,1
59,69.0,10.0,3,hist_gradient_boosting,1,0.9519937802209624,0.6323221630840011,1
59,70.0,9.0,3,hist_gradient_boosting,1,0.9802945507055094,0.6323221630840011,1
59,71.0,8.0,3,hist_gradient_boosting,1,0.9801671417425235,0.6323221630840011,1
59,72.0,7.0,3,hist_gradient_boosting,1,0.9888525728924993,0.6323221630840011,1
59,73.0,6.0,3,hist_gradient_boosting,1,0.9981678866805823,0.6323221630840011,1
59,74.0,5.0,3,hist_gradient_boosting,1,0.885180049368591,0.6323221630840011,1
59,75.0,4.0,3,hist_gradient_boosting,1,0.9939099114094069,0.6323221630840011,1
59,76.0,3.0,3,hist_gradient_boosting,1,0.9991981525478194,0.6323221630840011,1
59,77.0,2.0,3,hist_gradient_boosting,1,0.9970944796455576,0.6323221630840011,1
59,78.0,1.0,3,hist_gradient_boosting,1,0.9977124017929409,0.6323221630840011,1
59,79.0,0.0,3,hist_gradient_boosting,1,0.9991054232117041,0.6323221630840011,1
60,1.0,84.0,1,rbf_svc,0,7.5171675403416865e-06,0.5280302851876438,0
60,2.0,83.0,1,rbf_svc,0,4.839013739796996e-05,0.5280302851876438,0
60,3.0,82.0,1,rbf_svc,0,0.0003684193164036139,0.5280302851876438,0
60,4.0,81.0,1,rbf_svc,0,2.719524000175104e-05,0.5280302851876438,0
60,5.0,80.0,1,rbf_svc,0,0.0004966064644313985,0.5280302851876438,0
60,6.0,79.0,1,rbf_svc,0,0.00019562011856408794,0.5280302851876438,0
60,7.0,78.0,1,rbf_svc,0,4.03889959340307e-05,0.5280302851876438,0
60,8.0,77.0,1,rbf_svc,0,0.0004316744643209363,0.5280302851876438,0
60,9.0,76.0,1,rbf_svc,0,0.00012290605392720614,0.5280302851876438,0
60,10.0,75.0,1,rbf_svc,0,6.819210243160375e-05,0.5280302851876438,0
60,11.0,74.0,1,rbf_svc,0,0.00020223873517578295,0.5280302851876438,0
60,12.0,73.0,1,rbf_svc,0,0.0005670547077770374,0.5280302851876438,0
60,13.0,72.0,1,rbf_svc,0,0.00135066792709352,0.5280302851876438,0
60,14.0,71.0,1,rbf_svc,0,0.0002628040886013518,0.5280302851876438,0
60,15.0,70.0,1,rbf_svc,0,0.0001349227221782096,0.5280302851876438,0
60,16.0,69.0,1,rbf_svc,0,0.0002914855022603572,0.5280302851876438,0
60,17.0,68.0,1,rbf_svc,0,0.0003498977179469522,0.5280302851876438,0
60,18.0,67.0,1,rbf_svc,0,0.00012543459086648094,0.5280302851876438,0
60,19.0,66.0,1,rbf_svc,0,0.00023122190521701502,0.5280302851876438,0
60,20.0,65.0,1,rbf_svc,0,0.00022765386022181218,0.5280302851876438,0
60,21.0,64.0,1,rbf_svc,0,0.00030375328601285574,0.5280302851876438,0
60,22.0,63.0,1,rbf_svc,0,0.00015357320315208508,0.5280302851876438,0
60,23.0,62.0,1,rbf_svc,0,0.0011512822869392818,0.5280302851876438,0
60,24.0,61.0,1,rbf_svc,0,0.0002679897421131029,0.5280302851876438,0
60,25.0,60.0,1,rbf_svc,0,0.0005628399187302239,0.5280302851876438,0
60,26.0,59.0,1,rbf_svc,0,0.0003113825731780657,0.5280302851876438,0
60,27.0,58.0,1,rbf_svc,0,0.0009941634086734316,0.5280302851876438,0
60,28.0,57.0,1,rbf_svc,0,0.0006137120140230147,0.5280302851876438,0
60,29.0,56.0,1,rbf_svc,0,0.0013129731837501018,0.5280302851876438,0
60,30.0,55.0,1,rbf_svc,0,0.0021526043755140277,0.5280302851876438,0
60,31.0,54.0,1,rbf_svc,0,0.0007824263176101257,0.5280302851876438,0
60,32.0,53.0,1,rbf_svc,0,0.010497025844358169,0.5280302851876438,0
60,33.0,52.0,1,rbf_svc,0,0.0029028350039281563,0.5280302851876438,0
60,34.0,51.0,1,rbf_svc,0,0.0014005787429197279,0.5280302851876438,0
60,35.0,50.0,1,rbf_svc,0,0.0024405410201063225,0.5280302851876438,0
60,36.0,49.0,1,rbf_svc,0,0.0017638967996034913,0.5280302851876438,0
60,37.0,48.0,1,rbf_svc,0,0.0028249548644010596,0.5280302851876438,0
60,38.0,47.0,1,rbf_svc,0,0.0033897229078879375,0.5280302851876438,0
60,39.0,46.0,1,rbf_svc,0,0.003348838657305336,0.5280302851876438,0
60,40.0,45.0,1,rbf_svc,0,0.005022838442511762,0.5280302851876438,0
60,41.0,44.0,1,rbf_svc,0,0.0035588130684551396,0.5280302851876438,0
60,42.0,43.0,1,rbf_svc,0,0.0012341296416995217,0.5280302851876438,0
60,43.0,42.0,1,rbf_svc,0,0.005694643173881784,0.5280302851876438,0
60,44.0,41.0,1,rbf_svc,0,0.0036909288128784824,0.5280302851876438,0
60,45.0,40.0,1,rbf_svc,0,0.008369600038227171,0.5280302851876438,0
60,46.0,39.0,1,rbf_svc,0,0.003381396074523526,0.5280302851876438,0
60,47.0,38.0,1,rbf_svc,0,0.016316048977373716,0.5280302851876438,0
60,48.0,37.0,1,rbf_svc,0,0.01829404930859704,0.5280302851876438,0
60,49.0,36.0,1,rbf_svc,0,0.020849472501145914,0.5280302851876438,0
60,50.0,35.0,1,rbf_svc,0,0.013332098384352535,0.5280302851876438,0
60,51.0,34.0,1,rbf_svc,0,0.025219317766972216,0.5280302851876438,0
60,52.0,33.0,1,rbf_svc,0,0.03801705747767866,0.5280302851876438,0
60,53.0,32.0,1,rbf_svc,0,0.06787432423668059,0.5280302851876438,0
60,54.0,31.0,1,rbf_svc,0,0.03293609121568708,0.5280302851876438,0
60,55.0,30.0,1,rbf_svc,0,0.03153569410286435,0.5280302851876438,0
60,56.0,29.0,1,rbf_svc,0,0.04931802844249265,0.5280302851876438,0
60,57.0,28.0,1,rbf_svc,0,0.05160443790788573,0.5280302851876438,0
60,58.0,27.0,1,rbf_svc,0,0.025276905853947294,0.5280302851876438,0
60,59.0,26.0,1,rbf_svc,0,0.08430970884396184,0.5280302851876438,0
60,60.0,25.0,1,rbf_svc,0,0.08893564402520465,0.5280302851876438,0
60,61.0,24.0,1,rbf_svc,0,0.23632043606263034,0.5280302851876438,0
60,62.0,23.0,1,rbf_svc,0,0.14740100102374692,0.5280302851876438,0
60,63.0,22.0,1,rbf_svc,0,0.2601696353441119,0.5280302851876438,0
60,64.0,21.0,1,rbf_svc,0,0.20992925379908678,0.5280302851876438,0
60,65.0,20.0,1,rbf_svc,1,0.5774402895100281,0.5280302851876438,1
60,66.0,19.0,1,rbf_svc,1,0.6091382252424375,0.5280302851876438,1
60,67.0,18.0,1,rbf_svc,1,0.5,0.5280302851876438,0
60,68.0,17.0,1,rbf_svc,1,0.7447043515723993,0.5280302851876438,1
60,69.0,16.0,1,rbf_svc,1,0.5652999688034134,0.5280302851876438,1
60,70.0,15.0,1,rbf_svc,1,0.5406008496067686,0.5280302851876438,1
60,71.0,14.0,1,rbf_svc,1,0.3740721131801051,0.5280302851876438,0
60,72.0,13.0,1,rbf_svc,1,0.8921134449322823,0.5280302851876438,1
60,73.0,12.0,1,rbf_svc,1,0.613053484080109,0.5280302851876438,1
60,74.0,11.0,1,rbf_svc,1,0.7639775093755078,0.5280302851876438,1
60,75.0,10.0,1,rbf_svc,1,0.9080588847252644,0.5280302851876438,1
60,76.0,9.0,1,rbf_svc,1,0.9115446139132319,0.5280302851876438,1
60,77.0,8.0,1,rbf_svc,1,0.933902503882833,0.5280302851876438,1
60,78.0,7.0,1,rbf_svc,1,0.9766969610026872,0.5280302851876438,1
60,79.0,6.0,1,rbf_svc,1,0.9842649580754339,0.5280302851876438,1
60,80.0,5.0,1,rbf_svc,1,0.9926827689275034,0.5280302851876438,1
60,81.0,4.0,1,rbf_svc,1,0.9999827381470143,0.5280302851876438,1
60,82.0,3.0,1,rbf_svc,1,0.9913361285749756,0.5280302851876438,1
60,83.0,2.0,1,rbf_svc,1,0.9973481697430401,0.5280302851876438,1
60,84.0,1.0,1,rbf_svc,1,0.9973347779003662,0.5280302851876438,1
60,85.0,0.0,1,rbf_svc,1,0.9999880821660776,0.5280302851876438,1
61,1.0,73.0,2,hist_gradient_boosting,0,0.00013986085210115104,0.6510141822896698,0
61,2.0,72.0,2,hist_gradient_boosting,0,0.00046132579356037177,0.6510141822896698,0
61,3.0,71.0,2,hist_gradient_boosting,0,0.00011989708806669178,0.6510141822896698,0
61,4.0,70.0,2,hist_gradient_boosting,0,0.0002705985603537053,0.6510141822896698,0
61,5.0,69.0,2,hist_gradient_boosting,0,0.0003085722600995376,0.6510141822896698,0
61,6.0,68.0,2,hist_gradient_boosting,0,0.00014828448659874393,0.6510141822896698,0
61,7.0,67.0,2,hist_gradient_boosting,0,0.00010504882066926196,0.6510141822896698,0
61,8.0,66.0,2,hist_gradient_boosting,0,0.0004158312890146499,0.6510141822896698,0
61,9.0,65.0,2,hist_gradient_boosting,0,0.00022498955098031935,0.6510141822896698,0
61,10.0,64.0,2,hist_gradient_boosting,0,9.432069288789649e-05,0.6510141822896698,0
61,11.0,63.0,2,hist_gradient_boosting,0,0.0008157021303812544,0.6510141822896698,0
61,12.0,62.0,2,hist_gradient_boosting,0,0.00029970984621537213,0.6510141822896698,0
61,13.0,61.0,2,hist_gradient_boosting,0,0.0036389315829444824,0.6510141822896698,0
61,14.0,60.0,2,hist_gradient_boosting,0,0.00015167399389814278,0.6510141822896698,0
61,15.0,59.0,2,hist_gradient_boosting,0,0.00023700817996345297,0.6510141822896698,0
61,16.0,58.0,2,hist_gradient_boosting,0,0.0005717083981324412,0.6510141822896698,0
61,17.0,57.0,2,hist_gradient_boosting,0,0.00032175241493096764,0.6510141822896698,0
61,18.0,56.0,2,hist_gradient_boosting,0,0.00012934528284912615,0.6510141822896698,0
61,19.0,55.0,2,hist_gradient_boosting,0,0.0006833042639076297,0.6510141822896698,0
61,20.0,54.0,2,hist_gradient_boosting,0,0.00042099070439132824,0.6510141822896698,0
61,21.0,53.0,2,hist_gradient_boosting,0,0.0004210506092469667,0.6510141822896698,0
61,22.0,52.0,2,hist_gradient_boosting,0,0.0003859259030696266,0.6510141822896698,0
61,23.0,51.0,2,hist_gradient_boosting,0,8.87215160884875e-05,0.6510141822896698,0
61,24.0,50.0,2,hist_gradient_boosting,0,0.0005064355048551895,0.6510141822896698,0
61,25.0,49.0,2,hist_gradient_boosting,0,0.00015076949449336366,0.6510141822896698,0
61,26.0,48.0,2,hist_gradient_boosting,0,0.0004760676227791065,0.6510141822896698,0
61,27.0,47.0,2,hist_gradient_boosting,0,0.00012695940847479633,0.6510141822896698,0
61,28.0,46.0,2,hist_gradient_boosting,0,0.004993078326292082,0.6510141822896698,0
61,29.0,45.0,2,hist_gradient_boosting,0,0.0023282560039338163,0.6510141822896698,0
61,30.0,44.0,2,hist_gradient_boosting,0,0.011696981997071114,0.6510141822896698,0
61,31.0,43.0,2,hist_gradient_boosting,0,0.007908387664669935,0.6510141822896698,0
61,32.0,42.0,2,hist_gradient_boosting,0,0.008359022664558064,0.6510141822896698,0
61,33.0,41.0,2,hist_gradient_boosting,0,0.11615028552903674,0.6510141822896698,0
61,34.0,40.0,2,hist_gradient_boosting,0,0.006221891605654119,0.6510141822896698,0
61,35.0,39.0,2,hist_gradient_boosting,0,0.009393549589664414,0.6510141822896698,0
61,36.0,38.0,2,hist_gradient_boosting,0,0.021500208920170818,0.6510141822896698,0
61,37.0,37.0,2,hist_gradient_boosting,0,0.015142954962109134,0.6510141822896698,0
61,38.0,36.0,2,hist_gradient_boosting,0,0.0526532950658469,0.6510141822896698,0
61,39.0,35.0,2,hist_gradient_boosting,0,0.19548143643736093,0.6510141822896698,0
61,40.0,34.0,2,hist_gradient_boosting,0,0.038873248403976754,0.6510141822896698,0
61,41.0,33.0,2,hist_gradient_boosting,0,0.16433910174853303,0.6510141822896698,0
61,42.0,32.0,2,hist_gradient_boosting,0,0.07726803089346086,0.6510141822896698,0
61,43.0,31.0,2,hist_gradient_boosting,0,0.025885048941664,0.6510141822896698,0
61,44.0,30.0,2,hist_gradient_boosting,0,0.025492554354639017,0.6510141822896698,0
61,45.0,29.0,2,hist_gradient_boosting,0,0.0691169003725355,0.6510141822896698,0
61,46.0,28.0,2,hist_gradient_boosting,0,0.02939697344701096,0.6510141822896698,0
61,47.0,27.0,2,hist_gradient_boosting,0,0.6076351844662411,0.6510141822896698,0
61,48.0,26.0,2,hist_gradient_boosting,0,0.7910795582869581,0.6510141822896698,1
61,49.0,25.0,2,hist_gradient_boosting,0,0.49652688854207133,0.6510141822896698,0
61,50.0,24.0,2,hist_gradient_boosting,0,0.8624452332376138,0.6510141822896698,1
61,51.0,23.0,2,hist_gradient_boosting,0,0.8291211556378596,0.6510141822896698,1
61,52.0,22.0,2,hist_gradient_boosting,0,0.6551694587241408,0.6510141822896698,1
61,53.0,21.0,2,hist_gradient_boosting,0,0.9107806930536719,0.6510141822896698,1
61,54.0,20.0,2,hist_gradient_boosting,1,0.5300507529323536,0.6510141822896698,0
61,55.0,19.0,2,hist_gradient_boosting,1,0.9706814481381403,0.6510141822896698,1
61,56.0,18.0,2,hist_gradient_boosting,1,0.9729815763673184,0.6510141822896698,1
61,57.0,17.0,2,hist_gradient_boosting,1,0.9699988892403757,0.6510141822896698,1
61,58.0,16.0,2,hist_gradient_boosting,1,0.9677417134198701,0.6510141822896698,1
61,59.0,15.0,2,hist_gradient_boosting,1,0.7846003629364421,0.6510141822896698,1
61,60.0,14.0,2,hist_gradient_boosting,1,0.659629684111744,0.6510141822896698,1
61,61.0,13.0,2,hist_gradient_boosting,1,0.9343715551591412,0.6510141822896698,1
61,62.0,12.0,2,hist_gradient_boosting,1,0.9863542414726787,0.6510141822896698,1
61,63.0,11.0,2,hist_gradient_boosting,1,0.9319458711683475,0.6510141822896698,1
61,64.0,10.0,2,hist_gradient_boosting,1,0.9956457374526785,0.6510141822896698,1
61,65.0,9.0,2,hist_gradient_boosting,1,0.9949384156530672,0.6510141822896698,1
61,66.0,8.0,2,hist_gradient_boosting,1,0.9955709698364736,0.6510141822896698,1
61,67.0,7.0,2,hist_gradient_boosting,1,0.9938972372287663,0.6510141822896698,1
61,68.0,6.0,2,hist_gradient_boosting,1,0.9960643165922298,0.6510141822896698,1
61,69.0,5.0,2,hist_gradient_boosting,1,0.9936491273627537,0.6510141822896698,1
61,70.0,4.0,2,hist_gradient_boosting,1,0.9989764892711425,0.6510141822896698,1
61,71.0,3.0,2,hist_gradient_boosting,1,0.9977313696372883,0.6510141822896698,1
61,72.0,2.0,2,hist_gradient_boosting,1,0.9963130381708686,0.6510141822896698,1
61,73.0,1.0,2,hist_gradient_boosting,1,0.9976367624580602,0.6510141822896698,1
61,74.0,0.0,2,hist_gradient_boosting,1,0.9995445688196254,0.6510141822896698,1
62,1.0,77.0,1,rbf_svc,0,0.0008803833461918409,0.5280302851876438,0
62,2.0,76.0,1,rbf_svc,0,0.003436114690318839,0.5280302851876438,0
62,3.0,75.0,1,rbf_svc,0,3.3667665326692856e-05,0.5280302851876438,0
62,4.0,74.0,1,rbf_svc,0,0.004530406264680128,0.5280302851876438,0
62,5.0,73.0,1,rbf_svc,0,0.0030796666045887146,0.5280302851876438,0
62,6.0,72.0,1,rbf_svc,0,0.0013846300421680887,0.5280302851876438,0
62,7.0,71.0,1,rbf_svc,0,8.396065767001331e-05,0.5280302851876438,0
62,8.0,70.0,1,rbf_svc,0,0.00015085737571826798,0.5280302851876438,0
62,9.0,69.0,1,rbf_svc,0,0.0011919026339384825,0.5280302851876438,0
62,10.0,68.0,1,rbf_svc,0,0.003570629746180058,0.5280302851876438,0
62,11.0,67.0,1,rbf_svc,0,0.004402605786181584,0.5280302851876438,0
62,12.0,66.0,1,rbf_svc,0,0.0016784360280296265,0.5280302851876438,0
62,13.0,65.0,1,rbf_svc,0,0.0015174102134845131,0.5280302851876438,0
62,14.0,64.0,1,rbf_svc,0,0.002476081016336541,0.5280302851876438,0
62,15.0,63.0,1,rbf_svc,0,0.0015283234161182803,0.5280302851876438,0
62,16.0,62.0,1,rbf_svc,0,0.003502991314392551,0.5280302851876438,0
62,17.0,61.0,1,rbf_svc,0,0.005116313018308644,0.5280302851876438,0
62,18.0,60.0,1,rbf_svc,0,0.0018074999714582682,0.5280302851876438,0
62,19.0,59.0,1,rbf_svc,0,0.002911983062974099,0.5280302851876438,0
62,20.0,58.0,1,rbf_svc,0,0.002082654330583307,0.5280302851876438,0
62,21.0,57.0,1,rbf_svc,0,9.873525223909723e-05,0.5280302851876438,0
62,22.0,56.0,1,rbf_svc,0,0.0027079585461781824,0.5280302851876438,0
62,23.0,55.0,1,rbf_svc,0,0.001655968114000778,0.5280302851876438,0
62,24.0,54.0,1,rbf_svc,0,0.004637834596798734,0.5280302851876438,0
62,25.0,53.0,1,rbf_svc,0,0.0016884914045303913,0.5280302851876438,0
62,26.0,52.0,1,rbf_svc,0,0.0006010558058860135,0.5280302851876438,0
62,27.0,51.0,1,rbf_svc,0,0.0038574073706295433,0.5280302851876438,0
62,28.0,50.0,1,rbf_svc,0,0.004827051528458244,0.5280302851876438,0
62,29.0,49.0,1,rbf_svc,0,0.010933367699978698,0.5280302851876438,0
62,30.0,48.0,1,rbf_svc,0,0.012812689234230389,0.5280302851876438,0
62,31.0,47.0,1,rbf_svc,0,0.018533289154911897,0.5280302851876438,0
62,32.0,46.0,1,rbf_svc,0,0.007204813138694768,0.5280302851876438,0
62,33.0,45.0,1,rbf_svc,0,0.026625772239992004,0.5280302851876438,0
62,34.0,44.0,1,rbf_svc,0,0.059849255893941536,0.5280302851876438,0
62,35.0,43.0,1,rbf_svc,0,0.03921143154490718,0.5280302851876438,0
62,36.0,42.0,1,rbf_svc,0,0.015458607881605838,0.5280302851876438,0
62,37.0,41.0,1,rbf_svc,0,0.02364296705856688,0.5280302851876438,0
62,38.0,40.0,1,rbf_svc,0,0.01648147470557232,0.5280302851876438,0
62,39.0,39.0,1,rbf_svc,0,0.031062466923685958,0.5280302851876438,0
62,40.0,38.0,1,rbf_svc,0,0.003328405801787106,0.5280302851876438,0
62,41.0,37.0,1,rbf_svc,0,0.05103701088261057,0.5280302851876438,0
62,42.0,36.0,1,rbf_svc,0,0.0554579139692395,0.5280302851876438,0
62,43.0,35.0,1,rbf_svc,0,0.033057663215375684,0.5280302851876438,0
62,44.0,34.0,1,rbf_svc,0,0.011814193620519556,0.5280302851876438,0
62,45.0,33.0,1,rbf_svc,0,0.01851614847860433,0.5280302851876438,0
62,46.0,32.0,1,rbf_svc,0,0.07120236499517922,0.5280302851876438,0
62,47.0,31.0,1,rbf_svc,0,0.17850374940780236,0.5280302851876438,0
62,48.0,30.0,1,rbf_svc,0,0.0718469259670789,0.5280302851876438,0
62,49.0,29.0,1,rbf_svc,0,0.10459801882465193,0.5280302851876438,0
62,50.0,28.0,1,rbf_svc,0,0.22542789350316947,0.5280302851876438,0
62,51.0,27.0,1,rbf_svc,0,0.3051622717064529,0.5280302851876438,0
62,52.0,26.0,1,rbf_svc,0,0.31061644409701755,0.5280302851876438,0
62,53.0,25.0,1,rbf_svc,0,0.3506328799953086,0.5280302851876438,0
62,54.0,24.0,1,rbf_svc,0,0.4143811666746043,0.5280302851876438,0
62,55.0,23.0,1,rbf_svc,0,0.5284976613947492,0.5280302851876438,1
62,56.0,22.0,1,rbf_svc,0,0.5374955625041413,0.5280302851876438,1
62,57.0,21.0,1,rbf_svc,0,0.5621131923059599,0.5280302851876438,1
62,58.0,20.0,1,rbf_svc,1,0.7285482334235734,0.5280302851876438,1
62,59.0,19.0,1,rbf_svc,1,0.6749308890390091,0.5280302851876438,1
62,60.0,18.0,1,rbf_svc,1,0.7651412716176295,0.5280302851876438,1
62,61.0,17.0,1,rbf_svc,1,0.7789119214837251,0.5280302851876438,1
62,62.0,16.0,1,rbf_svc,1,0.7788379887693445,0.5280302851876438,1
62,63.0,15.0,1,rbf_svc,1,0.9683407929190607,0.5280302851876438,1
62,64.0,14.0,1,rbf_svc,1,0.6013955602727802,0.5280302851876438,1
62,65.0,13.0,1,rbf_svc,1,0.9050112876569478,0.5280302851876438,1
62,66.0,12.0,1,rbf_svc,1,0.9367230224671282,0.5280302851876438,1
62,67.0,11.0,1,rbf_svc,1,0.9865274690555891,0.5280302851876438,1
62,68.0,10.0,1,rbf_svc,1,0.9813949493084488,0.5280302851876438,1
62,69.0,9.0,1,rbf_svc,1,0.9908659753113941,0.5280302851876438,1
62,70.0,8.0,1,rbf_svc,1,0.9910251206794931,0.5280302851876438,1
62,71.0,7.0,1,rbf_svc,1,0.9939654320201177,0.5280302851876438,1
62,72.0,6.0,1,rbf_svc,1,0.9973155131135182,0.5280302851876438,1
62,73.0,5.0,1,rbf_svc,1,0.999989909829634,0.5280302851876438,1
62,74.0,4.0,1,rbf_svc,1,0.999997585557119,0.5280302851876438,1
62,75.0,3.0,1,rbf_svc,1,0.9999994025723293,0.5280302851876438,1
62,76.0,2.0,1,rbf_svc,1,0.9999996188008863,0.5280302851876438,1
62,77.0,1.0,1,rbf_svc,1,0.9999990148739012,0.5280302851876438,1
62,78.0,0.0,1,rbf_svc,1,0.9999999952026182,0.5280302851876438,1
63,1.0,82.0,5,rbf_svc,0,0.0005486596116736661,0.48778595770042416,0
63,2.0,81.0,5,rbf_svc,0,0.00015150442168378558,0.48778595770042416,0
63,3.0,80.0,5,rbf_svc,0,2.7793205400406464e-05,0.48778595770042416,0
63,4.0,79.0,5,rbf_svc,0,0.0004052954309010254,0.48778595770042416,0
63,5.0,78.0,5,rbf_svc,0,9.317873397983841e-05,0.48778595770042416,0
63,6.0,77.0,5,rbf_svc,0,0.0004971345369582233,0.48778595770042416,0
63,7.0,76.0,5,rbf_svc,0,0.0002542564600438788,0.48778595770042416,0
63,8.0,75.0,5,rbf_svc,0,0.0001580059642815657,0.48778595770042416,0
63,9.0,74.0,5,rbf_svc,0,0.0005362416528313115,0.48778595770042416,0
63,10.0,73.0,5,rbf_svc,0,7.129113178155423e-05,0.48778595770042416,0
63,11.0,72.0,5,rbf_svc,0,0.0004964693025949557,0.48778595770042416,0
63,12.0,71.0,5,rbf_svc,0,0.00017848655589826167,0.48778595770042416,0
63,13.0,70.0,5,rbf_svc,0,0.0002013178414600488,0.48778595770042416,0
63,14.0,69.0,5,rbf_svc,0,0.00014704821258619224,0.48778595770042416,0
63,15.0,68.0,5,rbf_svc,0,0.00030328333145840657,0.48778595770042416,0
63,16.0,67.0,5,rbf_svc,0,0.0003873595804063396,0.48778595770042416,0
63,17.0,66.0,5,rbf_svc,0,0.00022603006310988066,0.48778595770042416,0
63,18.0,65.0,5,rbf_svc,0,0.0005225411962135644,0.48778595770042416,0
63,19.0,64.0,5,rbf_svc,0,0.00028720236105725947,0.48778595770042416,0
63,20.0,63.0,5,rbf_svc,0,0.0002449408110286554,0.48778595770042416,0
63,21.0,62.0,5,rbf_svc,0,0.0017409402502374493,0.48778595770042416,0
63,22.0,61.0,5,rbf_svc,0,0.00022173335421337372,0.48778595770042416,0
63,23.0,60.0,5,rbf_svc,0,0.0011237373827970884,0.48778595770042416,0
63,24.0,59.0,5,rbf_svc,0,0.000607481263208094,0.48778595770042416,0
63,25.0,58.0,5,rbf_svc,0,0.00047544505080818347,0.48778595770042416,0
63,26.0,57.0,5,rbf_svc,0,0.0004868918782869744,0.48778595770042416,0
63,27.0,56.0,5,rbf_svc,0,0.00047672960731461245,0.48778595770042416,0
63,28.0,55.0,5,rbf_svc,0,0.000525569203813394,0.48778595770042416,0
63,29.0,54.0,5,rbf_svc,0,0.0008332325313381191,0.48778595770042416,0
63,30.0,53.0,5,rbf_svc,0,0.0004210118718747032,0.48778595770042416,0
63,31.0,52.0,5,rbf_svc,0,0.003305515046240895,0.48778595770042416,0
63,32.0,51.0,5,rbf_svc,0,0.002489375500641846,0.48778595770042416,0
63,33.0,50.0,5,rbf_svc,0,0.003977584772510966,0.48778595770042416,0
63,34.0,49.0,5,rbf_svc,0,0.0015062686197347443,0.48778595770042416,0
63,35.0,48.0,5,rbf_svc,0,0.0004177745634547922,0.48778595770042416,0
63,36.0,47.0,5,rbf_svc,0,0.005617094777181527,0.48778595770042416,0
63,37.0,46.0,5,rbf_svc,0,0.0014514897525627548,0.48778595770042416,0
63,38.0,45.0,5,rbf_svc,0,0.009022117017060195,0.48778595770042416,0
63,39.0,44.0,5,rbf_svc,0,0.004161307910894901,0.48778595770042416,0
63,40.0,43.0,5,rbf_svc,0,0.0022535573701265373,0.48778595770042416,0
63,41.0,42.0,5,rbf_svc,0,0.0033047643600807412,0.48778595770042416,0
63,42.0,41.0,5,rbf_svc,0,0.00911058954026575,0.48778595770042416,0
63,43.0,40.0,5,rbf_svc,0,0.004917631009947093,0.48778595770042416,0
63,44.0,39.0,5,rbf_svc,0,0.00346570587019047,0.48778595770042416,0
63,45.0,38.0,5,rbf_svc,0,0.004046152192448877,0.48778595770042416,0
63,46.0,37.0,5,rbf_svc,0,0.0035891611832549,0.48778595770042416,0
63,47.0,36.0,5,rbf_svc,0,0.0055274205436559405,0.48778595770042416,0
63,48.0,35.0,5,rbf_svc,0,0.02049539791365049,0.48778595770042416,0
63,49.0,34.0,5,rbf_svc,0,0.012318774934347531,0.48778595770042416,0
63,50.0,33.0,5,rbf_svc,0,0.04859816696598095,0.48778595770042416,0
63,51.0,32.0,5,rbf_svc,0,0.013444159531757276,0.48778595770042416,0
63,52.0,31.0,5,rbf_svc,0,0.06916624206953045,0.48778595770042416,0
63,53.0,30.0,5,rbf_svc,0,0.03870364319999591,0.48778595770042416,0
63,54.0,29.0,5,rbf_svc,0,0.038558273906222004,0.48778595770042416,0
63,55.0,28.0,5,rbf_svc,0,0.017932733477567013,0.48778595770042416,0
63,56.0,27.0,5,rbf_svc,0,0.0232043010627171,0.48778595770042416,0
63,57.0,26.0,5,rbf_svc,0,0.038538022100627664,0.48778595770042416,0
63,58.0,25.0,5,rbf_svc,0,0.09421489177095475,0.48778595770042416,0
63,59.0,24.0,5,rbf_svc,0,0.06296175238072309,0.48778595770042416,0
63,60.0,23.0,5,rbf_svc,0,0.18285620570920688,0.48778595770042416,0
63,61.0,22.0,5,rbf_svc,0,0.07294325878584305,0.48778595770042416,0
63,62.0,21.0,5,rbf_svc,0,0.07415344330389391,0.48778595770042416,0
63,63.0,20.0,5,rbf_svc,1,0.15514122136612976,0.48778595770042416,0
63,64.0,19.0,5,rbf_svc,1,0.20532596834964154,0.48778595770042416,0
63,65.0,18.0,5,rbf_svc,1,0.2557301969085185,0.48778595770042416,0
63,66.0,17.0,5,rbf_svc,1,0.23961127054737802,0.48778595770042416,0
63,67.0,16.0,5,rbf_svc,1,0.3114373426928263,0.48778595770042416,0
63,68.0,15.0,5,rbf_svc,1,0.7289034031989273,0.48778595770042416,1
63,69.0,14.0,5,rbf_svc,1,0.6985161155255655,0.48778595770042416,1
63,70.0,13.0,5,rbf_svc,1,0.8352465282460622,0.48778595770042416,1
63,71.0,12.0,5,rbf_svc,1,0.83158825434838,0.48778595770042416,1
63,72.0,11.0,5,rbf_svc,1,0.7220667499516809,0.48778595770042416,1
63,73.0,10.0,5,rbf_svc,1,0.8885407631695812,0.48778595770042416,1
63,74.0,9.0,5,rbf_svc,1,0.9536149651360054,0.48778595770042416,1
63,75.0,8.0,5,rbf_svc,1,0.9738179760631225,0.48778595770042416,1
63,76.0,7.0,5,rbf_svc,1,0.9857256194636124,0.48778595770042416,1
63,77.0,6.0,5,rbf_svc,1,0.9625048180163737,0.48778595770042416,1
63,78.0,5.0,5,rbf_svc,1,0.9999925902146705,0.48778595770042416,1
63,79.0,4.0,5,rbf_svc,1,0.9922328857951991,0.48778595770042416,1
63,80.0,3.0,5,rbf_svc,1,0.9999973623361845,0.48778595770042416,1
63,81.0,2.0,5,rbf_svc,1,0.9999886803796865,0.48778595770042416,1
63,82.0,1.0,5,rbf_svc,1,0.9999985819454406,0.48778595770042416,1
63,83.0,0.0,5,rbf_svc,1,0.999999252809077,0.48778595770042416,1
64,1.0,95.0,4,hist_gradient_boosting,0,0.00025898884789755987,0.6936009670541174,0
64,2.0,94.0,4,hist_gradient_boosting,0,0.00038863615240142496,0.6936009670541174,0
64,3.0,93.0,4,hist_gradient_boosting,0,0.0003288775189278321,0.6936009670541174,0
64,4.0,92.0,4,hist_gradient_boosting,0,0.00037392417843523234,0.6936009670541174,0
64,5.0,91.0,4,hist_gradient_boosting,0,0.00043046978073165636,0.6936009670541174,0
64,6.0,90.0,4,hist_gradient_boosting,0,0.00012790728083941799,0.6936009670541174,0
64,7.0,89.0,4,hist_gradient_boosting,0,0.0002074576856365884,0.6936009670541174,0
64,8.0,88.0,4,hist_gradient_boosting,0,0.003459112225838988,0.6936009670541174,0
64,9.0,87.0,4,hist_gradient_boosting,0,0.00032533575214879415,0.6936009670541174,0
64,10.0,86.0,4,hist_gradient_boosting,0,0.0011232974253565773,0.6936009670541174,0
64,11.0,85.0,4,hist_gradient_boosting,0,0.0011672796242014234,0.6936009670541174,0
64,12.0,84.0,4,hist_gradient_boosting,0,0.00032355649348833875,0.6936009670541174,0
64,13.0,83.0,4,hist_gradient_boosting,0,0.00015235435923216322,0.6936009670541174,0
64,14.0,82.0,4,hist_gradient_boosting,0,8.371369794121894e-05,0.6936009670541174,0
64,15.0,81.0,4,hist_gradient_boosting,0,0.0003109206189979006,0.6936009670541174,0
64,16.0,80.0,4,hist_gradient_boosting,0,0.00034778592216265004,0.6936009670541174,0
64,17.0,79.0,4,hist_gradient_boosting,0,0.0005217998921392495,0.6936009670541174,0
64,18.0,78.0,4,hist_gradient_boosting,0,0.00034705528651374,0.6936009670541174,0
64,19.0,77.0,4,hist_gradient_boosting,0,0.003866490937666277,0.6936009670541174,0
64,20.0,76.0,4,hist_gradient_boosting,0,0.00047620134340753206,0.6936009670541174,0
64,21.0,75.0,4,hist_gradient_boosting,0,0.00017196536202196698,0.6936009670541174,0
64,22.0,74.0,4,hist_gradient_boosting,0,0.00026491697943539945,0.6936009670541174,0
64,23.0,73.0,4,hist_gradient_boosting,0,0.00013014994823293787,0.6936009670541174,0
64,24.0,72.0,4,hist_gradient_boosting,0,0.0002250246413357708,0.6936009670541174,0
64,25.0,71.0,4,hist_gradient_boosting,0,0.00023645328451267603,0.6936009670541174,0
64,26.0,70.0,4,hist_gradient_boosting,0,0.00019162737135824167,0.6936009670541174,0
64,27.0,69.0,4,hist_gradient_boosting,0,7.36850840814332e-05,0.6936009670541174,0
64,28.0,68.0,4,hist_gradient_boosting,0,0.000308869692574169,0.6936009670541174,0
64,29.0,67.0,4,hist_gradient_boosting,0,0.00031203134220727483,0.6936009670541174,0
64,30.0,66.0,4,hist_gradient_boosting,0,0.002636562336007248,0.6936009670541174,0
64,31.0,65.0,4,hist_gradient_boosting,0,0.004949799162666449,0.6936009670541174,0
64,32.0,64.0,4,hist_gradient_boosting,0,0.01881617560348321,0.6936009670541174,0
64,33.0,63.0,4,hist_gradient_boosting,0,0.040585389699475005,0.6936009670541174,0
64,34.0,62.0,4,hist_gradient_boosting,0,0.00930332711413896,0.6936009670541174,0
64,35.0,61.0,4,hist_gradient_boosting,0,0.016828238365645093,0.6936009670541174,0
64,36.0,60.0,4,hist_gradient_boosting,0,0.06934366539669795,0.6936009670541174,0
64,37.0,59.0,4,hist_gradient_boosting,0,0.023917059346834513,0.6936009670541174,0
64,38.0,58.0,4,hist_gradient_boosting,0,0.0884658681118794,0.6936009670541174,0
64,39.0,57.0,4,hist_gradient_boosting,0,0.015920704878810744,0.6936009670541174,0
64,40.0,56.0,4,hist_gradient_boosting,0,0.011247443452330802,0.6936009670541174,0
64,41.0,55.0,4,hist_gradient_boosting,0,0.006821930715026023,0.6936009670541174,0
64,42.0,54.0,4,hist_gradient_boosting,0,0.023429263400178413,0.6936009670541174,0
64,43.0,53.0,4,hist_gradient_boosting,0,0.05344229698479324,0.6936009670541174,0
64,44.0,52.0,4,hist_gradient_boosting,0,0.18234501416891147,0.6936009670541174,0
64,45.0,51.0,4,hist_gradient_boosting,0,0.058801284149038936,0.6936009670541174,0
64,46.0,50.0,4,hist_gradient_boosting,0,0.02602258774897821,0.6936009670541174,0
64,47.0,49.0,4,hist_gradient_boosting,0,0.09982546930817242,0.6936009670541174,0
64,48.0,48.0,4,hist_gradient_boosting,0,0.04059872965918545,0.6936009670541174,0
64,49.0,47.0,4,hist_gradient_boosting,0,0.2945062508366079,0.6936009670541174,0
64,50.0,46.0,4,hist_gradient_boosting,0,0.49943800080929823,0.6936009670541174,0
64,51.0,45.0,4,hist_gradient_boosting,0,0.810095052757125,0.6936009670541174,1
64,52.0,44.0,4,hist_gradient_boosting,0,0.12049182623164444,0.6936009670541174,0
64,53.0,43.0,4,hist_gradient_boosting,0,0.38852564295384634,0.6936009670541174,0
64,54.0,42.0,4,hist_gradient_boosting,0,0.6040809025609719,0.6936009670541174,0
64,55.0,41.0,4,hist_gradient_boosting,0,0.382332717138041,0.6936009670541174,0
64,56.0,40.0,4,hist_gradient_boosting,0,0.6444757530131789,0.6936009670541174,0
64,57.0,39.0,4,hist_gradient_boosting,0,0.10263147464948306,0.6936009670541174,0
64,58.0,38.0,4,hist_gradient_boosting,0,0.4483649503108991,0.6936009670541174,0
64,59.0,37.0,4,hist_gradient_boosting,0,0.8138795425319969,0.6936009670541174,1
64,60.0,36.0,4,hist_gradient_boosting,0,0.21655008094566486,0.6936009670541174,0
64,61.0,35.0,4,hist_gradient_boosting,0,0.9622028685585096,0.6936009670541174,1
64,62.0,34.0,4,hist_gradient_boosting,0,0.8868428222928247,0.6936009670541174,1
64,63.0,33.0,4,hist_gradient_boosting,0,0.5689730872640724,0.6936009670541174,0
64,64.0,32.0,4,hist_gradient_boosting,0,0.4193298605052157,0.6936009670541174,0
64,65.0,31.0,4,hist_gradient_boosting,0,0.956631912841348,0.6936009670541174,1
64,66.0,30.0,4,hist_gradient_boosting,0,0.842832121047104,0.6936009670541174,1
64,67.0,29.0,4,hist_gradient_boosting,0,0.9442075866828062,0.6936009670541174,1
64,68.0,28.0,4,hist_gradient_boosting,0,0.9694175398281527,0.6936009670541174,1
64,69.0,27.0,4,hist_gradient_boosting,0,0.8279252601061333,0.6936009670541174,1
64,70.0,26.0,4,hist_gradient_boosting,0,0.8488418411907133,0.6936009670541174,1
64,71.0,25.0,4,hist_gradient_boosting,0,0.9983237193807774,0.6936009670541174,1
64,72.0,24.0,4,hist_gradient_boosting,0,0.8363692381170064,0.6936009670541174,1
64,73.0,23.0,4,hist_gradient_boosting,0,0.969208169229156,0.6936009670541174,1
64,74.0,22.0,4,hist_gradient_boosting,0,0.9894003921398201,0.6936009670541174,1
64,75.0,21.0,4,hist_gradient_boosting,0,0.9876268814660291,0.6936009670541174,1
64,76.0,20.0,4,hist_gradient_boosting,1,0.9971469165684903,0.6936009670541174,1
64,77.0,19.0,4,hist_gradient_boosting,1,0.9976379398816816,0.6936009670541174,1
64,78.0,18.0,4,hist_gradient_boosting,1,0.9263915889711041,0.6936009670541174,1
64,79.0,17.0,4,hist_gradient_boosting,1,0.9814578250591849,0.6936009670541174,1
64,80.0,16.0,4,hist_gradient_boosting,1,0.9999034052767474,0.6936009670541174,1
64,81.0,15.0,4,hist_gradient_boosting,1,0.9994102864358638,0.6936009670541174,1
64,82.0,14.0,4,hist_gradient_boosting,1,0.9996048581790394,0.6936009670541174,1
64,83.0,13.0,4,hist_gradient_boosting,1,0.9999019051942767,0.6936009670541174,1
64,84.0,12.0,4,hist_gradient_boosting,1,0.9996721706578157,0.6936009670541174,1
64,85.0,11.0,4,hist_gradient_boosting,1,0.9996804063766729,0.6936009670541174,1
64,86.0,10.0,4,hist_gradient_boosting,1,0.9998800005813583,0.6936009670541174,1
64,87.0,9.0,4,hist_gradient_boosting,1,0.9998067130440584,0.6936009670541174,1
64,88.0,8.0,4,hist_gradient_boosting,1,0.999757201810994,0.6936009670541174,1
64,89.0,7.0,4,hist_gradient_boosting,1,0.9993683077329656,0.6936009670541174,1
64,90.0,6.0,4,hist_gradient_boosting,1,0.9998364745489757,0.6936009670541174,1
64,91.0,5.0,4,hist_gradient_boosting,1,0.9997901676263546,0.6936009670541174,1
64,92.0,4.0,4,hist_gradient_boosting,1,0.9994494958533361,0.6936009670541174,1
64,93.0,3.0,4,hist_gradient_boosting,1,0.9996485242600344,0.6936009670541174,1
64,94.0,2.0,4,hist_gradient_boosting,1,0.9993717940705384,0.6936009670541174,1
64,95.0,1.0,4,hist_gradient_boosting,1,0.9998808114251079,0.6936009670541174,1
64,96.0,0.0,4,hist_gradient_boosting,1,0.9999278684313792,0.6936009670541174,1
65,1.0,86.0,4,hist_gradient_boosting,0,0.00014962312915650568,0.6936009670541174,0
65,2.0,85.0,4,hist_gradient_boosting,0,4.7738614963402707e-05,0.6936009670541174,0
65,3.0,84.0,4,hist_gradient_boosting,0,7.17298175610708e-05,0.6936009670541174,0
65,4.0,83.0,4,hist_gradient_boosting,0,6.315772567536248e-05,0.6936009670541174,0
65,5.0,82.0,4,hist_gradient_boosting,0,3.16914020064322e-05,0.6936009670541174,0
65,6.0,81.0,4,hist_gradient_boosting,0,3.105023575077469e-05,0.6936009670541174,0
65,7.0,80.0,4,hist_gradient_boosting,0,8.376992047129453e-05,0.6936009670541174,0
65,8.0,79.0,4,hist_gradient_boosting,0,0.00014326468754649165,0.6936009670541174,0
65,9.0,78.0,4,hist_gradient_boosting,0,6.764023359202598e-05,0.6936009670541174,0
65,10.0,77.0,4,hist_gradient_boosting,0,6.315772567536248e-05,0.6936009670541174,0
65,11.0,76.0,4,hist_gradient_boosting,0,3.0232052155027518e-05,0.6936009670541174,0
65,12.0,75.0,4,hist_gradient_boosting,0,8.964170159909721e-05,0.6936009670541174,0
65,13.0,74.0,4,hist_gradient_boosting,0,0.00010038674846646479,0.6936009670541174,0
65,14.0,73.0,4,hist_gradient_boosting,0,9.747797230176719e-05,0.6936009670541174,0
65,15.0,72.0,4,hist_gradient_boosting,0,0.00016573433951614839,0.6936009670541174,0
65,16.0,71.0,4,hist_gradient_boosting,0,0.00010255178996962944,0.6936009670541174,0
65,17.0,70.0,4,hist_gradient_boosting,0,3.634886402213603e-05,0.6936009670541174,0
65,18.0,69.0,4,hist_gradient_boosting,0,4.8043327675900926e-05,0.6936009670541174,0
65,19.0,68.0,4,hist_gradient_boosting,0,0.00013569330384615756,0.6936009670541174,0
65,20.0,67.0,4,hist_gradient_boosting,0,0.0003085630292986645,0.6936009670541174,0
65,21.0,66.0,4,hist_gradient_boosting,0,0.00011821593806580044,0.6936009670541174,0
65,22.0,65.0,4,hist_gradient_boosting,0,0.00015668743895020236,0.6936009670541174,0
65,23.0,64.0,4,hist_gradient_boosting,0,8.268184840148637e-05,0.6936009670541174,0
65,24.0,63.0,4,hist_gradient_boosting,0,6.641592655341916e-05,0.6936009670541174,0
65,25.0,62.0,4,hist_gradient_boosting,0,7.044268573069076e-05,0.6936009670541174,0
65,26.0,61.0,4,hist_gradient_boosting,0,0.00014343746042635942,0.6936009670541174,0
65,27.0,60.0,4,hist_gradient_boosting,0,9.693158139099691e-05,0.6936009670541174,0
65,28.0,59.0,4,hist_gradient_boosting,0,0.0001422216580269031,0.6936009670541174,0
65,29.0,58.0,4,hist_gradient_boosting,0,2.7435409539712402e-05,0.6936009670541174,0
65,30.0,57.0,4,hist_gradient_boosting,0,0.0004523125393795461,0.6936009670541174,0
65,31.0,56.0,4,hist_gradient_boosting,0,0.00022990186231914672,0.6936009670541174,0
65,32.0,55.0,4,hist_gradient_boosting,0,0.003181521381487437,0.6936009670541174,0
65,33.0,54.0,4,hist_gradient_boosting,0,0.00024646399675191613,0.6936009670541174,0
65,34.0,53.0,4,hist_gradient_boosting,0,0.001637463698209981,0.6936009670541174,0
65,35.0,52.0,4,hist_gradient_boosting,0,0.00031323833196356,0.6936009670541174,0
65,36.0,51.0,4,hist_gradient_boosting,0,0.010971270849523526,0.6936009670541174,0
65,37.0,50.0,4,hist_gradient_boosting,0,0.004696846715858532,0.6936009670541174,0
65,38.0,49.0,4,hist_gradient_boosting,0,0.006878504816498713,0.6936009670541174,0
65,39.0,48.0,4,hist_gradient_boosting,0,0.018105940404853655,0.6936009670541174,0
65,40.0,47.0,4,hist_gradient_boosting,0,0.0018763994168185109,0.6936009670541174,0
65,41.0,46.0,4,hist_gradient_boosting,0,0.0005196461894513025,0.6936009670541174,0
65,42.0,45.0,4,hist_gradient_boosting,0,0.0012343718891762968,0.6936009670541174,0
65,43.0,44.0,4,hist_gradient_boosting,0,0.0040835379115696825,0.6936009670541174,0
65,44.0,43.0,4,hist_gradient_boosting,0,0.0014226638267134087,0.6936009670541174,0
65,45.0,42.0,4,hist_gradient_boosting,0,0.0020534197453261683,0.6936009670541174,0
65,46.0,41.0,4,hist_gradient_boosting,0,0.01044123141586535,0.6936009670541174,0
65,47.0,40.0,4,hist_gradient_boosting,0,0.0031526685220165996,0.6936009670541174,0
65,48.0,39.0,4,hist_gradient_boosting,0,0.009020180504501912,0.6936009670541174,0
65,49.0,38.0,4,hist_gradient_boosting,0,0.016188472181094767,0.6936009670541174,0
65,50.0,37.0,4,hist_gradient_boosting,0,0.003812378414741158,0.6936009670541174,0
65,51.0,36.0,4,hist_gradient_boosting,0,0.013546399987304808,0.6936009670541174,0
65,52.0,35.0,4,hist_gradient_boosting,0,0.03660280544958576,0.6936009670541174,0
65,53.0,34.0,4,hist_gradient_boosting,0,0.013060227754161253,0.6936009670541174,0
65,54.0,33.0,4,hist_gradient_boosting,0,0.021176232594114594,0.6936009670541174,0
65,55.0,32.0,4,hist_gradient_boosting,0,0.015619838355038437,0.6936009670541174,0
65,56.0,31.0,4,hist_gradient_boosting,0,0.03048778427528355,0.6936009670541174,0
65,57.0,30.0,4,hist_gradient_boosting,0,0.07809658647946664,0.6936009670541174,0
65,58.0,29.0,4,hist_gradient_boosting,0,0.007528761930086268,0.6936009670541174,0
65,59.0,28.0,4,hist_gradient_boosting,0,0.2908238927013145,0.6936009670541174,0
65,60.0,27.0,4,hist_gradient_boosting,0,0.014942596481419986,0.6936009670541174,0
65,61.0,26.0,4,hist_gradient_boosting,0,0.02725452961481997,0.6936009670541174,0
65,62.0,25.0,4,hist_gradient_boosting,0,0.4688131869890448,0.6936009670541174,0
65,63.0,24.0,4,hist_gradient_boosting,0,0.11455087552223553,0.6936009670541174,0
65,64.0,23.0,4,hist_gradient_boosting,0,0.23038982330432867,0.6936009670541174,0
65,65.0,22.0,4,hist_gradient_boosting,0,0.6850238214525954,0.6936009670541174,0
65,66.0,21.0,4,hist_gradient_boosting,0,0.9264995880878445,0.6936009670541174,1
65,67.0,20.0,4,hist_gradient_boosting,1,0.7479341327151174,0.6936009670541174,1
65,68.0,19.0,4,hist_gradient_boosting,1,0.9469985856534048,0.6936009670541174,1
65,69.0,18.0,4,hist_gradient_boosting,1,0.44765675367424607,0.6936009670541174,0
65,70.0,17.0,4,hist_gradient_boosting,1,0.5219373260813633,0.6936009670541174,0
65,71.0,16.0,4,hist_gradient_boosting,1,0.6201399395417855,0.6936009670541174,0
65,72.0,15.0,4,hist_gradient_boosting,1,0.8907790317816676,0.6936009670541174,1
65,73.0,14.0,4,hist_gradient_boosting,1,0.9573824651332727,0.6936009670541174,1
65,74.0,13.0,4,hist_gradient_boosting,1,0.9860543374599698,0.6936009670541174,1
65,75.0,12.0,4,hist_gradient_boosting,1,0.9970578873248781,0.6936009670541174,1
65,76.0,11.0,4,hist_gradient_boosting,1,0.9878074624432664,0.6936009670541174,1
65,77.0,10.0,4,hist_gradient_boosting,1,0.9926029931258317,0.6936009670541174,1
65,78.0,9.0,4,hist_gradient_boosting,1,0.7436882562878815,0.6936009670541174,1
65,79.0,8.0,4,hist_gradient_boosting,1,0.9478264793725512,0.6936009670541174,1
65,80.0,7.0,4,hist_gradient_boosting,1,0.9996074280372195,0.6936009670541174,1
65,81.0,6.0,4,hist_gradient_boosting,1,0.9997469268887572,0.6936009670541174,1
65,82.0,5.0,4,hist_gradient_boosting,1,0.9998682622626144,0.6936009670541174,1
65,83.0,4.0,4,hist_gradient_boosting,1,0.9998372110578284,0.6936009670541174,1
65,84.0,3.0,4,hist_gradient_boosting,1,0.9987310566385755,0.6936009670541174,1
65,85.0,2.0,4,hist_gradient_boosting,1,0.9996251999710019,0.6936009670541174,1
65,86.0,1.0,4,hist_gradient_boosting,1,0.9999185979123484,0.6936009670541174,1
65,87.0,0.0,4,hist_gradient_boosting,1,0.9998677024218263,0.6936009670541174,1
66,1.0,71.0,4,hist_gradient_boosting,0,6.278469173726817e-05,0.6936009670541174,0
66,2.0,70.0,4,hist_gradient_boosting,0,0.0001349665197538971,0.6936009670541174,0
66,3.0,69.0,4,hist_gradient_boosting,0,9.621470212716015e-05,0.6936009670541174,0
66,4.0,68.0,4,hist_gradient_boosting,0,5.886149299270109e-05,0.6936009670541174,0
66,5.0,67.0,4,hist_gradient_boosting,0,9.359319338116458e-05,0.6936009670541174,0
66,6.0,66.0,4,hist_gradient_boosting,0,8.35027435758915e-05,0.6936009670541174,0
66,7.0,65.0,4,hist_gradient_boosting,0,5.767200316809407e-05,0.6936009670541174,0
66,8.0,64.0,4,hist_gradient_boosting,0,6.297270094384918e-05,0.6936009670541174,0
66,9.0,63.0,4,hist_gradient_boosting,0,0.0001438271395392285,0.6936009670541174,0
66,10.0,62.0,4,hist_gradient_boosting,0,7.657691485926051e-05,0.6936009670541174,0
66,11.0,61.0,4,hist_gradient_boosting,0,8.575149948187906e-05,0.6936009670541174,0
66,12.0,60.0,4,hist_gradient_boosting,0,8.14771547575955e-05,0.6936009670541174,0
66,13.0,59.0,4,hist_gradient_boosting,0,8.516429653269704e-05,0.6936009670541174,0
66,14.0,58.0,4,hist_gradient_boosting,0,3.936389957914535e-05,0.6936009670541174,0
66,15.0,57.0,4,hist_gradient_boosting,0,0.00020377746387719654,0.6936009670541174,0
66,16.0,56.0,4,hist_gradient_boosting,0,0.0002595849046930815,0.6936009670541174,0
66,17.0,55.0,4,hist_gradient_boosting,0,7.844948740221591e-05,0.6936009670541174,0
66,18.0,54.0,4,hist_gradient_boosting,0,0.00017105649531134706,0.6936009670541174,0
66,19.0,53.0,4,hist_gradient_boosting,0,7.359134808364767e-05,0.6936009670541174,0
66,20.0,52.0,4,hist_gradient_boosting,0,0.00014492112962775894,0.6936009670541174,0
66,21.0,51.0,4,hist_gradient_boosting,0,0.00022682725852210856,0.6936009670541174,0
66,22.0,50.0,4,hist_gradient_boosting,0,6.66397274141094e-05,0.6936009670541174,0
66,23.0,49.0,4,hist_gradient_boosting,0,0.0001378394091683131,0.6936009670541174,0
66,24.0,48.0,4,hist_gradient_boosting,0,6.62943337287007e-05,0.6936009670541174,0
66,25.0,47.0,4,hist_gradient_boosting,0,4.932557757374007e-05,0.6936009670541174,0
66,26.0,46.0,4,hist_gradient_boosting,0,0.0001060787301389758,0.6936009670541174,0
66,27.0,45.0,4,hist_gradient_boosting,0,0.0001722913010104615,0.6936009670541174,0
66,28.0,44.0,4,hist_gradient_boosting,0,5.629878269499751e-05,0.6936009670541174,0
66,29.0,43.0,4,hist_gradient_boosting,0,4.451736078883881e-05,0.6936009670541174,0
66,30.0,42.0,4,hist_gradient_boosting,0,0.000587422319455426,0.6936009670541174,0
66,31.0,41.0,4,hist_gradient_boosting,0,0.0005340826037813439,0.6936009670541174,0
66,32.0,40.0,4,hist_gradient_boosting,0,0.0002201788974551981,0.6936009670541174,0
66,33.0,39.0,4,hist_gradient_boosting,0,0.0004104209436437472,0.6936009670541174,0
66,34.0,38.0,4,hist_gradient_boosting,0,0.004670895424516068,0.6936009670541174,0
66,35.0,37.0,4,hist_gradient_boosting,0,0.012987063504552879,0.6936009670541174,0
66,36.0,36.0,4,hist_gradient_boosting,0,0.0015880849008781484,0.6936009670541174,0
66,37.0,35.0,4,hist_gradient_boosting,0,0.0009171366203874771,0.6936009670541174,0
66,38.0,34.0,4,hist_gradient_boosting,0,0.006239809123075141,0.6936009670541174,0
66,39.0,33.0,4,hist_gradient_boosting,0,0.02949918880243069,0.6936009670541174,0
66,40.0,32.0,4,hist_gradient_boosting,0,0.0007442224859331708,0.6936009670541174,0
66,41.0,31.0,4,hist_gradient_boosting,0,0.0013513952922821618,0.6936009670541174,0
66,42.0,30.0,4,hist_gradient_boosting,0,0.001795213914471105,0.6936009670541174,0
66,43.0,29.0,4,hist_gradient_boosting,0,0.005995573528458537,0.6936009670541174,0
66,44.0,28.0,4,hist_gradient_boosting,0,0.005550903999627819,0.6936009670541174,0
66,45.0,27.0,4,hist_gradient_boosting,0,0.009927773543320343,0.6936009670541174,0
66,46.0,26.0,4,hist_gradient_boosting,0,0.3287460702077562,0.6936009670541174,0
66,47.0,25.0,4,hist_gradient_boosting,0,0.00355851238245094,0.6936009670541174,0
66,48.0,24.0,4,hist_gradient_boosting,0,0.00545741859956129,0.6936009670541174,0
66,49.0,23.0,4,hist_gradient_boosting,0,0.012865456185614512,0.6936009670541174,0
66,50.0,22.0,4,hist_gradient_boosting,0,0.029087682347400546,0.6936009670541174,0
66,51.0,21.0,4,hist_gradient_boosting,0,0.009655060280373695,0.6936009670541174,0
66,52.0,20.0,4,hist_gradient_boosting,1,0.11132590979057469,0.6936009670541174,0
66,53.0,19.0,4,hist_gradient_boosting,1,0.03557998591507686,0.6936009670541174,0
66,54.0,18.0,4,hist_gradient_boosting,1,0.5644395692987627,0.6936009670541174,0
66,55.0,17.0,4,hist_gradient_boosting,1,0.14913888512301812,0.6936009670541174,0
66,56.0,16.0,4,hist_gradient_boosting,1,0.5965560419723037,0.6936009670541174,0
66,57.0,15.0,4,hist_gradient_boosting,1,0.9494820426450943,0.6936009670541174,1
66,58.0,14.0,4,hist_gradient_boosting,1,0.9482590125926212,0.6936009670541174,1
66,59.0,13.0,4,hist_gradient_boosting,1,0.9309408881608777,0.6936009670541174,1
66,60.0,12.0,4,hist_gradient_boosting,1,0.9342639711541514,0.6936009670541174,1
66,61.0,11.0,4,hist_gradient_boosting,1,0.9801794730299206,0.6936009670541174,1
66,62.0,10.0,4,hist_gradient_boosting,1,0.8999649758066413,0.6936009670541174,1
66,63.0,9.0,4,hist_gradient_boosting,1,0.9254042296804907,0.6936009670541174,1
66,64.0,8.0,4,hist_gradient_boosting,1,0.9878573070024648,0.6936009670541174,1
66,65.0,7.0,4,hist_gradient_boosting,1,0.9339040544240517,0.6936009670541174,1
66,66.0,6.0,4,hist_gradient_boosting,1,0.9615259198726228,0.6936009670541174,1
66,67.0,5.0,4,hist_gradient_boosting,1,0.9894547830353125,0.6936009670541174,1
66,68.0,4.0,4,hist_gradient_boosting,1,0.8998119536735649,0.6936009670541174,1
66,69.0,3.0,4,hist_gradient_boosting,1,0.9555406629955022,0.6936009670541174,1
66,70.0,2.0,4,hist_gradient_boosting,1,0.9986512887399633,0.6936009670541174,1
66,71.0,1.0,4,hist_gradient_boosting,1,0.9971321048781007,0.6936009670541174,1
66,72.0,0.0,4,hist_gradient_boosting,1,0.9994657185192046,0.6936009670541174,1
67,1.0,50.0,1,rbf_svc,0,0.0010809673554809792,0.5280302851876438,0
67,2.0,49.0,1,rbf_svc,0,0.0034133921383809303,0.5280302851876438,0
67,3.0,48.0,1,rbf_svc,0,0.003721137955592392,0.5280302851876438,0
67,4.0,47.0,1,rbf_svc,0,0.014814710738434489,0.5280302851876438,0
67,5.0,46.0,1,rbf_svc,0,0.0026028364211606743,0.5280302851876438,0
67,6.0,45.0,1,rbf_svc,0,0.0006371941329543743,0.5280302851876438,0
67,7.0,44.0,1,rbf_svc,0,0.005709344993681657,0.5280302851876438,0
67,8.0,43.0,1,rbf_svc,0,0.004375573724181945,0.5280302851876438,0
67,9.0,42.0,1,rbf_svc,0,0.003151442365629316,0.5280302851876438,0
67,10.0,41.0,1,rbf_svc,0,0.0033680091545306916,0.5280302851876438,0
67,11.0,40.0,1,rbf_svc,0,0.006061132961908008,0.5280302851876438,0
67,12.0,39.0,1,rbf_svc,0,0.003591054086345654,0.5280302851876438,0
67,13.0,38.0,1,rbf_svc,0,0.011088456227315526,0.5280302851876438,0
67,14.0,37.0,1,rbf_svc,0,0.006271502330435641,0.5280302851876438,0
67,15.0,36.0,1,rbf_svc,0,0.009756977734973927,0.5280302851876438,0
67,16.0,35.0,1,rbf_svc,0,0.006147911733558044,0.5280302851876438,0
67,17.0,34.0,1,rbf_svc,0,0.014647840184207606,0.5280302851876438,0
67,18.0,33.0,1,rbf_svc,0,0.025509804573935695,0.5280302851876438,0
67,19.0,32.0,1,rbf_svc,0,0.011376605608310573,0.5280302851876438,0
67,20.0,31.0,1,rbf_svc,0,0.0259108882554814,0.5280302851876438,0
67,21.0,30.0,1,rbf_svc,0,0.013590699507673259,0.5280302851876438,0
67,22.0,29.0,1,rbf_svc,0,0.0038573908197411097,0.5280302851876438,0
67,23.0,28.0,1,rbf_svc,0,0.035611154424836006,0.5280302851876438,0
67,24.0,27.0,1,rbf_svc,0,0.02190940734191054,0.5280302851876438,0
67,25.0,26.0,1,rbf_svc,0,0.011773049117598923,0.5280302851876438,0
67,26.0,25.0,1,rbf_svc,0,0.08084641798734986,0.5280302851876438,0
67,27.0,24.0,1,rbf_svc,0,0.02755206177038535,0.5280302851876438,0
67,28.0,23.0,1,rbf_svc,0,0.0544322014701293,0.5280302851876438,0
67,29.0,22.0,1,rbf_svc,0,0.057720722960801114,0.5280302851876438,0
67,30.0,21.0,1,rbf_svc,0,0.08441434391467131,0.5280302851876438,0
67,31.0,20.0,1,rbf_svc,1,0.10408619244997575,0.5280302851876438,0
67,32.0,19.0,1,rbf_svc,1,0.1198488735924397,0.5280302851876438,0
67,33.0,18.0,1,rbf_svc,1,0.25414771061300384,0.5280302851876438,0
67,34.0,17.0,1,rbf_svc,1,0.1497095403132527,0.5280302851876438,0
67,35.0,16.0,1,rbf_svc,1,0.2933092227621074,0.5280302851876438,0
67,36.0,15.0,1,rbf_svc,1,0.276023346242472,0.5280302851876438,0
67,37.0,14.0,1,rbf_svc,1,0.23842033045139097,0.5280302851876438,0
67,38.0,13.0,1,rbf_svc,1,0.6047837741918253,0.5280302851876438,1
67,39.0,12.0,1,rbf_svc,1,0.5,0.5280302851876438,0
67,40.0,11.0,1,rbf_svc,1,0.335255814276432,0.5280302851876438,0
67,41.0,10.0,1,rbf_svc,1,0.8342902605688177,0.5280302851876438,1
67,42.0,9.0,1,rbf_svc,1,0.8449701866996547,0.5280302851876438,1
67,43.0,8.0,1,rbf_svc,1,0.8224030915274814,0.5280302851876438,1
67,44.0,7.0,1,rbf_svc,1,0.9124243343032392,0.5280302851876438,1
67,45.0,6.0,1,rbf_svc,1,0.9442795713595188,0.5280302851876438,1
67,46.0,5.0,1,rbf_svc,1,0.9814769871845797,0.5280302851876438,1
67,47.0,4.0,1,rbf_svc,1,0.9825187701634368,0.5280302851876438,1
67,48.0,3.0,1,rbf_svc,1,0.933178841838994,0.5280302851876438,1
67,49.0,2.0,1,rbf_svc,1,0.9942857273116193,0.5280302851876438,1
67,50.0,1.0,1,rbf_svc,1,0.9999950622415904,0.5280302851876438,1
67,51.0,0.0,1,rbf_svc,1,0.9999984421553224,0.5280302851876438,1
68,1.0,74.0,1,rbf_svc,0,9.569357700418694e-05,0.5280302851876438,0
68,2.0,73.0,1,rbf_svc,0,7.032675164904788e-05,0.5280302851876438,0
68,3.0,72.0,1,rbf_svc,0,0.00012415058074091077,0.5280302851876438,0
68,4.0,71.0,1,rbf_svc,0,0.00042905934717221174,0.5280302851876438,0
68,5.0,70.0,1,rbf_svc,0,5.354948007902283e-05,0.5280302851876438,0
68,6.0,69.0,1,rbf_svc,0,2.827394067431675e-05,0.5280302851876438,0
68,7.0,68.0,1,rbf_svc,0,4.9796302372607186e-05,0.5280302851876438,0
68,8.0,67.0,1,rbf_svc,0,3.419101576177499e-05,0.5280302851876438,0
68,9.0,66.0,1,rbf_svc,0,0.00016160848173020977,0.5280302851876438,0
68,10.0,65.0,1,rbf_svc,0,6.983467362349232e-05,0.5280302851876438,0
68,11.0,64.0,1,rbf_svc,0,0.00031115935811019377,0.5280302851876438,0
68,12.0,63.0,1,rbf_svc,0,0.0001329257740750648,0.5280302851876438,0
68,13.0,62.0,1,rbf_svc,0,9.751490586042048e-05,0.5280302851876438,0
68,14.0,61.0,1,rbf_svc,0,0.0017544321968628505,0.5280302851876438,0
68,15.0,60.0,1,rbf_svc,0,0.00043124582104931477,0.5280302851876438,0
68,16.0,59.0,1,rbf_svc,0,0.00021810820439186339,0.5280302851876438,0
68,17.0,58.0,1,rbf_svc,0,0.00015952760518376147,0.5280302851876438,0
68,18.0,57.0,1,rbf_svc,0,0.002056755222678212,0.5280302851876438,0
68,19.0,56.0,1,rbf_svc,0,0.001182574351449121,0.5280302851876438,0
68,20.0,55.0,1,rbf_svc,0,0.002399176813913287,0.5280302851876438,0
68,21.0,54.0,1,rbf_svc,0,0.00030452911217839564,0.5280302851876438,0
68,22.0,53.0,1,rbf_svc,0,0.00042608015611185403,0.5280302851876438,0
68,23.0,52.0,1,rbf_svc,0,0.0016899945935905283,0.5280302851876438,0
68,24.0,51.0,1,rbf_svc,0,0.0014848815392155897,0.5280302851876438,0
68,25.0,50.0,1,rbf_svc,0,0.003445779989180506,0.5280302851876438,0
68,26.0,49.0,1,rbf_svc,0,0.0007623692351642973,0.5280302851876438,0
68,27.0,48.0,1,rbf_svc,0,0.0005866102453091132,0.5280302851876438,0
68,28.0,47.0,1,rbf_svc,0,0.003142347132464138,0.5280302851876438,0
68,29.0,46.0,1,rbf_svc,0,0.007252034067141169,0.5280302851876438,0
68,30.0,45.0,1,rbf_svc,0,0.004362602333423671,0.5280302851876438,0
68,31.0,44.0,1,rbf_svc,0,0.0033226199363018604,0.5280302851876438,0
68,32.0,43.0,1,rbf_svc,0,0.0033773823625830868,0.5280302851876438,0
68,33.0,42.0,1,rbf_svc,0,0.004005797810048883,0.5280302851876438,0
68,34.0,41.0,1,rbf_svc,0,0.004126142073622447,0.5280302851876438,0
68,35.0,40.0,1,rbf_svc,0,0.002844909613387671,0.5280302851876438,0
68,36.0,39.0,1,rbf_svc,0,0.0028357490911126103,0.5280302851876438,0
68,37.0,38.0,1,rbf_svc,0,0.02561921384512944,0.5280302851876438,0
68,38.0,37.0,1,rbf_svc,0,0.004089373453922506,0.5280302851876438,0
68,39.0,36.0,1,rbf_svc,0,0.001936442445316158,0.5280302851876438,0
68,40.0,35.0,1,rbf_svc,0,0.010176013182177285,0.5280302851876438,0
68,41.0,34.0,1,rbf_svc,0,0.010712117842274075,0.5280302851876438,0
68,42.0,33.0,1,rbf_svc,0,0.009288242628006897,0.5280302851876438,0
68,43.0,32.0,1,rbf_svc,0,0.017744997723594183,0.5280302851876438,0
68,44.0,31.0,1,rbf_svc,0,0.005646282997129571,0.5280302851876438,0
68,45.0,30.0,1,rbf_svc,0,0.04309870944060549,0.5280302851876438,0
68,46.0,29.0,1,rbf_svc,0,0.017731641953595178,0.5280302851876438,0
68,47.0,28.0,1,rbf_svc,0,0.04419466161896449,0.5280302851876438,0
68,48.0,27.0,1,rbf_svc,0,0.02675574495246554,0.5280302851876438,0
68,49.0,26.0,1,rbf_svc,0,0.061079189921543174,0.5280302851876438,0
68,50.0,25.0,1,rbf_svc,0,0.058523819156200974,0.5280302851876438,0
68,51.0,24.0,1,rbf_svc,0,0.07972359787158668,0.5280302851876438,0
68,52.0,23.0,1,rbf_svc,0,0.1022612281493614,0.5280302851876438,0
68,53.0,22.0,1,rbf_svc,0,0.1199791788788955,0.5280302851876438,0
68,54.0,21.0,1,rbf_svc,0,0.12016571156436066,0.5280302851876438,0
68,55.0,20.0,1,rbf_svc,1,0.402813647585208,0.5280302851876438,0
68,56.0,19.0,1,rbf_svc,1,0.22711391905870615,0.5280302851876438,0
68,57.0,18.0,1,rbf_svc,1,0.4381660078993417,0.5280302851876438,0
68,58.0,17.0,1,rbf_svc,1,0.2609004923287709,0.5280302851876438,0
68,59.0,16.0,1,rbf_svc,1,0.7395529405221031,0.5280302851876438,1
68,60.0,15.0,1,rbf_svc,1,0.6657607799237757,0.5280302851876438,1
68,61.0,14.0,1,rbf_svc,1,0.5866039648640248,0.5280302851876438,1
68,62.0,13.0,1,rbf_svc,1,0.6682098126617997,0.5280302851876438,1
68,63.0,12.0,1,rbf_svc,1,0.9268701329196418,0.5280302851876438,1
68,64.0,11.0,1,rbf_svc,1,0.9289171114178357,0.5280302851876438,1
68,65.0,10.0,1,rbf_svc,1,0.9051001156276455,0.5280302851876438,1
68,66.0,9.0,1,rbf_svc,1,0.9902954149209544,0.5280302851876438,1
68,67.0,8.0,1,rbf_svc,1,0.9966401171811184,0.5280302851876438,1
68,68.0,7.0,1,rbf_svc,1,0.9901348727538462,0.5280302851876438,1
68,69.0,6.0,1,rbf_svc,1,0.9797149544434157,0.5280302851876438,1
68,70.0,5.0,1,rbf_svc,1,0.9919756373945577,0.5280302851876438,1
68,71.0,4.0,1,rbf_svc,1,0.9999999901374821,0.5280302851876438,1
68,72.0,3.0,1,rbf_svc,1,0.9999997149318681,0.5280302851876438,1
68,73.0,2.0,1,rbf_svc,1,0.9999991943347465,0.5280302851876438,1
68,74.0,1.0,1,rbf_svc,1,0.9950230661361091,0.5280302851876438,1
68,75.0,0.0,1,rbf_svc,1,0.9999996189937084,0.5280302851876438,1
69,1.0,70.0,3,hist_gradient_boosting,0,0.00012604386491560853,0.6323221630840011,0
69,2.0,69.0,3,hist_gradient_boosting,0,0.00012608445045017428,0.6323221630840011,0
69,3.0,68.0,3,hist_gradient_boosting,0,0.00010243894664483917,0.6323221630840011,0
69,4.0,67.0,3,hist_gradient_boosting,0,0.00034076893416511253,0.6323221630840011,0
69,5.0,66.0,3,hist_gradient_boosting,0,9.969686204972636e-05,0.6323221630840011,0
69,6.0,65.0,3,hist_gradient_boosting,0,0.00013623841339128285,0.6323221630840011,0
69,7.0,64.0,3,hist_gradient_boosting,0,9.196352066070608e-05,0.6323221630840011,0
69,8.0,63.0,3,hist_gradient_boosting,0,0.0001381558920919269,0.6323221630840011,0
69,9.0,62.0,3,hist_gradient_boosting,0,7.648137602335013e-05,0.6323221630840011,0
69,10.0,61.0,3,hist_gradient_boosting,0,0.00017699227500911154,0.6323221630840011,0
69,11.0,60.0,3,hist_gradient_boosting,0,0.00011573304725160592,0.6323221630840011,0
69,12.0,59.0,3,hist_gradient_boosting,0,0.0002388254341345259,0.6323221630840011,0
69,13.0,58.0,3,hist_gradient_boosting,0,0.00013303775964500396,0.6323221630840011,0
69,14.0,57.0,3,hist_gradient_boosting,0,0.00014107359612791146,0.6323221630840011,0
69,15.0,56.0,3,hist_gradient_boosting,0,0.0001313312656997977,0.6323221630840011,0
69,16.0,55.0,3,hist_gradient_boosting,0,0.00036459366264928134,0.6323221630840011,0
69,17.0,54.0,3,hist_gradient_boosting,0,0.0002774972560855923,0.6323221630840011,0
69,18.0,53.0,3,hist_gradient_boosting,0,0.0002422907143670522,0.6323221630840011,0
69,19.0,52.0,3,hist_gradient_boosting,0,0.0003625454997145948,0.6323221630840011,0
69,20.0,51.0,3,hist_gradient_boosting,0,0.0002465130154792473,0.6323221630840011,0
69,21.0,50.0,3,hist_gradient_boosting,0,0.0002647136560268729,0.6323221630840011,0
69,22.0,49.0,3,hist_gradient_boosting,0,0.0001495843758429013,0.6323221630840011,0
69,23.0,48.0,3,hist_gradient_boosting,0,0.0002203069794247882,0.6323221630840011,0
69,24.0,47.0,3,hist_gradient_boosting,0,0.00034276927631360333,0.6323221630840011,0
69,25.0,46.0,3,hist_gradient_boosting,0,5.182383273467181e-05,0.6323221630840011,0
69,26.0,45.0,3,hist_gradient_boosting,0,0.00045293353473244624,0.6323221630840011,0
69,27.0,44.0,3,hist_gradient_boosting,0,0.0001459642091369395,0.6323221630840011,0
69,28.0,43.0,3,hist_gradient_boosting,0,0.0021773699255130327,0.6323221630840011,0
69,29.0,42.0,3,hist_gradient_boosting,0,0.013724867152613111,0.6323221630840011,0
69,30.0,41.0,3,hist_gradient_boosting,0,0.00824846147191748,0.6323221630840011,0
69,31.0,40.0,3,hist_gradient_boosting,0,0.00937217183622444,0.6323221630840011,0
69,32.0,39.0,3,hist_gradient_boosting,0,0.006073665173667459,0.6323221630840011,0
69,33.0,38.0,3,hist_gradient_boosting,0,0.016786170142405625,0.6323221630840011,0
69,34.0,37.0,3,hist_gradient_boosting,0,0.02881612300125717,0.6323221630840011,0
69,35.0,36.0,3,hist_gradient_boosting,0,0.013794158351519087,0.6323221630840011,0
69,36.0,35.0,3,hist_gradient_boosting,0,0.09629357648202329,0.6323221630840011,0
69,37.0,34.0,3,hist_gradient_boosting,0,0.019893463348412896,0.6323221630840011,0
69,38.0,33.0,3,hist_gradient_boosting,0,0.4349757665807585,0.6323221630840011,0
69,39.0,32.0,3,hist_gradient_boosting,0,0.767758706310962,0.6323221630840011,1
69,40.0,31.0,3,hist_gradient_boosting,0,0.6484450066387987,0.6323221630840011,1
69,41.0,30.0,3,hist_gradient_boosting,0,0.3964456662929169,0.6323221630840011,0
69,42.0,29.0,3,hist_gradient_boosting,0,0.7617519809847599,0.6323221630840011,1
69,43.0,28.0,3,hist_gradient_boosting,0,0.26893859237124956,0.6323221630840011,0
69,44.0,27.0,3,hist_gradient_boosting,0,0.7563891307223412,0.6323221630840011,1
69,45.0,26.0,3,hist_gradient_boosting,0,0.3424576247401297,0.6323221630840011,0
69,46.0,25.0,3,hist_gradient_boosting,0,0.034720237824469716,0.6323221630840011,0
69,47.0,24.0,3,hist_gradient_boosting,0,0.9582139372676678,0.6323221630840011,1
69,48.0,23.0,3,hist_gradient_boosting,0,0.9857603943945975,0.6323221630840011,1
69,49.0,22.0,3,hist_gradient_boosting,0,0.9580065764567334,0.6323221630840011,1
69,50.0,21.0,3,hist_gradient_boosting,0,0.5630457675212177,0.6323221630840011,0
69,51.0,20.0,3,hist_gradient_boosting,1,0.874745458340035,0.6323221630840011,1
69,52.0,19.0,3,hist_gradient_boosting,1,0.988040378952962,0.6323221630840011,1
69,53.0,18.0,3,hist_gradient_boosting,1,0.9738709369706802,0.6323221630840011,1
69,54.0,17.0,3,hist_gradient_boosting,1,0.9793363555485514,0.6323221630840011,1
69,55.0,16.0,3,hist_gradient_boosting,1,0.9623749681742135,0.6323221630840011,1
69,56.0,15.0,3,hist_gradient_boosting,1,0.9801521239763697,0.6323221630840011,1
69,57.0,14.0,3,hist_gradient_boosting,1,0.90964155327198,0.6323221630840011,1
69,58.0,13.0,3,hist_gradient_boosting,1,0.9889487929061173,0.6323221630840011,1
69,59.0,12.0,3,hist_gradient_boosting,1,0.9952128549511098,0.6323221630840011,1
69,60.0,11.0,3,hist_gradient_boosting,1,0.9853118343397469,0.6323221630840011,1
69,61.0,10.0,3,hist_gradient_boosting,1,0.9984383145267604,0.6323221630840011,1
69,62.0,9.0,3,hist_gradient_boosting,1,0.9951735036052017,0.6323221630840011,1
69,63.0,8.0,3,hist_gradient_boosting,1,0.9986798871232887,0.6323221630840011,1
69,64.0,7.0,3,hist_gradient_boosting,1,0.9981391279256182,0.6323221630840011,1
69,65.0,6.0,3,hist_gradient_boosting,1,0.9967221388588414,0.6323221630840011,1
69,66.0,5.0,3,hist_gradient_boosting,1,0.9956630204789854,0.6323221630840011,1
69,67.0,4.0,3,hist_gradient_boosting,1,0.9989433553148651,0.6323221630840011,1
69,68.0,3.0,3,hist_gradient_boosting,1,0.9976240770126173,0.6323221630840011,1
69,69.0,2.0,3,hist_gradient_boosting,1,0.9998579238438492,0.6323221630840011,1
69,70.0,1.0,3,hist_gradient_boosting,1,0.9948623853704733,0.6323221630840011,1
69,71.0,0.0,3,hist_gradient_boosting,1,0.9986777471215937,0.6323221630840011,1
70,1.0,55.0,1,rbf_svc,0,0.0016042943006963786,0.5280302851876438,0
70,2.0,54.0,1,rbf_svc,0,0.0012052330459733957,0.5280302851876438,0
70,3.0,53.0,1,rbf_svc,0,0.002704097807450586,0.5280302851876438,0
70,4.0,52.0,1,rbf_svc,0,0.004709076643374545,0.5280302851876438,0
70,5.0,51.0,1,rbf_svc,0,0.0026353749851996335,0.5280302851876438,0
70,6.0,50.0,1,rbf_svc,0,0.0015329830665772965,0.5280302851876438,0
70,7.0,49.0,1,rbf_svc,0,0.0001585859769573985,0.5280302851876438,0
70,8.0,48.0,1,rbf_svc,0,0.0027965488039861435,0.5280302851876438,0
70,9.0,47.0,1,rbf_svc,0,0.008031558240127076,0.5280302851876438,0
70,10.0,46.0,1,rbf_svc,0,0.0013910356868581223,0.5280302851876438,0
70,11.0,45.0,1,rbf_svc,0,0.010181586359421213,0.5280302851876438,0
70,12.0,44.0,1,rbf_svc,0,0.004724551919283774,0.5280302851876438,0
70,13.0,43.0,1,rbf_svc,0,0.002998126382890235,0.5280302851876438,0
70,14.0,42.0,1,rbf_svc,0,0.006446208678949808,0.5280302851876438,0
70,15.0,41.0,1,rbf_svc,0,0.00686936688340617,0.5280302851876438,0
70,16.0,40.0,1,rbf_svc,0,0.0051936478861854575,0.5280302851876438,0
70,17.0,39.0,1,rbf_svc,0,0.007952994771789831,0.5280302851876438,0
70,18.0,38.0,1,rbf_svc,0,0.007016438438420806,0.5280302851876438,0
70,19.0,37.0,1,rbf_svc,0,0.0010818078959829102,0.5280302851876438,0
70,20.0,36.0,1,rbf_svc,0,0.012566813914824192,0.5280302851876438,0
70,21.0,35.0,1,rbf_svc,0,0.006042239004156564,0.5280302851876438,0
70,22.0,34.0,1,rbf_svc,0,0.008749782781419226,0.5280302851876438,0
70,23.0,33.0,1,rbf_svc,0,0.01348529697746166,0.5280302851876438,0
70,24.0,32.0,1,rbf_svc,0,0.016078657298942676,0.5280302851876438,0
70,25.0,31.0,1,rbf_svc,0,0.03908641207716901,0.5280302851876438,0
70,26.0,30.0,1,rbf_svc,0,0.02105423193096892,0.5280302851876438,0
70,27.0,29.0,1,rbf_svc,0,0.0607784709151923,0.5280302851876438,0
70,28.0,28.0,1,rbf_svc,0,0.03238700349380875,0.5280302851876438,0
70,29.0,27.0,1,rbf_svc,0,0.03467267207076675,0.5280302851876438,0
70,30.0,26.0,1,rbf_svc,0,0.013744897772023028,0.5280302851876438,0
70,31.0,25.0,1,rbf_svc,0,0.0033898742147397604,0.5280302851876438,0
70,32.0,24.0,1,rbf_svc,0,0.07215249045078612,0.5280302851876438,0
70,33.0,23.0,1,rbf_svc,0,0.08628055064648038,0.5280302851876438,0
70,34.0,22.0,1,rbf_svc,0,0.17442055323486205,0.5280302851876438,0
70,35.0,21.0,1,rbf_svc,0,0.24725708788532794,0.5280302851876438,0
70,36.0,20.0,1,rbf_svc,1,0.1768553819274819,0.5280302851876438,0
70,37.0,19.0,1,rbf_svc,1,0.10578323262140732,0.5280302851876438,0
70,38.0,18.0,1,rbf_svc,1,0.027739135380258302,0.5280302851876438,0
70,39.0,17.0,1,rbf_svc,1,0.2162200049690325,0.5280302851876438,0
70,40.0,16.0,1,rbf_svc,1,0.24224352448329642,0.5280302851876438,0
70,41.0,15.0,1,rbf_svc,1,0.39297163991312256,0.5280302851876438,0
70,42.0,14.0,1,rbf_svc,1,0.5527240045743032,0.5280302851876438,1
70,43.0,13.0,1,rbf_svc,1,0.5628347790636159,0.5280302851876438,1
70,44.0,12.0,1,rbf_svc,1,0.5700498814258239,0.5280302851876438,1
70,45.0,11.0,1,rbf_svc,1,0.27225916060517036,0.5280302851876438,0
70,46.0,10.0,1,rbf_svc,1,0.5388581966122868,0.5280302851876438,1
70,47.0,9.0,1,rbf_svc,1,0.9114011278060511,0.5280302851876438,1
70,48.0,8.0,1,rbf_svc,1,0.9612372178195225,0.5280302851876438,1
70,49.0,7.0,1,rbf_svc,1,0.9846175528928816,0.5280302851876438,1
70,50.0,6.0,1,rbf_svc,1,0.9940032138868995,0.5280302851876438,1
70,51.0,5.0,1,rbf_svc,1,0.9628137659796123,0.5280302851876438,1
70,52.0,4.0,1,rbf_svc,1,0.9716858706504687,0.5280302851876438,1
70,53.0,3.0,1,rbf_svc,1,0.9965529974033005,0.5280302851876438,1
70,54.0,2.0,1,rbf_svc,1,0.9974395906490438,0.5280302851876438,1
70,55.0,1.0,1,rbf_svc,1,0.9544063853211875,0.5280302851876438,1
70,56.0,0.0,1,rbf_svc,1,0.9946931625617759,0.5280302851876438,1
71,1.0,57.0,2,hist_gradient_boosting,0,0.0003398291308914858,0.6510141822896698,0
71,2.0,56.0,2,hist_gradient_boosting,0,0.0002452404590492671,0.6510141822896698,0
71,3.0,55.0,2,hist_gradient_boosting,0,0.0001571469479202935,0.6510141822896698,0
71,4.0,54.0,2,hist_gradient_boosting,0,0.0002775795748263929,0.6510141822896698,0
71,5.0,53.0,2,hist_gradient_boosting,0,0.00040905275286949225,0.6510141822896698,0
71,6.0,52.0,2,hist_gradient_boosting,0,0.00024091734473380964,0.6510141822896698,0
71,7.0,51.0,2,hist_gradient_boosting,0,0.00017059449175607966,0.6510141822896698,0
71,8.0,50.0,2,hist_gradient_boosting,0,0.00138556534091115,0.6510141822896698,0
71,9.0,49.0,2,hist_gradient_boosting,0,0.00017148110531050057,0.6510141822896698,0
71,10.0,48.0,2,hist_gradient_boosting,0,0.00024323106162835805,0.6510141822896698,0
71,11.0,47.0,2,hist_gradient_boosting,0,0.0006728526665573995,0.6510141822896698,0
71,12.0,46.0,2,hist_gradient_boosting,0,0.0002973591293248252,0.6510141822896698,0
71,13.0,45.0,2,hist_gradient_boosting,0,0.0007197617749634856,0.6510141822896698,0
71,14.0,44.0,2,hist_gradient_boosting,0,0.00037936479964714427,0.6510141822896698,0
71,15.0,43.0,2,hist_gradient_boosting,0,0.00026314302148691465,0.6510141822896698,0
71,16.0,42.0,2,hist_gradient_boosting,0,0.0001559994228781588,0.6510141822896698,0
71,17.0,41.0,2,hist_gradient_boosting,0,0.0002036492857809451,0.6510141822896698,0
71,18.0,40.0,2,hist_gradient_boosting,0,0.0003611540668268868,0.6510141822896698,0
71,19.0,39.0,2,hist_gradient_boosting,0,0.00043040344015387124,0.6510141822896698,0
71,20.0,38.0,2,hist_gradient_boosting,0,0.0005681254790611466,0.6510141822896698,0
71,21.0,37.0,2,hist_gradient_boosting,0,0.00027146828652582295,0.6510141822896698,0
71,22.0,36.0,2,hist_gradient_boosting,0,0.0005778162528503408,0.6510141822896698,0
71,23.0,35.0,2,hist_gradient_boosting,0,0.00014923444684378416,0.6510141822896698,0
71,24.0,34.0,2,hist_gradient_boosting,0,0.0004981858410220404,0.6510141822896698,0
71,25.0,33.0,2,hist_gradient_boosting,0,0.001923681184653317,0.6510141822896698,0
71,26.0,32.0,2,hist_gradient_boosting,0,0.0007333774877217477,0.6510141822896698,0
71,27.0,31.0,2,hist_gradient_boosting,0,0.00034772206130582653,0.6510141822896698,0
71,28.0,30.0,2,hist_gradient_boosting,0,0.0555903028455495,0.6510141822896698,0
71,29.0,29.0,2,hist_gradient_boosting,0,0.028947122213777772,0.6510141822896698,0
71,30.0,28.0,2,hist_gradient_boosting,0,0.014806612636646885,0.6510141822896698,0
71,31.0,27.0,2,hist_gradient_boosting,0,0.1803053834622795,0.6510141822896698,0
71,32.0,26.0,2,hist_gradient_boosting,0,0.9155488196286012,0.6510141822896698,1
71,33.0,25.0,2,hist_gradient_boosting,0,0.14022317407043333,0.6510141822896698,0
71,34.0,24.0,2,hist_gradient_boosting,0,0.2781921436874205,0.6510141822896698,0
71,35.0,23.0,2,hist_gradient_boosting,0,0.07885724544954026,0.6510141822896698,0
71,36.0,22.0,2,hist_gradient_boosting,0,0.3942326094363183,0.6510141822896698,0
71,37.0,21.0,2,hist_gradient_boosting,0,0.415571574149299,0.6510141822896698,0
71,38.0,20.0,2,hist_gradient_boosting,1,0.9640078649701401,0.6510141822896698,1
71,39.0,19.0,2,hist_gradient_boosting,1,0.8068605354482157,0.6510141822896698,1
71,40.0,18.0,2,hist_gradient_boosting,1,0.8467705012959101,0.6510141822896698,1
71,41.0,17.0,2,hist_gradient_boosting,1,0.6830743054162774,0.6510141822896698,1
71,42.0,16.0,2,hist_gradient_boosting,1,0.17057905221158565,0.6510141822896698,0
71,43.0,15.0,2,hist_gradient_boosting,1,0.9277775218345193,0.6510141822896698,1
71,44.0,14.0,2,hist_gradient_boosting,1,0.9316590646060204,0.6510141822896698,1
71,45.0,13.0,2,hist_gradient_boosting,1,0.9659520059168607,0.6510141822896698,1
71,46.0,12.0,2,hist_gradient_boosting,1,0.964352872914184,0.6510141822896698,1
71,47.0,11.0,2,hist_gradient_boosting,1,0.9473589561263719,0.6510141822896698,1
71,48.0,10.0,2,hist_gradient_boosting,1,0.9978980565616781,0.6510141822896698,1
71,49.0,9.0,2,hist_gradient_boosting,1,0.9984013988531945,0.6510141822896698,1
71,50.0,8.0,2,hist_gradient_boosting,1,0.9798446984863818,0.6510141822896698,1
71,51.0,7.0,2,hist_gradient_boosting,1,0.995455258470335,0.6510141822896698,1
71,52.0,6.0,2,hist_gradient_boosting,1,0.9928001244948012,0.6510141822896698,1
71,53.0,5.0,2,hist_gradient_boosting,1,0.9993807505596661,0.6510141822896698,1
71,54.0,4.0,2,hist_gradient_boosting,1,0.9988823570465862,0.6510141822896698,1
71,55.0,3.0,2,hist_gradient_boosting,1,0.9981949175639623,0.6510141822896698,1
71,56.0,2.0,2,hist_gradient_boosting,1,0.9995042875623001,0.6510141822896698,1
71,57.0,1.0,2,hist_gradient_boosting,1,0.9991620778655612,0.6510141822896698,1
71,58.0,0.0,2,hist_gradient_boosting,1,0.9996322811653332,0.6510141822896698,1
72,1.0,67.0,2,hist_gradient_boosting,0,0.00014662209456609623,0.6510141822896698,0
72,2.0,66.0,2,hist_gradient_boosting,0,0.0002217667512846788,0.6510141822896698,0
72,3.0,65.0,2,hist_gradient_boosting,0,0.00017551404999417694,0.6510141822896698,0
72,4.0,64.0,2,hist_gradient_boosting,0,0.00048039091043434307,0.6510141822896698,0
72,5.0,63.0,2,hist_gradient_boosting,0,0.0003353830667985177,0.6510141822896698,0
72,6.0,62.0,2,hist_gradient_boosting,0,0.00013434812442253072,0.6510141822896698,0
72,7.0,61.0,2,hist_gradient_boosting,0,0.00016823655755262597,0.6510141822896698,0
72,8.0,60.0,2,hist_gradient_boosting,0,0.00020512325908562509,0.6510141822896698,0
72,9.0,59.0,2,hist_gradient_boosting,0,0.0002657937080927319,0.6510141822896698,0
72,10.0,58.0,2,hist_gradient_boosting,0,0.00016875311786429404,0.6510141822896698,0
72,11.0,57.0,2,hist_gradient_boosting,0,0.0001389279098078097,0.6510141822896698,0
72,12.0,56.0,2,hist_gradient_boosting,0,0.00018596061085387227,0.6510141822896698,0
72,13.0,55.0,2,hist_gradient_boosting,0,0.00013845152736541587,0.6510141822896698,0
72,14.0,54.0,2,hist_gradient_boosting,0,0.00013660130897872846,0.6510141822896698,0
72,15.0,53.0,2,hist_gradient_boosting,0,0.0005144379029178477,0.6510141822896698,0
72,16.0,52.0,2,hist_gradient_boosting,0,0.00022848709204401315,0.6510141822896698,0
72,17.0,51.0,2,hist_gradient_boosting,0,0.00016663942377939949,0.6510141822896698,0
72,18.0,50.0,2,hist_gradient_boosting,0,0.00045070330490333495,0.6510141822896698,0
72,19.0,49.0,2,hist_gradient_boosting,0,0.00016685065408033462,0.6510141822896698,0
72,20.0,48.0,2,hist_gradient_boosting,0,0.00024090531647738103,0.6510141822896698,0
72,21.0,47.0,2,hist_gradient_boosting,0,0.00011110934093984223,0.6510141822896698,0
72,22.0,46.0,2,hist_gradient_boosting,0,0.00015329637259383418,0.6510141822896698,0
72,23.0,45.0,2,hist_gradient_boosting,0,0.00022460917586892033,0.6510141822896698,0
72,24.0,44.0,2,hist_gradient_boosting,0,0.0005069723771801969,0.6510141822896698,0
72,25.0,43.0,2,hist_gradient_boosting,0,0.0005607245735834305,0.6510141822896698,0
72,26.0,42.0,2,hist_gradient_boosting,0,0.00021941047268537773,0.6510141822896698,0
72,27.0,41.0,2,hist_gradient_boosting,0,0.00019245960225802345,0.6510141822896698,0
72,28.0,40.0,2,hist_gradient_boosting,0,0.001752375798774522,0.6510141822896698,0
72,29.0,39.0,2,hist_gradient_boosting,0,0.001416655769024077,0.6510141822896698,0
72,30.0,38.0,2,hist_gradient_boosting,0,0.002886016724615681,0.6510141822896698,0
72,31.0,37.0,2,hist_gradient_boosting,0,0.0014199425147604738,0.6510141822896698,0
72,32.0,36.0,2,hist_gradient_boosting,0,0.13262108958047195,0.6510141822896698,0
72,33.0,35.0,2,hist_gradient_boosting,0,0.011790829013609522,0.6510141822896698,0
72,34.0,34.0,2,hist_gradient_boosting,0,0.006140535921899094,0.6510141822896698,0
72,35.0,33.0,2,hist_gradient_boosting,0,0.035658157111099854,0.6510141822896698,0
72,36.0,32.0,2,hist_gradient_boosting,0,0.016781164613364704,0.6510141822896698,0
72,37.0,31.0,2,hist_gradient_boosting,0,0.013403727239406242,0.6510141822896698,0
72,38.0,30.0,2,hist_gradient_boosting,0,0.1689091185109453,0.6510141822896698,0
72,39.0,29.0,2,hist_gradient_boosting,0,0.865268646813664,0.6510141822896698,1
72,40.0,28.0,2,hist_gradient_boosting,0,0.011903960865001735,0.6510141822896698,0
72,41.0,27.0,2,hist_gradient_boosting,0,0.8437550029723284,0.6510141822896698,1
72,42.0,26.0,2,hist_gradient_boosting,0,0.2795221329898983,0.6510141822896698,0
72,43.0,25.0,2,hist_gradient_boosting,0,0.24814619140869107,0.6510141822896698,0
72,44.0,24.0,2,hist_gradient_boosting,0,0.7226638555435708,0.6510141822896698,1
72,45.0,23.0,2,hist_gradient_boosting,0,0.9246667606146813,0.6510141822896698,1
72,46.0,22.0,2,hist_gradient_boosting,0,0.9465414522505616,0.6510141822896698,1
72,47.0,21.0,2,hist_gradient_boosting,0,0.9926633757666018,0.6510141822896698,1
72,48.0,20.0,2,hist_gradient_boosting,1,0.8810109483314227,0.6510141822896698,1
72,49.0,19.0,2,hist_gradient_boosting,1,0.9185760687035203,0.6510141822896698,1
72,50.0,18.0,2,hist_gradient_boosting,1,0.647413235715003,0.6510141822896698,0
72,51.0,17.0,2,hist_gradient_boosting,1,0.9860341276862287,0.6510141822896698,1
72,52.0,16.0,2,hist_gradient_boosting,1,0.9602540542463169,0.6510141822896698,1
72,53.0,15.0,2,hist_gradient_boosting,1,0.906301178729209,0.6510141822896698,1
72,54.0,14.0,2,hist_gradient_boosting,1,0.9948108326819596,0.6510141822896698,1
72,55.0,13.0,2,hist_gradient_boosting,1,0.9641449231361428,0.6510141822896698,1
72,56.0,12.0,2,hist_gradient_boosting,1,0.9918279150824378,0.6510141822896698,1
72,57.0,11.0,2,hist_gradient_boosting,1,0.9958104323829627,0.6510141822896698,1
72,58.0,10.0,2,hist_gradient_boosting,1,0.9391945698809776,0.6510141822896698,1
72,59.0,9.0,2,hist_gradient_boosting,1,0.9968876216593628,0.6510141822896698,1
72,60.0,8.0,2,hist_gradient_boosting,1,0.9988037654276929,0.6510141822896698,1
72,61.0,7.0,2,hist_gradient_boosting,1,0.9955328265082065,0.6510141822896698,1
72,62.0,6.0,2,hist_gradient_boosting,1,0.944633257989205,0.6510141822896698,1
72,63.0,5.0,2,hist_gradient_boosting,1,0.9983866342894735,0.6510141822896698,1
72,64.0,4.0,2,hist_gradient_boosting,1,0.9978831702852416,0.6510141822896698,1
72,65.0,3.0,2,hist_gradient_boosting,1,0.9994083127762806,0.6510141822896698,1
72,66.0,2.0,2,hist_gradient_boosting,1,0.9993668874108455,0.6510141822896698,1
72,67.0,1.0,2,hist_gradient_boosting,1,0.9992183777106679,0.6510141822896698,1
72,68.0,0.0,2,hist_gradient_boosting,1,0.9994334600479222,0.6510141822896698,1
73,1.0,64.0,2,hist_gradient_boosting,0,0.000282850733621781,0.6510141822896698,0
73,2.0,63.0,2,hist_gradient_boosting,0,0.00012389372521083128,0.6510141822896698,0
73,3.0,62.0,2,hist_gradient_boosting,0,0.00012717967783714408,0.6510141822896698,0
73,4.0,61.0,2,hist_gradient_boosting,0,5.587346804197312e-05,0.6510141822896698,0
73,5.0,60.0,2,hist_gradient_boosting,0,0.00024694587922886077,0.6510141822896698,0
73,6.0,59.0,2,hist_gradient_boosting,0,0.0001495847166232377,0.6510141822896698,0
73,7.0,58.0,2,hist_gradient_boosting,0,0.000186956910725486,0.6510141822896698,0
73,8.0,57.0,2,hist_gradient_boosting,0,0.0001802795518416794,0.6510141822896698,0
73,9.0,56.0,2,hist_gradient_boosting,0,0.0003785725161482035,0.6510141822896698,0
73,10.0,55.0,2,hist_gradient_boosting,0,0.00020786878043882527,0.6510141822896698,0
73,11.0,54.0,2,hist_gradient_boosting,0,0.0002227231390360932,0.6510141822896698,0
73,12.0,53.0,2,hist_gradient_boosting,0,0.00022710696824872542,0.6510141822896698,0
73,13.0,52.0,2,hist_gradient_boosting,0,0.00015428538625233433,0.6510141822896698,0
73,14.0,51.0,2,hist_gradient_boosting,0,0.00011021942129359583,0.6510141822896698,0
73,15.0,50.0,2,hist_gradient_boosting,0,0.00038898402699856646,0.6510141822896698,0
73,16.0,49.0,2,hist_gradient_boosting,0,7.99885887379087e-05,0.6510141822896698,0
73,17.0,48.0,2,hist_gradient_boosting,0,9.753163818858642e-05,0.6510141822896698,0
73,18.0,47.0,2,hist_gradient_boosting,0,0.00011281685854952195,0.6510141822896698,0
73,19.0,46.0,2,hist_gradient_boosting,0,0.00014554435954922907,0.6510141822896698,0
73,20.0,45.0,2,hist_gradient_boosting,0,0.00024500175508478285,0.6510141822896698,0
73,21.0,44.0,2,hist_gradient_boosting,0,0.000137135820228367,0.6510141822896698,0
73,22.0,43.0,2,hist_gradient_boosting,0,0.00011852364552030545,0.6510141822896698,0
73,23.0,42.0,2,hist_gradient_boosting,0,0.000415137958651268,0.6510141822896698,0
73,24.0,41.0,2,hist_gradient_boosting,0,0.00017109075207497507,0.6510141822896698,0
73,25.0,40.0,2,hist_gradient_boosting,0,0.00011880662940268735,0.6510141822896698,0
73,26.0,39.0,2,hist_gradient_boosting,0,0.00017115315262386275,0.6510141822896698,0
73,27.0,38.0,2,hist_gradient_boosting,0,0.00021750839569847772,0.6510141822896698,0
73,28.0,37.0,2,hist_gradient_boosting,0,0.0014810694983731039,0.6510141822896698,0
73,29.0,36.0,2,hist_gradient_boosting,0,0.005762037046969656,0.6510141822896698,0
73,30.0,35.0,2,hist_gradient_boosting,0,0.0017027358145797345,0.6510141822896698,0
73,31.0,34.0,2,hist_gradient_boosting,0,0.02510791344005027,0.6510141822896698,0
73,32.0,33.0,2,hist_gradient_boosting,0,0.024163061673458226,0.6510141822896698,0
73,33.0,32.0,2,hist_gradient_boosting,0,0.005133350962766563,0.6510141822896698,0
73,34.0,31.0,2,hist_gradient_boosting,0,0.026555481383106688,0.6510141822896698,0
73,35.0,30.0,2,hist_gradient_boosting,0,0.0231809028591931,0.6510141822896698,0
73,36.0,29.0,2,hist_gradient_boosting,0,0.038284757991569544,0.6510141822896698,0
73,37.0,28.0,2,hist_gradient_boosting,0,0.5583997082413835,0.6510141822896698,0
73,38.0,27.0,2,hist_gradient_boosting,0,0.03238958216601783,0.6510141822896698,0
73,39.0,26.0,2,hist_gradient_boosting,0,0.07875969630127136,0.6510141822896698,0
73,40.0,25.0,2,hist_gradient_boosting,0,0.32521388423816006,0.6510141822896698,0
73,41.0,24.0,2,hist_gradient_boosting,0,0.7537939992784412,0.6510141822896698,1
73,42.0,23.0,2,hist_gradient_boosting,0,0.019822941178852867,0.6510141822896698,0
73,43.0,22.0,2,hist_gradient_boosting,0,0.024174091740411626,0.6510141822896698,0
73,44.0,21.0,2,hist_gradient_boosting,0,0.46072670320456416,0.6510141822896698,0
73,45.0,20.0,2,hist_gradient_boosting,1,0.07277654282370667,0.6510141822896698,0
73,46.0,19.0,2,hist_gradient_boosting,1,0.9288246568112082,0.6510141822896698,1
73,47.0,18.0,2,hist_gradient_boosting,1,0.45833520151347107,0.6510141822896698,0
73,48.0,17.0,2,hist_gradient_boosting,1,0.8051508557926259,0.6510141822896698,1
73,49.0,16.0,2,hist_gradient_boosting,1,0.9393266196714103,0.6510141822896698,1
73,50.0,15.0,2,hist_gradient_boosting,1,0.9573113302310149,0.6510141822896698,1
73,51.0,14.0,2,hist_gradient_boosting,1,0.8017092294217791,0.6510141822896698,1
73,52.0,13.0,2,hist_gradient_boosting,1,0.9956860437595183,0.6510141822896698,1
73,53.0,12.0,2,hist_gradient_boosting,1,0.98818385752844,0.6510141822896698,1
73,54.0,11.0,2,hist_gradient_boosting,1,0.9970866361370128,0.6510141822896698,1
73,55.0,10.0,2,hist_gradient_boosting,1,0.9941000687277957,0.6510141822896698,1
73,56.0,9.0,2,hist_gradient_boosting,1,0.9959208630619862,0.6510141822896698,1
73,57.0,8.0,2,hist_gradient_boosting,1,0.9986578748863791,0.6510141822896698,1
73,58.0,7.0,2,hist_gradient_boosting,1,0.9975841234484994,0.6510141822896698,1
73,59.0,6.0,2,hist_gradient_boosting,1,0.9985786186272216,0.6510141822896698,1
73,60.0,5.0,2,hist_gradient_boosting,1,0.9986808438189758,0.6510141822896698,1
73,61.0,4.0,2,hist_gradient_boosting,1,0.9985342889604727,0.6510141822896698,1
73,62.0,3.0,2,hist_gradient_boosting,1,0.9981842106251333,0.6510141822896698,1
73,63.0,2.0,2,hist_gradient_boosting,1,0.9992211427893193,0.6510141822896698,1
73,64.0,1.0,2,hist_gradient_boosting,1,0.9971591860557535,0.6510141822896698,1
73,65.0,0.0,2,hist_gradient_boosting,1,0.9994509697283147,0.6510141822896698,1
74,1.0,94.0,5,rbf_svc,0,6.71134756775241e-05,0.48778595770042416,0
74,2.0,93.0,5,rbf_svc,0,0.00026994436367397547,0.48778595770042416,0
74,3.0,92.0,5,rbf_svc,0,0.00014011756609259255,0.48778595770042416,0
74,4.0,91.0,5,rbf_svc,0,9.611348583592461e-05,0.48778595770042416,0
74,5.0,90.0,5,rbf_svc,0,0.00023053350945705518,0.48778595770042416,0
74,6.0,89.0,5,rbf_svc,0,0.000309920884737951,0.48778595770042416,0
74,7.0,88.0,5,rbf_svc,0,0.0007681435119217961,0.48778595770042416,0
74,8.0,87.0,5,rbf_svc,0,0.00013542868083290838,0.48778595770042416,0
74,9.0,86.0,5,rbf_svc,0,0.0003105442289205901,0.48778595770042416,0
74,10.0,85.0,5,rbf_svc,0,0.0012349077524515864,0.48778595770042416,0
74,11.0,84.0,5,rbf_svc,0,0.0006493835239522982,0.48778595770042416,0
74,12.0,83.0,5,rbf_svc,0,0.0004359395733398446,0.48778595770042416,0
74,13.0,82.0,5,rbf_svc,0,0.0007968503885188999,0.48778595770042416,0
74,14.0,81.0,5,rbf_svc,0,0.0009747518235116041,0.48778595770042416,0
74,15.0,80.0,5,rbf_svc,0,0.0009465077797834064,0.48778595770042416,0
74,16.0,79.0,5,rbf_svc,0,0.0015906976418796125,0.48778595770042416,0
74,17.0,78.0,5,rbf_svc,0,0.0013922494993769173,0.48778595770042416,0
74,18.0,77.0,5,rbf_svc,0,0.0006381935443729264,0.48778595770042416,0
74,19.0,76.0,5,rbf_svc,0,0.0006153363391467699,0.48778595770042416,0
74,20.0,75.0,5,rbf_svc,0,0.0025514893292047413,0.48778595770042416,0
74,21.0,74.0,5,rbf_svc,0,0.00206637246774013,0.48778595770042416,0
74,22.0,73.0,5,rbf_svc,0,0.009019539455224644,0.48778595770042416,0
74,23.0,72.0,5,rbf_svc,0,0.008022430086207925,0.48778595770042416,0
74,24.0,71.0,5,rbf_svc,0,0.004779778984741572,0.48778595770042416,0
74,25.0,70.0,5,rbf_svc,0,0.0020554520882255897,0.48778595770042416,0
74,26.0,69.0,5,rbf_svc,0,0.00709677207217403,0.48778595770042416,0
74,27.0,68.0,5,rbf_svc,0,0.0018828989741020484,0.48778595770042416,0
74,28.0,67.0,5,rbf_svc,0,0.0017347182585338394,0.48778595770042416,0
74,29.0,66.0,5,rbf_svc,0,0.008510449970136879,0.48778595770042416,0
74,30.0,65.0,5,rbf_svc,0,0.007793444288253968,0.48778595770042416,0
74,31.0,64.0,5,rbf_svc,0,0.0029775237835177096,0.48778595770042416,0
74,32.0,63.0,5,rbf_svc,0,0.006444396336827131,0.48778595770042416,0
74,33.0,62.0,5,rbf_svc,0,0.0034877625664837372,0.48778595770042416,0
74,34.0,61.0,5,rbf_svc,0,0.005748509027288616,0.48778595770042416,0
74,35.0,60.0,5,rbf_svc,0,0.0074739092552796255,0.48778595770042416,0
74,36.0,59.0,5,rbf_svc,0,0.018098300030167207,0.48778595770042416,0
74,37.0,58.0,5,rbf_svc,0,0.016041336095036572,0.48778595770042416,0
74,38.0,57.0,5,rbf_svc,0,0.010203590110165268,0.48778595770042416,0
74,39.0,56.0,5,rbf_svc,0,0.02812709313759266,0.48778595770042416,0
74,40.0,55.0,5,rbf_svc,0,0.013504182694316995,0.48778595770042416,0
74,41.0,54.0,5,rbf_svc,0,0.03141692156084864,0.48778595770042416,0
74,42.0,53.0,5,rbf_svc,0,0.010076267222954335,0.48778595770042416,0
74,43.0,52.0,5,rbf_svc,0,0.019594280583578153,0.48778595770042416,0
74,44.0,51.0,5,rbf_svc,0,0.01737994201751623,0.48778595770042416,0
74,45.0,50.0,5,rbf_svc,0,0.0242672907817307,0.48778595770042416,0
74,46.0,49.0,5,rbf_svc,0,0.02155496533603528,0.48778595770042416,0
74,47.0,48.0,5,rbf_svc,0,0.027208283757237415,0.48778595770042416,0
74,48.0,47.0,5,rbf_svc,0,0.059568624685649614,0.48778595770042416,0
74,49.0,46.0,5,rbf_svc,0,0.032197732130871945,0.48778595770042416,0
74,50.0,45.0,5,rbf_svc,0,0.05365250387634675,0.48778595770042416,0
74,51.0,44.0,5,rbf_svc,0,0.14586349650354288,0.48778595770042416,0
74,52.0,43.0,5,rbf_svc,0,0.14120916257334334,0.48778595770042416,0
74,53.0,42.0,5,rbf_svc,0,0.21187085254395008,0.48778595770042416,0
74,54.0,41.0,5,rbf_svc,0,0.24913637870368385,0.48778595770042416,0
74,55.0,40.0,5,rbf_svc,0,0.16058023040226893,0.48778595770042416,0
74,56.0,39.0,5,rbf_svc,0,0.2139977043839028,0.48778595770042416,0
74,57.0,38.0,5,rbf_svc,0,0.20040444008536434,0.48778595770042416,0
74,58.0,37.0,5,rbf_svc,0,0.19326311746012112,0.48778595770042416,0
74,59.0,36.0,5,rbf_svc,0,0.2318910322889285,0.48778595770042416,0
74,60.0,35.0,5,rbf_svc,0,0.6281973245314414,0.48778595770042416,1
74,61.0,34.0,5,rbf_svc,0,0.25987715495459235,0.48778595770042416,0
74,62.0,33.0,5,rbf_svc,0,0.19232480770920077,0.48778595770042416,0
74,63.0,32.0,5,rbf_svc,0,0.6640897288417995,0.48778595770042416,1
74,64.0,31.0,5,rbf_svc,0,0.5970638264782568,0.48778595770042416,1
74,65.0,30.0,5,rbf_svc,0,0.8494230472437636,0.48778595770042416,1
74,66.0,29.0,5,rbf_svc,0,0.9110885431569504,0.48778595770042416,1
74,67.0,28.0,5,rbf_svc,0,0.9398707266154784,0.48778595770042416,1
74,68.0,27.0,5,rbf_svc,0,0.42157173296827644,0.48778595770042416,0
74,69.0,26.0,5,rbf_svc,0,0.9039456001583864,0.48778595770042416,1
74,70.0,25.0,5,rbf_svc,0,0.9454212074992931,0.48778595770042416,1
74,71.0,24.0,5,rbf_svc,0,0.9438256914061017,0.48778595770042416,1
74,72.0,23.0,5,rbf_svc,0,0.6447994086835251,0.48778595770042416,1
74,73.0,22.0,5,rbf_svc,0,0.9577924968069805,0.48778595770042416,1
74,74.0,21.0,5,rbf_svc,0,0.9618239655384162,0.48778595770042416,1
74,75.0,20.0,5,rbf_svc,1,0.9834616374152129,0.48778595770042416,1
74,76.0,19.0,5,rbf_svc,1,0.9864102405617046,0.48778595770042416,1
74,77.0,18.0,5,rbf_svc,1,0.931231063154839,0.48778595770042416,1
74,78.0,17.0,5,rbf_svc,1,0.9999901556640209,0.48778595770042416,1
74,79.0,16.0,5,rbf_svc,1,0.9941174665587846,0.48778595770042416,1
74,80.0,15.0,5,rbf_svc,1,0.9926277710356396,0.48778595770042416,1
74,81.0,14.0,5,rbf_svc,1,0.9969867950102748,0.48778595770042416,1
74,82.0,13.0,5,rbf_svc,1,0.9999976705822892,0.48778595770042416,1
74,83.0,12.0,5,rbf_svc,1,0.9999999513783308,0.48778595770042416,1
74,84.0,11.0,5,rbf_svc,1,0.9999978170149212,0.48778595770042416,1
74,85.0,10.0,5,rbf_svc,1,0.9999959293914295,0.48778595770042416,1
74,86.0,9.0,5,rbf_svc,1,0.9999990335583292,0.48778595770042416,1
74,87.0,8.0,5,rbf_svc,1,0.9999999999959699,0.48778595770042416,1
74,88.0,7.0,5,rbf_svc,1,0.9999899321545498,0.48778595770042416,1
74,89.0,6.0,5,rbf_svc,1,0.9999999999907331,0.48778595770042416,1
74,90.0,5.0,5,rbf_svc,1,0.9999999893355986,0.48778595770042416,1
74,91.0,4.0,5,rbf_svc,1,0.999999999991122,0.48778595770042416,1
74,92.0,3.0,5,rbf_svc,1,0.9999999999589911,0.48778595770042416,1
74,93.0,2.0,5,rbf_svc,1,0.9999999999999699,0.48778595770042416,1
74,94.0,1.0,5,rbf_svc,1,0.999999999999324,0.48778595770042416,1
74,95.0,0.0,5,rbf_svc,1,0.9999999994364943,0.48778595770042416,1
75,1.0,77.0,4,hist_gradient_boosting,0,0.00018072729840847224,0.6936009670541174,0
75,2.0,76.0,4,hist_gradient_boosting,0,0.00014556772383521855,0.6936009670541174,0
75,3.0,75.0,4,hist_gradient_boosting,0,9.869915728309236e-05,0.6936009670541174,0
75,4.0,74.0,4,hist_gradient_boosting,0,0.00011064069670638112,0.6936009670541174,0
75,5.0,73.0,4,hist_gradient_boosting,0,0.00015168067740886553,0.6936009670541174,0
75,6.0,72.0,4,hist_gradient_boosting,0,3.9979818828514065e-05,0.6936009670541174,0
75,7.0,71.0,4,hist_gradient_boosting,0,6.96800126311585e-05,0.6936009670541174,0
75,8.0,70.0,4,hist_gradient_boosting,0,3.458280873569992e-05,0.6936009670541174,0
75,9.0,69.0,4,hist_gradient_boosting,0,7.383201729282949e-05,0.6936009670541174,0
75,10.0,68.0,4,hist_gradient_boosting,0,0.00012729783022369674,0.6936009670541174,0
75,11.0,67.0,4,hist_gradient_boosting,0,0.00021320110082115556,0.6936009670541174,0
75,12.0,66.0,4,hist_gradient_boosting,0,0.00030347909394713496,0.6936009670541174,0
75,13.0,65.0,4,hist_gradient_boosting,0,4.748958939055011e-05,0.6936009670541174,0
75,14.0,64.0,4,hist_gradient_boosting,0,0.00012245614150223778,0.6936009670541174,0
75,15.0,63.0,4,hist_gradient_boosting,0,7.96561057750166e-05,0.6936009670541174,0
75,16.0,62.0,4,hist_gradient_boosting,0,7.840235377977091e-05,0.6936009670541174,0
75,17.0,61.0,4,hist_gradient_boosting,0,0.00011518823677185743,0.6936009670541174,0
75,18.0,60.0,4,hist_gradient_boosting,0,0.00011025662623796462,0.6936009670541174,0
75,19.0,59.0,4,hist_gradient_boosting,0,0.00018209431802840916,0.6936009670541174,0
75,20.0,58.0,4,hist_gradient_boosting,0,0.0002999185518681572,0.6936009670541174,0
75,21.0,57.0,4,hist_gradient_boosting,0,0.0002174099634127442,0.6936009670541174,0
75,22.0,56.0,4,hist_gradient_boosting,0,0.00013272234419094196,0.6936009670541174,0
75,23.0,55.0,4,hist_gradient_boosting,0,0.00010227805088652034,0.6936009670541174,0
75,24.0,54.0,4,hist_gradient_boosting,0,0.00014381683268857023,0.6936009670541174,0
75,25.0,53.0,4,hist_gradient_boosting,0,0.00014910984849327897,0.6936009670541174,0
75,26.0,52.0,4,hist_gradient_boosting,0,0.00020499838819952156,0.6936009670541174,0
75,27.0,51.0,4,hist_gradient_boosting,0,0.00011701362884972313,0.6936009670541174,0
75,28.0,50.0,4,hist_gradient_boosting,0,0.00012418780891724267,0.6936009670541174,0
75,29.0,49.0,4,hist_gradient_boosting,0,7.858345143756275e-05,0.6936009670541174,0
75,30.0,48.0,4,hist_gradient_boosting,0,0.0001829764532766739,0.6936009670541174,0
75,31.0,47.0,4,hist_gradient_boosting,0,0.0010077663561761944,0.6936009670541174,0
75,32.0,46.0,4,hist_gradient_boosting,0,0.004603029377285573,0.6936009670541174,0
75,33.0,45.0,4,hist_gradient_boosting,0,0.0041886861251514,0.6936009670541174,0
75,34.0,44.0,4,hist_gradient_boosting,0,0.0043188768052190305,0.6936009670541174,0
75,35.0,43.0,4,hist_gradient_boosting,0,0.0007867342811753911,0.6936009670541174,0
75,36.0,42.0,4,hist_gradient_boosting,0,0.0032462368923364517,0.6936009670541174,0
75,37.0,41.0,4,hist_gradient_boosting,0,0.0022481603562230622,0.6936009670541174,0
75,38.0,40.0,4,hist_gradient_boosting,0,0.0006153848158905892,0.6936009670541174,0
75,39.0,39.0,4,hist_gradient_boosting,0,0.00416774648592264,0.6936009670541174,0
75,40.0,38.0,4,hist_gradient_boosting,0,0.00837405567843809,0.6936009670541174,0
75,41.0,37.0,4,hist_gradient_boosting,0,0.0006151962291670933,0.6936009670541174,0
75,42.0,36.0,4,hist_gradient_boosting,0,0.015796853048304995,0.6936009670541174,0
75,43.0,35.0,4,hist_gradient_boosting,0,0.002408475280724629,0.6936009670541174,0
75,44.0,34.0,4,hist_gradient_boosting,0,0.05727444394905991,0.6936009670541174,0
75,45.0,33.0,4,hist_gradient_boosting,0,0.00619498972941661,0.6936009670541174,0
75,46.0,32.0,4,hist_gradient_boosting,0,0.021173611816286214,0.6936009670541174,0
75,47.0,31.0,4,hist_gradient_boosting,0,0.08806560931482478,0.6936009670541174,0
75,48.0,30.0,4,hist_gradient_boosting,0,0.04916882294806847,0.6936009670541174,0
75,49.0,29.0,4,hist_gradient_boosting,0,0.20924227979492216,0.6936009670541174,0
75,50.0,28.0,4,hist_gradient_boosting,0,0.3309283233590749,0.6936009670541174,0
75,51.0,27.0,4,hist_gradient_boosting,0,0.013379876843477885,0.6936009670541174,0
75,52.0,26.0,4,hist_gradient_boosting,0,0.4737929451159205,0.6936009670541174,0
75,53.0,25.0,4,hist_gradient_boosting,0,0.715626868390414,0.6936009670541174,1
75,54.0,24.0,4,hist_gradient_boosting,0,0.15618409136021236,0.6936009670541174,0
75,55.0,23.0,4,hist_gradient_boosting,0,0.8188230963806413,0.6936009670541174,1
75,56.0,22.0,4,hist_gradient_boosting,0,0.7583584925438279,0.6936009670541174,1
75,57.0,21.0,4,hist_gradient_boosting,0,0.729377454155724,0.6936009670541174,1
75,58.0,20.0,4,hist_gradient_boosting,1,0.9806001262258025,0.6936009670541174,1
75,59.0,19.0,4,hist_gradient_boosting,1,0.24525324085299893,0.6936009670541174,0
75,60.0,18.0,4,hist_gradient_boosting,1,0.9918840717331565,0.6936009670541174,1
75,61.0,17.0,4,hist_gradient_boosting,1,0.9611168406581926,0.6936009670541174,1
75,62.0,16.0,4,hist_gradient_boosting,1,0.8270191810958575,0.6936009670541174,1
75,63.0,15.0,4,hist_gradient_boosting,1,0.8019545884586788,0.6936009670541174,1
75,64.0,14.0,4,hist_gradient_boosting,1,0.3417365613532431,0.6936009670541174,0
75,65.0,13.0,4,hist_gradient_boosting,1,0.8715090940146261,0.6936009670541174,1
75,66.0,12.0,4,hist_gradient_boosting,1,0.9872173223371653,0.6936009670541174,1
75,67.0,11.0,4,hist_gradient_boosting,1,0.9158827326449539,0.6936009670541174,1
75,68.0,10.0,4,hist_gradient_boosting,1,0.9955140230707346,0.6936009670541174,1
75,69.0,9.0,4,hist_gradient_boosting,1,0.9776083910822619,0.6936009670541174,1
75,70.0,8.0,4,hist_gradient_boosting,1,0.9972761099891065,0.6936009670541174,1
75,71.0,7.0,4,hist_gradient_boosting,1,0.9928774227762333,0.6936009670541174,1
75,72.0,6.0,4,hist_gradient_boosting,1,0.9139458828794054,0.6936009670541174,1
75,73.0,5.0,4,hist_gradient_boosting,1,0.9975767150112687,0.6936009670541174,1
75,74.0,4.0,4,hist_gradient_boosting,1,0.9971418667418063,0.6936009670541174,1
75,75.0,3.0,4,hist_gradient_boosting,1,0.9875970234721501,0.6936009670541174,1
75,76.0,2.0,4,hist_gradient_boosting,1,0.9597153776391243,0.6936009670541174,1
75,77.0,1.0,4,hist_gradient_boosting,1,0.9995951020598971,0.6936009670541174,1
75,78.0,0.0,4,hist_gradient_boosting,1,0.9992270950236324,0.6936009670541174,1
76,1.0,59.0,4,hist_gradient_boosting,0,0.0002459453130645846,0.6936009670541174,0
76,2.0,58.0,4,hist_gradient_boosting,0,0.00016548014579915226,0.6936009670541174,0
76,3.0,57.0,4,hist_gradient_boosting,0,0.00011381690600881064,0.6936009670541174,0
76,4.0,56.0,4,hist_gradient_boosting,0,0.00017614012013612867,0.6936009670541174,0
76,5.0,55.0,4,hist_gradient_boosting,0,0.00013320821960937135,0.6936009670541174,0
76,6.0,54.0,4,hist_gradient_boosting,0,0.00027858275513140704,0.6936009670541174,0
76,7.0,53.0,4,hist_gradient_boosting,0,0.00019956446586774713,0.6936009670541174,0
76,8.0,52.0,4,hist_gradient_boosting,0,0.0002799805471324824,0.6936009670541174,0
76,9.0,51.0,4,hist_gradient_boosting,0,0.00021648087154056976,0.6936009670541174,0
76,10.0,50.0,4,hist_gradient_boosting,0,0.0002927568006923949,0.6936009670541174,0
76,11.0,49.0,4,hist_gradient_boosting,0,0.00016140220402255815,0.6936009670541174,0
76,12.0,48.0,4,hist_gradient_boosting,0,0.00015424356015208756,0.6936009670541174,0
76,13.0,47.0,4,hist_gradient_boosting,0,0.00019579698860641402,0.6936009670541174,0
76,14.0,46.0,4,hist_gradient_boosting,0,0.00018598158997023978,0.6936009670541174,0
76,15.0,45.0,4,hist_gradient_boosting,0,0.00020349564463051207,0.6936009670541174,0
76,16.0,44.0,4,hist_gradient_boosting,0,0.0001642413741308919,0.6936009670541174,0
76,17.0,43.0,4,hist_gradient_boosting,0,0.00013640851940483959,0.6936009670541174,0
76,18.0,42.0,4,hist_gradient_boosting,0,0.0002910132163246598,0.6936009670541174,0
76,19.0,41.0,4,hist_gradient_boosting,0,0.0006673911497785432,0.6936009670541174,0
76,20.0,40.0,4,hist_gradient_boosting,0,0.00024981209550997685,0.6936009670541174,0
76,21.0,39.0,4,hist_gradient_boosting,0,0.00026145334697038204,0.6936009670541174,0
76,22.0,38.0,4,hist_gradient_boosting,0,0.0004810737215175212,0.6936009670541174,0
76,23.0,37.0,4,hist_gradient_boosting,0,0.0001549969369468025,0.6936009670541174,0
76,24.0,36.0,4,hist_gradient_boosting,0,6.824264988529879e-05,0.6936009670541174,0
76,25.0,35.0,4,hist_gradient_boosting,0,0.00028619256926526215,0.6936009670541174,0
76,26.0,34.0,4,hist_gradient_boosting,0,0.0003211505345891763,0.6936009670541174,0
76,27.0,33.0,4,hist_gradient_boosting,0,0.0001345592873115183,0.6936009670541174,0
76,28.0,32.0,4,hist_gradient_boosting,0,0.0002361429796983627,0.6936009670541174,0
76,29.0,31.0,4,hist_gradient_boosting,0,0.00039515770798540607,0.6936009670541174,0
76,30.0,30.0,4,hist_gradient_boosting,0,0.007469439753990431,0.6936009670541174,0
76,31.0,29.0,4,hist_gradient_boosting,0,0.05752783191611923,0.6936009670541174,0
76,32.0,28.0,4,hist_gradient_boosting,0,0.004490048766897199,0.6936009670541174,0
76,33.0,27.0,4,hist_gradient_boosting,0,0.03366712306674448,0.6936009670541174,0
76,34.0,26.0,4,hist_gradient_boosting,0,0.009675527768456644,0.6936009670541174,0
76,35.0,25.0,4,hist_gradient_boosting,0,0.03940799775480153,0.6936009670541174,0
76,36.0,24.0,4,hist_gradient_boosting,0,0.07121276384106048,0.6936009670541174,0
76,37.0,23.0,4,hist_gradient_boosting,0,0.2604369370578655,0.6936009670541174,0
76,38.0,22.0,4,hist_gradient_boosting,0,0.03645023575764382,0.6936009670541174,0
76,39.0,21.0,4,hist_gradient_boosting,0,0.06940655185355492,0.6936009670541174,0
76,40.0,20.0,4,hist_gradient_boosting,1,0.04255536878107453,0.6936009670541174,0
76,41.0,19.0,4,hist_gradient_boosting,1,0.8515593523273903,0.6936009670541174,1
76,42.0,18.0,4,hist_gradient_boosting,1,0.3805065270357298,0.6936009670541174,0
76,43.0,17.0,4,hist_gradient_boosting,1,0.3963729968120985,0.6936009670541174,0
76,44.0,16.0,4,hist_gradient_boosting,1,0.8441113835593043,0.6936009670541174,1
76,45.0,15.0,4,hist_gradient_boosting,1,0.9594552371411641,0.6936009670541174,1
76,46.0,14.0,4,hist_gradient_boosting,1,0.7453462188208664,0.6936009670541174,1
76,47.0,13.0,4,hist_gradient_boosting,1,0.9595390745782212,0.6936009670541174,1
76,48.0,12.0,4,hist_gradient_boosting,1,0.9438747405965617,0.6936009670541174,1
76,49.0,11.0,4,hist_gradient_boosting,1,0.9752277725193889,0.6936009670541174,1
76,50.0,10.0,4,hist_gradient_boosting,1,0.9737291405955625,0.6936009670541174,1
76,51.0,9.0,4,hist_gradient_boosting,1,0.3537120595476847,0.6936009670541174,0
76,52.0,8.0,4,hist_gradient_boosting,1,0.9964005159936855,0.6936009670541174,1
76,53.0,7.0,4,hist_gradient_boosting,1,0.9922209812981692,0.6936009670541174,1
76,54.0,6.0,4,hist_gradient_boosting,1,0.9958692635775009,0.6936009670541174,1
76,55.0,5.0,4,hist_gradient_boosting,1,0.9974848303984393,0.6936009670541174,1
76,56.0,4.0,4,hist_gradient_boosting,1,0.9957457129589221,0.6936009670541174,1
76,57.0,3.0,4,hist_gradient_boosting,1,0.9980859804849895,0.6936009670541174,1
76,58.0,2.0,4,hist_gradient_boosting,1,0.9990062377549483,0.6936009670541174,1
76,59.0,1.0,4,hist_gradient_boosting,1,0.9984370177273076,0.6936009670541174,1
76,60.0,0.0,4,hist_gradient_boosting,1,0.9995851239686866,0.6936009670541174,1
77,1.0,57.0,4,hist_gradient_boosting,0,0.00028905111510509795,0.6936009670541174,0
77,2.0,56.0,4,hist_gradient_boosting,0,0.00024210746349698673,0.6936009670541174,0
77,3.0,55.0,4,hist_gradient_boosting,0,0.0003472198160109826,0.6936009670541174,0
77,4.0,54.0,4,hist_gradient_boosting,0,0.0005104411732530311,0.6936009670541174,0
77,5.0,53.0,4,hist_gradient_boosting,0,0.00011297701130968015,0.6936009670541174,0
77,6.0,52.0,4,hist_gradient_boosting,0,0.00016644942099502442,0.6936009670541174,0
77,7.0,51.0,4,hist_gradient_boosting,0,0.00022781641455098985,0.6936009670541174,0
77,8.0,50.0,4,hist_gradient_boosting,0,0.0004905519148385931,0.6936009670541174,0
77,9.0,49.0,4,hist_gradient_boosting,0,0.00018180390673652969,0.6936009670541174,0
77,10.0,48.0,4,hist_gradient_boosting,0,0.00020606658766929254,0.6936009670541174,0
77,11.0,47.0,4,hist_gradient_boosting,0,0.00012817039140154988,0.6936009670541174,0
77,12.0,46.0,4,hist_gradient_boosting,0,9.17592413161382e-05,0.6936009670541174,0
77,13.0,45.0,4,hist_gradient_boosting,0,0.00011609371689910954,0.6936009670541174,0
77,14.0,44.0,4,hist_gradient_boosting,0,0.0008687266900782869,0.6936009670541174,0
77,15.0,43.0,4,hist_gradient_boosting,0,0.00022821453288061723,0.6936009670541174,0
77,16.0,42.0,4,hist_gradient_boosting,0,0.0003965547129491835,0.6936009670541174,0
77,17.0,41.0,4,hist_gradient_boosting,0,0.0002576858511272,0.6936009670541174,0
77,18.0,40.0,4,hist_gradient_boosting,0,0.00044227100691961467,0.6936009670541174,0
77,19.0,39.0,4,hist_gradient_boosting,0,0.0007711302531395344,0.6936009670541174,0
77,20.0,38.0,4,hist_gradient_boosting,0,0.00039058350311051203,0.6936009670541174,0
77,21.0,37.0,4,hist_gradient_boosting,0,0.001137843190807282,0.6936009670541174,0
77,22.0,36.0,4,hist_gradient_boosting,0,0.00023499078570192935,0.6936009670541174,0
77,23.0,35.0,4,hist_gradient_boosting,0,0.00018444353724257672,0.6936009670541174,0
77,24.0,34.0,4,hist_gradient_boosting,0,0.0001413472819358812,0.6936009670541174,0
77,25.0,33.0,4,hist_gradient_boosting,0,0.001238891760811901,0.6936009670541174,0
77,26.0,32.0,4,hist_gradient_boosting,0,0.0011792533888284413,0.6936009670541174,0
77,27.0,31.0,4,hist_gradient_boosting,0,0.0003589102551864681,0.6936009670541174,0
77,28.0,30.0,4,hist_gradient_boosting,0,0.000599803167075506,0.6936009670541174,0
77,29.0,29.0,4,hist_gradient_boosting,0,0.00031461844935430156,0.6936009670541174,0
77,30.0,28.0,4,hist_gradient_boosting,0,0.006870326054393286,0.6936009670541174,0
77,31.0,27.0,4,hist_gradient_boosting,0,0.024495577345253372,0.6936009670541174,0
77,32.0,26.0,4,hist_gradient_boosting,0,0.013046275205120746,0.6936009670541174,0
77,33.0,25.0,4,hist_gradient_boosting,0,0.5312123639793048,0.6936009670541174,0
77,34.0,24.0,4,hist_gradient_boosting,0,0.13865516910037018,0.6936009670541174,0
77,35.0,23.0,4,hist_gradient_boosting,0,0.06858502491392642,0.6936009670541174,0
77,36.0,22.0,4,hist_gradient_boosting,0,0.33470518825118356,0.6936009670541174,0
77,37.0,21.0,4,hist_gradient_boosting,0,0.020529168040541692,0.6936009670541174,0
77,38.0,20.0,4,hist_gradient_boosting,1,0.013187161530123056,0.6936009670541174,0
77,39.0,19.0,4,hist_gradient_boosting,1,0.09061428134619841,0.6936009670541174,0
77,40.0,18.0,4,hist_gradient_boosting,1,0.9432832246228292,0.6936009670541174,1
77,41.0,17.0,4,hist_gradient_boosting,1,0.0404859900151849,0.6936009670541174,0
77,42.0,16.0,4,hist_gradient_boosting,1,0.13049576583733508,0.6936009670541174,0
77,43.0,15.0,4,hist_gradient_boosting,1,0.8215764679676698,0.6936009670541174,1
77,44.0,14.0,4,hist_gradient_boosting,1,0.6131988324765378,0.6936009670541174,0
77,45.0,13.0,4,hist_gradient_boosting,1,0.6633908099304311,0.6936009670541174,0
77,46.0,12.0,4,hist_gradient_boosting,1,0.869964217106684,0.6936009670541174,1
77,47.0,11.0,4,hist_gradient_boosting,1,0.6565621383670991,0.6936009670541174,0
77,48.0,10.0,4,hist_gradient_boosting,1,0.9335172848535002,0.6936009670541174,1
77,49.0,9.0,4,hist_gradient_boosting,1,0.6366936909317347,0.6936009670541174,0
77,50.0,8.0,4,hist_gradient_boosting,1,0.5135343951824751,0.6936009670541174,0
77,51.0,7.0,4,hist_gradient_boosting,1,0.8892017119988658,0.6936009670541174,1
77,52.0,6.0,4,hist_gradient_boosting,1,0.4719733393072366,0.6936009670541174,0
77,53.0,5.0,4,hist_gradient_boosting,1,0.9379352396406648,0.6936009670541174,1
77,54.0,4.0,4,hist_gradient_boosting,1,0.8674408135158818,0.6936009670541174,1
77,55.0,3.0,4,hist_gradient_boosting,1,0.6559747502033704,0.6936009670541174,0
77,56.0,2.0,4,hist_gradient_boosting,1,0.2769365855616164,0.6936009670541174,0
77,57.0,1.0,4,hist_gradient_boosting,1,0.498437642096693,0.6936009670541174,0
77,58.0,0.0,4,hist_gradient_boosting,1,0.9289695541948715,0.6936009670541174,1
78,1.0,55.0,2,hist_gradient_boosting,0,0.0012882029141854199,0.6510141822896698,0
78,2.0,54.0,2,hist_gradient_boosting,0,0.00013632548406073645,0.6510141822896698,0
78,3.0,53.0,2,hist_gradient_boosting,0,0.0004961031159461767,0.6510141822896698,0
78,4.0,52.0,2,hist_gradient_boosting,0,0.00015220231282704488,0.6510141822896698,0
78,5.0,51.0,2,hist_gradient_boosting,0,0.0001779335676343025,0.6510141822896698,0
78,6.0,50.0,2,hist_gradient_boosting,0,0.00015637000554306966,0.6510141822896698,0
78,7.0,49.0,2,hist_gradient_boosting,0,0.0006063355166552502,0.6510141822896698,0
78,8.0,48.0,2,hist_gradient_boosting,0,0.0008825907501480696,0.6510141822896698,0
78,9.0,47.0,2,hist_gradient_boosting,0,0.0002969406106248281,0.6510141822896698,0
78,10.0,46.0,2,hist_gradient_boosting,0,0.0004825387660797804,0.6510141822896698,0
78,11.0,45.0,2,hist_gradient_boosting,0,0.0004959281934637361,0.6510141822896698,0
78,12.0,44.0,2,hist_gradient_boosting,0,0.000638014298122572,0.6510141822896698,0
78,13.0,43.0,2,hist_gradient_boosting,0,0.000265380979054844,0.6510141822896698,0
78,14.0,42.0,2,hist_gradient_boosting,0,0.0005841041237549108,0.6510141822896698,0
78,15.0,41.0,2,hist_gradient_boosting,0,0.0001281325462211123,0.6510141822896698,0
78,16.0,40.0,2,hist_gradient_boosting,0,0.0003105625672378818,0.6510141822896698,0
78,17.0,39.0,2,hist_gradient_boosting,0,0.0006558117234291383,0.6510141822896698,0
78,18.0,38.0,2,hist_gradient_boosting,0,0.0003478128795415552,0.6510141822896698,0
78,19.0,37.0,2,hist_gradient_boosting,0,0.0007089339514981635,0.6510141822896698,0
78,20.0,36.0,2,hist_gradient_boosting,0,0.00015912419117487082,0.6510141822896698,0
78,21.0,35.0,2,hist_gradient_boosting,0,0.00036678503257498487,0.6510141822896698,0
78,22.0,34.0,2,hist_gradient_boosting,0,0.0002646359231236253,0.6510141822896698,0
78,23.0,33.0,2,hist_gradient_boosting,0,0.0001791933351356817,0.6510141822896698,0
78,24.0,32.0,2,hist_gradient_boosting,0,0.0006893818043754168,0.6510141822896698,0
78,25.0,31.0,2,hist_gradient_boosting,0,0.000492348706481912,0.6510141822896698,0
78,26.0,30.0,2,hist_gradient_boosting,0,0.0012076251404022718,0.6510141822896698,0
78,27.0,29.0,2,hist_gradient_boosting,0,0.0003028981075778789,0.6510141822896698,0
78,28.0,28.0,2,hist_gradient_boosting,0,0.009832341711650934,0.6510141822896698,0
78,29.0,27.0,2,hist_gradient_boosting,0,0.02508546143057652,0.6510141822896698,0
78,30.0,26.0,2,hist_gradient_boosting,0,0.13348757252900573,0.6510141822896698,0
78,31.0,25.0,2,hist_gradient_boosting,0,0.019940359644797633,0.6510141822896698,0
78,32.0,24.0,2,hist_gradient_boosting,0,0.036120081123631326,0.6510141822896698,0
78,33.0,23.0,2,hist_gradient_boosting,0,0.1074447734042558,0.6510141822896698,0
78,34.0,22.0,2,hist_gradient_boosting,0,0.7648645797593071,0.6510141822896698,1
78,35.0,21.0,2,hist_gradient_boosting,0,0.21362999815097886,0.6510141822896698,0
78,36.0,20.0,2,hist_gradient_boosting,1,0.3897188704308273,0.6510141822896698,0
78,37.0,19.0,2,hist_gradient_boosting,1,0.6144441795525714,0.6510141822896698,0
78,38.0,18.0,2,hist_gradient_boosting,1,0.9047688885723177,0.6510141822896698,1
78,39.0,17.0,2,hist_gradient_boosting,1,0.8217239822438714,0.6510141822896698,1
78,40.0,16.0,2,hist_gradient_boosting,1,0.6374512527885067,0.6510141822896698,0
78,41.0,15.0,2,hist_gradient_boosting,1,0.398794305792045,0.6510141822896698,0
78,42.0,14.0,2,hist_gradient_boosting,1,0.9364332028453296,0.6510141822896698,1
78,43.0,13.0,2,hist_gradient_boosting,1,0.5623086630793401,0.6510141822896698,0
78,44.0,12.0,2,hist_gradient_boosting,1,0.7658401698063967,0.6510141822896698,1
78,45.0,11.0,2,hist_gradient_boosting,1,0.9146768947482955,0.6510141822896698,1
78,46.0,10.0,2,hist_gradient_boosting,1,0.9808774741337396,0.6510141822896698,1
78,47.0,9.0,2,hist_gradient_boosting,1,0.8670914129393349,0.6510141822896698,1
78,48.0,8.0,2,hist_gradient_boosting,1,0.9867323636242008,0.6510141822896698,1
78,49.0,7.0,2,hist_gradient_boosting,1,0.9488999763189893,0.6510141822896698,1
78,50.0,6.0,2,hist_gradient_boosting,1,0.9911371688503853,0.6510141822896698,1
78,51.0,5.0,2,hist_gradient_boosting,1,0.9288030276326426,0.6510141822896698,1
78,52.0,4.0,2,hist_gradient_boosting,1,0.9959525739627467,0.6510141822896698,1
78,53.0,3.0,2,hist_gradient_boosting,1,0.9962000388146312,0.6510141822896698,1
78,54.0,2.0,2,hist_gradient_boosting,1,0.9707267619867965,0.6510141822896698,1
78,55.0,1.0,2,hist_gradient_boosting,1,0.9974626195068734,0.6510141822896698,1
78,56.0,0.0,2,hist_gradient_boosting,1,0.9970812657379089,0.6510141822896698,1
79,1.0,58.0,3,hist_gradient_boosting,0,0.00026063671173275413,0.6323221630840011,0
79,2.0,57.0,3,hist_gradient_boosting,0,7.72271760286518e-05,0.6323221630840011,0
79,3.0,56.0,3,hist_gradient_boosting,0,0.0001985960151650519,0.6323221630840011,0
79,4.0,55.0,3,hist_gradient_boosting,0,0.00017312380552696074,0.6323221630840011,0
79,5.0,54.0,3,hist_gradient_boosting,0,0.00011795331703608407,0.6323221630840011,0
79,6.0,53.0,3,hist_gradient_boosting,0,0.00017598054191082855,0.6323221630840011,0
79,7.0,52.0,3,hist_gradient_boosting,0,0.0002948579356289203,0.6323221630840011,0
79,8.0,51.0,3,hist_gradient_boosting,0,0.0014549437400837423,0.6323221630840011,0
79,9.0,50.0,3,hist_gradient_boosting,0,0.00016738988418399319,0.6323221630840011,0
79,10.0,49.0,3,hist_gradient_boosting,0,0.00027985552775656634,0.6323221630840011,0
79,11.0,48.0,3,hist_gradient_boosting,0,0.00018654813554191588,0.6323221630840011,0
79,12.0,47.0,3,hist_gradient_boosting,0,0.0002976559750115279,0.6323221630840011,0
79,13.0,46.0,3,hist_gradient_boosting,0,0.0001617325432141568,0.6323221630840011,0
79,14.0,45.0,3,hist_gradient_boosting,0,0.00021021933088657594,0.6323221630840011,0
79,15.0,44.0,3,hist_gradient_boosting,0,0.0003746706603716832,0.6323221630840011,0
79,16.0,43.0,3,hist_gradient_boosting,0,0.00017374290549393765,0.6323221630840011,0
79,17.0,42.0,3,hist_gradient_boosting,0,9.672830296481011e-05,0.6323221630840011,0
79,18.0,41.0,3,hist_gradient_boosting,0,6.796833755585407e-05,0.6323221630840011,0
79,19.0,40.0,3,hist_gradient_boosting,0,0.00047753993378082715,0.6323221630840011,0
79,20.0,39.0,3,hist_gradient_boosting,0,0.0001490359920919441,0.6323221630840011,0
79,21.0,38.0,3,hist_gradient_boosting,0,0.00012479091755425312,0.6323221630840011,0
79,22.0,37.0,3,hist_gradient_boosting,0,0.0004287987262892328,0.6323221630840011,0
79,23.0,36.0,3,hist_gradient_boosting,0,0.00024243609651739177,0.6323221630840011,0
79,24.0,35.0,3,hist_gradient_boosting,0,0.00012368079124454212,0.6323221630840011,0
79,25.0,34.0,3,hist_gradient_boosting,0,0.00024749463334376644,0.6323221630840011,0
79,26.0,33.0,3,hist_gradient_boosting,0,0.00015393515854433072,0.6323221630840011,0
79,27.0,32.0,3,hist_gradient_boosting,0,0.0001699175286593549,0.6323221630840011,0
79,28.0,31.0,3,hist_gradient_boosting,0,0.0036034914927473675,0.6323221630840011,0
79,29.0,30.0,3,hist_gradient_boosting,0,0.02971114509196743,0.6323221630840011,0
79,30.0,29.0,3,hist_gradient_boosting,0,0.05224663538253697,0.6323221630840011,0
79,31.0,28.0,3,hist_gradient_boosting,0,0.003932625364697493,0.6323221630840011,0
79,32.0,27.0,3,hist_gradient_boosting,0,0.07235204990133257,0.6323221630840011,0
79,33.0,26.0,3,hist_gradient_boosting,0,0.019933920667578972,0.6323221630840011,0
79,34.0,25.0,3,hist_gradient_boosting,0,0.05757444802442443,0.6323221630840011,0
79,35.0,24.0,3,hist_gradient_boosting,0,0.12878637802800397,0.6323221630840011,0
79,36.0,23.0,3,hist_gradient_boosting,0,0.20347585709199018,0.6323221630840011,0
79,37.0,22.0,3,hist_gradient_boosting,0,0.15831095822811891,0.6323221630840011,0
79,38.0,21.0,3,hist_gradient_boosting,0,0.09263036282285514,0.6323221630840011,0
79,39.0,20.0,3,hist_gradient_boosting,1,0.15554466850083656,0.6323221630840011,0
79,40.0,19.0,3,hist_gradient_boosting,1,0.22592663526248588,0.6323221630840011,0
79,41.0,18.0,3,hist_gradient_boosting,1,0.378803185094871,0.6323221630840011,0
79,42.0,17.0,3,hist_gradient_boosting,1,0.4850646774265482,0.6323221630840011,0
79,43.0,16.0,3,hist_gradient_boosting,1,0.7358935136193201,0.6323221630840011,1
79,44.0,15.0,3,hist_gradient_boosting,1,0.9415062136665134,0.6323221630840011,1
79,45.0,14.0,3,hist_gradient_boosting,1,0.9016008727215252,0.6323221630840011,1
79,46.0,13.0,3,hist_gradient_boosting,1,0.9464519052028499,0.6323221630840011,1
79,47.0,12.0,3,hist_gradient_boosting,1,0.9694125704268661,0.6323221630840011,1
79,48.0,11.0,3,hist_gradient_boosting,1,0.9900472836686319,0.6323221630840011,1
79,49.0,10.0,3,hist_gradient_boosting,1,0.9953724207069299,0.6323221630840011,1
79,50.0,9.0,3,hist_gradient_boosting,1,0.9712873600084989,0.6323221630840011,1
79,51.0,8.0,3,hist_gradient_boosting,1,0.9912477424399834,0.6323221630840011,1
79,52.0,7.0,3,hist_gradient_boosting,1,0.9420991632564323,0.6323221630840011,1
79,53.0,6.0,3,hist_gradient_boosting,1,0.895083669989826,0.6323221630840011,1
79,54.0,5.0,3,hist_gradient_boosting,1,0.9921949766948336,0.6323221630840011,1
79,55.0,4.0,3,hist_gradient_boosting,1,0.9974110376212378,0.6323221630840011,1
79,56.0,3.0,3,hist_gradient_boosting,1,0.9997488025992907,0.6323221630840011,1
79,57.0,2.0,3,hist_gradient_boosting,1,0.9991438938359318,0.6323221630840011,1
79,58.0,1.0,3,hist_gradient_boosting,1,0.9996692073467683,0.6323221630840011,1
79,59.0,0.0,3,hist_gradient_boosting,1,0.9989092065817173,0.6323221630840011,1
80,1.0,71.0,5,rbf_svc,0,7.068685581872336e-05,0.48778595770042416,0
80,2.0,70.0,5,rbf_svc,0,0.0002356806294258095,0.48778595770042416,0
80,3.0,69.0,5,rbf_svc,0,0.0005803575358636396,0.48778595770042416,0
80,4.0,68.0,5,rbf_svc,0,0.0005568567247183927,0.48778595770042416,0
80,5.0,67.0,5,rbf_svc,0,0.00010133023672272528,0.48778595770042416,0
80,6.0,66.0,5,rbf_svc,0,0.00010705183385082778,0.48778595770042416,0
80,7.0,65.0,5,rbf_svc,0,3.80383099902644e-05,0.48778595770042416,0
80,8.0,64.0,5,rbf_svc,0,0.00020126681542301854,0.48778595770042416,0
80,9.0,63.0,5,rbf_svc,0,0.0003358940185082409,0.48778595770042416,0
80,10.0,62.0,5,rbf_svc,0,0.0002429208515612932,0.48778595770042416,0
80,11.0,61.0,5,rbf_svc,0,0.00010300576604370765,0.48778595770042416,0
80,12.0,60.0,5,rbf_svc,0,0.0006882762080560603,0.48778595770042416,0
80,13.0,59.0,5,rbf_svc,0,0.0007458503262360039,0.48778595770042416,0
80,14.0,58.0,5,rbf_svc,0,0.00033780978428748045,0.48778595770042416,0
80,15.0,57.0,5,rbf_svc,0,0.00044987442302614234,0.48778595770042416,0
80,16.0,56.0,5,rbf_svc,0,0.0004603710944861592,0.48778595770042416,0
80,17.0,55.0,5,rbf_svc,0,0.00014454195965795034,0.48778595770042416,0
80,18.0,54.0,5,rbf_svc,0,0.0016053056559574407,0.48778595770042416,0
80,19.0,53.0,5,rbf_svc,0,0.0025540836508805027,0.48778595770042416,0
80,20.0,52.0,5,rbf_svc,0,0.00043608165776581865,0.48778595770042416,0
80,21.0,51.0,5,rbf_svc,0,0.00036977960412642205,0.48778595770042416,0
80,22.0,50.0,5,rbf_svc,0,0.0013013674273569154,0.48778595770042416,0
80,23.0,49.0,5,rbf_svc,0,0.0048878687986163745,0.48778595770042416,0
80,24.0,48.0,5,rbf_svc,0,0.0018438062047636773,0.48778595770042416,0
80,25.0,47.0,5,rbf_svc,0,0.0016201328625143846,0.48778595770042416,0
80,26.0,46.0,5,rbf_svc,0,0.0013125640978588647,0.48778595770042416,0
80,27.0,45.0,5,rbf_svc,0,0.0005172679248375589,0.48778595770042416,0
80,28.0,44.0,5,rbf_svc,0,0.003429782204679849,0.48778595770042416,0
80,29.0,43.0,5,rbf_svc,0,0.0017037469711281878,0.48778595770042416,0
80,30.0,42.0,5,rbf_svc,0,0.0028581197907965256,0.48778595770042416,0
80,31.0,41.0,5,rbf_svc,0,0.0057035921818641595,0.48778595770042416,0
80,32.0,40.0,5,rbf_svc,0,0.0028665663888172706,0.48778595770042416,0
80,33.0,39.0,5,rbf_svc,0,0.0033103156883848954,0.48778595770042416,0
80,34.0,38.0,5,rbf_svc,0,0.005462959959647737,0.48778595770042416,0
80,35.0,37.0,5,rbf_svc,0,0.0024756954758724846,0.48778595770042416,0
80,36.0,36.0,5,rbf_svc,0,0.002739158840808538,0.48778595770042416,0
80,37.0,35.0,5,rbf_svc,0,0.023287929958923433,0.48778595770042416,0
80,38.0,34.0,5,rbf_svc,0,0.005963420683837818,0.48778595770042416,0
80,39.0,33.0,5,rbf_svc,0,0.008566312653378556,0.48778595770042416,0
80,40.0,32.0,5,rbf_svc,0,0.008043248975726901,0.48778595770042416,0
80,41.0,31.0,5,rbf_svc,0,0.007040686969392036,0.48778595770042416,0
80,42.0,30.0,5,rbf_svc,0,0.017464361378862685,0.48778595770042416,0
80,43.0,29.0,5,rbf_svc,0,0.020538763501862033,0.48778595770042416,0
80,44.0,28.0,5,rbf_svc,0,0.025303071134125797,0.48778595770042416,0
80,45.0,27.0,5,rbf_svc,0,0.014160179046631876,0.48778595770042416,0
80,46.0,26.0,5,rbf_svc,0,0.01246976784602961,0.48778595770042416,0
80,47.0,25.0,5,rbf_svc,0,0.017108471338889635,0.48778595770042416,0
80,48.0,24.0,5,rbf_svc,0,0.007048384195768362,0.48778595770042416,0
80,49.0,23.0,5,rbf_svc,0,0.010601284214101406,0.48778595770042416,0
80,50.0,22.0,5,rbf_svc,0,0.04990510595463083,0.48778595770042416,0
80,51.0,21.0,5,rbf_svc,0,0.03207252992007605,0.48778595770042416,0
80,52.0,20.0,5,rbf_svc,1,0.0862100780528478,0.48778595770042416,0
80,53.0,19.0,5,rbf_svc,1,0.06170312934996486,0.48778595770042416,0
80,54.0,18.0,5,rbf_svc,1,0.01982194614792766,0.48778595770042416,0
80,55.0,17.0,5,rbf_svc,1,0.13281060693788654,0.48778595770042416,0
80,56.0,16.0,5,rbf_svc,1,0.032193774010971114,0.48778595770042416,0
80,57.0,15.0,5,rbf_svc,1,0.03594369901370573,0.48778595770042416,0
80,58.0,14.0,5,rbf_svc,1,0.029348720628500836,0.48778595770042416,0
80,59.0,13.0,5,rbf_svc,1,0.1574730722348337,0.48778595770042416,0
80,60.0,12.0,5,rbf_svc,1,0.06276515084339118,0.48778595770042416,0
80,61.0,11.0,5,rbf_svc,1,0.03921315019133079,0.48778595770042416,0
80,62.0,10.0,5,rbf_svc,1,0.1545742442948575,0.48778595770042416,0
80,63.0,9.0,5,rbf_svc,1,0.09563886157078978,0.48778595770042416,0
80,64.0,8.0,5,rbf_svc,1,0.08337309411773658,0.48778595770042416,0
80,65.0,7.0,5,rbf_svc,1,0.1726553283244365,0.48778595770042416,0
80,66.0,6.0,5,rbf_svc,1,0.06256857248945083,0.48778595770042416,0
80,67.0,5.0,5,rbf_svc,1,0.05619262270784824,0.48778595770042416,0
80,68.0,4.0,5,rbf_svc,1,0.21203474499490663,0.48778595770042416,0
80,69.0,3.0,5,rbf_svc,1,0.06762084845990385,0.48778595770042416,0
80,70.0,2.0,5,rbf_svc,1,0.10617789826066806,0.48778595770042416,0
80,71.0,1.0,5,rbf_svc,1,0.0428774908802614,0.48778595770042416,0
80,72.0,0.0,5,rbf_svc,1,0.1894169371459707,0.48778595770042416,0
81,1.0,52.0,5,rbf_svc,0,0.0003502968342473802,0.48778595770042416,0
81,2.0,51.0,5,rbf_svc,0,0.001289439165084105,0.48778595770042416,0
81,3.0,50.0,5,rbf_svc,0,0.0014081950231476172,0.48778595770042416,0
81,4.0,49.0,5,rbf_svc,0,0.00047596024016622766,0.48778595770042416,0
81,5.0,48.0,5,rbf_svc,0,0.0013128049793293608,0.48778595770042416,0
81,6.0,47.0,5,rbf_svc,0,0.0013011121533558535,0.48778595770042416,0
81,7.0,46.0,5,rbf_svc,0,0.0018120302012723892,0.48778595770042416,0
81,8.0,45.0,5,rbf_svc,0,0.0030402851062965317,0.48778595770042416,0
81,9.0,44.0,5,rbf_svc,0,0.0010141312141195512,0.48778595770042416,0
81,10.0,43.0,5,rbf_svc,0,0.0024427040424215263,0.48778595770042416,0
81,11.0,42.0,5,rbf_svc,0,0.002662877977212612,0.48778595770042416,0
81,12.0,41.0,5,rbf_svc,0,0.016948786732226162,0.48778595770042416,0
81,13.0,40.0,5,rbf_svc,0,0.0234896319990297,0.48778595770042416,0
81,14.0,39.0,5,rbf_svc,0,0.005039183427290328,0.48778595770042416,0
81,15.0,38.0,5,rbf_svc,0,0.002008435423026884,0.48778595770042416,0
81,16.0,37.0,5,rbf_svc,0,0.005613566205103033,0.48778595770042416,0
81,17.0,36.0,5,rbf_svc,0,0.013498821834730968,0.48778595770042416,0
81,18.0,35.0,5,rbf_svc,0,0.001812112949855768,0.48778595770042416,0
81,19.0,34.0,5,rbf_svc,0,0.009459842127935115,0.48778595770042416,0
81,20.0,33.0,5,rbf_svc,0,0.010886126924114222,0.48778595770042416,0
81,21.0,32.0,5,rbf_svc,0,0.011737748002453472,0.48778595770042416,0
81,22.0,31.0,5,rbf_svc,0,0.0716556668402651,0.48778595770042416,0
81,23.0,30.0,5,rbf_svc,0,0.01801079871703166,0.48778595770042416,0
81,24.0,29.0,5,rbf_svc,0,0.013027045103435742,0.48778595770042416,0
81,25.0,28.0,5,rbf_svc,0,0.006928094213899457,0.48778595770042416,0
81,26.0,27.0,5,rbf_svc,0,0.013142892769487484,0.48778595770042416,0
81,27.0,26.0,5,rbf_svc,0,0.007481122598060979,0.48778595770042416,0
81,28.0,25.0,5,rbf_svc,0,0.01617733999583013,0.48778595770042416,0
81,29.0,24.0,5,rbf_svc,0,0.006222550866458523,0.48778595770042416,0
81,30.0,23.0,5,rbf_svc,0,0.014663478868622239,0.48778595770042416,0
81,31.0,22.0,5,rbf_svc,0,0.04343056332250386,0.48778595770042416,0
81,32.0,21.0,5,rbf_svc,0,0.021061093419627898,0.48778595770042416,0
81,33.0,20.0,5,rbf_svc,1,0.07372901524507339,0.48778595770042416,0
81,34.0,19.0,5,rbf_svc,1,0.11166209298623316,0.48778595770042416,0
81,35.0,18.0,5,rbf_svc,1,0.05883764407783014,0.48778595770042416,0
81,36.0,17.0,5,rbf_svc,1,0.06366360768950266,0.48778595770042416,0
81,37.0,16.0,5,rbf_svc,1,0.1347364955262686,0.48778595770042416,0
81,38.0,15.0,5,rbf_svc,1,0.15436349276121875,0.48778595770042416,0
81,39.0,14.0,5,rbf_svc,1,0.172233289604774,0.48778595770042416,0
81,40.0,13.0,5,rbf_svc,1,0.1146290224655878,0.48778595770042416,0
81,41.0,12.0,5,rbf_svc,1,0.3131829210113633,0.48778595770042416,0
81,42.0,11.0,5,rbf_svc,1,0.2604052359936889,0.48778595770042416,0
81,43.0,10.0,5,rbf_svc,1,0.44003197893625323,0.48778595770042416,0
81,44.0,9.0,5,rbf_svc,1,0.49497625437960663,0.48778595770042416,1
81,45.0,8.0,5,rbf_svc,1,0.2736078295037523,0.48778595770042416,0
81,46.0,7.0,5,rbf_svc,1,0.2833647858027769,0.48778595770042416,0
81,47.0,6.0,5,rbf_svc,1,0.7109508627610195,0.48778595770042416,1
81,48.0,5.0,5,rbf_svc,1,0.25765436623321103,0.48778595770042416,0
81,49.0,4.0,5,rbf_svc,1,0.738573100364098,0.48778595770042416,1
81,50.0,3.0,5,rbf_svc,1,0.8026781534037196,0.48778595770042416,1
81,51.0,2.0,5,rbf_svc,1,0.7765954018480158,0.48778595770042416,1
81,52.0,1.0,5,rbf_svc,1,0.7918446187999081,0.48778595770042416,1
81,53.0,0.0,5,rbf_svc,1,0.8938925383257623,0.48778595770042416,1
82,1.0,51.0,3,hist_gradient_boosting,0,0.00022531317705516758,0.6323221630840011,0
82,2.0,50.0,3,hist_gradient_boosting,0,0.00019684769444871633,0.6323221630840011,0
82,3.0,49.0,3,hist_gradient_boosting,0,0.00014288341487768354,0.6323221630840011,0
82,4.0,48.0,3,hist_gradient_boosting,0,0.00042795817528480505,0.6323221630840011,0
82,5.0,47.0,3,hist_gradient_boosting,0,0.00012517382547041966,0.6323221630840011,0
82,6.0,46.0,3,hist_gradient_boosting,0,0.0002863860778667625,0.6323221630840011,0
82,7.0,45.0,3,hist_gradient_boosting,0,9.450255692365183e-05,0.6323221630840011,0
82,8.0,44.0,3,hist_gradient_boosting,0,0.00048502093729192876,0.6323221630840011,0
82,9.0,43.0,3,hist_gradient_boosting,0,0.00022658951767588233,0.6323221630840011,0
82,10.0,42.0,3,hist_gradient_boosting,0,0.0007367039576065902,0.6323221630840011,0
82,11.0,41.0,3,hist_gradient_boosting,0,0.00013157007084527866,0.6323221630840011,0
82,12.0,40.0,3,hist_gradient_boosting,0,0.0001751768903435835,0.6323221630840011,0
82,13.0,39.0,3,hist_gradient_boosting,0,0.00021865540510857323,0.6323221630840011,0
82,14.0,38.0,3,hist_gradient_boosting,0,0.00022233668168981138,0.6323221630840011,0
82,15.0,37.0,3,hist_gradient_boosting,0,0.00011399373036640184,0.6323221630840011,0
82,16.0,36.0,3,hist_gradient_boosting,0,0.0005630351669733293,0.6323221630840011,0
82,17.0,35.0,3,hist_gradient_boosting,0,0.0002696786004016548,0.6323221630840011,0
82,18.0,34.0,3,hist_gradient_boosting,0,0.00015726201217222511,0.6323221630840011,0
82,19.0,33.0,3,hist_gradient_boosting,0,5.6211225201957574e-05,0.6323221630840011,0
82,20.0,32.0,3,hist_gradient_boosting,0,0.0004473481889391513,0.6323221630840011,0
82,21.0,31.0,3,hist_gradient_boosting,0,9.605659915163395e-05,0.6323221630840011,0
82,22.0,30.0,3,hist_gradient_boosting,0,0.0005180279316764391,0.6323221630840011,0
82,23.0,29.0,3,hist_gradient_boosting,0,0.0009364418578153987,0.6323221630840011,0
82,24.0,28.0,3,hist_gradient_boosting,0,0.0001883566372536446,0.6323221630840011,0
82,25.0,27.0,3,hist_gradient_boosting,0,0.00019762949058923772,0.6323221630840011,0
82,26.0,26.0,3,hist_gradient_boosting,0,0.00023994226512387334,0.6323221630840011,0
82,27.0,25.0,3,hist_gradient_boosting,0,0.000442941904496929,0.6323221630840011,0
82,28.0,24.0,3,hist_gradient_boosting,0,0.0031952317554592756,0.6323221630840011,0
82,29.0,23.0,3,hist_gradient_boosting,0,0.019786222994989642,0.6323221630840011,0
82,30.0,22.0,3,hist_gradient_boosting,0,0.007102869460081999,0.6323221630840011,0
82,31.0,21.0,3,hist_gradient_boosting,0,0.006459957970348813,0.6323221630840011,0
82,32.0,20.0,3,hist_gradient_boosting,1,0.2090963128227431,0.6323221630840011,0
82,33.0,19.0,3,hist_gradient_boosting,1,0.11109582845508277,0.6323221630840011,0
82,34.0,18.0,3,hist_gradient_boosting,1,0.023900626594172015,0.6323221630840011,0
82,35.0,17.0,3,hist_gradient_boosting,1,0.3344182324692666,0.6323221630840011,0
82,36.0,16.0,3,hist_gradient_boosting,1,0.6044292933649581,0.6323221630840011,0
82,37.0,15.0,3,hist_gradient_boosting,1,0.6458812486272701,0.6323221630840011,1
82,38.0,14.0,3,hist_gradient_boosting,1,0.3699130233443756,0.6323221630840011,0
82,39.0,13.0,3,hist_gradient_boosting,1,0.9865300110616918,0.6323221630840011,1
82,40.0,12.0,3,hist_gradient_boosting,1,0.5343713053687783,0.6323221630840011,0
82,41.0,11.0,3,hist_gradient_boosting,1,0.9793899040202931,0.6323221630840011,1
82,42.0,10.0,3,hist_gradient_boosting,1,0.9933899507163914,0.6323221630840011,1
82,43.0,9.0,3,hist_gradient_boosting,1,0.9966508361278615,0.6323221630840011,1
82,44.0,8.0,3,hist_gradient_boosting,1,0.9977293566123295,0.6323221630840011,1
82,45.0,7.0,3,hist_gradient_boosting,1,0.9969158466811447,0.6323221630840011,1
82,46.0,6.0,3,hist_gradient_boosting,1,0.993575170433247,0.6323221630840011,1
82,47.0,5.0,3,hist_gradient_boosting,1,0.9987332263574137,0.6323221630840011,1
82,48.0,4.0,3,hist_gradient_boosting,1,0.9977920350856759,0.6323221630840011,1
82,49.0,3.0,3,hist_gradient_boosting,1,0.998840878140645,0.6323221630840011,1
82,50.0,2.0,3,hist_gradient_boosting,1,0.9955065156382895,0.6323221630840011,1
82,51.0,1.0,3,hist_gradient_boosting,1,0.9989561656911853,0.6323221630840011,1
82,52.0,0.0,3,hist_gradient_boosting,1,0.9990401980041557,0.6323221630840011,1
83,1.0,52.0,5,rbf_svc,0,0.00018608101692849089,0.48778595770042416,0
83,2.0,51.0,5,rbf_svc,0,0.0037611349154397116,0.48778595770042416,0
83,3.0,50.0,5,rbf_svc,0,0.001042110933833287,0.48778595770042416,0
83,4.0,49.0,5,rbf_svc,0,0.03590264883787825,0.48778595770042416,0
83,5.0,48.0,5,rbf_svc,0,0.0002706238597241478,0.48778595770042416,0
83,6.0,47.0,5,rbf_svc,0,0.001771932319007989,0.48778595770042416,0
83,7.0,46.0,5,rbf_svc,0,0.0008180407602766524,0.48778595770042416,0
83,8.0,45.0,5,rbf_svc,0,0.0015934399293108558,0.48778595770042416,0
83,9.0,44.0,5,rbf_svc,0,0.0008475549138873341,0.48778595770042416,0
83,10.0,43.0,5,rbf_svc,0,0.0009515601931191243,0.48778595770042416,0
83,11.0,42.0,5,rbf_svc,0,0.0016452165980128809,0.48778595770042416,0
83,12.0,41.0,5,rbf_svc,0,0.001147650566762453,0.48778595770042416,0
83,13.0,40.0,5,rbf_svc,0,0.00819069765180672,0.48778595770042416,0
83,14.0,39.0,5,rbf_svc,0,0.005271912316101053,0.48778595770042416,0
83,15.0,38.0,5,rbf_svc,0,0.0023936311399336916,0.48778595770042416,0
83,16.0,37.0,5,rbf_svc,0,0.0017966243227660224,0.48778595770042416,0
83,17.0,36.0,5,rbf_svc,0,0.003491481874820551,0.48778595770042416,0
83,18.0,35.0,5,rbf_svc,0,0.0054045107578509525,0.48778595770042416,0
83,19.0,34.0,5,rbf_svc,0,0.004008241510999954,0.48778595770042416,0
83,20.0,33.0,5,rbf_svc,0,0.0035562617384922728,0.48778595770042416,0
83,21.0,32.0,5,rbf_svc,0,0.008810542131293108,0.48778595770042416,0
83,22.0,31.0,5,rbf_svc,0,0.02214919376006761,0.48778595770042416,0
83,23.0,30.0,5,rbf_svc,0,0.02736161020935847,0.48778595770042416,0
83,24.0,29.0,5,rbf_svc,0,0.01615174447885167,0.48778595770042416,0
83,25.0,28.0,5,rbf_svc,0,0.006341532170884305,0.48778595770042416,0
83,26.0,27.0,5,rbf_svc,0,0.015649093683929565,0.48778595770042416,0
83,27.0,26.0,5,rbf_svc,0,0.03149967160308153,0.48778595770042416,0
83,28.0,25.0,5,rbf_svc,0,0.010428693943875595,0.48778595770042416,0
83,29.0,24.0,5,rbf_svc,0,0.01662871380172779,0.48778595770042416,0
83,30.0,23.0,5,rbf_svc,0,0.23315347849330706,0.48778595770042416,0
83,31.0,22.0,5,rbf_svc,0,0.0298106962538869,0.48778595770042416,0
83,32.0,21.0,5,rbf_svc,0,0.03914898515281903,0.48778595770042416,0
83,33.0,20.0,5,rbf_svc,1,0.08339596959270257,0.48778595770042416,0
83,34.0,19.0,5,rbf_svc,1,0.10506128070417627,0.48778595770042416,0
83,35.0,18.0,5,rbf_svc,1,0.1298661437688107,0.48778595770042416,0
83,36.0,17.0,5,rbf_svc,1,0.31691380542627534,0.48778595770042416,0
83,37.0,16.0,5,rbf_svc,1,0.1774652732298207,0.48778595770042416,0
83,38.0,15.0,5,rbf_svc,1,0.46511679393959676,0.48778595770042416,0
83,39.0,14.0,5,rbf_svc,1,0.60844609988584,0.48778595770042416,1
83,40.0,13.0,5,rbf_svc,1,0.6979043831885008,0.48778595770042416,1
83,41.0,12.0,5,rbf_svc,1,0.7409953410224057,0.48778595770042416,1
83,42.0,11.0,5,rbf_svc,1,0.7459690797121228,0.48778595770042416,1
83,43.0,10.0,5,rbf_svc,1,0.6700901943069459,0.48778595770042416,1
83,44.0,9.0,5,rbf_svc,1,0.9130271002587068,0.48778595770042416,1
83,45.0,8.0,5,rbf_svc,1,0.9635681512514832,0.48778595770042416,1
83,46.0,7.0,5,rbf_svc,1,0.9854258118704208,0.48778595770042416,1
83,47.0,6.0,5,rbf_svc,1,0.9684067687762162,0.48778595770042416,1
83,48.0,5.0,5,rbf_svc,1,0.9927684093063192,0.48778595770042416,1
83,49.0,4.0,5,rbf_svc,1,0.9999848700157481,0.48778595770042416,1
83,50.0,3.0,5,rbf_svc,1,0.9999997008084248,0.48778595770042416,1
83,51.0,2.0,5,rbf_svc,1,0.9699391258552276,0.48778595770042416,1
83,52.0,1.0,5,rbf_svc,1,0.9999998791749016,0.48778595770042416,1
83,53.0,0.0,5,rbf_svc,1,0.9999999972463905,0.48778595770042416,1
84,1.0,47.0,4,hist_gradient_boosting,0,0.0002153530333347871,0.6936009670541174,0
84,2.0,46.0,4,hist_gradient_boosting,0,0.0003235878224038388,0.6936009670541174,0
84,3.0,45.0,4,hist_gradient_boosting,0,0.0001012310830413858,0.6936009670541174,0
84,4.0,44.0,4,hist_gradient_boosting,0,0.0003760847360776467,0.6936009670541174,0
84,5.0,43.0,4,hist_gradient_boosting,0,0.0001910606238860855,0.6936009670541174,0
84,6.0,42.0,4,hist_gradient_boosting,0,0.00016204098378742768,0.6936009670541174,0
84,7.0,41.0,4,hist_gradient_boosting,0,0.003647002647557839,0.6936009670541174,0
84,8.0,40.0,4,hist_gradient_boosting,0,0.00011509165503841736,0.6936009670541174,0
84,9.0,39.0,4,hist_gradient_boosting,0,0.00012489626307630262,0.6936009670541174,0
84,10.0,38.0,4,hist_gradient_boosting,0,0.0001407692059488537,0.6936009670541174,0
84,11.0,37.0,4,hist_gradient_boosting,0,0.000297453110255565,0.6936009670541174,0
84,12.0,36.0,4,hist_gradient_boosting,0,0.0001539621631294951,0.6936009670541174,0
84,13.0,35.0,4,hist_gradient_boosting,0,8.202150413567669e-05,0.6936009670541174,0
84,14.0,34.0,4,hist_gradient_boosting,0,0.0003113180911146047,0.6936009670541174,0
84,15.0,33.0,4,hist_gradient_boosting,0,0.0002656053840063914,0.6936009670541174,0
84,16.0,32.0,4,hist_gradient_boosting,0,0.0003124401855765024,0.6936009670541174,0
84,17.0,31.0,4,hist_gradient_boosting,0,0.00028898677698543733,0.6936009670541174,0
84,18.0,30.0,4,hist_gradient_boosting,0,0.0014009394745677156,0.6936009670541174,0
84,19.0,29.0,4,hist_gradient_boosting,0,0.00443751472544297,0.6936009670541174,0
84,20.0,28.0,4,hist_gradient_boosting,0,0.00013573928620662137,0.6936009670541174,0
84,21.0,27.0,4,hist_gradient_boosting,0,0.00045261014397549656,0.6936009670541174,0
84,22.0,26.0,4,hist_gradient_boosting,0,0.00016415948951397405,0.6936009670541174,0
84,23.0,25.0,4,hist_gradient_boosting,0,0.0001462820710393088,0.6936009670541174,0
84,24.0,24.0,4,hist_gradient_boosting,0,0.00029504114547963654,0.6936009670541174,0
84,25.0,23.0,4,hist_gradient_boosting,0,0.0007015018862227666,0.6936009670541174,0
84,26.0,22.0,4,hist_gradient_boosting,0,0.00032187004092040355,0.6936009670541174,0
84,27.0,21.0,4,hist_gradient_boosting,0,8.84377918563703e-05,0.6936009670541174,0
84,28.0,20.0,4,hist_gradient_boosting,1,0.00044720623524783907,0.6936009670541174,0
84,29.0,19.0,4,hist_gradient_boosting,1,0.0004699189378747641,0.6936009670541174,0
84,30.0,18.0,4,hist_gradient_boosting,1,0.0031768029633960897,0.6936009670541174,0
84,31.0,17.0,4,hist_gradient_boosting,1,0.011356335090583425,0.6936009670541174,0
84,32.0,16.0,4,hist_gradient_boosting,1,0.05796028239364723,0.6936009670541174,0
84,33.0,15.0,4,hist_gradient_boosting,1,0.4020339776853478,0.6936009670541174,0
84,34.0,14.0,4,hist_gradient_boosting,1,0.9362404576666515,0.6936009670541174,1
84,35.0,13.0,4,hist_gradient_boosting,1,0.7733987538722782,0.6936009670541174,1
84,36.0,12.0,4,hist_gradient_boosting,1,0.5197409402975051,0.6936009670541174,0
84,37.0,11.0,4,hist_gradient_boosting,1,0.9257789792644754,0.6936009670541174,1
84,38.0,10.0,4,hist_gradient_boosting,1,0.9921932109757298,0.6936009670541174,1
84,39.0,9.0,4,hist_gradient_boosting,1,0.9939278894399328,0.6936009670541174,1
84,40.0,8.0,4,hist_gradient_boosting,1,0.5606469305594719,0.6936009670541174,0
84,41.0,7.0,4,hist_gradient_boosting,1,0.9831487265479849,0.6936009670541174,1
84,42.0,6.0,4,hist_gradient_boosting,1,0.9899092412855264,0.6936009670541174,1
84,43.0,5.0,4,hist_gradient_boosting,1,0.996679152905635,0.6936009670541174,1
84,44.0,4.0,4,hist_gradient_boosting,1,0.9968534977571174,0.6936009670541174,1
84,45.0,3.0,4,hist_gradient_boosting,1,0.9989972157354543,0.6936009670541174,1
84,46.0,2.0,4,hist_gradient_boosting,1,0.9974837523888074,0.6936009670541174,1
84,47.0,1.0,4,hist_gradient_boosting,1,0.9968348910214467,0.6936009670541174,1
84,48.0,0.0,4,hist_gradient_boosting,1,0.9997397523790443,0.6936009670541174,1
85,1.0,49.0,2,hist_gradient_boosting,0,0.00019500431120935733,0.6510141822896698,0
85,2.0,48.0,2,hist_gradient_boosting,0,0.0013056214659727917,0.6510141822896698,0
85,3.0,47.0,2,hist_gradient_boosting,0,0.00021643138626874304,0.6510141822896698,0
85,4.0,46.0,2,hist_gradient_boosting,0,0.0004528919410277465,0.6510141822896698,0
85,5.0,45.0,2,hist_gradient_boosting,0,0.00016946206447188413,0.6510141822896698,0
85,6.0,44.0,2,hist_gradient_boosting,0,0.00024723242355340335,0.6510141822896698,0
85,7.0,43.0,2,hist_gradient_boosting,0,0.0003034417538487778,0.6510141822896698,0
85,8.0,42.0,2,hist_gradient_boosting,0,0.00041863601720520314,0.6510141822896698,0
85,9.0,41.0,2,hist_gradient_boosting,0,0.00018459962923701115,0.6510141822896698,0
85,10.0,40.0,2,hist_gradient_boosting,0,0.00022748139119848693,0.6510141822896698,0
85,11.0,39.0,2,hist_gradient_boosting,0,0.000383459594691782,0.6510141822896698,0
85,12.0,38.0,2,hist_gradient_boosting,0,0.0003698020455655199,0.6510141822896698,0
85,13.0,37.0,2,hist_gradient_boosting,0,0.0002588102966913418,0.6510141822896698,0
85,14.0,36.0,2,hist_gradient_boosting,0,0.00022633100676445794,0.6510141822896698,0
85,15.0,35.0,2,hist_gradient_boosting,0,0.00033151271738766957,0.6510141822896698,0
85,16.0,34.0,2,hist_gradient_boosting,0,0.00027644543630887363,0.6510141822896698,0
85,17.0,33.0,2,hist_gradient_boosting,0,0.0008026918966085692,0.6510141822896698,0
85,18.0,32.0,2,hist_gradient_boosting,0,0.0016232142505517278,0.6510141822896698,0
85,19.0,31.0,2,hist_gradient_boosting,0,0.00010953301479958267,0.6510141822896698,0
85,20.0,30.0,2,hist_gradient_boosting,0,0.0002262315545650432,0.6510141822896698,0
85,21.0,29.0,2,hist_gradient_boosting,0,0.0004335454236052582,0.6510141822896698,0
85,22.0,28.0,2,hist_gradient_boosting,0,0.0004142877019245618,0.6510141822896698,0
85,23.0,27.0,2,hist_gradient_boosting,0,0.0005305290603350724,0.6510141822896698,0
85,24.0,26.0,2,hist_gradient_boosting,0,0.00019729559553705337,0.6510141822896698,0
85,25.0,25.0,2,hist_gradient_boosting,0,0.0003784764142745622,0.6510141822896698,0
85,26.0,24.0,2,hist_gradient_boosting,0,0.0038658084413539916,0.6510141822896698,0
85,27.0,23.0,2,hist_gradient_boosting,0,0.0001986852009987268,0.6510141822896698,0
85,28.0,22.0,2,hist_gradient_boosting,0,0.03777417382052186,0.6510141822896698,0
85,29.0,21.0,2,hist_gradient_boosting,0,0.20227830917147577,0.6510141822896698,0
85,30.0,20.0,2,hist_gradient_boosting,1,0.04245084234222251,0.6510141822896698,0
85,31.0,19.0,2,hist_gradient_boosting,1,0.07839139549346559,0.6510141822896698,0
85,32.0,18.0,2,hist_gradient_boosting,1,0.3071424851001944,0.6510141822896698,0
85,33.0,17.0,2,hist_gradient_boosting,1,0.1781296305753401,0.6510141822896698,0
85,34.0,16.0,2,hist_gradient_boosting,1,0.5289135120381859,0.6510141822896698,0
85,35.0,15.0,2,hist_gradient_boosting,1,0.3190129137300757,0.6510141822896698,0
85,36.0,14.0,2,hist_gradient_boosting,1,0.21598400128225922,0.6510141822896698,0
85,37.0,13.0,2,hist_gradient_boosting,1,0.503864019280047,0.6510141822896698,0
85,38.0,12.0,2,hist_gradient_boosting,1,0.1093801396706854,0.6510141822896698,0
85,39.0,11.0,2,hist_gradient_boosting,1,0.9765906158427703,0.6510141822896698,1
85,40.0,10.0,2,hist_gradient_boosting,1,0.9614770500035033,0.6510141822896698,1
85,41.0,9.0,2,hist_gradient_boosting,1,0.9406519164346234,0.6510141822896698,1
85,42.0,8.0,2,hist_gradient_boosting,1,0.8740852640609481,0.6510141822896698,1
85,43.0,7.0,2,hist_gradient_boosting,1,0.9966229612580874,0.6510141822896698,1
85,44.0,6.0,2,hist_gradient_boosting,1,0.9904812070401976,0.6510141822896698,1
85,45.0,5.0,2,hist_gradient_boosting,1,0.9976862428903676,0.6510141822896698,1
85,46.0,4.0,2,hist_gradient_boosting,1,0.9747346610078192,0.6510141822896698,1
85,47.0,3.0,2,hist_gradient_boosting,1,0.998735182138671,0.6510141822896698,1
85,48.0,2.0,2,hist_gradient_boosting,1,0.9988354696286637,0.6510141822896698,1
85,49.0,1.0,2,hist_gradient_boosting,1,0.9997162482023796,0.6510141822896698,1
85,50.0,0.0,2,hist_gradient_boosting,1,0.9998519639362198,0.6510141822896698,1
86,1.0,59.0,1,rbf_svc,0,0.00022772333259385457,0.5280302851876438,0
86,2.0,58.0,1,rbf_svc,0,0.0006634730308574384,0.5280302851876438,0
86,3.0,57.0,1,rbf_svc,0,0.0026787867698356738,0.5280302851876438,0
86,4.0,56.0,1,rbf_svc,0,0.009011583044370856,0.5280302851876438,0
86,5.0,55.0,1,rbf_svc,0,0.00012030747239506402,0.5280302851876438,0
86,6.0,54.0,1,rbf_svc,0,0.0020284503380617663,0.5280302851876438,0
86,7.0,53.0,1,rbf_svc,0,0.004688229649714571,0.5280302851876438,0
86,8.0,52.0,1,rbf_svc,0,0.004138300331989114,0.5280302851876438,0
86,9.0,51.0,1,rbf_svc,0,0.0028419750211612577,0.5280302851876438,0
86,10.0,50.0,1,rbf_svc,0,0.005524371294617313,0.5280302851876438,0
86,11.0,49.0,1,rbf_svc,0,0.002687009595857648,0.5280302851876438,0
86,12.0,48.0,1,rbf_svc,0,0.0066490736090698,0.5280302851876438,0
86,13.0,47.0,1,rbf_svc,0,0.0029013969820970084,0.5280302851876438,0
86,14.0,46.0,1,rbf_svc,0,0.0061149779754083936,0.5280302851876438,0
86,15.0,45.0,1,rbf_svc,0,0.01217946563570865,0.5280302851876438,0
86,16.0,44.0,1,rbf_svc,0,0.034791727999116874,0.5280302851876438,0
86,17.0,43.0,1,rbf_svc,0,0.02957226218332107,0.5280302851876438,0
86,18.0,42.0,1,rbf_svc,0,0.007521662235394556,0.5280302851876438,0
86,19.0,41.0,1,rbf_svc,0,0.002296685401563301,0.5280302851876438,0
86,20.0,40.0,1,rbf_svc,0,0.018087441107020198,0.5280302851876438,0
86,21.0,39.0,1,rbf_svc,0,0.014755111210245751,0.5280302851876438,0
86,22.0,38.0,1,rbf_svc,0,0.010771424080890265,0.5280302851876438,0
86,23.0,37.0,1,rbf_svc,0,0.015212658753127807,0.5280302851876438,0
86,24.0,36.0,1,rbf_svc,0,0.007991069336468277,0.5280302851876438,0
86,25.0,35.0,1,rbf_svc,0,0.02197528203742448,0.5280302851876438,0
86,26.0,34.0,1,rbf_svc,0,0.0016763578704613875,0.5280302851876438,0
86,27.0,33.0,1,rbf_svc,0,0.04175743953557806,0.5280302851876438,0
86,28.0,32.0,1,rbf_svc,0,0.029885834722734032,0.5280302851876438,0
86,29.0,31.0,1,rbf_svc,0,0.02176990798059112,0.5280302851876438,0
86,30.0,30.0,1,rbf_svc,0,0.04129245163672455,0.5280302851876438,0
86,31.0,29.0,1,rbf_svc,0,0.0663886867644547,0.5280302851876438,0
86,32.0,28.0,1,rbf_svc,0,0.027059788716259147,0.5280302851876438,0
86,33.0,27.0,1,rbf_svc,0,0.05953891711792959,0.5280302851876438,0
86,34.0,26.0,1,rbf_svc,0,0.049556120235693925,0.5280302851876438,0
86,35.0,25.0,1,rbf_svc,0,0.07589941505927568,0.5280302851876438,0
86,36.0,24.0,1,rbf_svc,0,0.1582342491489533,0.5280302851876438,0
86,37.0,23.0,1,rbf_svc,0,0.14900693201295645,0.5280302851876438,0
86,38.0,22.0,1,rbf_svc,0,0.2084435312168404,0.5280302851876438,0
86,39.0,21.0,1,rbf_svc,0,0.23255368033679077,0.5280302851876438,0
86,40.0,20.0,1,rbf_svc,1,0.21818382960882077,0.5280302851876438,0
86,41.0,19.0,1,rbf_svc,1,0.15313255867138756,0.5280302851876438,0
86,42.0,18.0,1,rbf_svc,1,0.5,0.5280302851876438,0
86,43.0,17.0,1,rbf_svc,1,0.5378448011907152,0.5280302851876438,1
86,44.0,16.0,1,rbf_svc,1,0.4152761563252753,0.5280302851876438,0
86,45.0,15.0,1,rbf_svc,1,0.48663992439349485,0.5280302851876438,0
86,46.0,14.0,1,rbf_svc,1,0.43045253758434765,0.5280302851876438,0
86,47.0,13.0,1,rbf_svc,1,0.8523917629967753,0.5280302851876438,1
86,48.0,12.0,1,rbf_svc,1,0.6571558048446529,0.5280302851876438,1
86,49.0,11.0,1,rbf_svc,1,0.2625165338081139,0.5280302851876438,0
86,50.0,10.0,1,rbf_svc,1,0.8986671282453752,0.5280302851876438,1
86,51.0,9.0,1,rbf_svc,1,0.9669127277750963,0.5280302851876438,1
86,52.0,8.0,1,rbf_svc,1,0.996058665808538,0.5280302851876438,1
86,53.0,7.0,1,rbf_svc,1,0.9902972209522672,0.5280302851876438,1
86,54.0,6.0,1,rbf_svc,1,0.9384422964551736,0.5280302851876438,1
86,55.0,5.0,1,rbf_svc,1,0.999994979888861,0.5280302851876438,1
86,56.0,4.0,1,rbf_svc,1,0.9973230807876777,0.5280302851876438,1
86,57.0,3.0,1,rbf_svc,1,0.9999990357017688,0.5280302851876438,1
86,58.0,2.0,1,rbf_svc,1,0.999989309192839,0.5280302851876438,1
86,59.0,1.0,1,rbf_svc,1,0.9687249375627008,0.5280302851876438,1
86,60.0,0.0,1,rbf_svc,1,0.999998476373732,0.5280302851876438,1
87,1.0,61.0,5,rbf_svc,0,0.00012499594897773527,0.48778595770042416,0
87,2.0,60.0,5,rbf_svc,0,0.001482006663667012,0.48778595770042416,0
87,3.0,59.0,5,rbf_svc,0,0.002199056969033598,0.48778595770042416,0
87,4.0,58.0,5,rbf_svc,0,0.0002248865097148047,0.48778595770042416,0
87,5.0,57.0,5,rbf_svc,0,0.000826724395124633,0.48778595770042416,0
87,6.0,56.0,5,rbf_svc,0,0.00040711774944893306,0.48778595770042416,0
87,7.0,55.0,5,rbf_svc,0,0.012071731735450852,0.48778595770042416,0
87,8.0,54.0,5,rbf_svc,0,0.0006273610501970188,0.48778595770042416,0
87,9.0,53.0,5,rbf_svc,0,0.0001947706195443117,0.48778595770042416,0
87,10.0,52.0,5,rbf_svc,0,7.970648537551662e-05,0.48778595770042416,0
87,11.0,51.0,5,rbf_svc,0,0.0009416742141309466,0.48778595770042416,0
87,12.0,50.0,5,rbf_svc,0,0.00042536956246565737,0.48778595770042416,0
87,13.0,49.0,5,rbf_svc,0,0.0023886877776826553,0.48778595770042416,0
87,14.0,48.0,5,rbf_svc,0,0.0046952100326726086,0.48778595770042416,0
87,15.0,47.0,5,rbf_svc,0,0.0036600932889824613,0.48778595770042416,0
87,16.0,46.0,5,rbf_svc,0,0.007248492650804887,0.48778595770042416,0
87,17.0,45.0,5,rbf_svc,0,0.012223488126442986,0.48778595770042416,0
87,18.0,44.0,5,rbf_svc,0,0.004992887520278966,0.48778595770042416,0
87,19.0,43.0,5,rbf_svc,0,0.00044025415250304383,0.48778595770042416,0
87,20.0,42.0,5,rbf_svc,0,0.004227676175410877,0.48778595770042416,0
87,21.0,41.0,5,rbf_svc,0,0.011241174852680814,0.48778595770042416,0
87,22.0,40.0,5,rbf_svc,0,0.003330170794214032,0.48778595770042416,0
87,23.0,39.0,5,rbf_svc,0,0.008446893073034359,0.48778595770042416,0
87,24.0,38.0,5,rbf_svc,0,0.009105573330553963,0.48778595770042416,0
87,25.0,37.0,5,rbf_svc,0,0.025214599453392612,0.48778595770042416,0
87,26.0,36.0,5,rbf_svc,0,0.013527805307203381,0.48778595770042416,0
87,27.0,35.0,5,rbf_svc,0,0.013051054143659115,0.48778595770042416,0
87,28.0,34.0,5,rbf_svc,0,0.0026021111217458463,0.48778595770042416,0
87,29.0,33.0,5,rbf_svc,0,0.018504045662816045,0.48778595770042416,0
87,30.0,32.0,5,rbf_svc,0,0.03898525585832247,0.48778595770042416,0
87,31.0,31.0,5,rbf_svc,0,0.005058088445791375,0.48778595770042416,0
87,32.0,30.0,5,rbf_svc,0,0.0454766271611829,0.48778595770042416,0
87,33.0,29.0,5,rbf_svc,0,0.09304822833049634,0.48778595770042416,0
87,34.0,28.0,5,rbf_svc,0,0.08570206960398989,0.48778595770042416,0
87,35.0,27.0,5,rbf_svc,0,0.06580211032193203,0.48778595770042416,0
87,36.0,26.0,5,rbf_svc,0,0.10717901060116915,0.48778595770042416,0
87,37.0,25.0,5,rbf_svc,0,0.10581107687804212,0.48778595770042416,0
87,38.0,24.0,5,rbf_svc,0,0.013307590406805243,0.48778595770042416,0
87,39.0,23.0,5,rbf_svc,0,0.11036230178441676,0.48778595770042416,0
87,40.0,22.0,5,rbf_svc,0,0.04178869326555676,0.48778595770042416,0
87,41.0,21.0,5,rbf_svc,0,0.1437789964497004,0.48778595770042416,0
87,42.0,20.0,5,rbf_svc,1,0.2097017451643212,0.48778595770042416,0
87,43.0,19.0,5,rbf_svc,1,0.2436519359121404,0.48778595770042416,0
87,44.0,18.0,5,rbf_svc,1,0.15014382545177546,0.48778595770042416,0
87,45.0,17.0,5,rbf_svc,1,0.057500170821991055,0.48778595770042416,0
87,46.0,16.0,5,rbf_svc,1,0.5844992014834692,0.48778595770042416,1
87,47.0,15.0,5,rbf_svc,1,0.4147256437581957,0.48778595770042416,0
87,48.0,14.0,5,rbf_svc,1,0.6893403107914337,0.48778595770042416,1
87,49.0,13.0,5,rbf_svc,1,0.43983550021506607,0.48778595770042416,0
87,50.0,12.0,5,rbf_svc,1,0.7466441073031789,0.48778595770042416,1
87,51.0,11.0,5,rbf_svc,1,0.42193278401699874,0.48778595770042416,0
87,52.0,10.0,5,rbf_svc,1,0.7390808385902196,0.48778595770042416,1
87,53.0,9.0,5,rbf_svc,1,0.7057221546820716,0.48778595770042416,1
87,54.0,8.0,5,rbf_svc,1,0.9359692444682643,0.48778595770042416,1
87,55.0,7.0,5,rbf_svc,1,0.9428275812368174,0.48778595770042416,1
87,56.0,6.0,5,rbf_svc,1,0.7796337478141638,0.48778595770042416,1
87,57.0,5.0,5,rbf_svc,1,0.8717765387103371,0.48778595770042416,1
87,58.0,4.0,5,rbf_svc,1,0.9783772182053395,0.48778595770042416,1
87,59.0,3.0,5,rbf_svc,1,0.995890405691038,0.48778595770042416,1
87,60.0,2.0,5,rbf_svc,1,0.9943634769003502,0.48778595770042416,1
87,61.0,1.0,5,rbf_svc,1,0.9700575356075039,0.48778595770042416,1
87,62.0,0.0,5,rbf_svc,1,0.9999908776686791,0.48778595770042416,1
88,1.0,61.0,3,hist_gradient_boosting,0,8.407858082109142e-05,0.6323221630840011,0
88,2.0,60.0,3,hist_gradient_boosting,0,0.00022690204826480214,0.6323221630840011,0
88,3.0,59.0,3,hist_gradient_boosting,0,0.00016758117605595094,0.6323221630840011,0
88,4.0,58.0,3,hist_gradient_boosting,0,9.435758101651451e-05,0.6323221630840011,0
88,5.0,57.0,3,hist_gradient_boosting,0,0.00014060765159367415,0.6323221630840011,0
88,6.0,56.0,3,hist_gradient_boosting,0,0.00011321434085379968,0.6323221630840011,0
88,7.0,55.0,3,hist_gradient_boosting,0,0.0001777000996314001,0.6323221630840011,0
88,8.0,54.0,3,hist_gradient_boosting,0,5.585908113712734e-05,0.6323221630840011,0
88,9.0,53.0,3,hist_gradient_boosting,0,0.0001318603077149658,0.6323221630840011,0
88,10.0,52.0,3,hist_gradient_boosting,0,0.0001879043877108525,0.6323221630840011,0
88,11.0,51.0,3,hist_gradient_boosting,0,0.0002762684981116494,0.6323221630840011,0
88,12.0,50.0,3,hist_gradient_boosting,0,0.00015752983387811714,0.6323221630840011,0
88,13.0,49.0,3,hist_gradient_boosting,0,0.00010146854482384241,0.6323221630840011,0
88,14.0,48.0,3,hist_gradient_boosting,0,0.00013326588724524763,0.6323221630840011,0
88,15.0,47.0,3,hist_gradient_boosting,0,0.00022490705970153435,0.6323221630840011,0
88,16.0,46.0,3,hist_gradient_boosting,0,0.00019540825643874518,0.6323221630840011,0
88,17.0,45.0,3,hist_gradient_boosting,0,0.00035529042357289537,0.6323221630840011,0
88,18.0,44.0,3,hist_gradient_boosting,0,0.0001412565438702685,0.6323221630840011,0
88,19.0,43.0,3,hist_gradient_boosting,0,0.00015042103948099362,0.6323221630840011,0
88,20.0,42.0,3,hist_gradient_boosting,0,0.0003899163225052966,0.6323221630840011,0
88,21.0,41.0,3,hist_gradient_boosting,0,0.00010211650801681881,0.6323221630840011,0
88,22.0,40.0,3,hist_gradient_boosting,0,0.0005157916370880115,0.6323221630840011,0
88,23.0,39.0,3,hist_gradient_boosting,0,0.00019324952989825865,0.6323221630840011,0
88,24.0,38.0,3,hist_gradient_boosting,0,0.00010973168063848116,0.6323221630840011,0
88,25.0,37.0,3,hist_gradient_boosting,0,0.0002403946229078755,0.6323221630840011,0
88,26.0,36.0,3,hist_gradient_boosting,0,0.00023021052398561242,0.6323221630840011,0
88,27.0,35.0,3,hist_gradient_boosting,0,0.00016702102402449165,0.6323221630840011,0
88,28.0,34.0,3,hist_gradient_boosting,0,0.00046403142136037726,0.6323221630840011,0
88,29.0,33.0,3,hist_gradient_boosting,0,0.0008808910696142338,0.6323221630840011,0
88,30.0,32.0,3,hist_gradient_boosting,0,0.0027335605745701613,0.6323221630840011,0
88,31.0,31.0,3,hist_gradient_boosting,0,0.046281198348384366,0.6323221630840011,0
88,32.0,30.0,3,hist_gradient_boosting,0,0.0080869031305204,0.6323221630840011,0
88,33.0,29.0,3,hist_gradient_boosting,0,0.06305978553710713,0.6323221630840011,0
88,34.0,28.0,3,hist_gradient_boosting,0,0.19033762332744347,0.6323221630840011,0
88,35.0,27.0,3,hist_gradient_boosting,0,0.049515412036187235,0.6323221630840011,0
88,36.0,26.0,3,hist_gradient_boosting,0,0.07877384039297382,0.6323221630840011,0
88,37.0,25.0,3,hist_gradient_boosting,0,0.2881359714343951,0.6323221630840011,0
88,38.0,24.0,3,hist_gradient_boosting,0,0.057789611727351836,0.6323221630840011,0
88,39.0,23.0,3,hist_gradient_boosting,0,0.14332742191386347,0.6323221630840011,0
88,40.0,22.0,3,hist_gradient_boosting,0,0.4655002301842416,0.6323221630840011,0
88,41.0,21.0,3,hist_gradient_boosting,0,0.09376987158308359,0.6323221630840011,0
88,42.0,20.0,3,hist_gradient_boosting,1,0.15550589553413371,0.6323221630840011,0
88,43.0,19.0,3,hist_gradient_boosting,1,0.6663766037100661,0.6323221630840011,1
88,44.0,18.0,3,hist_gradient_boosting,1,0.8423642218988292,0.6323221630840011,1
88,45.0,17.0,3,hist_gradient_boosting,1,0.5759668295096161,0.6323221630840011,0
88,46.0,16.0,3,hist_gradient_boosting,1,0.4742091642566228,0.6323221630840011,0
88,47.0,15.0,3,hist_gradient_boosting,1,0.9455617645880108,0.6323221630840011,1
88,48.0,14.0,3,hist_gradient_boosting,1,0.5790122518281876,0.6323221630840011,0
88,49.0,13.0,3,hist_gradient_boosting,1,0.8497135109605702,0.6323221630840011,1
88,50.0,12.0,3,hist_gradient_boosting,1,0.6525128744646451,0.6323221630840011,1
88,51.0,11.0,3,hist_gradient_boosting,1,0.8232923958577525,0.6323221630840011,1
88,52.0,10.0,3,hist_gradient_boosting,1,0.9866406074379845,0.6323221630840011,1
88,53.0,9.0,3,hist_gradient_boosting,1,0.970008833050902,0.6323221630840011,1
88,54.0,8.0,3,hist_gradient_boosting,1,0.9912941954814689,0.6323221630840011,1
88,55.0,7.0,3,hist_gradient_boosting,1,0.9939714627239459,0.6323221630840011,1
88,56.0,6.0,3,hist_gradient_boosting,1,0.9929952316541868,0.6323221630840011,1
88,57.0,5.0,3,hist_gradient_boosting,1,0.9924471853100314,0.6323221630840011,1
88,58.0,4.0,3,hist_gradient_boosting,1,0.9979576383304173,0.6323221630840011,1
88,59.0,3.0,3,hist_gradient_boosting,1,0.992466833617153,0.6323221630840011,1
88,60.0,2.0,3,hist_gradient_boosting,1,0.9991334137262415,0.6323221630840011,1
88,61.0,1.0,3,hist_gradient_boosting,1,0.9996190595424626,0.6323221630840011,1
88,62.0,0.0,3,hist_gradient_boosting,1,0.9987755990137056,0.6323221630840011,1
89,1.0,58.0,5,rbf_svc,0,0.0004141989951467424,0.48778595770042416,0
89,2.0,57.0,5,rbf_svc,0,0.000157032358107678,0.48778595770042416,0
89,3.0,56.0,5,rbf_svc,0,0.000355256435527895,0.48778595770042416,0
89,4.0,55.0,5,rbf_svc,0,0.0003854734874808775,0.48778595770042416,0
89,5.0,54.0,5,rbf_svc,0,0.00076913499836149,0.48778595770042416,0
89,6.0,53.0,5,rbf_svc,0,0.007403299454789917,0.48778595770042416,0
89,7.0,52.0,5,rbf_svc,0,0.0005385140141177391,0.48778595770042416,0
89,8.0,51.0,5,rbf_svc,0,0.002399301446017129,0.48778595770042416,0
89,9.0,50.0,5,rbf_svc,0,0.0011922910182431213,0.48778595770042416,0
89,10.0,49.0,5,rbf_svc,0,0.000622358959221732,0.48778595770042416,0
89,11.0,48.0,5,rbf_svc,0,0.0002033519296610349,0.48778595770042416,0
89,12.0,47.0,5,rbf_svc,0,0.0009141736951878173,0.48778595770042416,0
89,13.0,46.0,5,rbf_svc,0,0.001639472862049465,0.48778595770042416,0
89,14.0,45.0,5,rbf_svc,0,0.0023010649677942924,0.48778595770042416,0
89,15.0,44.0,5,rbf_svc,0,0.0006347053999618457,0.48778595770042416,0
89,16.0,43.0,5,rbf_svc,0,0.01678605220229277,0.48778595770042416,0
89,17.0,42.0,5,rbf_svc,0,0.002281409843564728,0.48778595770042416,0
89,18.0,41.0,5,rbf_svc,0,0.0024764402734403536,0.48778595770042416,0
89,19.0,40.0,5,rbf_svc,0,0.0019099712027784784,0.48778595770042416,0
89,20.0,39.0,5,rbf_svc,0,0.0012952078687030548,0.48778595770042416,0
89,21.0,38.0,5,rbf_svc,0,0.0009929873430238648,0.48778595770042416,0
89,22.0,37.0,5,rbf_svc,0,0.03215574375734502,0.48778595770042416,0
89,23.0,36.0,5,rbf_svc,0,0.006741928615874714,0.48778595770042416,0
89,24.0,35.0,5,rbf_svc,0,0.012365750692151402,0.48778595770042416,0
89,25.0,34.0,5,rbf_svc,0,0.0059790681521248714,0.48778595770042416,0
89,26.0,33.0,5,rbf_svc,0,0.03540357939126968,0.48778595770042416,0
89,27.0,32.0,5,rbf_svc,0,0.012026940895248747,0.48778595770042416,0
89,28.0,31.0,5,rbf_svc,0,0.0029254334060888915,0.48778595770042416,0
89,29.0,30.0,5,rbf_svc,0,0.050114805916441435,0.48778595770042416,0
89,30.0,29.0,5,rbf_svc,0,0.017534074736382053,0.48778595770042416,0
89,31.0,28.0,5,rbf_svc,0,0.03098266147539367,0.48778595770042416,0
89,32.0,27.0,5,rbf_svc,0,0.04054514537070565,0.48778595770042416,0
89,33.0,26.0,5,rbf_svc,0,0.05765400445969103,0.48778595770042416,0
89,34.0,25.0,5,rbf_svc,0,0.014253764061937102,0.48778595770042416,0
89,35.0,24.0,5,rbf_svc,0,0.10537391218055159,0.48778595770042416,0
89,36.0,23.0,5,rbf_svc,0,0.10094479342104146,0.48778595770042416,0
89,37.0,22.0,5,rbf_svc,0,0.11256809025943587,0.48778595770042416,0
89,38.0,21.0,5,rbf_svc,0,0.23544644920462915,0.48778595770042416,0
89,39.0,20.0,5,rbf_svc,1,0.306962534091939,0.48778595770042416,0
89,40.0,19.0,5,rbf_svc,1,0.2570993234063496,0.48778595770042416,0
89,41.0,18.0,5,rbf_svc,1,0.5554684062050649,0.48778595770042416,1
89,42.0,17.0,5,rbf_svc,1,0.31053817280218876,0.48778595770042416,0
89,43.0,16.0,5,rbf_svc,1,0.5602889962125256,0.48778595770042416,1
89,44.0,15.0,5,rbf_svc,1,0.4583697995812159,0.48778595770042416,0
89,45.0,14.0,5,rbf_svc,1,0.7954542023908948,0.48778595770042416,1
89,46.0,13.0,5,rbf_svc,1,0.8343885039100007,0.48778595770042416,1
89,47.0,12.0,5,rbf_svc,1,0.8762251701544284,0.48778595770042416,1
89,48.0,11.0,5,rbf_svc,1,0.9242989462581783,0.48778595770042416,1
89,49.0,10.0,5,rbf_svc,1,0.9609373731326267,0.48778595770042416,1
89,50.0,9.0,5,rbf_svc,1,0.9756453882926013,0.48778595770042416,1
89,51.0,8.0,5,rbf_svc,1,0.9577423561500684,0.48778595770042416,1
89,52.0,7.0,5,rbf_svc,1,0.9879130822688234,0.48778595770042416,1
89,53.0,6.0,5,rbf_svc,1,0.9970531538596431,0.48778595770042416,1
89,54.0,5.0,5,rbf_svc,1,0.9910377391851337,0.48778595770042416,1
89,55.0,4.0,5,rbf_svc,1,0.9999955198759022,0.48778595770042416,1
89,56.0,3.0,5,rbf_svc,1,0.9970810942105377,0.48778595770042416,1
89,57.0,2.0,5,rbf_svc,1,0.9999999954261283,0.48778595770042416,1
89,58.0,1.0,5,rbf_svc,1,0.9971744341115015,0.48778595770042416,1
89,59.0,0.0,5,rbf_svc,1,0.9999999981305401,0.48778595770042416,1
90,1.0,53.0,3,hist_gradient_boosting,0,6.398423480757278e-05,0.6323221630840011,0
90,2.0,52.0,3,hist_gradient_boosting,0,0.00011000281085230112,0.6323221630840011,0
90,3.0,51.0,3,hist_gradient_boosting,0,0.00029171671683914785,0.6323221630840011,0
90,4.0,50.0,3,hist_gradient_boosting,0,9.848273571940927e-05,0.6323221630840011,0
90,5.0,49.0,3,hist_gradient_boosting,0,3.6897048368809896e-05,0.6323221630840011,0
90,6.0,48.0,3,hist_gradient_boosting,0,0.00020861771141902525,0.6323221630840011,0
90,7.0,47.0,3,hist_gradient_boosting,0,0.00018183788092160637,0.6323221630840011,0
90,8.0,46.0,3,hist_gradient_boosting,0,5.9683022904470446e-05,0.6323221630840011,0
90,9.0,45.0,3,hist_gradient_boosting,0,9.361933071636688e-05,0.6323221630840011,0
90,10.0,44.0,3,hist_gradient_boosting,0,0.0003527990282526819,0.6323221630840011,0
90,11.0,43.0,3,hist_gradient_boosting,0,0.0001544494825362245,0.6323221630840011,0
90,12.0,42.0,3,hist_gradient_boosting,0,0.00016916719553133859,0.6323221630840011,0
90,13.0,41.0,3,hist_gradient_boosting,0,5.615600471092199e-05,0.6323221630840011,0
90,14.0,40.0,3,hist_gradient_boosting,0,0.00013909365493635216,0.6323221630840011,0
90,15.0,39.0,3,hist_gradient_boosting,0,0.00010501968883022594,0.6323221630840011,0
90,16.0,38.0,3,hist_gradient_boosting,0,0.00032477741147383905,0.6323221630840011,0
90,17.0,37.0,3,hist_gradient_boosting,0,0.00013628855653322362,0.6323221630840011,0
90,18.0,36.0,3,hist_gradient_boosting,0,0.00024031036573507242,0.6323221630840011,0
90,19.0,35.0,3,hist_gradient_boosting,0,0.0003371092426036317,0.6323221630840011,0
90,20.0,34.0,3,hist_gradient_boosting,0,0.00022567579303408016,0.6323221630840011,0
90,21.0,33.0,3,hist_gradient_boosting,0,9.126004513418323e-05,0.6323221630840011,0
90,22.0,32.0,3,hist_gradient_boosting,0,0.00010995246229960323,0.6323221630840011,0
90,23.0,31.0,3,hist_gradient_boosting,0,0.0001588118208246931,0.6323221630840011,0
90,24.0,30.0,3,hist_gradient_boosting,0,0.00013906828309254203,0.6323221630840011,0
90,25.0,29.0,3,hist_gradient_boosting,0,0.0001743101174359847,0.6323221630840011,0
90,26.0,28.0,3,hist_gradient_boosting,0,0.0001890774250334,0.6323221630840011,0
90,27.0,27.0,3,hist_gradient_boosting,0,0.00010232772425341494,0.6323221630840011,0
90,28.0,26.0,3,hist_gradient_boosting,0,0.001991098658842153,0.6323221630840011,0
90,29.0,25.0,3,hist_gradient_boosting,0,0.01884519294224429,0.6323221630840011,0
90,30.0,24.0,3,hist_gradient_boosting,0,0.0015577502463601223,0.6323221630840011,0
90,31.0,23.0,3,hist_gradient_boosting,0,0.00792662553612932,0.6323221630840011,0
90,32.0,22.0,3,hist_gradient_boosting,0,0.026653235805489336,0.6323221630840011,0
90,33.0,21.0,3,hist_gradient_boosting,0,0.0022400935370272576,0.6323221630840011,0
90,34.0,20.0,3,hist_gradient_boosting,1,0.17121834317540732,0.6323221630840011,0
90,35.0,19.0,3,hist_gradient_boosting,1,0.012329474855943982,0.6323221630840011,0
90,36.0,18.0,3,hist_gradient_boosting,1,0.08374237434097627,0.6323221630840011,0
90,37.0,17.0,3,hist_gradient_boosting,1,0.03623035486370803,0.6323221630840011,0
90,38.0,16.0,3,hist_gradient_boosting,1,0.3915177793148772,0.6323221630840011,0
90,39.0,15.0,3,hist_gradient_boosting,1,0.2265863064098313,0.6323221630840011,0
90,40.0,14.0,3,hist_gradient_boosting,1,0.13294086370039976,0.6323221630840011,0
90,41.0,13.0,3,hist_gradient_boosting,1,0.7618132606143553,0.6323221630840011,1
90,42.0,12.0,3,hist_gradient_boosting,1,0.21219696445836997,0.6323221630840011,0
90,43.0,11.0,3,hist_gradient_boosting,1,0.060869001440041925,0.6323221630840011,0
90,44.0,10.0,3,hist_gradient_boosting,1,0.7478726428261085,0.6323221630840011,1
90,45.0,9.0,3,hist_gradient_boosting,1,0.7669717185699116,0.6323221630840011,1
90,46.0,8.0,3,hist_gradient_boosting,1,0.7105977127947406,0.6323221630840011,1
90,47.0,7.0,3,hist_gradient_boosting,1,0.9894481729336378,0.6323221630840011,1
90,48.0,6.0,3,hist_gradient_boosting,1,0.99304860216949,0.6323221630840011,1
90,49.0,5.0,3,hist_gradient_boosting,1,0.9856979507186692,0.6323221630840011,1
90,50.0,4.0,3,hist_gradient_boosting,1,0.9583266032689541,0.6323221630840011,1
90,51.0,3.0,3,hist_gradient_boosting,1,0.9194402580508957,0.6323221630840011,1
90,52.0,2.0,3,hist_gradient_boosting,1,0.9381892483954001,0.6323221630840011,1
90,53.0,1.0,3,hist_gradient_boosting,1,0.9543519545309694,0.6323221630840011,1
90,54.0,0.0,3,hist_gradient_boosting,1,0.9963300433607128,0.6323221630840011,1
