rank,model,accuracy_10,accuracy_15,accuracy_20,rmse,mae,r2,phm_score_normalized,rmse_normalized,rmse_normalized_fixed,mae_normalized_fixed,runtime_seconds
1,cnn_gru,15.542521994134898,21.114369501466275,26.68621700879765,43.06782753465384,37.37187957763672,-2.9835944175720215,45.743214,0.6625819812289563,0.3445426298930644,0.29897502064704895,4.803043842315674
