rank,model,accuracy_10,accuracy_15,accuracy_20,rmse,mae,r2,phm_score_normalized,rmse_normalized,rmse_normalized_fixed,mae_normalized_fixed,runtime_seconds
1,wavenet,87.3900293255132,95.89442815249268,98.82697947214076,6.5230521265286665,4.947991847991943,0.9086158275604248,0.7256057,0.10035464629160361,0.05218441388362147,0.03958393260836601,139.60132884979248
2,cnn_gru,88.85630498533725,95.01466275659824,98.53372434017595,7.005853113235981,5.507704734802246,0.8945876955986023,0.8395909,0.10778235725913562,0.05604682420279501,0.04406163468956947,39.71039628982544
3,mstcn,82.11143695014663,93.54838709677419,98.53372434017595,7.604115636645626,5.701867580413818,0.875815749168396,1.0033451,0.11698638825221011,0.060832922635191716,0.04561493918299675,142.85159921646118
