unit,cycle,rul,outer_fold,is_final_window,risk_probability,selected_threshold,maintenance_warning
1,1.0,99.0,1,0,0.014775322404106145,0.6061926394381595,0
1,2.0,98.0,1,0,0.008836506800760112,0.6061926394381595,0
1,3.0,97.0,1,0,0.016930596221494346,0.6061926394381595,0
1,4.0,96.0,1,0,0.02612124610492005,0.6061926394381595,0
1,5.0,95.0,1,0,0.01792852972638443,0.6061926394381595,0
1,6.0,94.0,1,0,0.007734295631951836,0.6061926394381595,0
1,7.0,93.0,1,0,0.0033570061662768448,0.6061926394381595,0
1,8.0,92.0,1,0,0.0,0.6061926394381595,0
1,9.0,91.0,1,0,0.006014863851065249,0.6061926394381595,0
1,10.0,90.0,1,0,0.05079658367939936,0.6061926394381595,0
1,11.0,89.0,1,0,0.007717721384806252,0.6061926394381595,0
1,12.0,88.0,1,0,0.011005515148721516,0.6061926394381595,0
1,13.0,87.0,1,0,0.012671791262779846,0.6061926394381595,0
1,14.0,86.0,1,0,0.008927399509346918,0.6061926394381595,0
1,15.0,85.0,1,0,0.013147330620458409,0.6061926394381595,0
1,16.0,84.0,1,0,0.009570867071814744,0.6061926394381595,0
1,17.0,83.0,1,0,0.0067046928516495815,0.6061926394381595,0
1,18.0,82.0,1,0,0.007700605786738012,0.6061926394381595,0
1,19.0,81.0,1,0,0.0035841125670606493,0.6061926394381595,0
1,20.0,80.0,1,0,0.014875256034852626,0.6061926394381595,0
1,21.0,79.0,1,0,0.007303275516176941,0.6061926394381595,0
1,22.0,78.0,1,0,0.010812330971973528,0.6061926394381595,0
1,23.0,77.0,1,0,0.04345662929472251,0.6061926394381595,0
1,24.0,76.0,1,0,0.021366496985184415,0.6061926394381595,0
1,25.0,75.0,1,0,0.02161767190212317,0.6061926394381595,0
1,26.0,74.0,1,0,0.010368634346607081,0.6061926394381595,0
1,27.0,73.0,1,0,0.007465445746821246,0.6061926394381595,0
1,28.0,72.0,1,0,0.0024288344506613363,0.6061926394381595,0
1,29.0,71.0,1,0,0.010005555519473991,0.6061926394381595,0
1,30.0,70.0,1,0,0.013994983210222741,0.6061926394381595,0
1,31.0,69.0,1,0,0.026559610406486255,0.6061926394381595,0
1,32.0,68.0,1,0,0.012313926066076947,0.6061926394381595,0
1,33.0,67.0,1,0,0.0033570061662768448,0.6061926394381595,0
1,34.0,66.0,1,0,0.0,0.6061926394381595,0
1,35.0,65.0,1,0,0.0035162469591521633,0.6061926394381595,0
1,36.0,64.0,1,0,0.0,0.6061926394381595,0
1,37.0,63.0,1,0,0.008719469863357369,0.6061926394381595,0
1,38.0,62.0,1,0,0.00659168357597155,0.6061926394381595,0
1,39.0,61.0,1,0,0.0035162469591521633,0.6061926394381595,0
1,40.0,60.0,1,0,0.028326648793966566,0.6061926394381595,0
1,41.0,59.0,1,0,0.03856967468751786,0.6061926394381595,0
1,42.0,58.0,1,0,0.03685696832990549,0.6061926394381595,0
1,43.0,57.0,1,0,0.05214455014890425,0.6061926394381595,0
1,44.0,56.0,1,0,0.028490809985524296,0.6061926394381595,0
1,45.0,55.0,1,0,0.03975403565931192,0.6061926394381595,0
1,46.0,54.0,1,0,0.05733025848665898,0.6061926394381595,0
1,47.0,53.0,1,0,0.03086444224357571,0.6061926394381595,0
1,48.0,52.0,1,0,0.035220141130987,0.6061926394381595,0
1,49.0,51.0,1,0,0.03410357865843962,0.6061926394381595,0
1,50.0,50.0,1,0,0.03987737949643468,0.6061926394381595,0
1,51.0,49.0,1,0,0.1378064118606836,0.6061926394381595,0
1,52.0,48.0,1,0,0.11537104483431046,0.6061926394381595,0
1,53.0,47.0,1,0,0.07511291840267957,0.6061926394381595,0
1,54.0,46.0,1,0,0.13403532342179106,0.6061926394381595,0
1,55.0,45.0,1,0,0.07506574364961156,0.6061926394381595,0
1,56.0,44.0,1,0,0.10157214042935662,0.6061926394381595,0
1,57.0,43.0,1,0,0.2175893248904297,0.6061926394381595,0
1,58.0,42.0,1,0,0.09244044606112924,0.6061926394381595,0
1,59.0,41.0,1,0,0.1776646462481821,0.6061926394381595,0
1,60.0,40.0,1,0,0.4824735127531766,0.6061926394381595,0
1,61.0,39.0,1,0,0.22139110891697078,0.6061926394381595,0
1,62.0,38.0,1,0,0.42770049372249686,0.6061926394381595,0
1,63.0,37.0,1,0,0.12021246703853777,0.6061926394381595,0
1,64.0,36.0,1,0,0.42422714511584886,0.6061926394381595,0
1,65.0,35.0,1,0,0.33219837880458924,0.6061926394381595,0
1,66.0,34.0,1,0,0.28255789751993504,0.6061926394381595,0
1,67.0,33.0,1,0,0.44938213640714164,0.6061926394381595,0
1,68.0,32.0,1,0,0.5292570960134133,0.6061926394381595,0
1,69.0,31.0,1,0,0.23817597824465872,0.6061926394381595,0
1,70.0,30.0,1,0,0.6000934597246724,0.6061926394381595,0
1,71.0,29.0,1,0,0.30395057094816397,0.6061926394381595,0
1,72.0,28.0,1,0,0.42790571714161013,0.6061926394381595,0
1,73.0,27.0,1,0,0.7644302214144918,0.6061926394381595,1
1,74.0,26.0,1,0,0.6389750894144812,0.6061926394381595,1
1,75.0,25.0,1,0,0.7556711974123551,0.6061926394381595,1
1,76.0,24.0,1,0,0.3682766406964224,0.6061926394381595,0
1,77.0,23.0,1,0,0.7495341523212935,0.6061926394381595,1
1,78.0,22.0,1,0,0.7396343127877771,0.6061926394381595,1
1,79.0,21.0,1,0,0.6364977339180582,0.6061926394381595,1
1,80.0,20.0,1,1,0.8878764619532252,0.6061926394381595,1
1,81.0,19.0,1,1,0.7516059851281622,0.6061926394381595,1
1,82.0,18.0,1,1,0.855204440394366,0.6061926394381595,1
1,83.0,17.0,1,1,0.8441081558325294,0.6061926394381595,1
1,84.0,16.0,1,1,0.9090813563554866,0.6061926394381595,1
1,85.0,15.0,1,1,0.8017993618870628,0.6061926394381595,1
1,86.0,14.0,1,1,0.9824148949874121,0.6061926394381595,1
1,87.0,13.0,1,1,0.9404574360621336,0.6061926394381595,1
1,88.0,12.0,1,1,0.8606877489960225,0.6061926394381595,1
1,89.0,11.0,1,1,0.9674887955512445,0.6061926394381595,1
1,90.0,10.0,1,1,0.8172912649244723,0.6061926394381595,1
1,91.0,9.0,1,1,0.9523527587190618,0.6061926394381595,1
1,92.0,8.0,1,1,0.9673645377316368,0.6061926394381595,1
1,93.0,7.0,1,1,0.854512789659087,0.6061926394381595,1
1,94.0,6.0,1,1,0.9759520853661593,0.6061926394381595,1
1,95.0,5.0,1,1,0.8320497462321405,0.6061926394381595,1
1,96.0,4.0,1,1,0.9493430427182479,0.6061926394381595,1
1,97.0,3.0,1,1,0.9605232134568461,0.6061926394381595,1
1,98.0,2.0,1,1,0.9681794009564741,0.6061926394381595,1
1,99.0,1.0,1,1,0.997319591080122,0.6061926394381595,1
1,100.0,0.0,1,1,0.976451893488281,0.6061926394381595,1
2,1.0,74.0,5,0,0.04698553778730301,0.5936233198117976,0
2,2.0,73.0,5,0,0.04802953598911679,0.5936233198117976,0
2,3.0,72.0,5,0,0.050080941481172606,0.5936233198117976,0
2,4.0,71.0,5,0,0.04573518774505553,0.5936233198117976,0
2,5.0,70.0,5,0,0.03937909058918646,0.5936233198117976,0
2,6.0,69.0,5,0,0.04087547000090376,0.5936233198117976,0
2,7.0,68.0,5,0,0.06854468057798015,0.5936233198117976,0
2,8.0,67.0,5,0,0.08474526124607908,0.5936233198117976,0
2,9.0,66.0,5,0,0.034109305257550473,0.5936233198117976,0
2,10.0,65.0,5,0,0.03444564439820919,0.5936233198117976,0
2,11.0,64.0,5,0,0.03437930833589609,0.5936233198117976,0
2,12.0,63.0,5,0,0.02412928442762033,0.5936233198117976,0
2,13.0,62.0,5,0,0.039211418515078464,0.5936233198117976,0
2,14.0,61.0,5,0,0.08234362815366184,0.5936233198117976,0
2,15.0,60.0,5,0,0.07751548937261825,0.5936233198117976,0
2,16.0,59.0,5,0,0.029891767945650946,0.5936233198117976,0
2,17.0,58.0,5,0,0.0710777233057199,0.5936233198117976,0
2,18.0,57.0,5,0,0.03364313130998777,0.5936233198117976,0
2,19.0,56.0,5,0,0.1103851324490216,0.5936233198117976,0
2,20.0,55.0,5,0,0.0310697714896133,0.5936233198117976,0
2,21.0,54.0,5,0,0.022170203650414513,0.5936233198117976,0
2,22.0,53.0,5,0,0.07538516143969912,0.5936233198117976,0
2,23.0,52.0,5,0,0.04802972140892367,0.5936233198117976,0
2,24.0,51.0,5,0,0.022550630275262433,0.5936233198117976,0
2,25.0,50.0,5,0,0.04992332405839901,0.5936233198117976,0
2,26.0,49.0,5,0,0.04434184103815821,0.5936233198117976,0
2,27.0,48.0,5,0,0.04228370201859033,0.5936233198117976,0
2,28.0,47.0,5,0,0.04531693170762645,0.5936233198117976,0
2,29.0,46.0,5,0,0.03456325265907441,0.5936233198117976,0
2,30.0,45.0,5,0,0.12398548210382766,0.5936233198117976,0
2,31.0,44.0,5,0,0.04626507354305276,0.5936233198117976,0
2,32.0,43.0,5,0,0.09288697273270981,0.5936233198117976,0
2,33.0,42.0,5,0,0.05680622780489192,0.5936233198117976,0
2,34.0,41.0,5,0,0.1539564106305128,0.5936233198117976,0
2,35.0,40.0,5,0,0.10111673290122812,0.5936233198117976,0
2,36.0,39.0,5,0,0.17167305930613283,0.5936233198117976,0
2,37.0,38.0,5,0,0.32994926936002017,0.5936233198117976,0
2,38.0,37.0,5,0,0.09766022225518758,0.5936233198117976,0
2,39.0,36.0,5,0,0.43382262770658797,0.5936233198117976,0
2,40.0,35.0,5,0,0.45109141210618153,0.5936233198117976,0
2,41.0,34.0,5,0,0.3907090362495487,0.5936233198117976,0
2,42.0,33.0,5,0,0.49389145846172405,0.5936233198117976,0
2,43.0,32.0,5,0,0.4107994143584493,0.5936233198117976,0
2,44.0,31.0,5,0,0.6552313688518384,0.5936233198117976,1
2,45.0,30.0,5,0,0.7004301728628544,0.5936233198117976,1
2,46.0,29.0,5,0,0.5621658790136483,0.5936233198117976,0
2,47.0,28.0,5,0,0.6882660892903691,0.5936233198117976,1
2,48.0,27.0,5,0,0.757462271650795,0.5936233198117976,1
2,49.0,26.0,5,0,0.5950343845795921,0.5936233198117976,1
2,50.0,25.0,5,0,0.5693190122191922,0.5936233198117976,0
2,51.0,24.0,5,0,0.5405620728093621,0.5936233198117976,0
2,52.0,23.0,5,0,0.8018940377109566,0.5936233198117976,1
2,53.0,22.0,5,0,0.695923310989863,0.5936233198117976,1
2,54.0,21.0,5,0,0.7034415084869945,0.5936233198117976,1
2,55.0,20.0,5,1,0.6893349469055952,0.5936233198117976,1
2,56.0,19.0,5,1,0.7501991189692617,0.5936233198117976,1
2,57.0,18.0,5,1,0.7605940137581382,0.5936233198117976,1
2,58.0,17.0,5,1,0.9026723719953345,0.5936233198117976,1
2,59.0,16.0,5,1,0.8526901823602526,0.5936233198117976,1
2,60.0,15.0,5,1,0.9065413551817476,0.5936233198117976,1
2,61.0,14.0,5,1,0.9344140248378119,0.5936233198117976,1
2,62.0,13.0,5,1,0.8068145963601131,0.5936233198117976,1
2,63.0,12.0,5,1,0.8880924184845392,0.5936233198117976,1
2,64.0,11.0,5,1,0.7926740297262689,0.5936233198117976,1
2,65.0,10.0,5,1,0.9120796045436014,0.5936233198117976,1
2,66.0,9.0,5,1,0.8917909645651129,0.5936233198117976,1
2,67.0,8.0,5,1,0.8895956316296226,0.5936233198117976,1
2,68.0,7.0,5,1,0.8781542419086599,0.5936233198117976,1
2,69.0,6.0,5,1,0.9776315605916376,0.5936233198117976,1
2,70.0,5.0,5,1,0.8981626033836693,0.5936233198117976,1
2,71.0,4.0,5,1,0.7621815166999677,0.5936233198117976,1
2,72.0,3.0,5,1,0.900709634877285,0.5936233198117976,1
2,73.0,2.0,5,1,0.8357737241914498,0.5936233198117976,1
2,74.0,1.0,5,1,0.9548659535164804,0.5936233198117976,1
2,75.0,0.0,5,1,0.93589663916157,0.5936233198117976,1
3,1.0,99.0,3,0,0.02232506493420025,0.613505769296565,0
3,2.0,98.0,3,0,0.040671835145284,0.613505769296565,0
3,3.0,97.0,3,0,0.059638081231107656,0.613505769296565,0
3,4.0,96.0,3,0,0.06981604179934944,0.613505769296565,0
3,5.0,95.0,3,0,0.04243027777608771,0.613505769296565,0
3,6.0,94.0,3,0,0.022370230023448442,0.613505769296565,0
3,7.0,93.0,3,0,0.030673332968413784,0.613505769296565,0
3,8.0,92.0,3,0,0.010416110148607188,0.613505769296565,0
3,9.0,91.0,3,0,0.034975794110836865,0.613505769296565,0
3,10.0,90.0,3,0,0.05013427078229546,0.613505769296565,0
3,11.0,89.0,3,0,0.05949723023953456,0.613505769296565,0
3,12.0,88.0,3,0,0.05936368581595362,0.613505769296565,0
3,13.0,87.0,3,0,0.041283053465859684,0.613505769296565,0
3,14.0,86.0,3,0,0.028622223595728708,0.613505769296565,0
3,15.0,85.0,3,0,0.025967099379314067,0.613505769296565,0
3,16.0,84.0,3,0,0.08520989970335315,0.613505769296565,0
3,17.0,83.0,3,0,0.016053518506817164,0.613505769296565,0
3,18.0,82.0,3,0,0.026198574505408242,0.613505769296565,0
3,19.0,81.0,3,0,0.02854469025804264,0.613505769296565,0
3,20.0,80.0,3,0,0.03932549961122183,0.613505769296565,0
3,21.0,79.0,3,0,0.05006248725929346,0.613505769296565,0
3,22.0,78.0,3,0,0.06611651719480272,0.613505769296565,0
3,23.0,77.0,3,0,0.05748187694615125,0.613505769296565,0
3,24.0,76.0,3,0,0.07350231630915335,0.613505769296565,0
3,25.0,75.0,3,0,0.03856479153642201,0.613505769296565,0
3,26.0,74.0,3,0,0.024610035579450098,0.613505769296565,0
3,27.0,73.0,3,0,0.03007866447350273,0.613505769296565,0
3,28.0,72.0,3,0,0.058547570735060374,0.613505769296565,0
3,29.0,71.0,3,0,0.03722775624769242,0.613505769296565,0
3,30.0,70.0,3,0,0.06023000780044643,0.613505769296565,0
3,31.0,69.0,3,0,0.05545279939173735,0.613505769296565,0
3,32.0,68.0,3,0,0.10664672680191817,0.613505769296565,0
3,33.0,67.0,3,0,0.11680225201348364,0.613505769296565,0
3,34.0,66.0,3,0,0.047825359596422735,0.613505769296565,0
3,35.0,65.0,3,0,0.04900364396822233,0.613505769296565,0
3,36.0,64.0,3,0,0.12775669692231617,0.613505769296565,0
3,37.0,63.0,3,0,0.18040464193889422,0.613505769296565,0
3,38.0,62.0,3,0,0.11909950296288144,0.613505769296565,0
3,39.0,61.0,3,0,0.2993080340138335,0.613505769296565,0
3,40.0,60.0,3,0,0.3383840317612483,0.613505769296565,0
3,41.0,59.0,3,0,0.33406086854898376,0.613505769296565,0
3,42.0,58.0,3,0,0.2975815408703451,0.613505769296565,0
3,43.0,57.0,3,0,0.23810229090478194,0.613505769296565,0
3,44.0,56.0,3,0,0.361171554137521,0.613505769296565,0
3,45.0,55.0,3,0,0.5007868089095805,0.613505769296565,0
3,46.0,54.0,3,0,0.23293438737838568,0.613505769296565,0
3,47.0,53.0,3,0,0.5203591465280991,0.613505769296565,0
3,48.0,52.0,3,0,0.41715269155046353,0.613505769296565,0
3,49.0,51.0,3,0,0.1569747116087281,0.613505769296565,0
3,50.0,50.0,3,0,0.6124470096710225,0.613505769296565,0
3,51.0,49.0,3,0,0.45225987846750726,0.613505769296565,0
3,52.0,48.0,3,0,0.3660005300722375,0.613505769296565,0
3,53.0,47.0,3,0,0.6081388853672332,0.613505769296565,0
3,54.0,46.0,3,0,0.6280684230758824,0.613505769296565,1
3,55.0,45.0,3,0,0.602515196242437,0.613505769296565,0
3,56.0,44.0,3,0,0.5555102191448075,0.613505769296565,0
3,57.0,43.0,3,0,0.5761781453860685,0.613505769296565,0
3,58.0,42.0,3,0,0.5785377906007231,0.613505769296565,0
3,59.0,41.0,3,0,0.6157613448096695,0.613505769296565,1
3,60.0,40.0,3,0,0.6538059091361067,0.613505769296565,1
3,61.0,39.0,3,0,0.5988264850465252,0.613505769296565,0
3,62.0,38.0,3,0,0.5792859943365284,0.613505769296565,0
3,63.0,37.0,3,0,0.6622374344191736,0.613505769296565,1
3,64.0,36.0,3,0,0.6537348213586158,0.613505769296565,1
3,65.0,35.0,3,0,0.5181002173390726,0.613505769296565,0
3,66.0,34.0,3,0,0.4780533796768627,0.613505769296565,0
3,67.0,33.0,3,0,0.7056009391417022,0.613505769296565,1
3,68.0,32.0,3,0,0.5598349884120717,0.613505769296565,0
3,69.0,31.0,3,0,0.7517515846286595,0.613505769296565,1
3,70.0,30.0,3,0,0.6365137719174596,0.613505769296565,1
3,71.0,29.0,3,0,0.7779578529666862,0.613505769296565,1
3,72.0,28.0,3,0,0.5417689439682929,0.613505769296565,0
3,73.0,27.0,3,0,0.626847758448672,0.613505769296565,1
3,74.0,26.0,3,0,0.6148027401779669,0.613505769296565,1
3,75.0,25.0,3,0,0.7127362308247126,0.613505769296565,1
3,76.0,24.0,3,0,0.7167891395027919,0.613505769296565,1
3,77.0,23.0,3,0,0.6489910904766945,0.613505769296565,1
3,78.0,22.0,3,0,0.7847278229922897,0.613505769296565,1
3,79.0,21.0,3,0,0.7232986028541729,0.613505769296565,1
3,80.0,20.0,3,1,0.8117872255160022,0.613505769296565,1
3,81.0,19.0,3,1,0.7416911717398937,0.613505769296565,1
3,82.0,18.0,3,1,0.6531203061193339,0.613505769296565,1
3,83.0,17.0,3,1,0.8438268297871008,0.613505769296565,1
3,84.0,16.0,3,1,0.8582668494570352,0.613505769296565,1
3,85.0,15.0,3,1,0.7789588323681823,0.613505769296565,1
3,86.0,14.0,3,1,0.7817886195824854,0.613505769296565,1
3,87.0,13.0,3,1,0.781736103990765,0.613505769296565,1
3,88.0,12.0,3,1,0.870886303972642,0.613505769296565,1
3,89.0,11.0,3,1,0.8837942198068147,0.613505769296565,1
3,90.0,10.0,3,1,0.7794003114679349,0.613505769296565,1
3,91.0,9.0,3,1,0.7729459005000513,0.613505769296565,1
3,92.0,8.0,3,1,0.810948028182889,0.613505769296565,1
3,93.0,7.0,3,1,0.823621912468967,0.613505769296565,1
3,94.0,6.0,3,1,0.909891775688072,0.613505769296565,1
3,95.0,5.0,3,1,0.8488637359480249,0.613505769296565,1
3,96.0,4.0,3,1,0.8351842370373957,0.613505769296565,1
3,97.0,3.0,3,1,0.7940002632587654,0.613505769296565,1
3,98.0,2.0,3,1,0.7846022763524158,0.613505769296565,1
3,99.0,1.0,3,1,0.8231344042763875,0.613505769296565,1
3,100.0,0.0,3,1,0.9127208263349792,0.613505769296565,1
4,1.0,94.0,5,0,0.014835135986362739,0.5936233198117976,0
4,2.0,93.0,5,0,0.010142527230114986,0.5936233198117976,0
4,3.0,92.0,5,0,0.005259030819901765,0.5936233198117976,0
4,4.0,91.0,5,0,0.020363939951066716,0.5936233198117976,0
4,5.0,90.0,5,0,0.00341800397724645,0.5936233198117976,0
4,6.0,89.0,5,0,0.009073531835021641,0.5936233198117976,0
4,7.0,88.0,5,0,0.008322132684490937,0.5936233198117976,0
4,8.0,87.0,5,0,0.01512651689763569,0.5936233198117976,0
4,9.0,86.0,5,0,0.009074654740855675,0.5936233198117976,0
4,10.0,85.0,5,0,0.008150901865973606,0.5936233198117976,0
4,11.0,84.0,5,0,0.009067600999775362,0.5936233198117976,0
4,12.0,83.0,5,0,0.00341800397724645,0.5936233198117976,0
4,13.0,82.0,5,0,0.01761167328009314,0.5936233198117976,0
4,14.0,81.0,5,0,0.010164352535890176,0.5936233198117976,0
4,15.0,80.0,5,0,0.0022125109623711047,0.5936233198117976,0
4,16.0,79.0,5,0,0.010764988349410708,0.5936233198117976,0
4,17.0,78.0,5,0,0.009074654740855675,0.5936233198117976,0
4,18.0,77.0,5,0,0.006367679351695938,0.5936233198117976,0
4,19.0,76.0,5,0,0.030438167416955972,0.5936233198117976,0
4,20.0,75.0,5,0,0.005463377625508187,0.5936233198117976,0
4,21.0,74.0,5,0,0.010082149109547748,0.5936233198117976,0
4,22.0,73.0,5,0,0.010613550308823796,0.5936233198117976,0
4,23.0,72.0,5,0,0.004432847107309293,0.5936233198117976,0
4,24.0,71.0,5,0,0.003742501675079878,0.5936233198117976,0
4,25.0,70.0,5,0,0.016027999447913714,0.5936233198117976,0
4,26.0,69.0,5,0,0.0036579001283416276,0.5936233198117976,0
4,27.0,68.0,5,0,0.011480357188227434,0.5936233198117976,0
4,28.0,67.0,5,0,0.01268975458466317,0.5936233198117976,0
4,29.0,66.0,5,0,0.009920558642389488,0.5936233198117976,0
4,30.0,65.0,5,0,0.0067657396606292455,0.5936233198117976,0
4,31.0,64.0,5,0,0.02307581412799148,0.5936233198117976,0
4,32.0,63.0,5,0,0.013782035388127513,0.5936233198117976,0
4,33.0,62.0,5,0,0.020250257447797588,0.5936233198117976,0
4,34.0,61.0,5,0,0.0027942578057618527,0.5936233198117976,0
4,35.0,60.0,5,0,0.00016156295407271365,0.5936233198117976,0
4,36.0,59.0,5,0,0.004937516819475737,0.5936233198117976,0
4,37.0,58.0,5,0,0.0008027950499748894,0.5936233198117976,0
4,38.0,57.0,5,0,0.0072859971251356,0.5936233198117976,0
4,39.0,56.0,5,0,0.01956402485113089,0.5936233198117976,0
4,40.0,55.0,5,0,0.023809136076011744,0.5936233198117976,0
4,41.0,54.0,5,0,0.023247963030861837,0.5936233198117976,0
4,42.0,53.0,5,0,0.03450954481980778,0.5936233198117976,0
4,43.0,52.0,5,0,0.0182950990471535,0.5936233198117976,0
4,44.0,51.0,5,0,0.04744277037686779,0.5936233198117976,0
4,45.0,50.0,5,0,0.032135280293587316,0.5936233198117976,0
4,46.0,49.0,5,0,0.024163623534050733,0.5936233198117976,0
4,47.0,48.0,5,0,0.07687635256347919,0.5936233198117976,0
4,48.0,47.0,5,0,0.1075552672536495,0.5936233198117976,0
4,49.0,46.0,5,0,0.04585283673837167,0.5936233198117976,0
4,50.0,45.0,5,0,0.11751915860966843,0.5936233198117976,0
4,51.0,44.0,5,0,0.10858761669770767,0.5936233198117976,0
4,52.0,43.0,5,0,0.09189074882242577,0.5936233198117976,0
4,53.0,42.0,5,0,0.09848143007324776,0.5936233198117976,0
4,54.0,41.0,5,0,0.11504945276816941,0.5936233198117976,0
4,55.0,40.0,5,0,0.060238495294333276,0.5936233198117976,0
4,56.0,39.0,5,0,0.22866164591982624,0.5936233198117976,0
4,57.0,38.0,5,0,0.17918586019155716,0.5936233198117976,0
4,58.0,37.0,5,0,0.1409562624739629,0.5936233198117976,0
4,59.0,36.0,5,0,0.10425523880421375,0.5936233198117976,0
4,60.0,35.0,5,0,0.13711188026291662,0.5936233198117976,0
4,61.0,34.0,5,0,0.09701005760912002,0.5936233198117976,0
4,62.0,33.0,5,0,0.2816692281051636,0.5936233198117976,0
4,63.0,32.0,5,0,0.3711156781864283,0.5936233198117976,0
4,64.0,31.0,5,0,0.5496054236065578,0.5936233198117976,0
4,65.0,30.0,5,0,0.2773395669783248,0.5936233198117976,0
4,66.0,29.0,5,0,0.1984020354258169,0.5936233198117976,0
4,67.0,28.0,5,0,0.40760285899604454,0.5936233198117976,0
4,68.0,27.0,5,0,0.8389112359082215,0.5936233198117976,1
4,69.0,26.0,5,0,0.42578451756225166,0.5936233198117976,0
4,70.0,25.0,5,0,0.572223419391101,0.5936233198117976,0
4,71.0,24.0,5,0,0.7221839127823545,0.5936233198117976,1
4,72.0,23.0,5,0,0.8887644263541485,0.5936233198117976,1
4,73.0,22.0,5,0,0.8944630929127123,0.5936233198117976,1
4,74.0,21.0,5,0,0.8890915754834898,0.5936233198117976,1
4,75.0,20.0,5,1,0.8476112064492458,0.5936233198117976,1
4,76.0,19.0,5,1,0.8545614424003113,0.5936233198117976,1
4,77.0,18.0,5,1,0.516889156289356,0.5936233198117976,0
4,78.0,17.0,5,1,0.9634423892148538,0.5936233198117976,1
4,79.0,16.0,5,1,0.9883873919525387,0.5936233198117976,1
4,80.0,15.0,5,1,0.8916780609607069,0.5936233198117976,1
4,81.0,14.0,5,1,0.9234271329705072,0.5936233198117976,1
4,82.0,13.0,5,1,0.9585091316137542,0.5936233198117976,1
4,83.0,12.0,5,1,0.9550952307821808,0.5936233198117976,1
4,84.0,11.0,5,1,0.9360519962474507,0.5936233198117976,1
4,85.0,10.0,5,1,0.9853394378218179,0.5936233198117976,1
4,86.0,9.0,5,1,0.9839099521510207,0.5936233198117976,1
4,87.0,8.0,5,1,0.9906093518376431,0.5936233198117976,1
4,88.0,7.0,5,1,0.9884083122384508,0.5936233198117976,1
4,89.0,6.0,5,1,0.988169547894901,0.5936233198117976,1
4,90.0,5.0,5,1,0.957216940707597,0.5936233198117976,1
4,91.0,4.0,5,1,0.9779871771047491,0.5936233198117976,1
4,92.0,3.0,5,1,0.9691008199670357,0.5936233198117976,1
4,93.0,2.0,5,1,0.9854717776256843,0.5936233198117976,1
4,94.0,1.0,5,1,0.943735149603885,0.5936233198117976,1
4,95.0,0.0,5,1,0.9804037289029826,0.5936233198117976,1
5,1.0,88.0,1,0,0.07838031733390222,0.6061926394381595,0
5,2.0,87.0,1,0,0.08537242685389547,0.6061926394381595,0
5,3.0,86.0,1,0,0.017361423758189408,0.6061926394381595,0
5,4.0,85.0,1,0,0.06979355599938805,0.6061926394381595,0
5,5.0,84.0,1,0,0.03319816792978632,0.6061926394381595,0
5,6.0,83.0,1,0,0.021240367798084695,0.6061926394381595,0
5,7.0,82.0,1,0,0.02590431976705689,0.6061926394381595,0
5,8.0,81.0,1,0,0.02916777800759101,0.6061926394381595,0
5,9.0,80.0,1,0,0.045692076632638357,0.6061926394381595,0
5,10.0,79.0,1,0,0.054985607932544006,0.6061926394381595,0
5,11.0,78.0,1,0,0.0640399327910865,0.6061926394381595,0
5,12.0,77.0,1,0,0.07888488563519583,0.6061926394381595,0
5,13.0,76.0,1,0,0.09049369823447244,0.6061926394381595,0
5,14.0,75.0,1,0,0.1844809375528485,0.6061926394381595,0
5,15.0,74.0,1,0,0.016680879327119934,0.6061926394381595,0
5,16.0,73.0,1,0,0.08271248316665943,0.6061926394381595,0
5,17.0,72.0,1,0,0.04313182615003893,0.6061926394381595,0
5,18.0,71.0,1,0,0.08821661464282551,0.6061926394381595,0
5,19.0,70.0,1,0,0.037355944417397945,0.6061926394381595,0
5,20.0,69.0,1,0,0.07138758887372096,0.6061926394381595,0
5,21.0,68.0,1,0,0.05025948086948079,0.6061926394381595,0
5,22.0,67.0,1,0,0.07224235330269653,0.6061926394381595,0
5,23.0,66.0,1,0,0.07241891997975754,0.6061926394381595,0
5,24.0,65.0,1,0,0.024962309096356425,0.6061926394381595,0
5,25.0,64.0,1,0,0.0345995157628049,0.6061926394381595,0
5,26.0,63.0,1,0,0.02373440551430186,0.6061926394381595,0
5,27.0,62.0,1,0,0.036027955568534976,0.6061926394381595,0
5,28.0,61.0,1,0,0.0471956609974628,0.6061926394381595,0
5,29.0,60.0,1,0,0.05105813437087043,0.6061926394381595,0
5,30.0,59.0,1,0,0.07745608832479327,0.6061926394381595,0
5,31.0,58.0,1,0,0.0728049110257765,0.6061926394381595,0
5,32.0,57.0,1,0,0.13483173452742578,0.6061926394381595,0
5,33.0,56.0,1,0,0.27994996162280567,0.6061926394381595,0
5,34.0,55.0,1,0,0.02755566897282456,0.6061926394381595,0
5,35.0,54.0,1,0,0.161791502655889,0.6061926394381595,0
5,36.0,53.0,1,0,0.2706571578148653,0.6061926394381595,0
5,37.0,52.0,1,0,0.3449597574932876,0.6061926394381595,0
5,38.0,51.0,1,0,0.23328440642848772,0.6061926394381595,0
5,39.0,50.0,1,0,0.15661958082929736,0.6061926394381595,0
5,40.0,49.0,1,0,0.35008524998441487,0.6061926394381595,0
5,41.0,48.0,1,0,0.3623436014721697,0.6061926394381595,0
5,42.0,47.0,1,0,0.36175520599697436,0.6061926394381595,0
5,43.0,46.0,1,0,0.48238483755565087,0.6061926394381595,0
5,44.0,45.0,1,0,0.5406775898945743,0.6061926394381595,0
5,45.0,44.0,1,0,0.5581539236134445,0.6061926394381595,0
5,46.0,43.0,1,0,0.35324475310303355,0.6061926394381595,0
5,47.0,42.0,1,0,0.559866458402424,0.6061926394381595,0
5,48.0,41.0,1,0,0.6248824070380424,0.6061926394381595,1
5,49.0,40.0,1,0,0.5599948161211482,0.6061926394381595,0
5,50.0,39.0,1,0,0.5000367835446421,0.6061926394381595,0
5,51.0,38.0,1,0,0.2999109992966015,0.6061926394381595,0
5,52.0,37.0,1,0,0.5253267991870965,0.6061926394381595,0
5,53.0,36.0,1,0,0.6714378218939903,0.6061926394381595,1
5,54.0,35.0,1,0,0.6744613885413583,0.6061926394381595,1
5,55.0,34.0,1,0,0.6976917051677037,0.6061926394381595,1
5,56.0,33.0,1,0,0.6267749047805277,0.6061926394381595,1
5,57.0,32.0,1,0,0.45664292850314925,0.6061926394381595,0
5,58.0,31.0,1,0,0.5216525461509225,0.6061926394381595,0
5,59.0,30.0,1,0,0.5201506726822778,0.6061926394381595,0
5,60.0,29.0,1,0,0.5362304662862227,0.6061926394381595,0
5,61.0,28.0,1,0,0.715616638662157,0.6061926394381595,1
5,62.0,27.0,1,0,0.6905013549413794,0.6061926394381595,1
5,63.0,26.0,1,0,0.7956778211741793,0.6061926394381595,1
5,64.0,25.0,1,0,0.8004816139023876,0.6061926394381595,1
5,65.0,24.0,1,0,0.7241418403573212,0.6061926394381595,1
5,66.0,23.0,1,0,0.8593262892621689,0.6061926394381595,1
5,67.0,22.0,1,0,0.706263562751509,0.6061926394381595,1
5,68.0,21.0,1,0,0.762658681497776,0.6061926394381595,1
5,69.0,20.0,1,1,0.8085700291559952,0.6061926394381595,1
5,70.0,19.0,1,1,0.8961903651104157,0.6061926394381595,1
5,71.0,18.0,1,1,0.8627373601590698,0.6061926394381595,1
5,72.0,17.0,1,1,0.7302497897572231,0.6061926394381595,1
5,73.0,16.0,1,1,0.7347935910478652,0.6061926394381595,1
5,74.0,15.0,1,1,0.9271543570934454,0.6061926394381595,1
5,75.0,14.0,1,1,0.9677793472508897,0.6061926394381595,1
5,76.0,13.0,1,1,0.8769549422106452,0.6061926394381595,1
5,77.0,12.0,1,1,0.9603609696263273,0.6061926394381595,1
5,78.0,11.0,1,1,0.7722005452751355,0.6061926394381595,1
5,79.0,10.0,1,1,0.886679139323272,0.6061926394381595,1
5,80.0,9.0,1,1,0.9653152985189384,0.6061926394381595,1
5,81.0,8.0,1,1,0.9149818227294537,0.6061926394381595,1
5,82.0,7.0,1,1,0.9901775010016751,0.6061926394381595,1
5,83.0,6.0,1,1,0.9507895388037213,0.6061926394381595,1
5,84.0,5.0,1,1,0.8066076769502265,0.6061926394381595,1
5,85.0,4.0,1,1,0.9014240173499835,0.6061926394381595,1
5,86.0,3.0,1,1,0.7824718556884652,0.6061926394381595,1
5,87.0,2.0,1,1,0.96692721965707,0.6061926394381595,1
5,88.0,1.0,1,1,0.8862408515935196,0.6061926394381595,1
5,89.0,0.0,1,1,0.9337755401444473,0.6061926394381595,1
6,1.0,93.0,4,0,0.015741693587143512,0.6112844997130881,0
6,2.0,92.0,4,0,0.04157804298344135,0.6112844997130881,0
6,3.0,91.0,4,0,0.07104834627709612,0.6112844997130881,0
6,4.0,90.0,4,0,0.041573824850459476,0.6112844997130881,0
6,5.0,89.0,4,0,0.0741154605375152,0.6112844997130881,0
6,6.0,88.0,4,0,0.02416514394056642,0.6112844997130881,0
6,7.0,87.0,4,0,0.04311008929261197,0.6112844997130881,0
6,8.0,86.0,4,0,0.04234821534993085,0.6112844997130881,0
6,9.0,85.0,4,0,0.050079130131265415,0.6112844997130881,0
6,10.0,84.0,4,0,0.08735752507746597,0.6112844997130881,0
6,11.0,83.0,4,0,0.037122217494212024,0.6112844997130881,0
6,12.0,82.0,4,0,0.01574215197722803,0.6112844997130881,0
6,13.0,81.0,4,0,0.03259983032256039,0.6112844997130881,0
6,14.0,80.0,4,0,0.02515360718563462,0.6112844997130881,0
6,15.0,79.0,4,0,0.015919091997101967,0.6112844997130881,0
6,16.0,78.0,4,0,0.025653216718588806,0.6112844997130881,0
6,17.0,77.0,4,0,0.022575086458115217,0.6112844997130881,0
6,18.0,76.0,4,0,0.0716843656837431,0.6112844997130881,0
6,19.0,75.0,4,0,0.027230926625359822,0.6112844997130881,0
6,20.0,74.0,4,0,0.07414820527004634,0.6112844997130881,0
6,21.0,73.0,4,0,0.07388090008372064,0.6112844997130881,0
6,22.0,72.0,4,0,0.04105653086426493,0.6112844997130881,0
6,23.0,71.0,4,0,0.06391127404236809,0.6112844997130881,0
6,24.0,70.0,4,0,0.022616686121015448,0.6112844997130881,0
6,25.0,69.0,4,0,0.035367547059123323,0.6112844997130881,0
6,26.0,68.0,4,0,0.037689402275606236,0.6112844997130881,0
6,27.0,67.0,4,0,0.023493211569761283,0.6112844997130881,0
6,28.0,66.0,4,0,0.04149626508478095,0.6112844997130881,0
6,29.0,65.0,4,0,0.04458973716976288,0.6112844997130881,0
6,30.0,64.0,4,0,0.041583375184646,0.6112844997130881,0
6,31.0,63.0,4,0,0.04600295186371275,0.6112844997130881,0
6,32.0,62.0,4,0,0.04203076360284538,0.6112844997130881,0
6,33.0,61.0,4,0,0.06395720772285131,0.6112844997130881,0
6,34.0,60.0,4,0,0.08603689472246048,0.6112844997130881,0
6,35.0,59.0,4,0,0.10339897929375524,0.6112844997130881,0
6,36.0,58.0,4,0,0.028421429807620874,0.6112844997130881,0
6,37.0,57.0,4,0,0.12455474456459262,0.6112844997130881,0
6,38.0,56.0,4,0,0.19212110386399914,0.6112844997130881,0
6,39.0,55.0,4,0,0.07123719729201929,0.6112844997130881,0
6,40.0,54.0,4,0,0.17180119658652268,0.6112844997130881,0
6,41.0,53.0,4,0,0.2366591303808239,0.6112844997130881,0
6,42.0,52.0,4,0,0.09631984871184604,0.6112844997130881,0
6,43.0,51.0,4,0,0.2864096343788385,0.6112844997130881,0
6,44.0,50.0,4,0,0.44826272491101116,0.6112844997130881,0
6,45.0,49.0,4,0,0.31209808011324147,0.6112844997130881,0
6,46.0,48.0,4,0,0.3043604321892556,0.6112844997130881,0
6,47.0,47.0,4,0,0.5110564551201876,0.6112844997130881,0
6,48.0,46.0,4,0,0.38162803232523274,0.6112844997130881,0
6,49.0,45.0,4,0,0.43361884779390153,0.6112844997130881,0
6,50.0,44.0,4,0,0.3173205290119818,0.6112844997130881,0
6,51.0,43.0,4,0,0.5787280262622739,0.6112844997130881,0
6,52.0,42.0,4,0,0.33901430079055545,0.6112844997130881,0
6,53.0,41.0,4,0,0.49574381942838797,0.6112844997130881,0
6,54.0,40.0,4,0,0.3747674770879302,0.6112844997130881,0
6,55.0,39.0,4,0,0.44555590628964303,0.6112844997130881,0
6,56.0,38.0,4,0,0.34911638497834635,0.6112844997130881,0
6,57.0,37.0,4,0,0.3323894000577074,0.6112844997130881,0
6,58.0,36.0,4,0,0.7750393178596486,0.6112844997130881,1
6,59.0,35.0,4,0,0.6538568770255245,0.6112844997130881,1
6,60.0,34.0,4,0,0.45770168694000574,0.6112844997130881,0
6,61.0,33.0,4,0,0.8617023216462142,0.6112844997130881,1
6,62.0,32.0,4,0,0.6210674303358434,0.6112844997130881,1
6,63.0,31.0,4,0,0.6926781811316932,0.6112844997130881,1
6,64.0,30.0,4,0,0.5600262521542742,0.6112844997130881,0
6,65.0,29.0,4,0,0.5812999331131155,0.6112844997130881,0
6,66.0,28.0,4,0,0.7115575674094756,0.6112844997130881,1
6,67.0,27.0,4,0,0.5897705326496112,0.6112844997130881,0
6,68.0,26.0,4,0,0.6874664932816469,0.6112844997130881,1
6,69.0,25.0,4,0,0.8089247140882156,0.6112844997130881,1
6,70.0,24.0,4,0,0.6571921105744127,0.6112844997130881,1
6,71.0,23.0,4,0,0.7911412380496373,0.6112844997130881,1
6,72.0,22.0,4,0,0.8389370992908719,0.6112844997130881,1
6,73.0,21.0,4,0,0.759730036772677,0.6112844997130881,1
6,74.0,20.0,4,1,0.945621016512363,0.6112844997130881,1
6,75.0,19.0,4,1,0.8830603863741004,0.6112844997130881,1
6,76.0,18.0,4,1,0.855386809256419,0.6112844997130881,1
6,77.0,17.0,4,1,0.890380680615459,0.6112844997130881,1
6,78.0,16.0,4,1,0.9523223518377709,0.6112844997130881,1
6,79.0,15.0,4,1,0.7309660168978354,0.6112844997130881,1
6,80.0,14.0,4,1,0.9487665054003606,0.6112844997130881,1
6,81.0,13.0,4,1,0.9091510687515426,0.6112844997130881,1
6,82.0,12.0,4,1,0.7620924547539107,0.6112844997130881,1
6,83.0,11.0,4,1,0.6217254302046384,0.6112844997130881,1
6,84.0,10.0,4,1,0.9716133166738077,0.6112844997130881,1
6,85.0,9.0,4,1,0.9426108502564067,0.6112844997130881,1
6,86.0,8.0,4,1,0.8393788263972757,0.6112844997130881,1
6,87.0,7.0,4,1,0.9575196360854419,0.6112844997130881,1
6,88.0,6.0,4,1,0.8255616958073175,0.6112844997130881,1
6,89.0,5.0,4,1,0.8258980028459816,0.6112844997130881,1
6,90.0,4.0,4,1,0.8545367869394159,0.6112844997130881,1
6,91.0,3.0,4,1,0.9175927116212657,0.6112844997130881,1
6,92.0,2.0,4,1,0.9701258850788756,0.6112844997130881,1
6,93.0,1.0,4,1,0.9832089259195459,0.6112844997130881,1
6,94.0,0.0,4,1,0.958712213473446,0.6112844997130881,1
7,1.0,89.0,4,0,0.007618577041627129,0.6112844997130881,0
7,2.0,88.0,4,0,0.00019204413117559848,0.6112844997130881,0
7,3.0,87.0,4,0,0.045613965479858534,0.6112844997130881,0
7,4.0,86.0,4,0,0.00012083960807642976,0.6112844997130881,0
7,5.0,85.0,4,0,0.0037782241622606972,0.6112844997130881,0
7,6.0,84.0,4,0,0.015460866775619687,0.6112844997130881,0
7,7.0,83.0,4,0,0.00970686686366992,0.6112844997130881,0
7,8.0,82.0,4,0,0.0021800650230680875,0.6112844997130881,0
7,9.0,81.0,4,0,0.0012796736310453924,0.6112844997130881,0
7,10.0,80.0,4,0,0.017855466318277117,0.6112844997130881,0
7,11.0,79.0,4,0,0.0036892649426588445,0.6112844997130881,0
7,12.0,78.0,4,0,0.00976190975300527,0.6112844997130881,0
7,13.0,77.0,4,0,0.004558087320768692,0.6112844997130881,0
7,14.0,76.0,4,0,0.0035199281155798485,0.6112844997130881,0
7,15.0,75.0,4,0,0.00766389965883804,0.6112844997130881,0
7,16.0,74.0,4,0,0.09279603587151648,0.6112844997130881,0
7,17.0,73.0,4,0,0.0091813070739335,0.6112844997130881,0
7,18.0,72.0,4,0,0.0073379619225117385,0.6112844997130881,0
7,19.0,71.0,4,0,0.013220299665697719,0.6112844997130881,0
7,20.0,70.0,4,0,0.008592738521970218,0.6112844997130881,0
7,21.0,69.0,4,0,0.009375538172938283,0.6112844997130881,0
7,22.0,68.0,4,0,0.004650351008488448,0.6112844997130881,0
7,23.0,67.0,4,0,0.0010931593600941663,0.6112844997130881,0
7,24.0,66.0,4,0,0.013284561850448056,0.6112844997130881,0
7,25.0,65.0,4,0,0.04998558274047352,0.6112844997130881,0
7,26.0,64.0,4,0,0.05028007658095968,0.6112844997130881,0
7,27.0,63.0,4,0,0.016249059316417794,0.6112844997130881,0
7,28.0,62.0,4,0,0.0091813070739335,0.6112844997130881,0
7,29.0,61.0,4,0,0.014242204575296501,0.6112844997130881,0
7,30.0,60.0,4,0,0.05353839970808935,0.6112844997130881,0
7,31.0,59.0,4,0,0.010914780287747464,0.6112844997130881,0
7,32.0,58.0,4,0,0.004921176285644552,0.6112844997130881,0
7,33.0,57.0,4,0,0.0061529654213659775,0.6112844997130881,0
7,34.0,56.0,4,0,0.022040074542582604,0.6112844997130881,0
7,35.0,55.0,4,0,0.008550570801157504,0.6112844997130881,0
7,36.0,54.0,4,0,0.012112610733286618,0.6112844997130881,0
7,37.0,53.0,4,0,0.0035199281155798485,0.6112844997130881,0
7,38.0,52.0,4,0,0.01629366894614441,0.6112844997130881,0
7,39.0,51.0,4,0,0.012311122417706643,0.6112844997130881,0
7,40.0,50.0,4,0,0.006651996574614698,0.6112844997130881,0
7,41.0,49.0,4,0,0.013379531679848662,0.6112844997130881,0
7,42.0,48.0,4,0,0.046293011688348325,0.6112844997130881,0
7,43.0,47.0,4,0,0.020982793546155478,0.6112844997130881,0
7,44.0,46.0,4,0,0.03263778598550934,0.6112844997130881,0
7,45.0,45.0,4,0,0.04356618490252947,0.6112844997130881,0
7,46.0,44.0,4,0,0.04083990050406055,0.6112844997130881,0
7,47.0,43.0,4,0,0.013974612380786688,0.6112844997130881,0
7,48.0,42.0,4,0,0.09517781087113489,0.6112844997130881,0
7,49.0,41.0,4,0,0.12469295727633488,0.6112844997130881,0
7,50.0,40.0,4,0,0.09046330280928869,0.6112844997130881,0
7,51.0,39.0,4,0,0.0437951307974061,0.6112844997130881,0
7,52.0,38.0,4,0,0.05798666610710138,0.6112844997130881,0
7,53.0,37.0,4,0,0.2701217312938356,0.6112844997130881,0
7,54.0,36.0,4,0,0.05709793957990888,0.6112844997130881,0
7,55.0,35.0,4,0,0.19069904286894274,0.6112844997130881,0
7,56.0,34.0,4,0,0.14159368969555924,0.6112844997130881,0
7,57.0,33.0,4,0,0.16194565296167515,0.6112844997130881,0
7,58.0,32.0,4,0,0.22222032573497194,0.6112844997130881,0
7,59.0,31.0,4,0,0.5484294060350334,0.6112844997130881,0
7,60.0,30.0,4,0,0.4514482516061736,0.6112844997130881,0
7,61.0,29.0,4,0,0.2651044435864528,0.6112844997130881,0
7,62.0,28.0,4,0,0.3330132221795691,0.6112844997130881,0
7,63.0,27.0,4,0,0.21423445861296786,0.6112844997130881,0
7,64.0,26.0,4,0,0.2760405701117335,0.6112844997130881,0
7,65.0,25.0,4,0,0.2945049325895438,0.6112844997130881,0
7,66.0,24.0,4,0,0.495393927516089,0.6112844997130881,0
7,67.0,23.0,4,0,0.5893694792402453,0.6112844997130881,0
7,68.0,22.0,4,0,0.6848842384848582,0.6112844997130881,1
7,69.0,21.0,4,0,0.7270572229830792,0.6112844997130881,1
7,70.0,20.0,4,1,0.6279391391520223,0.6112844997130881,1
7,71.0,19.0,4,1,0.8100829542927235,0.6112844997130881,1
7,72.0,18.0,4,1,0.4937296582968296,0.6112844997130881,0
7,73.0,17.0,4,1,0.7455893837964603,0.6112844997130881,1
7,74.0,16.0,4,1,0.7619417219114715,0.6112844997130881,1
7,75.0,15.0,4,1,0.9544643008922503,0.6112844997130881,1
7,76.0,14.0,4,1,0.8457485400537361,0.6112844997130881,1
7,77.0,13.0,4,1,0.8070156325358467,0.6112844997130881,1
7,78.0,12.0,4,1,0.966389133573231,0.6112844997130881,1
7,79.0,11.0,4,1,0.9266994072493304,0.6112844997130881,1
7,80.0,10.0,4,1,0.9920375083421683,0.6112844997130881,1
7,81.0,9.0,4,1,0.9768368703277533,0.6112844997130881,1
7,82.0,8.0,4,1,0.9456373348718452,0.6112844997130881,1
7,83.0,7.0,4,1,0.9479699188463796,0.6112844997130881,1
7,84.0,6.0,4,1,0.979043377235311,0.6112844997130881,1
7,85.0,5.0,4,1,0.9610942494595074,0.6112844997130881,1
7,86.0,4.0,4,1,0.991647938563382,0.6112844997130881,1
7,87.0,3.0,4,1,0.9849214705159649,0.6112844997130881,1
7,88.0,2.0,4,1,0.9552774714951726,0.6112844997130881,1
7,89.0,1.0,4,1,0.9847556862805357,0.6112844997130881,1
7,90.0,0.0,4,1,0.9439566012654486,0.6112844997130881,1
8,1.0,88.0,5,0,0.052731327811727506,0.5936233198117976,0
8,2.0,87.0,5,0,0.04347987347450192,0.5936233198117976,0
8,3.0,86.0,5,0,0.04113342102912601,0.5936233198117976,0
8,4.0,85.0,5,0,0.02648154967443317,0.5936233198117976,0
8,5.0,84.0,5,0,0.037364963347068236,0.5936233198117976,0
8,6.0,83.0,5,0,0.0075998293318544075,0.5936233198117976,0
8,7.0,82.0,5,0,0.059283342426046,0.5936233198117976,0
8,8.0,81.0,5,0,0.04028573725167179,0.5936233198117976,0
8,9.0,80.0,5,0,0.018094596809257478,0.5936233198117976,0
8,10.0,79.0,5,0,0.09653461994016914,0.5936233198117976,0
8,11.0,78.0,5,0,0.03099393695141325,0.5936233198117976,0
8,12.0,77.0,5,0,0.056930263095921654,0.5936233198117976,0
8,13.0,76.0,5,0,0.02409841507138848,0.5936233198117976,0
8,14.0,75.0,5,0,0.030937882614131273,0.5936233198117976,0
8,15.0,74.0,5,0,0.04136556339677646,0.5936233198117976,0
8,16.0,73.0,5,0,0.032883477498842455,0.5936233198117976,0
8,17.0,72.0,5,0,0.014436908011493286,0.5936233198117976,0
8,18.0,71.0,5,0,0.03641171195215163,0.5936233198117976,0
8,19.0,70.0,5,0,0.05665616266972871,0.5936233198117976,0
8,20.0,69.0,5,0,0.058686703158129336,0.5936233198117976,0
8,21.0,68.0,5,0,0.06071216157324228,0.5936233198117976,0
8,22.0,67.0,5,0,0.04745212941781404,0.5936233198117976,0
8,23.0,66.0,5,0,0.025987590506466575,0.5936233198117976,0
8,24.0,65.0,5,0,0.047594434578688755,0.5936233198117976,0
8,25.0,64.0,5,0,0.05653574715767954,0.5936233198117976,0
8,26.0,63.0,5,0,0.0781456491425931,0.5936233198117976,0
8,27.0,62.0,5,0,0.046754514886174166,0.5936233198117976,0
8,28.0,61.0,5,0,0.02733941268036765,0.5936233198117976,0
8,29.0,60.0,5,0,0.044279362130104645,0.5936233198117976,0
8,30.0,59.0,5,0,0.05168131545385843,0.5936233198117976,0
8,31.0,58.0,5,0,0.08153663507730502,0.5936233198117976,0
8,32.0,57.0,5,0,0.064035754431418,0.5936233198117976,0
8,33.0,56.0,5,0,0.03152468100068227,0.5936233198117976,0
8,34.0,55.0,5,0,0.04939112772373177,0.5936233198117976,0
8,35.0,54.0,5,0,0.0651290827487582,0.5936233198117976,0
8,36.0,53.0,5,0,0.036642515380427704,0.5936233198117976,0
8,37.0,52.0,5,0,0.10205885845324679,0.5936233198117976,0
8,38.0,51.0,5,0,0.16032671636722381,0.5936233198117976,0
8,39.0,50.0,5,0,0.24956521316687028,0.5936233198117976,0
8,40.0,49.0,5,0,0.34499490384606807,0.5936233198117976,0
8,41.0,48.0,5,0,0.3522862403987911,0.5936233198117976,0
8,42.0,47.0,5,0,0.4016615221408871,0.5936233198117976,0
8,43.0,46.0,5,0,0.4486993252753773,0.5936233198117976,0
8,44.0,45.0,5,0,0.5024002255420429,0.5936233198117976,0
8,45.0,44.0,5,0,0.13830084339301893,0.5936233198117976,0
8,46.0,43.0,5,0,0.4501607434352234,0.5936233198117976,0
8,47.0,42.0,5,0,0.3971464273195795,0.5936233198117976,0
8,48.0,41.0,5,0,0.25642975560957687,0.5936233198117976,0
8,49.0,40.0,5,0,0.45141234312912143,0.5936233198117976,0
8,50.0,39.0,5,0,0.512783831438082,0.5936233198117976,0
8,51.0,38.0,5,0,0.5417446397772785,0.5936233198117976,0
8,52.0,37.0,5,0,0.4175429124859913,0.5936233198117976,0
8,53.0,36.0,5,0,0.43634793835456687,0.5936233198117976,0
8,54.0,35.0,5,0,0.5605737720289797,0.5936233198117976,0
8,55.0,34.0,5,0,0.4899301230928047,0.5936233198117976,0
8,56.0,33.0,5,0,0.5490005653757879,0.5936233198117976,0
8,57.0,32.0,5,0,0.6421394881503979,0.5936233198117976,1
8,58.0,31.0,5,0,0.6716718127345965,0.5936233198117976,1
8,59.0,30.0,5,0,0.5558996132925167,0.5936233198117976,0
8,60.0,29.0,5,0,0.7892489067845911,0.5936233198117976,1
8,61.0,28.0,5,0,0.6219486271967412,0.5936233198117976,1
8,62.0,27.0,5,0,0.7309652074691038,0.5936233198117976,1
8,63.0,26.0,5,0,0.7982238825295852,0.5936233198117976,1
8,64.0,25.0,5,0,0.6928613786807644,0.5936233198117976,1
8,65.0,24.0,5,0,0.7550002882522445,0.5936233198117976,1
8,66.0,23.0,5,0,0.9304024860946524,0.5936233198117976,1
8,67.0,22.0,5,0,0.9197702419973995,0.5936233198117976,1
8,68.0,21.0,5,0,0.873842996643095,0.5936233198117976,1
8,69.0,20.0,5,1,0.687674873869175,0.5936233198117976,1
8,70.0,19.0,5,1,0.8186955146894798,0.5936233198117976,1
8,71.0,18.0,5,1,0.7403942992646523,0.5936233198117976,1
8,72.0,17.0,5,1,0.8862423524019201,0.5936233198117976,1
8,73.0,16.0,5,1,0.9097518899424991,0.5936233198117976,1
8,74.0,15.0,5,1,0.8592445385280478,0.5936233198117976,1
8,75.0,14.0,5,1,0.9194784507232554,0.5936233198117976,1
8,76.0,13.0,5,1,0.881676799045382,0.5936233198117976,1
8,77.0,12.0,5,1,0.9781974044981658,0.5936233198117976,1
8,78.0,11.0,5,1,0.8369693786085264,0.5936233198117976,1
8,79.0,10.0,5,1,0.9603549804380015,0.5936233198117976,1
8,80.0,9.0,5,1,0.8776804893406327,0.5936233198117976,1
8,81.0,8.0,5,1,0.8545618228562485,0.5936233198117976,1
8,82.0,7.0,5,1,0.939044784724434,0.5936233198117976,1
8,83.0,6.0,5,1,0.9426551692090827,0.5936233198117976,1
8,84.0,5.0,5,1,0.9921127863022192,0.5936233198117976,1
8,85.0,4.0,5,1,0.875955721709302,0.5936233198117976,1
8,86.0,3.0,5,1,0.9738684467149868,0.5936233198117976,1
8,87.0,2.0,5,1,0.9668881654156432,0.5936233198117976,1
8,88.0,1.0,5,1,0.9883434157617479,0.5936233198117976,1
8,89.0,0.0,5,1,0.9832852293605688,0.5936233198117976,1
9,1.0,79.0,2,0,0.020364930660646315,0.6001168108121387,0
9,2.0,78.0,2,0,0.010829216047413366,0.6001168108121387,0
9,3.0,77.0,2,0,0.0053694976229495366,0.6001168108121387,0
9,4.0,76.0,2,0,0.004805600781504395,0.6001168108121387,0
9,5.0,75.0,2,0,0.021291640435487348,0.6001168108121387,0
9,6.0,74.0,2,0,0.023215817429726282,0.6001168108121387,0
9,7.0,73.0,2,0,0.0019022310239251228,0.6001168108121387,0
9,8.0,72.0,2,0,0.009591088352729411,0.6001168108121387,0
9,9.0,71.0,2,0,0.012516277136637225,0.6001168108121387,0
9,10.0,70.0,2,0,0.007062734024314171,0.6001168108121387,0
9,11.0,69.0,2,0,0.021291640435487348,0.6001168108121387,0
9,12.0,68.0,2,0,0.025104620183300036,0.6001168108121387,0
9,13.0,67.0,2,0,0.007651138210367499,0.6001168108121387,0
9,14.0,66.0,2,0,0.018872972500123594,0.6001168108121387,0
9,15.0,65.0,2,0,0.002730354798987072,0.6001168108121387,0
9,16.0,64.0,2,0,0.02582510319787934,0.6001168108121387,0
9,17.0,63.0,2,0,0.00025100133511348475,0.6001168108121387,0
9,18.0,62.0,2,0,0.003272367551687532,0.6001168108121387,0
9,19.0,61.0,2,0,0.006374516274892295,0.6001168108121387,0
9,20.0,60.0,2,0,0.03449610174257169,0.6001168108121387,0
9,21.0,59.0,2,0,0.026216913621584875,0.6001168108121387,0
9,22.0,58.0,2,0,0.010444152594773324,0.6001168108121387,0
9,23.0,57.0,2,0,0.001007307310723677,0.6001168108121387,0
9,24.0,56.0,2,0,0.019877351980446885,0.6001168108121387,0
9,25.0,55.0,2,0,0.011840691785903525,0.6001168108121387,0
9,26.0,54.0,2,0,0.014620513606756577,0.6001168108121387,0
9,27.0,53.0,2,0,0.0007199535382058404,0.6001168108121387,0
9,28.0,52.0,2,0,0.012926452247471553,0.6001168108121387,0
9,29.0,51.0,2,0,0.010110488323793044,0.6001168108121387,0
9,30.0,50.0,2,0,0.013187987956339587,0.6001168108121387,0
9,31.0,49.0,2,0,0.0061419813510226575,0.6001168108121387,0
9,32.0,48.0,2,0,0.019202896195261377,0.6001168108121387,0
9,33.0,47.0,2,0,0.02071452241268939,0.6001168108121387,0
9,34.0,46.0,2,0,0.004461223185695592,0.6001168108121387,0
9,35.0,45.0,2,0,0.010098676611424941,0.6001168108121387,0
9,36.0,44.0,2,0,0.013260434329148637,0.6001168108121387,0
9,37.0,43.0,2,0,0.035557657140086525,0.6001168108121387,0
9,38.0,42.0,2,0,0.014664755595114655,0.6001168108121387,0
9,39.0,41.0,2,0,0.01721067127067021,0.6001168108121387,0
9,40.0,40.0,2,0,0.011752601159036853,0.6001168108121387,0
9,41.0,39.0,2,0,0.08455932308025813,0.6001168108121387,0
9,42.0,38.0,2,0,0.007132136907998767,0.6001168108121387,0
9,43.0,37.0,2,0,0.11624770239215856,0.6001168108121387,0
9,44.0,36.0,2,0,0.031097825563194747,0.6001168108121387,0
9,45.0,35.0,2,0,0.0790764624447602,0.6001168108121387,0
9,46.0,34.0,2,0,0.060224935333273374,0.6001168108121387,0
9,47.0,33.0,2,0,0.03361041344420589,0.6001168108121387,0
9,48.0,32.0,2,0,0.09757975367443054,0.6001168108121387,0
9,49.0,31.0,2,0,0.18044933865874935,0.6001168108121387,0
9,50.0,30.0,2,0,0.045849440064321935,0.6001168108121387,0
9,51.0,29.0,2,0,0.0789009885419627,0.6001168108121387,0
9,52.0,28.0,2,0,0.0756041766709561,0.6001168108121387,0
9,53.0,27.0,2,0,0.21261142924162948,0.6001168108121387,0
9,54.0,26.0,2,0,0.2046084972791635,0.6001168108121387,0
9,55.0,25.0,2,0,0.09167795569908785,0.6001168108121387,0
9,56.0,24.0,2,0,0.48679448807456116,0.6001168108121387,0
9,57.0,23.0,2,0,0.13542813461730893,0.6001168108121387,0
9,58.0,22.0,2,0,0.32628280738419824,0.6001168108121387,0
9,59.0,21.0,2,0,0.45326367180970367,0.6001168108121387,0
9,60.0,20.0,2,1,0.23669644806666626,0.6001168108121387,0
9,61.0,19.0,2,1,0.5193480671340639,0.6001168108121387,0
9,62.0,18.0,2,1,0.633028587938208,0.6001168108121387,1
9,63.0,17.0,2,1,0.5163719410295052,0.6001168108121387,0
9,64.0,16.0,2,1,0.8062502679964981,0.6001168108121387,1
9,65.0,15.0,2,1,0.763606396744106,0.6001168108121387,1
9,66.0,14.0,2,1,0.8426401654436305,0.6001168108121387,1
9,67.0,13.0,2,1,0.7707923206397563,0.6001168108121387,1
9,68.0,12.0,2,1,0.8119257976825214,0.6001168108121387,1
9,69.0,11.0,2,1,0.5898943914084039,0.6001168108121387,0
9,70.0,10.0,2,1,0.8588864189912226,0.6001168108121387,1
9,71.0,9.0,2,1,0.9349252180536916,0.6001168108121387,1
9,72.0,8.0,2,1,0.9883031232608731,0.6001168108121387,1
9,73.0,7.0,2,1,0.9561826327993903,0.6001168108121387,1
9,74.0,6.0,2,1,0.9367007502558621,0.6001168108121387,1
9,75.0,5.0,2,1,0.9316659829805148,0.6001168108121387,1
9,76.0,4.0,2,1,0.9935602727767637,0.6001168108121387,1
9,77.0,3.0,2,1,0.9646510231980197,0.6001168108121387,1
9,78.0,2.0,2,1,0.991146812691653,0.6001168108121387,1
9,79.0,1.0,2,1,0.9771253783453058,0.6001168108121387,1
9,80.0,0.0,2,1,0.994635210360432,0.6001168108121387,1
10,1.0,81.0,5,0,0.04664140690619776,0.5936233198117976,0
10,2.0,80.0,5,0,0.04823328837705202,0.5936233198117976,0
10,3.0,79.0,5,0,0.031202549197845895,0.5936233198117976,0
10,4.0,78.0,5,0,0.035195305803131925,0.5936233198117976,0
10,5.0,77.0,5,0,0.11556005638133741,0.5936233198117976,0
10,6.0,76.0,5,0,0.17298995735287676,0.5936233198117976,0
10,7.0,75.0,5,0,0.09103226201137364,0.5936233198117976,0
10,8.0,74.0,5,0,0.06468027872474093,0.5936233198117976,0
10,9.0,73.0,5,0,0.04636977741734785,0.5936233198117976,0
10,10.0,72.0,5,0,0.08904278721606741,0.5936233198117976,0
10,11.0,71.0,5,0,0.04744790525099492,0.5936233198117976,0
10,12.0,70.0,5,0,0.05161737871911728,0.5936233198117976,0
10,13.0,69.0,5,0,0.04566303039161404,0.5936233198117976,0
10,14.0,68.0,5,0,0.04840051306237127,0.5936233198117976,0
10,15.0,67.0,5,0,0.050406601137148746,0.5936233198117976,0
10,16.0,66.0,5,0,0.1796519831219215,0.5936233198117976,0
10,17.0,65.0,5,0,0.0681632552734276,0.5936233198117976,0
10,18.0,64.0,5,0,0.038332219899494084,0.5936233198117976,0
10,19.0,63.0,5,0,0.10077491032521348,0.5936233198117976,0
10,20.0,62.0,5,0,0.11540040126608682,0.5936233198117976,0
10,21.0,61.0,5,0,0.13326869852017806,0.5936233198117976,0
10,22.0,60.0,5,0,0.0434920417363287,0.5936233198117976,0
10,23.0,59.0,5,0,0.04042923515693578,0.5936233198117976,0
10,24.0,58.0,5,0,0.12699599387500315,0.5936233198117976,0
10,25.0,57.0,5,0,0.05545898157925696,0.5936233198117976,0
10,26.0,56.0,5,0,0.05075114150224773,0.5936233198117976,0
10,27.0,55.0,5,0,0.08110729243635838,0.5936233198117976,0
10,28.0,54.0,5,0,0.11285106362668372,0.5936233198117976,0
10,29.0,53.0,5,0,0.06391101683090122,0.5936233198117976,0
10,30.0,52.0,5,0,0.08786657360597735,0.5936233198117976,0
10,31.0,51.0,5,0,0.17929321539378085,0.5936233198117976,0
10,32.0,50.0,5,0,0.07202075861876256,0.5936233198117976,0
10,33.0,49.0,5,0,0.08159437060948034,0.5936233198117976,0
10,34.0,48.0,5,0,0.20119086443227485,0.5936233198117976,0
10,35.0,47.0,5,0,0.2146497881414045,0.5936233198117976,0
10,36.0,46.0,5,0,0.12052356306288167,0.5936233198117976,0
10,37.0,45.0,5,0,0.3382336867657901,0.5936233198117976,0
10,38.0,44.0,5,0,0.19171566015632172,0.5936233198117976,0
10,39.0,43.0,5,0,0.1764572608015931,0.5936233198117976,0
10,40.0,42.0,5,0,0.2840958413363596,0.5936233198117976,0
10,41.0,41.0,5,0,0.2928963720452852,0.5936233198117976,0
10,42.0,40.0,5,0,0.4405298881362286,0.5936233198117976,0
10,43.0,39.0,5,0,0.3381035732463456,0.5936233198117976,0
10,44.0,38.0,5,0,0.32797269658425904,0.5936233198117976,0
10,45.0,37.0,5,0,0.45841355188344074,0.5936233198117976,0
10,46.0,36.0,5,0,0.7244598029177156,0.5936233198117976,1
10,47.0,35.0,5,0,0.5140407327552744,0.5936233198117976,0
10,48.0,34.0,5,0,0.4550450606932812,0.5936233198117976,0
10,49.0,33.0,5,0,0.7133256265178705,0.5936233198117976,1
10,50.0,32.0,5,0,0.4132069128038738,0.5936233198117976,0
10,51.0,31.0,5,0,0.31177476502951906,0.5936233198117976,0
10,52.0,30.0,5,0,0.6849601378130291,0.5936233198117976,1
10,53.0,29.0,5,0,0.6057802498420797,0.5936233198117976,1
10,54.0,28.0,5,0,0.6434857510268691,0.5936233198117976,1
10,55.0,27.0,5,0,0.5962165209292424,0.5936233198117976,1
10,56.0,26.0,5,0,0.7042900646331671,0.5936233198117976,1
10,57.0,25.0,5,0,0.694453458748738,0.5936233198117976,1
10,58.0,24.0,5,0,0.645632461399675,0.5936233198117976,1
10,59.0,23.0,5,0,0.6275296781746584,0.5936233198117976,1
10,60.0,22.0,5,0,0.7157025535226631,0.5936233198117976,1
10,61.0,21.0,5,0,0.7857546278711379,0.5936233198117976,1
10,62.0,20.0,5,1,0.8922605790430858,0.5936233198117976,1
10,63.0,19.0,5,1,0.8863685125340063,0.5936233198117976,1
10,64.0,18.0,5,1,0.854538472638423,0.5936233198117976,1
10,65.0,17.0,5,1,0.8078712993559569,0.5936233198117976,1
10,66.0,16.0,5,1,0.7230265909821375,0.5936233198117976,1
10,67.0,15.0,5,1,0.9549083913184527,0.5936233198117976,1
10,68.0,14.0,5,1,0.7008187473370003,0.5936233198117976,1
10,69.0,13.0,5,1,0.8327287674618832,0.5936233198117976,1
10,70.0,12.0,5,1,0.8915701197907565,0.5936233198117976,1
10,71.0,11.0,5,1,0.9093401492268519,0.5936233198117976,1
10,72.0,10.0,5,1,0.9343696677938511,0.5936233198117976,1
10,73.0,9.0,5,1,0.8901034822794891,0.5936233198117976,1
10,74.0,8.0,5,1,0.862746668466521,0.5936233198117976,1
10,75.0,7.0,5,1,0.7465897934309272,0.5936233198117976,1
10,76.0,6.0,5,1,0.9896528558493674,0.5936233198117976,1
10,77.0,5.0,5,1,0.949881942453369,0.5936233198117976,1
10,78.0,4.0,5,1,0.9676949373429627,0.5936233198117976,1
10,79.0,3.0,5,1,0.9295548077816436,0.5936233198117976,1
10,80.0,2.0,5,1,0.8959616651951241,0.5936233198117976,1
10,81.0,1.0,5,1,0.8252453739685732,0.5936233198117976,1
10,82.0,0.0,5,1,0.9843592573334727,0.5936233198117976,1
11,1.0,71.0,1,0,0.010796960472543096,0.6061926394381595,0
11,2.0,70.0,1,0,0.0062902282640690515,0.6061926394381595,0
11,3.0,69.0,1,0,0.0345147000224545,0.6061926394381595,0
11,4.0,68.0,1,0,0.0014637487038103685,0.6061926394381595,0
11,5.0,67.0,1,0,0.007980237650796829,0.6061926394381595,0
11,6.0,66.0,1,0,0.024378924592688183,0.6061926394381595,0
11,7.0,65.0,1,0,0.007470416533902921,0.6061926394381595,0
11,8.0,64.0,1,0,0.006477321136709677,0.6061926394381595,0
11,9.0,63.0,1,0,0.0044734744858744785,0.6061926394381595,0
11,10.0,62.0,1,0,0.014765276648027728,0.6061926394381595,0
11,11.0,61.0,1,0,0.011005840070864453,0.6061926394381595,0
11,12.0,60.0,1,0,0.006860922733950932,0.6061926394381595,0
11,13.0,59.0,1,0,0.0013115101726951528,0.6061926394381595,0
11,14.0,58.0,1,0,0.0043889047182590225,0.6061926394381595,0
11,15.0,57.0,1,0,0.008388904718259023,0.6061926394381595,0
11,16.0,56.0,1,0,0.01673509681636846,0.6061926394381595,0
11,17.0,55.0,1,0,0.007615009823378072,0.6061926394381595,0
11,18.0,54.0,1,0,0.03112359461187707,0.6061926394381595,0
11,19.0,53.0,1,0,0.06458546612013212,0.6061926394381595,0
11,20.0,52.0,1,0,0.014573587136571376,0.6061926394381595,0
11,21.0,51.0,1,0,0.008009994989669825,0.6061926394381595,0
11,22.0,50.0,1,0,0.03755180991389138,0.6061926394381595,0
11,23.0,49.0,1,0,0.008157295485330196,0.6061926394381595,0
11,24.0,48.0,1,0,0.011202586905443372,0.6061926394381595,0
11,25.0,47.0,1,0,0.016725968677479986,0.6061926394381595,0
11,26.0,46.0,1,0,0.023035178387199665,0.6061926394381595,0
11,27.0,45.0,1,0,0.017029275208416066,0.6061926394381595,0
11,28.0,44.0,1,0,0.010639471030073622,0.6061926394381595,0
11,29.0,43.0,1,0,0.0,0.6061926394381595,0
11,30.0,42.0,1,0,0.018295232690322637,0.6061926394381595,0
11,31.0,41.0,1,0,0.0744322573939875,0.6061926394381595,0
11,32.0,40.0,1,0,0.02326007330796662,0.6061926394381595,0
11,33.0,39.0,1,0,0.0068025622459883485,0.6061926394381595,0
11,34.0,38.0,1,0,0.021427721036547005,0.6061926394381595,0
11,35.0,37.0,1,0,0.02353945197947044,0.6061926394381595,0
11,36.0,36.0,1,0,0.03029388280345998,0.6061926394381595,0
11,37.0,35.0,1,0,0.018320479567409516,0.6061926394381595,0
11,38.0,34.0,1,0,0.013795778557104028,0.6061926394381595,0
11,39.0,33.0,1,0,0.004375318834517292,0.6061926394381595,0
11,40.0,32.0,1,0,0.1618560886315402,0.6061926394381595,0
11,41.0,31.0,1,0,0.05937417587101089,0.6061926394381595,0
11,42.0,30.0,1,0,0.025315909779413327,0.6061926394381595,0
11,43.0,29.0,1,0,0.029054414930153167,0.6061926394381595,0
11,44.0,28.0,1,0,0.037403991342378234,0.6061926394381595,0
11,45.0,27.0,1,0,0.051398272159503794,0.6061926394381595,0
11,46.0,26.0,1,0,0.0777694943949817,0.6061926394381595,0
11,47.0,25.0,1,0,0.08593309147504634,0.6061926394381595,0
11,48.0,24.0,1,0,0.11037913218211767,0.6061926394381595,0
11,49.0,23.0,1,0,0.19289158312386503,0.6061926394381595,0
11,50.0,22.0,1,0,0.1305236936371878,0.6061926394381595,0
11,51.0,21.0,1,0,0.3912379093942341,0.6061926394381595,0
11,52.0,20.0,1,1,0.2770689704743552,0.6061926394381595,0
11,53.0,19.0,1,1,0.5191764862262932,0.6061926394381595,0
11,54.0,18.0,1,1,0.0920200040015521,0.6061926394381595,0
11,55.0,17.0,1,1,0.33254406603910835,0.6061926394381595,0
11,56.0,16.0,1,1,0.11511110420198609,0.6061926394381595,0
11,57.0,15.0,1,1,0.5589247410215636,0.6061926394381595,0
11,58.0,14.0,1,1,0.3866038354640678,0.6061926394381595,0
11,59.0,13.0,1,1,0.2961323521444725,0.6061926394381595,0
11,60.0,12.0,1,1,0.6079840429900604,0.6061926394381595,1
11,61.0,11.0,1,1,0.6317617946971414,0.6061926394381595,1
11,62.0,10.0,1,1,0.8432340035019484,0.6061926394381595,1
11,63.0,9.0,1,1,0.8493585781787278,0.6061926394381595,1
11,64.0,8.0,1,1,0.8236978937676073,0.6061926394381595,1
11,65.0,7.0,1,1,0.8796090985232723,0.6061926394381595,1
11,66.0,6.0,1,1,0.9088446725656042,0.6061926394381595,1
11,67.0,5.0,1,1,0.9245431601356019,0.6061926394381595,1
11,68.0,4.0,1,1,0.9833603832144873,0.6061926394381595,1
11,69.0,3.0,1,1,0.942912999587139,0.6061926394381595,1
11,70.0,2.0,1,1,0.947871299289596,0.6061926394381595,1
11,71.0,1.0,1,1,0.9797845617787452,0.6061926394381595,1
11,72.0,0.0,1,1,0.8653803336834789,0.6061926394381595,1
12,1.0,72.0,3,0,0.03587056327400811,0.613505769296565,0
12,2.0,71.0,3,0,0.04461357256418944,0.613505769296565,0
12,3.0,70.0,3,0,0.03459900976490525,0.613505769296565,0
12,4.0,69.0,3,0,0.03303035111000514,0.613505769296565,0
12,5.0,68.0,3,0,0.02193287941582164,0.613505769296565,0
12,6.0,67.0,3,0,0.0661921075361262,0.613505769296565,0
12,7.0,66.0,3,0,0.013664610048496437,0.613505769296565,0
12,8.0,65.0,3,0,0.06569026446203223,0.613505769296565,0
12,9.0,64.0,3,0,0.028327256606569318,0.613505769296565,0
12,10.0,63.0,3,0,0.049802740672967416,0.613505769296565,0
12,11.0,62.0,3,0,0.03427960787802162,0.613505769296565,0
12,12.0,61.0,3,0,0.04111491639671482,0.613505769296565,0
12,13.0,60.0,3,0,0.0312177407707078,0.613505769296565,0
12,14.0,59.0,3,0,0.040095969214648,0.613505769296565,0
12,15.0,58.0,3,0,0.06302559673174671,0.613505769296565,0
12,16.0,57.0,3,0,0.05136096612737641,0.613505769296565,0
12,17.0,56.0,3,0,0.05732612410377971,0.613505769296565,0
12,18.0,55.0,3,0,0.04979896186155343,0.613505769296565,0
12,19.0,54.0,3,0,0.05584758986093989,0.613505769296565,0
12,20.0,53.0,3,0,0.06444490302875075,0.613505769296565,0
12,21.0,52.0,3,0,0.03743465172651762,0.613505769296565,0
12,22.0,51.0,3,0,0.04716304001697237,0.613505769296565,0
12,23.0,50.0,3,0,0.08067922762866163,0.613505769296565,0
12,24.0,49.0,3,0,0.07522230433740412,0.613505769296565,0
12,25.0,48.0,3,0,0.029269837934216857,0.613505769296565,0
12,26.0,47.0,3,0,0.035968860759493744,0.613505769296565,0
12,27.0,46.0,3,0,0.11418362850567693,0.613505769296565,0
12,28.0,45.0,3,0,0.06808378063427384,0.613505769296565,0
12,29.0,44.0,3,0,0.01381439511933925,0.613505769296565,0
12,30.0,43.0,3,0,0.009255527178259655,0.613505769296565,0
12,31.0,42.0,3,0,0.09295876826129316,0.613505769296565,0
12,32.0,41.0,3,0,0.06792134019800024,0.613505769296565,0
12,33.0,40.0,3,0,0.05915606851054545,0.613505769296565,0
12,34.0,39.0,3,0,0.029374817275103503,0.613505769296565,0
12,35.0,38.0,3,0,0.07709259675559418,0.613505769296565,0
12,36.0,37.0,3,0,0.11324375553961762,0.613505769296565,0
12,37.0,36.0,3,0,0.11268542907836455,0.613505769296565,0
12,38.0,35.0,3,0,0.23777586781177995,0.613505769296565,0
12,39.0,34.0,3,0,0.3330302195167672,0.613505769296565,0
12,40.0,33.0,3,0,0.3589722634158265,0.613505769296565,0
12,41.0,32.0,3,0,0.11195944928663698,0.613505769296565,0
12,42.0,31.0,3,0,0.1527602904624104,0.613505769296565,0
12,43.0,30.0,3,0,0.30093821368056306,0.613505769296565,0
12,44.0,29.0,3,0,0.5859546945852258,0.613505769296565,0
12,45.0,28.0,3,0,0.3548192254571181,0.613505769296565,0
12,46.0,27.0,3,0,0.5501883011184274,0.613505769296565,0
12,47.0,26.0,3,0,0.2874697626793336,0.613505769296565,0
12,48.0,25.0,3,0,0.6378495943925927,0.613505769296565,1
12,49.0,24.0,3,0,0.3026327217769391,0.613505769296565,0
12,50.0,23.0,3,0,0.5386701722111836,0.613505769296565,0
12,51.0,22.0,3,0,0.6506963777749853,0.613505769296565,1
12,52.0,21.0,3,0,0.5093736315092202,0.613505769296565,0
12,53.0,20.0,3,1,0.7055433835828451,0.613505769296565,1
12,54.0,19.0,3,1,0.6153665000110385,0.613505769296565,1
12,55.0,18.0,3,1,0.6289292840671149,0.613505769296565,1
12,56.0,17.0,3,1,0.7786707465536248,0.613505769296565,1
12,57.0,16.0,3,1,0.7591415550724703,0.613505769296565,1
12,58.0,15.0,3,1,0.8120176346337289,0.613505769296565,1
12,59.0,14.0,3,1,0.7956170296257967,0.613505769296565,1
12,60.0,13.0,3,1,0.7962437227653181,0.613505769296565,1
12,61.0,12.0,3,1,0.8026603401360242,0.613505769296565,1
12,62.0,11.0,3,1,0.8318483457071737,0.613505769296565,1
12,63.0,10.0,3,1,0.8780647144168314,0.613505769296565,1
12,64.0,9.0,3,1,0.9379868485368682,0.613505769296565,1
12,65.0,8.0,3,1,0.9404502866334029,0.613505769296565,1
12,66.0,7.0,3,1,0.9296184877717282,0.613505769296565,1
12,67.0,6.0,3,1,0.8943794529760096,0.613505769296565,1
12,68.0,5.0,3,1,0.952673619527595,0.613505769296565,1
12,69.0,4.0,3,1,0.9560300422672431,0.613505769296565,1
12,70.0,3.0,3,1,0.9382877311847577,0.613505769296565,1
12,71.0,2.0,3,1,0.9448488808755106,0.613505769296565,1
12,72.0,1.0,3,1,0.9848604715249907,0.613505769296565,1
12,73.0,0.0,3,1,0.7435607066523832,0.613505769296565,1
13,1.0,66.0,3,0,0.0501741221641655,0.613505769296565,0
13,2.0,65.0,3,0,0.025360698436976265,0.613505769296565,0
13,3.0,64.0,3,0,0.030949657404102944,0.613505769296565,0
13,4.0,63.0,3,0,0.02178954662361769,0.613505769296565,0
13,5.0,62.0,3,0,0.06009749705247259,0.613505769296565,0
13,6.0,61.0,3,0,0.0742546703065394,0.613505769296565,0
13,7.0,60.0,3,0,0.034860283850556915,0.613505769296565,0
13,8.0,59.0,3,0,0.0675925494404839,0.613505769296565,0
13,9.0,58.0,3,0,0.02549067232547472,0.613505769296565,0
13,10.0,57.0,3,0,0.03537974509286589,0.613505769296565,0
13,11.0,56.0,3,0,0.0395192371537067,0.613505769296565,0
13,12.0,55.0,3,0,0.026712074039949414,0.613505769296565,0
13,13.0,54.0,3,0,0.028533866733453896,0.613505769296565,0
13,14.0,53.0,3,0,0.022063672706412053,0.613505769296565,0
13,15.0,52.0,3,0,0.02673149255295117,0.613505769296565,0
13,16.0,51.0,3,0,0.02676274222817375,0.613505769296565,0
13,17.0,50.0,3,0,0.03314417893117425,0.613505769296565,0
13,18.0,49.0,3,0,0.10198589604760319,0.613505769296565,0
13,19.0,48.0,3,0,0.055317619449735365,0.613505769296565,0
13,20.0,47.0,3,0,0.03691389268235957,0.613505769296565,0
13,21.0,46.0,3,0,0.10902626057240536,0.613505769296565,0
13,22.0,45.0,3,0,0.026060331222080332,0.613505769296565,0
13,23.0,44.0,3,0,0.024541684099698122,0.613505769296565,0
13,24.0,43.0,3,0,0.03266401802989971,0.613505769296565,0
13,25.0,42.0,3,0,0.03913920581686758,0.613505769296565,0
13,26.0,41.0,3,0,0.022020089229519826,0.613505769296565,0
13,27.0,40.0,3,0,0.03633944082014708,0.613505769296565,0
13,28.0,39.0,3,0,0.10128959996013345,0.613505769296565,0
13,29.0,38.0,3,0,0.035554362335923385,0.613505769296565,0
13,30.0,37.0,3,0,0.1083464472566013,0.613505769296565,0
13,31.0,36.0,3,0,0.03902513047300399,0.613505769296565,0
13,32.0,35.0,3,0,0.07487945703912087,0.613505769296565,0
13,33.0,34.0,3,0,0.08396192824612404,0.613505769296565,0
13,34.0,33.0,3,0,0.14791375990284655,0.613505769296565,0
13,35.0,32.0,3,0,0.09908079667107607,0.613505769296565,0
13,36.0,31.0,3,0,0.13348425369903008,0.613505769296565,0
13,37.0,30.0,3,0,0.24939699303132873,0.613505769296565,0
13,38.0,29.0,3,0,0.1114272564596798,0.613505769296565,0
13,39.0,28.0,3,0,0.21592504494629883,0.613505769296565,0
13,40.0,27.0,3,0,0.2773999493812508,0.613505769296565,0
13,41.0,26.0,3,0,0.37112222492361,0.613505769296565,0
13,42.0,25.0,3,0,0.5082488049345754,0.613505769296565,0
13,43.0,24.0,3,0,0.5435302346848281,0.613505769296565,0
13,44.0,23.0,3,0,0.520774284441964,0.613505769296565,0
13,45.0,22.0,3,0,0.5580174413529866,0.613505769296565,0
13,46.0,21.0,3,0,0.44945132072376676,0.613505769296565,0
13,47.0,20.0,3,1,0.6910573125987789,0.613505769296565,1
13,48.0,19.0,3,1,0.5736071412491204,0.613505769296565,0
13,49.0,18.0,3,1,0.735156880639783,0.613505769296565,1
13,50.0,17.0,3,1,0.5516391624638346,0.613505769296565,0
13,51.0,16.0,3,1,0.5355251165201046,0.613505769296565,0
13,52.0,15.0,3,1,0.2517958512958006,0.613505769296565,0
13,53.0,14.0,3,1,0.7750211601895387,0.613505769296565,1
13,54.0,13.0,3,1,0.5493574259640522,0.613505769296565,0
13,55.0,12.0,3,1,0.647815308838403,0.613505769296565,1
13,56.0,11.0,3,1,0.7663494945405884,0.613505769296565,1
13,57.0,10.0,3,1,0.8321677053196135,0.613505769296565,1
13,58.0,9.0,3,1,0.9632647854390478,0.613505769296565,1
13,59.0,8.0,3,1,0.859390414929267,0.613505769296565,1
13,60.0,7.0,3,1,0.9260419335738134,0.613505769296565,1
13,61.0,6.0,3,1,0.9058243449293211,0.613505769296565,1
13,62.0,5.0,3,1,0.967425970037207,0.613505769296565,1
13,63.0,4.0,3,1,0.8981333411345745,0.613505769296565,1
13,64.0,3.0,3,1,0.9575144947408971,0.613505769296565,1
13,65.0,2.0,3,1,0.9125208225290754,0.613505769296565,1
13,66.0,1.0,3,1,0.9657795133473865,0.613505769296565,1
13,67.0,0.0,3,1,0.9438238912396216,0.613505769296565,1
14,1.0,59.0,1,0,0.10262340319779181,0.6061926394381595,0
14,2.0,58.0,1,0,0.07083673331596305,0.6061926394381595,0
14,3.0,57.0,1,0,0.022278169503654428,0.6061926394381595,0
14,4.0,56.0,1,0,0.030940117415374262,0.6061926394381595,0
14,5.0,55.0,1,0,0.03095672480393467,0.6061926394381595,0
14,6.0,54.0,1,0,0.040166077416390965,0.6061926394381595,0
14,7.0,53.0,1,0,0.0726758927078326,0.6061926394381595,0
14,8.0,52.0,1,0,0.037072324437821554,0.6061926394381595,0
14,9.0,51.0,1,0,0.00775321832455437,0.6061926394381595,0
14,10.0,50.0,1,0,0.12163182571306992,0.6061926394381595,0
14,11.0,49.0,1,0,0.022902897743851288,0.6061926394381595,0
14,12.0,48.0,1,0,0.015804865493026718,0.6061926394381595,0
14,13.0,47.0,1,0,0.05388605334705433,0.6061926394381595,0
14,14.0,46.0,1,0,0.021058560929349428,0.6061926394381595,0
14,15.0,45.0,1,0,0.06220322970057428,0.6061926394381595,0
14,16.0,44.0,1,0,0.04707077894620532,0.6061926394381595,0
14,17.0,43.0,1,0,0.024335896385907458,0.6061926394381595,0
14,18.0,42.0,1,0,0.020820286975440278,0.6061926394381595,0
14,19.0,41.0,1,0,0.025205400501787566,0.6061926394381595,0
14,20.0,40.0,1,0,0.02981268824924176,0.6061926394381595,0
14,21.0,39.0,1,0,0.032075329002076276,0.6061926394381595,0
14,22.0,38.0,1,0,0.035128611061725136,0.6061926394381595,0
14,23.0,37.0,1,0,0.027322559013841417,0.6061926394381595,0
14,24.0,36.0,1,0,0.019943712551114715,0.6061926394381595,0
14,25.0,35.0,1,0,0.03229330144967222,0.6061926394381595,0
14,26.0,34.0,1,0,0.09115288891228479,0.6061926394381595,0
14,27.0,33.0,1,0,0.08897985764646889,0.6061926394381595,0
14,28.0,32.0,1,0,0.047657712633015284,0.6061926394381595,0
14,29.0,31.0,1,0,0.036008872658956206,0.6061926394381595,0
14,30.0,30.0,1,0,0.05642550349154978,0.6061926394381595,0
14,31.0,29.0,1,0,0.03777462249019102,0.6061926394381595,0
14,32.0,28.0,1,0,0.01708111606427486,0.6061926394381595,0
14,33.0,27.0,1,0,0.03134080453596808,0.6061926394381595,0
14,34.0,26.0,1,0,0.024691009720376317,0.6061926394381595,0
14,35.0,25.0,1,0,0.07248034938443207,0.6061926394381595,0
14,36.0,24.0,1,0,0.037337594066728645,0.6061926394381595,0
14,37.0,23.0,1,0,0.11844679836372422,0.6061926394381595,0
14,38.0,22.0,1,0,0.2935121311582632,0.6061926394381595,0
14,39.0,21.0,1,0,0.1420176371779945,0.6061926394381595,0
14,40.0,20.0,1,1,0.330030950312915,0.6061926394381595,0
14,41.0,19.0,1,1,0.25298671507132053,0.6061926394381595,0
14,42.0,18.0,1,1,0.3544805448704127,0.6061926394381595,0
14,43.0,17.0,1,1,0.5737928913653785,0.6061926394381595,0
14,44.0,16.0,1,1,0.46073462816957744,0.6061926394381595,0
14,45.0,15.0,1,1,0.5451390619636617,0.6061926394381595,0
14,46.0,14.0,1,1,0.8119490338604505,0.6061926394381595,1
14,47.0,13.0,1,1,0.6877422292187461,0.6061926394381595,1
14,48.0,12.0,1,1,0.6889131595943033,0.6061926394381595,1
14,49.0,11.0,1,1,0.8503003780245438,0.6061926394381595,1
14,50.0,10.0,1,1,0.7546616205269654,0.6061926394381595,1
14,51.0,9.0,1,1,0.7968455183409666,0.6061926394381595,1
14,52.0,8.0,1,1,0.6838587851941025,0.6061926394381595,1
14,53.0,7.0,1,1,0.8856889031428845,0.6061926394381595,1
14,54.0,6.0,1,1,0.7476517993662635,0.6061926394381595,1
14,55.0,5.0,1,1,0.8130536079083528,0.6061926394381595,1
14,56.0,4.0,1,1,0.901783081005075,0.6061926394381595,1
14,57.0,3.0,1,1,0.7920080632601311,0.6061926394381595,1
14,58.0,2.0,1,1,0.9131034540929592,0.6061926394381595,1
14,59.0,1.0,1,1,0.93338017077368,0.6061926394381595,1
14,60.0,0.0,1,1,0.9545929313475016,0.6061926394381595,1
15,1.0,92.0,1,0,0.009475752099828904,0.6061926394381595,0
15,2.0,91.0,1,0,0.0025219323489280784,0.6061926394381595,0
15,3.0,90.0,1,0,0.018763927873263555,0.6061926394381595,0
15,4.0,89.0,1,0,0.0037097330390433196,0.6061926394381595,0
15,5.0,88.0,1,0,0.011293558184397421,0.6061926394381595,0
15,6.0,87.0,1,0,0.007210940738474724,0.6061926394381595,0
15,7.0,86.0,1,0,0.008811544982947369,0.6061926394381595,0
15,8.0,85.0,1,0,0.012172714495773118,0.6061926394381595,0
15,9.0,84.0,1,0,0.0023574256298251003,0.6061926394381595,0
15,10.0,83.0,1,0,0.010722728755966365,0.6061926394381595,0
15,11.0,82.0,1,0,0.00624853054076886,0.6061926394381595,0
15,12.0,81.0,1,0,0.015677068969826468,0.6061926394381595,0
15,13.0,80.0,1,0,0.012805702682353903,0.6061926394381595,0
15,14.0,79.0,1,0,0.010592202290994827,0.6061926394381595,0
15,15.0,78.0,1,0,0.0071674716294336405,0.6061926394381595,0
15,16.0,77.0,1,0,0.02499627546431055,0.6061926394381595,0
15,17.0,76.0,1,0,0.009286539684872258,0.6061926394381595,0
15,18.0,75.0,1,0,0.010291067491349604,0.6061926394381595,0
15,19.0,74.0,1,0,0.02912476534474524,0.6061926394381595,0
15,20.0,73.0,1,0,0.043979609668226866,0.6061926394381595,0
15,21.0,72.0,1,0,0.019004611128415016,0.6061926394381595,0
15,22.0,71.0,1,0,0.01993494293773554,0.6061926394381595,0
15,23.0,70.0,1,0,0.023864213076960662,0.6061926394381595,0
15,24.0,69.0,1,0,0.011099214784063994,0.6061926394381595,0
15,25.0,68.0,1,0,0.015426034097175518,0.6061926394381595,0
15,26.0,67.0,1,0,0.011368126009083709,0.6061926394381595,0
15,27.0,66.0,1,0,0.012673910375179285,0.6061926394381595,0
15,28.0,65.0,1,0,0.004125945394125607,0.6061926394381595,0
15,29.0,64.0,1,0,0.005295666239955178,0.6061926394381595,0
15,30.0,63.0,1,0,0.024430246727751168,0.6061926394381595,0
15,31.0,62.0,1,0,0.015036752857972693,0.6061926394381595,0
15,32.0,61.0,1,0,0.01885065693285372,0.6061926394381595,0
15,33.0,60.0,1,0,0.01897439864657825,0.6061926394381595,0
15,34.0,59.0,1,0,0.03273528346700784,0.6061926394381595,0
15,35.0,58.0,1,0,0.004340557549363512,0.6061926394381595,0
15,36.0,57.0,1,0,0.012435818821960248,0.6061926394381595,0
15,37.0,56.0,1,0,0.008803644344938667,0.6061926394381595,0
15,38.0,55.0,1,0,0.019333408272098566,0.6061926394381595,0
15,39.0,54.0,1,0,0.02092321509281942,0.6061926394381595,0
15,40.0,53.0,1,0,0.010656060054981669,0.6061926394381595,0
15,41.0,52.0,1,0,0.014778705629733874,0.6061926394381595,0
15,42.0,51.0,1,0,0.01478186516712458,0.6061926394381595,0
15,43.0,50.0,1,0,0.006728235860280624,0.6061926394381595,0
15,44.0,49.0,1,0,0.009250168209208702,0.6061926394381595,0
15,45.0,48.0,1,0,0.030922060415965513,0.6061926394381595,0
15,46.0,47.0,1,0,0.05300691239180774,0.6061926394381595,0
15,47.0,46.0,1,0,0.03980384054401227,0.6061926394381595,0
15,48.0,45.0,1,0,0.044991385990675994,0.6061926394381595,0
15,49.0,44.0,1,0,0.09008950051571686,0.6061926394381595,0
15,50.0,43.0,1,0,0.028892278481505607,0.6061926394381595,0
15,51.0,42.0,1,0,0.134000810792548,0.6061926394381595,0
15,52.0,41.0,1,0,0.42759433960533055,0.6061926394381595,0
15,53.0,40.0,1,0,0.2662937311809317,0.6061926394381595,0
15,54.0,39.0,1,0,0.3547624439333113,0.6061926394381595,0
15,55.0,38.0,1,0,0.5587859299083581,0.6061926394381595,0
15,56.0,37.0,1,0,0.38028926316026856,0.6061926394381595,0
15,57.0,36.0,1,0,0.3062962375741503,0.6061926394381595,0
15,58.0,35.0,1,0,0.17643718577861242,0.6061926394381595,0
15,59.0,34.0,1,0,0.30236578076984044,0.6061926394381595,0
15,60.0,33.0,1,0,0.5510413525306418,0.6061926394381595,0
15,61.0,32.0,1,0,0.24327242110234454,0.6061926394381595,0
15,62.0,31.0,1,0,0.523404753526278,0.6061926394381595,0
15,63.0,30.0,1,0,0.6169429753816161,0.6061926394381595,1
15,64.0,29.0,1,0,0.6181239377691216,0.6061926394381595,1
15,65.0,28.0,1,0,0.4374359192045225,0.6061926394381595,0
15,66.0,27.0,1,0,0.40162741935124663,0.6061926394381595,0
15,67.0,26.0,1,0,0.37778316762410075,0.6061926394381595,0
15,68.0,25.0,1,0,0.7706448494607707,0.6061926394381595,1
15,69.0,24.0,1,0,0.5767765810009677,0.6061926394381595,0
15,70.0,23.0,1,0,0.7986074615271056,0.6061926394381595,1
15,71.0,22.0,1,0,0.44467097857790616,0.6061926394381595,0
15,72.0,21.0,1,0,0.7767393008017979,0.6061926394381595,1
15,73.0,20.0,1,1,0.7589701692571267,0.6061926394381595,1
15,74.0,19.0,1,1,0.7667359137339985,0.6061926394381595,1
15,75.0,18.0,1,1,0.8042360062665642,0.6061926394381595,1
15,76.0,17.0,1,1,0.9291301688245822,0.6061926394381595,1
15,77.0,16.0,1,1,0.967435811358201,0.6061926394381595,1
15,78.0,15.0,1,1,0.6865129809635218,0.6061926394381595,1
15,79.0,14.0,1,1,0.980691330059413,0.6061926394381595,1
15,80.0,13.0,1,1,0.8910431123080431,0.6061926394381595,1
15,81.0,12.0,1,1,0.9502996397738853,0.6061926394381595,1
15,82.0,11.0,1,1,0.9660533253794533,0.6061926394381595,1
15,83.0,10.0,1,1,0.9733680637699459,0.6061926394381595,1
15,84.0,9.0,1,1,0.9623038624535686,0.6061926394381595,1
15,85.0,8.0,1,1,0.8259819777150027,0.6061926394381595,1
15,86.0,7.0,1,1,0.9180751637249138,0.6061926394381595,1
15,87.0,6.0,1,1,0.9669995794309223,0.6061926394381595,1
15,88.0,5.0,1,1,0.9422000250627451,0.6061926394381595,1
15,89.0,4.0,1,1,0.9828898361777503,0.6061926394381595,1
15,90.0,3.0,1,1,0.9879230259578154,0.6061926394381595,1
15,91.0,2.0,1,1,0.8748170851371994,0.6061926394381595,1
15,92.0,1.0,1,1,0.9970413230710052,0.6061926394381595,1
15,93.0,0.0,1,1,0.9627663982577709,0.6061926394381595,1
16,1.0,62.0,2,0,0.07138601787010655,0.6001168108121387,0
16,2.0,61.0,2,0,0.04295612930110829,0.6001168108121387,0
16,3.0,60.0,2,0,0.07304207216429481,0.6001168108121387,0
16,4.0,59.0,2,0,0.013501480585892114,0.6001168108121387,0
16,5.0,58.0,2,0,0.07131694472541165,0.6001168108121387,0
16,6.0,57.0,2,0,0.07946933075920792,0.6001168108121387,0
16,7.0,56.0,2,0,0.11068241823747565,0.6001168108121387,0
16,8.0,55.0,2,0,0.029892170398441272,0.6001168108121387,0
16,9.0,54.0,2,0,0.02449150356267812,0.6001168108121387,0
16,10.0,53.0,2,0,0.06438424637667642,0.6001168108121387,0
16,11.0,52.0,2,0,0.07674876032544235,0.6001168108121387,0
16,12.0,51.0,2,0,0.17247453059479415,0.6001168108121387,0
16,13.0,50.0,2,0,0.026942156479132045,0.6001168108121387,0
16,14.0,49.0,2,0,0.04038957624054778,0.6001168108121387,0
16,15.0,48.0,2,0,0.13752632299791673,0.6001168108121387,0
16,16.0,47.0,2,0,0.021998010757923264,0.6001168108121387,0
16,17.0,46.0,2,0,0.049522465475943536,0.6001168108121387,0
16,18.0,45.0,2,0,0.09868424434630141,0.6001168108121387,0
16,19.0,44.0,2,0,0.17774507689994248,0.6001168108121387,0
16,20.0,43.0,2,0,0.0554609263473342,0.6001168108121387,0
16,21.0,42.0,2,0,0.05009395642331656,0.6001168108121387,0
16,22.0,41.0,2,0,0.08803412944589253,0.6001168108121387,0
16,23.0,40.0,2,0,0.0966259012828252,0.6001168108121387,0
16,24.0,39.0,2,0,0.08338474599066177,0.6001168108121387,0
16,25.0,38.0,2,0,0.04126859197892875,0.6001168108121387,0
16,26.0,37.0,2,0,0.10644649766812195,0.6001168108121387,0
16,27.0,36.0,2,0,0.05127380979256315,0.6001168108121387,0
16,28.0,35.0,2,0,0.10339491823345456,0.6001168108121387,0
16,29.0,34.0,2,0,0.13039635126916072,0.6001168108121387,0
16,30.0,33.0,2,0,0.07960534421307064,0.6001168108121387,0
16,31.0,32.0,2,0,0.24202569289839923,0.6001168108121387,0
16,32.0,31.0,2,0,0.1517010512855389,0.6001168108121387,0
16,33.0,30.0,2,0,0.30302573178485465,0.6001168108121387,0
16,34.0,29.0,2,0,0.17346304910352436,0.6001168108121387,0
16,35.0,28.0,2,0,0.29321904093725615,0.6001168108121387,0
16,36.0,27.0,2,0,0.19262765412788255,0.6001168108121387,0
16,37.0,26.0,2,0,0.4317717421760679,0.6001168108121387,0
16,38.0,25.0,2,0,0.30439878047792285,0.6001168108121387,0
16,39.0,24.0,2,0,0.37595105753984803,0.6001168108121387,0
16,40.0,23.0,2,0,0.4051657449478314,0.6001168108121387,0
16,41.0,22.0,2,0,0.5238566210116231,0.6001168108121387,0
16,42.0,21.0,2,0,0.4957211589965843,0.6001168108121387,0
16,43.0,20.0,2,1,0.5609896274774616,0.6001168108121387,0
16,44.0,19.0,2,1,0.6140229586948552,0.6001168108121387,1
16,45.0,18.0,2,1,0.7109115870875015,0.6001168108121387,1
16,46.0,17.0,2,1,0.47381766953226323,0.6001168108121387,0
16,47.0,16.0,2,1,0.671383448100822,0.6001168108121387,1
16,48.0,15.0,2,1,0.7441982537906506,0.6001168108121387,1
16,49.0,14.0,2,1,0.598921451377416,0.6001168108121387,0
16,50.0,13.0,2,1,0.8047132070809299,0.6001168108121387,1
16,51.0,12.0,2,1,0.743638045123681,0.6001168108121387,1
16,52.0,11.0,2,1,0.6121495926175223,0.6001168108121387,1
16,53.0,10.0,2,1,0.6342135693691885,0.6001168108121387,1
16,54.0,9.0,2,1,0.8198876125384419,0.6001168108121387,1
16,55.0,8.0,2,1,0.8905032863957435,0.6001168108121387,1
16,56.0,7.0,2,1,0.8402057098916264,0.6001168108121387,1
16,57.0,6.0,2,1,0.9624948962570247,0.6001168108121387,1
16,58.0,5.0,2,1,0.8569242899295607,0.6001168108121387,1
16,59.0,4.0,2,1,0.8919929677807725,0.6001168108121387,1
16,60.0,3.0,2,1,0.9903979549398737,0.6001168108121387,1
16,61.0,2.0,2,1,0.9647701247247126,0.6001168108121387,1
16,62.0,1.0,2,1,0.8798704410796815,0.6001168108121387,1
16,63.0,0.0,2,1,0.8948792172119043,0.6001168108121387,1
17,1.0,79.0,2,0,0.05350606545977994,0.6001168108121387,0
17,2.0,78.0,2,0,0.03276223707908882,0.6001168108121387,0
17,3.0,77.0,2,0,0.050657145862649626,0.6001168108121387,0
17,4.0,76.0,2,0,0.043846957739884694,0.6001168108121387,0
17,5.0,75.0,2,0,0.035080672871450225,0.6001168108121387,0
17,6.0,74.0,2,0,0.04843152196824516,0.6001168108121387,0
17,7.0,73.0,2,0,0.05199161008108319,0.6001168108121387,0
17,8.0,72.0,2,0,0.07570410341884257,0.6001168108121387,0
17,9.0,71.0,2,0,0.04329429208604721,0.6001168108121387,0
17,10.0,70.0,2,0,0.02555026354108185,0.6001168108121387,0
17,11.0,69.0,2,0,0.06854544622267632,0.6001168108121387,0
17,12.0,68.0,2,0,0.09248033933352558,0.6001168108121387,0
17,13.0,67.0,2,0,0.03748901098996469,0.6001168108121387,0
17,14.0,66.0,2,0,0.05434899903128407,0.6001168108121387,0
17,15.0,65.0,2,0,0.02760228231136355,0.6001168108121387,0
17,16.0,64.0,2,0,0.02613241680736231,0.6001168108121387,0
17,17.0,63.0,2,0,0.02682986890343351,0.6001168108121387,0
17,18.0,62.0,2,0,0.029787324348249634,0.6001168108121387,0
17,19.0,61.0,2,0,0.03623852422748764,0.6001168108121387,0
17,20.0,60.0,2,0,0.03484981792908436,0.6001168108121387,0
17,21.0,59.0,2,0,0.04125291996894724,0.6001168108121387,0
17,22.0,58.0,2,0,0.05734474832135554,0.6001168108121387,0
17,23.0,57.0,2,0,0.03048087270952268,0.6001168108121387,0
17,24.0,56.0,2,0,0.10038398000085433,0.6001168108121387,0
17,25.0,55.0,2,0,0.07756591531188993,0.6001168108121387,0
17,26.0,54.0,2,0,0.02976483700473412,0.6001168108121387,0
17,27.0,53.0,2,0,0.040619657317963194,0.6001168108121387,0
17,28.0,52.0,2,0,0.09824891768481626,0.6001168108121387,0
17,29.0,51.0,2,0,0.0201505097042763,0.6001168108121387,0
17,30.0,50.0,2,0,0.12621001915952193,0.6001168108121387,0
17,31.0,49.0,2,0,0.05956035135681434,0.6001168108121387,0
17,32.0,48.0,2,0,0.03457278586278766,0.6001168108121387,0
17,33.0,47.0,2,0,0.07739680648147146,0.6001168108121387,0
17,34.0,46.0,2,0,0.10785287121175992,0.6001168108121387,0
17,35.0,45.0,2,0,0.07656688758691646,0.6001168108121387,0
17,36.0,44.0,2,0,0.03631226733753747,0.6001168108121387,0
17,37.0,43.0,2,0,0.28011456248907324,0.6001168108121387,0
17,38.0,42.0,2,0,0.16771963137511822,0.6001168108121387,0
17,39.0,41.0,2,0,0.20203153215873398,0.6001168108121387,0
17,40.0,40.0,2,0,0.2311765725504708,0.6001168108121387,0
17,41.0,39.0,2,0,0.519161429763061,0.6001168108121387,0
17,42.0,38.0,2,0,0.2929882463599726,0.6001168108121387,0
17,43.0,37.0,2,0,0.21145483147316296,0.6001168108121387,0
17,44.0,36.0,2,0,0.5552354374519035,0.6001168108121387,0
17,45.0,35.0,2,0,0.6767098022143786,0.6001168108121387,1
17,46.0,34.0,2,0,0.48844854132860105,0.6001168108121387,0
17,47.0,33.0,2,0,0.6021558046287673,0.6001168108121387,1
17,48.0,32.0,2,0,0.8007181461227225,0.6001168108121387,1
17,49.0,31.0,2,0,0.3896255401824001,0.6001168108121387,0
17,50.0,30.0,2,0,0.7798336252780356,0.6001168108121387,1
17,51.0,29.0,2,0,0.6969967969397599,0.6001168108121387,1
17,52.0,28.0,2,0,0.6322059346579966,0.6001168108121387,1
17,53.0,27.0,2,0,0.5674009956067534,0.6001168108121387,0
17,54.0,26.0,2,0,0.546366626165067,0.6001168108121387,0
17,55.0,25.0,2,0,0.5644763108642824,0.6001168108121387,0
17,56.0,24.0,2,0,0.8789404665287956,0.6001168108121387,1
17,57.0,23.0,2,0,0.7783137461753563,0.6001168108121387,1
17,58.0,22.0,2,0,0.7969061839014878,0.6001168108121387,1
17,59.0,21.0,2,0,0.7130571071549927,0.6001168108121387,1
17,60.0,20.0,2,1,0.9541691154432086,0.6001168108121387,1
17,61.0,19.0,2,1,0.8687984101318137,0.6001168108121387,1
17,62.0,18.0,2,1,0.6856531659911006,0.6001168108121387,1
17,63.0,17.0,2,1,0.7614672533073108,0.6001168108121387,1
17,64.0,16.0,2,1,0.9040302465279841,0.6001168108121387,1
17,65.0,15.0,2,1,0.8887360303636369,0.6001168108121387,1
17,66.0,14.0,2,1,0.8382050590050455,0.6001168108121387,1
17,67.0,13.0,2,1,0.8874401584295404,0.6001168108121387,1
17,68.0,12.0,2,1,0.9606671934343161,0.6001168108121387,1
17,69.0,11.0,2,1,0.9581787965779893,0.6001168108121387,1
17,70.0,10.0,2,1,0.931487023164052,0.6001168108121387,1
17,71.0,9.0,2,1,0.9095009453257676,0.6001168108121387,1
17,72.0,8.0,2,1,0.9255136236602971,0.6001168108121387,1
17,73.0,7.0,2,1,0.9837808051646217,0.6001168108121387,1
17,74.0,6.0,2,1,0.9456286550765701,0.6001168108121387,1
17,75.0,5.0,2,1,0.9558130140090015,0.6001168108121387,1
17,76.0,4.0,2,1,0.9467176365394038,0.6001168108121387,1
17,77.0,3.0,2,1,0.9252266430051631,0.6001168108121387,1
17,78.0,2.0,2,1,0.9161964652438442,0.6001168108121387,1
17,79.0,1.0,2,1,0.9442407802600415,0.6001168108121387,1
17,80.0,0.0,2,1,0.9588733654347382,0.6001168108121387,1
18,1.0,70.0,5,0,0.038256534608571174,0.5936233198117976,0
18,2.0,69.0,5,0,0.06413112225286469,0.5936233198117976,0
18,3.0,68.0,5,0,0.04932809577960425,0.5936233198117976,0
18,4.0,67.0,5,0,0.06148763827257667,0.5936233198117976,0
18,5.0,66.0,5,0,0.034312057014731084,0.5936233198117976,0
18,6.0,65.0,5,0,0.08405004881343439,0.5936233198117976,0
18,7.0,64.0,5,0,0.11021802598686997,0.5936233198117976,0
18,8.0,63.0,5,0,0.05188316180645588,0.5936233198117976,0
18,9.0,62.0,5,0,0.04184979598541589,0.5936233198117976,0
18,10.0,61.0,5,0,0.027920815846503997,0.5936233198117976,0
18,11.0,60.0,5,0,0.07024415923408482,0.5936233198117976,0
18,12.0,59.0,5,0,0.04552345894255651,0.5936233198117976,0
18,13.0,58.0,5,0,0.030624532152152578,0.5936233198117976,0
18,14.0,57.0,5,0,0.15053127608766612,0.5936233198117976,0
18,15.0,56.0,5,0,0.038904810470640136,0.5936233198117976,0
18,16.0,55.0,5,0,0.05273884332366282,0.5936233198117976,0
18,17.0,54.0,5,0,0.08818853294035217,0.5936233198117976,0
18,18.0,53.0,5,0,0.07319345365982606,0.5936233198117976,0
18,19.0,52.0,5,0,0.13171221931735866,0.5936233198117976,0
18,20.0,51.0,5,0,0.06689962261085063,0.5936233198117976,0
18,21.0,50.0,5,0,0.08720023100487538,0.5936233198117976,0
18,22.0,49.0,5,0,0.07207512980729439,0.5936233198117976,0
18,23.0,48.0,5,0,0.0667967693015366,0.5936233198117976,0
18,24.0,47.0,5,0,0.08795638319403647,0.5936233198117976,0
18,25.0,46.0,5,0,0.06490644993177812,0.5936233198117976,0
18,26.0,45.0,5,0,0.07813242844645513,0.5936233198117976,0
18,27.0,44.0,5,0,0.17246858848891014,0.5936233198117976,0
18,28.0,43.0,5,0,0.04627766792933473,0.5936233198117976,0
18,29.0,42.0,5,0,0.04123223724172232,0.5936233198117976,0
18,30.0,41.0,5,0,0.15572007640722377,0.5936233198117976,0
18,31.0,40.0,5,0,0.08518529943734326,0.5936233198117976,0
18,32.0,39.0,5,0,0.20329090891145674,0.5936233198117976,0
18,33.0,38.0,5,0,0.18674085904098742,0.5936233198117976,0
18,34.0,37.0,5,0,0.15295514975144975,0.5936233198117976,0
18,35.0,36.0,5,0,0.20263229342237768,0.5936233198117976,0
18,36.0,35.0,5,0,0.2160419935863657,0.5936233198117976,0
18,37.0,34.0,5,0,0.2146740138702343,0.5936233198117976,0
18,38.0,33.0,5,0,0.16266411748471404,0.5936233198117976,0
18,39.0,32.0,5,0,0.2535910001879856,0.5936233198117976,0
18,40.0,31.0,5,0,0.1955827545267612,0.5936233198117976,0
18,41.0,30.0,5,0,0.449580281774505,0.5936233198117976,0
18,42.0,29.0,5,0,0.5201069908648293,0.5936233198117976,0
18,43.0,28.0,5,0,0.7583188071687659,0.5936233198117976,1
18,44.0,27.0,5,0,0.4689566089749119,0.5936233198117976,0
18,45.0,26.0,5,0,0.6668440287239266,0.5936233198117976,1
18,46.0,25.0,5,0,0.42985660081118565,0.5936233198117976,0
18,47.0,24.0,5,0,0.5706638979966716,0.5936233198117976,0
18,48.0,23.0,5,0,0.5946382544783939,0.5936233198117976,1
18,49.0,22.0,5,0,0.5673148215804671,0.5936233198117976,0
18,50.0,21.0,5,0,0.6471119012441341,0.5936233198117976,1
18,51.0,20.0,5,1,0.7008693521622551,0.5936233198117976,1
18,52.0,19.0,5,1,0.768817537492613,0.5936233198117976,1
18,53.0,18.0,5,1,0.6441066806188914,0.5936233198117976,1
18,54.0,17.0,5,1,0.940011131639836,0.5936233198117976,1
18,55.0,16.0,5,1,0.7391378788345582,0.5936233198117976,1
18,56.0,15.0,5,1,0.7521864278035844,0.5936233198117976,1
18,57.0,14.0,5,1,0.9152448192669044,0.5936233198117976,1
18,58.0,13.0,5,1,0.7362867428690846,0.5936233198117976,1
18,59.0,12.0,5,1,0.7873561948287796,0.5936233198117976,1
18,60.0,11.0,5,1,0.9612394765964292,0.5936233198117976,1
18,61.0,10.0,5,1,0.9479752291023407,0.5936233198117976,1
18,62.0,9.0,5,1,0.7794014860061622,0.5936233198117976,1
18,63.0,8.0,5,1,0.9045306381061368,0.5936233198117976,1
18,64.0,7.0,5,1,0.9590337974650831,0.5936233198117976,1
18,65.0,6.0,5,1,0.8788130142832057,0.5936233198117976,1
18,66.0,5.0,5,1,0.8841486036721394,0.5936233198117976,1
18,67.0,4.0,5,1,0.8788027001092644,0.5936233198117976,1
18,68.0,3.0,5,1,0.9348588828746128,0.5936233198117976,1
18,69.0,2.0,5,1,0.9680137194327006,0.5936233198117976,1
18,70.0,1.0,5,1,0.936555022591188,0.5936233198117976,1
18,71.0,0.0,5,1,0.9790278835612827,0.5936233198117976,1
19,1.0,83.0,3,0,0.015607142892628309,0.613505769296565,0
19,2.0,82.0,3,0,0.008341714076834148,0.613505769296565,0
19,3.0,81.0,3,0,0.0062060028636816995,0.613505769296565,0
19,4.0,80.0,3,0,0.0040887143610648016,0.613505769296565,0
19,5.0,79.0,3,0,0.021409780522271212,0.613505769296565,0
19,6.0,78.0,3,0,0.013240124914982781,0.613505769296565,0
19,7.0,77.0,3,0,0.04231894106963224,0.613505769296565,0
19,8.0,76.0,3,0,0.0047114063736190155,0.613505769296565,0
19,9.0,75.0,3,0,0.009243236175103139,0.613505769296565,0
19,10.0,74.0,3,0,0.01276412947754938,0.613505769296565,0
19,11.0,73.0,3,0,0.002821543163176513,0.613505769296565,0
19,12.0,72.0,3,0,0.005415899584995697,0.613505769296565,0
19,13.0,71.0,3,0,0.02073447069577934,0.613505769296565,0
19,14.0,70.0,3,0,0.00844578288244919,0.613505769296565,0
19,15.0,69.0,3,0,0.0113377409334651,0.613505769296565,0
19,16.0,68.0,3,0,0.12919620082231242,0.613505769296565,0
19,17.0,67.0,3,0,0.019543748706688964,0.613505769296565,0
19,18.0,66.0,3,0,0.015045038774843629,0.613505769296565,0
19,19.0,65.0,3,0,0.02140477257893941,0.613505769296565,0
19,20.0,64.0,3,0,0.0037310844273334017,0.613505769296565,0
19,21.0,63.0,3,0,0.00582877841097778,0.613505769296565,0
19,22.0,62.0,3,0,0.007302324661156777,0.613505769296565,0
19,23.0,61.0,3,0,0.003960230156751155,0.613505769296565,0
19,24.0,60.0,3,0,0.005926904885640603,0.613505769296565,0
19,25.0,59.0,3,0,0.09170822621018024,0.613505769296565,0
19,26.0,58.0,3,0,0.06715207795297878,0.613505769296565,0
19,27.0,57.0,3,0,0.009608392616338349,0.613505769296565,0
19,28.0,56.0,3,0,0.019543748706688964,0.613505769296565,0
19,29.0,55.0,3,0,0.027784181572558502,0.613505769296565,0
19,30.0,54.0,3,0,0.017019719484628094,0.613505769296565,0
19,31.0,53.0,3,0,0.015322718499749345,0.613505769296565,0
19,32.0,52.0,3,0,0.007003529501882689,0.613505769296565,0
19,33.0,51.0,3,0,0.01361499382013818,0.613505769296565,0
19,34.0,50.0,3,0,0.013467879868827576,0.613505769296565,0
19,35.0,49.0,3,0,0.01715939699541926,0.613505769296565,0
19,36.0,48.0,3,0,0.03896955478036553,0.613505769296565,0
19,37.0,47.0,3,0,0.010152061194800015,0.613505769296565,0
19,38.0,46.0,3,0,0.18372876550574394,0.613505769296565,0
19,39.0,45.0,3,0,0.0017020361117195857,0.613505769296565,0
19,40.0,44.0,3,0,0.01029599132643278,0.613505769296565,0
19,41.0,43.0,3,0,0.03009902719172647,0.613505769296565,0
19,42.0,42.0,3,0,0.06790635586140113,0.613505769296565,0
19,43.0,41.0,3,0,0.05710711535475977,0.613505769296565,0
19,44.0,40.0,3,0,0.018636767348471892,0.613505769296565,0
19,45.0,39.0,3,0,0.07427944360061521,0.613505769296565,0
19,46.0,38.0,3,0,0.06947028055741729,0.613505769296565,0
19,47.0,37.0,3,0,0.029846454997167413,0.613505769296565,0
19,48.0,36.0,3,0,0.10488801116106827,0.613505769296565,0
19,49.0,35.0,3,0,0.10226158857711552,0.613505769296565,0
19,50.0,34.0,3,0,0.12078905761762469,0.613505769296565,0
19,51.0,33.0,3,0,0.0702152261017178,0.613505769296565,0
19,52.0,32.0,3,0,0.09191218431973579,0.613505769296565,0
19,53.0,31.0,3,0,0.2377189373720165,0.613505769296565,0
19,54.0,30.0,3,0,0.26670689139999354,0.613505769296565,0
19,55.0,29.0,3,0,0.3231950916101301,0.613505769296565,0
19,56.0,28.0,3,0,0.3333413491967508,0.613505769296565,0
19,57.0,27.0,3,0,0.310852199552647,0.613505769296565,0
19,58.0,26.0,3,0,0.5129455582853238,0.613505769296565,0
19,59.0,25.0,3,0,0.6264557444285396,0.613505769296565,1
19,60.0,24.0,3,0,0.6959099735895792,0.613505769296565,1
19,61.0,23.0,3,0,0.4208545463655863,0.613505769296565,0
19,62.0,22.0,3,0,0.681063254042221,0.613505769296565,1
19,63.0,21.0,3,0,0.6162199475504857,0.613505769296565,1
19,64.0,20.0,3,1,0.7812316710833237,0.613505769296565,1
19,65.0,19.0,3,1,0.6162976647229939,0.613505769296565,1
19,66.0,18.0,3,1,0.7740362857118421,0.613505769296565,1
19,67.0,17.0,3,1,0.6418219416412202,0.613505769296565,1
19,68.0,16.0,3,1,0.6381780454981226,0.613505769296565,1
19,69.0,15.0,3,1,0.7179644430905047,0.613505769296565,1
19,70.0,14.0,3,1,0.9174444780740626,0.613505769296565,1
19,71.0,13.0,3,1,0.893713434351507,0.613505769296565,1
19,72.0,12.0,3,1,0.9679223590421637,0.613505769296565,1
19,73.0,11.0,3,1,0.9260417225128018,0.613505769296565,1
19,74.0,10.0,3,1,0.9676937467531608,0.613505769296565,1
19,75.0,9.0,3,1,0.9647951615820545,0.613505769296565,1
19,76.0,8.0,3,1,0.9719060016440451,0.613505769296565,1
19,77.0,7.0,3,1,0.92474566342279,0.613505769296565,1
19,78.0,6.0,3,1,0.9562706152804944,0.613505769296565,1
19,79.0,5.0,3,1,0.9380668863836301,0.613505769296565,1
19,80.0,4.0,3,1,0.9913186968417972,0.613505769296565,1
19,81.0,3.0,3,1,0.9768008224842119,0.613505769296565,1
19,82.0,2.0,3,1,0.9882193823427924,0.613505769296565,1
19,83.0,1.0,3,1,0.986596959408984,0.613505769296565,1
19,84.0,0.0,3,1,0.9715094832374411,0.613505769296565,1
20,1.0,65.0,1,0,0.027492112066476185,0.6061926394381595,0
20,2.0,64.0,1,0,0.07599239126882305,0.6061926394381595,0
20,3.0,63.0,1,0,0.05053438759123309,0.6061926394381595,0
20,4.0,62.0,1,0,0.02692118503858933,0.6061926394381595,0
20,5.0,61.0,1,0,0.07320753112672906,0.6061926394381595,0
20,6.0,60.0,1,0,0.032754501716530875,0.6061926394381595,0
20,7.0,59.0,1,0,0.04226469552483926,0.6061926394381595,0
20,8.0,58.0,1,0,0.14926826541262764,0.6061926394381595,0
20,9.0,57.0,1,0,0.05267253204503273,0.6061926394381595,0
20,10.0,56.0,1,0,0.0241055780736148,0.6061926394381595,0
20,11.0,55.0,1,0,0.07583346335135846,0.6061926394381595,0
20,12.0,54.0,1,0,0.044850729817853936,0.6061926394381595,0
20,13.0,53.0,1,0,0.03974991492846193,0.6061926394381595,0
20,14.0,52.0,1,0,0.03268025602034193,0.6061926394381595,0
20,15.0,51.0,1,0,0.05644201246018479,0.6061926394381595,0
20,16.0,50.0,1,0,0.028160754951161306,0.6061926394381595,0
20,17.0,49.0,1,0,0.016992576022532666,0.6061926394381595,0
20,18.0,48.0,1,0,0.05526400945514228,0.6061926394381595,0
20,19.0,47.0,1,0,0.05043782328310473,0.6061926394381595,0
20,20.0,46.0,1,0,0.052744669230649646,0.6061926394381595,0
20,21.0,45.0,1,0,0.05226108018696209,0.6061926394381595,0
20,22.0,44.0,1,0,0.03400778422013605,0.6061926394381595,0
20,23.0,43.0,1,0,0.08171437503275089,0.6061926394381595,0
20,24.0,42.0,1,0,0.061278523322264855,0.6061926394381595,0
20,25.0,41.0,1,0,0.029186176964034576,0.6061926394381595,0
20,26.0,40.0,1,0,0.0611710530402967,0.6061926394381595,0
20,27.0,39.0,1,0,0.02119743741464579,0.6061926394381595,0
20,28.0,38.0,1,0,0.07801795945061292,0.6061926394381595,0
20,29.0,37.0,1,0,0.044510029787983144,0.6061926394381595,0
20,30.0,36.0,1,0,0.14037378638033235,0.6061926394381595,0
20,31.0,35.0,1,0,0.33984341062256457,0.6061926394381595,0
20,32.0,34.0,1,0,0.2735631570960792,0.6061926394381595,0
20,33.0,33.0,1,0,0.04449270991056621,0.6061926394381595,0
20,34.0,32.0,1,0,0.32803728346548167,0.6061926394381595,0
20,35.0,31.0,1,0,0.20241843394204959,0.6061926394381595,0
20,36.0,30.0,1,0,0.2761540826653267,0.6061926394381595,0
20,37.0,29.0,1,0,0.10588735335413667,0.6061926394381595,0
20,38.0,28.0,1,0,0.18734665592736224,0.6061926394381595,0
20,39.0,27.0,1,0,0.3914824947236458,0.6061926394381595,0
20,40.0,26.0,1,0,0.4601284653928174,0.6061926394381595,0
20,41.0,25.0,1,0,0.4435129514220066,0.6061926394381595,0
20,42.0,24.0,1,0,0.5181130205252491,0.6061926394381595,0
20,43.0,23.0,1,0,0.5076386355379954,0.6061926394381595,0
20,44.0,22.0,1,0,0.4419457322364621,0.6061926394381595,0
20,45.0,21.0,1,0,0.6433440348137764,0.6061926394381595,1
20,46.0,20.0,1,1,0.6516431230792238,0.6061926394381595,1
20,47.0,19.0,1,1,0.6532817025583534,0.6061926394381595,1
20,48.0,18.0,1,1,0.300459905349721,0.6061926394381595,0
20,49.0,17.0,1,1,0.6337718002940569,0.6061926394381595,1
20,50.0,16.0,1,1,0.566773476178688,0.6061926394381595,0
20,51.0,15.0,1,1,0.6945866656274972,0.6061926394381595,1
20,52.0,14.0,1,1,0.9098380110313145,0.6061926394381595,1
20,53.0,13.0,1,1,0.9493550934668236,0.6061926394381595,1
20,54.0,12.0,1,1,0.7676571960937052,0.6061926394381595,1
20,55.0,11.0,1,1,0.6113063844137118,0.6061926394381595,1
20,56.0,10.0,1,1,0.8026380747988429,0.6061926394381595,1
20,57.0,9.0,1,1,0.9091046140591215,0.6061926394381595,1
20,58.0,8.0,1,1,0.9495715545006068,0.6061926394381595,1
20,59.0,7.0,1,1,0.9806668984607978,0.6061926394381595,1
20,60.0,6.0,1,1,0.9289804994788613,0.6061926394381595,1
20,61.0,5.0,1,1,0.8278452570400543,0.6061926394381595,1
20,62.0,4.0,1,1,0.932782562956055,0.6061926394381595,1
20,63.0,3.0,1,1,0.9087822466353855,0.6061926394381595,1
20,64.0,2.0,1,1,0.7484247851639648,0.6061926394381595,1
20,65.0,1.0,1,1,0.9153492818472574,0.6061926394381595,1
20,66.0,0.0,1,1,0.9565875472520026,0.6061926394381595,1
21,1.0,58.0,4,0,0.03435607550655895,0.6112844997130881,0
21,2.0,57.0,4,0,0.2649790491169193,0.6112844997130881,0
21,3.0,56.0,4,0,0.03674687363601842,0.6112844997130881,0
21,4.0,55.0,4,0,0.05640999675810956,0.6112844997130881,0
21,5.0,54.0,4,0,0.04474889598034835,0.6112844997130881,0
21,6.0,53.0,4,0,0.05882285580606472,0.6112844997130881,0
21,7.0,52.0,4,0,0.0391690302931391,0.6112844997130881,0
21,8.0,51.0,4,0,0.048526050066480406,0.6112844997130881,0
21,9.0,50.0,4,0,0.037434958126856877,0.6112844997130881,0
21,10.0,49.0,4,0,0.01930609960655176,0.6112844997130881,0
21,11.0,48.0,4,0,0.04192616947742418,0.6112844997130881,0
21,12.0,47.0,4,0,0.06237862403682916,0.6112844997130881,0
21,13.0,46.0,4,0,0.049572976674399825,0.6112844997130881,0
21,14.0,45.0,4,0,0.020963552549278036,0.6112844997130881,0
21,15.0,44.0,4,0,0.041408950536621865,0.6112844997130881,0
21,16.0,43.0,4,0,0.04330692491750824,0.6112844997130881,0
21,17.0,42.0,4,0,0.07597220003758497,0.6112844997130881,0
21,18.0,41.0,4,0,0.03494202472237184,0.6112844997130881,0
21,19.0,40.0,4,0,0.06736448586915461,0.6112844997130881,0
21,20.0,39.0,4,0,0.03485367831328313,0.6112844997130881,0
21,21.0,38.0,4,0,0.05860984099344706,0.6112844997130881,0
21,22.0,37.0,4,0,0.02003281044534657,0.6112844997130881,0
21,23.0,36.0,4,0,0.03980535147415165,0.6112844997130881,0
21,24.0,35.0,4,0,0.103664188135266,0.6112844997130881,0
21,25.0,34.0,4,0,0.02401115709217637,0.6112844997130881,0
21,26.0,33.0,4,0,0.1893678119201782,0.6112844997130881,0
21,27.0,32.0,4,0,0.03586198997180102,0.6112844997130881,0
21,28.0,31.0,4,0,0.10235807159660545,0.6112844997130881,0
21,29.0,30.0,4,0,0.07146287611362782,0.6112844997130881,0
21,30.0,29.0,4,0,0.04039812977098242,0.6112844997130881,0
21,31.0,28.0,4,0,0.29666935015938845,0.6112844997130881,0
21,32.0,27.0,4,0,0.1779934859841919,0.6112844997130881,0
21,33.0,26.0,4,0,0.09415619599256808,0.6112844997130881,0
21,34.0,25.0,4,0,0.4654743239468629,0.6112844997130881,0
21,35.0,24.0,4,0,0.16697584588451786,0.6112844997130881,0
21,36.0,23.0,4,0,0.34166680795322946,0.6112844997130881,0
21,37.0,22.0,4,0,0.2743678317301858,0.6112844997130881,0
21,38.0,21.0,4,0,0.13842306910708535,0.6112844997130881,0
21,39.0,20.0,4,1,0.3670133472052752,0.6112844997130881,0
21,40.0,19.0,4,1,0.4435610235048841,0.6112844997130881,0
21,41.0,18.0,4,1,0.4928331109670716,0.6112844997130881,0
21,42.0,17.0,4,1,0.38683010589801053,0.6112844997130881,0
21,43.0,16.0,4,1,0.6284265305393241,0.6112844997130881,1
21,44.0,15.0,4,1,0.6249423729717274,0.6112844997130881,1
21,45.0,14.0,4,1,0.535078417931631,0.6112844997130881,0
21,46.0,13.0,4,1,0.7698984548923259,0.6112844997130881,1
21,47.0,12.0,4,1,0.7685313955550244,0.6112844997130881,1
21,48.0,11.0,4,1,0.7446663635338435,0.6112844997130881,1
21,49.0,10.0,4,1,0.6597500933244529,0.6112844997130881,1
21,50.0,9.0,4,1,0.8670066478729918,0.6112844997130881,1
21,51.0,8.0,4,1,0.7886189161254173,0.6112844997130881,1
21,52.0,7.0,4,1,0.7967728062160713,0.6112844997130881,1
21,53.0,6.0,4,1,0.8706021644905603,0.6112844997130881,1
21,54.0,5.0,4,1,0.9369428919151483,0.6112844997130881,1
21,55.0,4.0,4,1,0.9681415950983214,0.6112844997130881,1
21,56.0,3.0,4,1,0.8571381963610395,0.6112844997130881,1
21,57.0,2.0,4,1,0.9456186961461606,0.6112844997130881,1
21,58.0,1.0,4,1,0.9561301587270455,0.6112844997130881,1
21,59.0,0.0,4,1,0.9698617922304703,0.6112844997130881,1
22,1.0,92.0,2,0,0.006479049888297871,0.6001168108121387,0
22,2.0,91.0,2,0,0.017877541917116706,0.6001168108121387,0
22,3.0,90.0,2,0,0.008322076485874519,0.6001168108121387,0
22,4.0,89.0,2,0,0.010074718695078783,0.6001168108121387,0
22,5.0,88.0,2,0,0.006934849630110268,0.6001168108121387,0
22,6.0,87.0,2,0,0.017203838095472504,0.6001168108121387,0
22,7.0,86.0,2,0,0.03807616457668972,0.6001168108121387,0
22,8.0,85.0,2,0,0.013181565549455333,0.6001168108121387,0
22,9.0,84.0,2,0,0.017759171352611264,0.6001168108121387,0
22,10.0,83.0,2,0,0.007249739841102221,0.6001168108121387,0
22,11.0,82.0,2,0,0.03286953537137747,0.6001168108121387,0
22,12.0,81.0,2,0,0.011745511498052683,0.6001168108121387,0
22,13.0,80.0,2,0,0.004969452258206147,0.6001168108121387,0
22,14.0,79.0,2,0,0.012075398883139918,0.6001168108121387,0
22,15.0,78.0,2,0,0.004726773201592982,0.6001168108121387,0
22,16.0,77.0,2,0,0.0006255286261013702,0.6001168108121387,0
22,17.0,76.0,2,0,0.020031500841020487,0.6001168108121387,0
22,18.0,75.0,2,0,0.06069750390530416,0.6001168108121387,0
22,19.0,74.0,2,0,0.011524978827739948,0.6001168108121387,0
22,20.0,73.0,2,0,0.01814359155266992,0.6001168108121387,0
22,21.0,72.0,2,0,0.004839377141021825,0.6001168108121387,0
22,22.0,71.0,2,0,0.013693300902051628,0.6001168108121387,0
22,23.0,70.0,2,0,0.028550071119068997,0.6001168108121387,0
22,24.0,69.0,2,0,0.0035178363184090625,0.6001168108121387,0
22,25.0,68.0,2,0,0.01630405438851857,0.6001168108121387,0
22,26.0,67.0,2,0,0.030861098094344307,0.6001168108121387,0
22,27.0,66.0,2,0,0.043126964210336544,0.6001168108121387,0
22,28.0,65.0,2,0,0.0339433979715475,0.6001168108121387,0
22,29.0,64.0,2,0,0.02274238580325817,0.6001168108121387,0
22,30.0,63.0,2,0,0.023522139961101873,0.6001168108121387,0
22,31.0,62.0,2,0,0.10312710036382264,0.6001168108121387,0
22,32.0,61.0,2,0,0.010871249757446758,0.6001168108121387,0
22,33.0,60.0,2,0,0.05909893487471162,0.6001168108121387,0
22,34.0,59.0,2,0,0.005019080147967104,0.6001168108121387,0
22,35.0,58.0,2,0,0.015910428086305935,0.6001168108121387,0
22,36.0,57.0,2,0,0.044652986350790125,0.6001168108121387,0
22,37.0,56.0,2,0,0.008389995622667701,0.6001168108121387,0
22,38.0,55.0,2,0,0.037753595110487106,0.6001168108121387,0
22,39.0,54.0,2,0,0.12231105118339734,0.6001168108121387,0
22,40.0,53.0,2,0,0.023268635145544832,0.6001168108121387,0
22,41.0,52.0,2,0,0.018284058162335724,0.6001168108121387,0
22,42.0,51.0,2,0,0.06179821129173094,0.6001168108121387,0
22,43.0,50.0,2,0,0.08346783217864083,0.6001168108121387,0
22,44.0,49.0,2,0,0.09327286540880421,0.6001168108121387,0
22,45.0,48.0,2,0,0.04035339671233406,0.6001168108121387,0
22,46.0,47.0,2,0,0.08897092941512837,0.6001168108121387,0
22,47.0,46.0,2,0,0.24272043949706368,0.6001168108121387,0
22,48.0,45.0,2,0,0.21974766028027157,0.6001168108121387,0
22,49.0,44.0,2,0,0.12248628794556561,0.6001168108121387,0
22,50.0,43.0,2,0,0.21181807098092895,0.6001168108121387,0
22,51.0,42.0,2,0,0.13574054537578822,0.6001168108121387,0
22,52.0,41.0,2,0,0.4127531132389361,0.6001168108121387,0
22,53.0,40.0,2,0,0.2107437930977282,0.6001168108121387,0
22,54.0,39.0,2,0,0.3207019261489345,0.6001168108121387,0
22,55.0,38.0,2,0,0.1999769443437845,0.6001168108121387,0
22,56.0,37.0,2,0,0.3856749648388283,0.6001168108121387,0
22,57.0,36.0,2,0,0.12224487618870829,0.6001168108121387,0
22,58.0,35.0,2,0,0.337682753275648,0.6001168108121387,0
22,59.0,34.0,2,0,0.21439536469136095,0.6001168108121387,0
22,60.0,33.0,2,0,0.3762327732098902,0.6001168108121387,0
22,61.0,32.0,2,0,0.4843336704461887,0.6001168108121387,0
22,62.0,31.0,2,0,0.6771565598715206,0.6001168108121387,1
22,63.0,30.0,2,0,0.8531829542706237,0.6001168108121387,1
22,64.0,29.0,2,0,0.6554097193068017,0.6001168108121387,1
22,65.0,28.0,2,0,0.6990957983514406,0.6001168108121387,1
22,66.0,27.0,2,0,0.43592897848609896,0.6001168108121387,0
22,67.0,26.0,2,0,0.5670333018612875,0.6001168108121387,0
22,68.0,25.0,2,0,0.7098328685718318,0.6001168108121387,1
22,69.0,24.0,2,0,0.7223190065724924,0.6001168108121387,1
22,70.0,23.0,2,0,0.8106518113045824,0.6001168108121387,1
22,71.0,22.0,2,0,0.8944930524451077,0.6001168108121387,1
22,72.0,21.0,2,0,0.857479060192907,0.6001168108121387,1
22,73.0,20.0,2,1,0.7491861779998832,0.6001168108121387,1
22,74.0,19.0,2,1,0.8937525529132143,0.6001168108121387,1
22,75.0,18.0,2,1,0.6159817231037039,0.6001168108121387,1
22,76.0,17.0,2,1,0.8358168426734369,0.6001168108121387,1
22,77.0,16.0,2,1,0.9831589760116418,0.6001168108121387,1
22,78.0,15.0,2,1,0.8133125890707231,0.6001168108121387,1
22,79.0,14.0,2,1,0.8653929258618752,0.6001168108121387,1
22,80.0,13.0,2,1,0.9598220059116815,0.6001168108121387,1
22,81.0,12.0,2,1,0.9933099743568348,0.6001168108121387,1
22,82.0,11.0,2,1,0.8561387106962721,0.6001168108121387,1
22,83.0,10.0,2,1,0.8636124782119503,0.6001168108121387,1
22,84.0,9.0,2,1,0.9254396962613358,0.6001168108121387,1
22,85.0,8.0,2,1,0.9767375434623102,0.6001168108121387,1
22,86.0,7.0,2,1,0.970333617525084,0.6001168108121387,1
22,87.0,6.0,2,1,0.9875821392865123,0.6001168108121387,1
22,88.0,5.0,2,1,0.9863798097844108,0.6001168108121387,1
22,89.0,4.0,2,1,0.9512221310160037,0.6001168108121387,1
22,90.0,3.0,2,1,0.9923453511321153,0.6001168108121387,1
22,91.0,2.0,2,1,0.9607373821643075,0.6001168108121387,1
22,92.0,1.0,2,1,0.9695757095881637,0.6001168108121387,1
22,93.0,0.0,2,1,0.9848780331867077,0.6001168108121387,1
23,1.0,76.0,5,0,0.10023166343699319,0.5936233198117976,0
23,2.0,75.0,5,0,0.050983637169891675,0.5936233198117976,0
23,3.0,74.0,5,0,0.035634655615532945,0.5936233198117976,0
23,4.0,73.0,5,0,0.0482642379091721,0.5936233198117976,0
23,5.0,72.0,5,0,0.04678507871903976,0.5936233198117976,0
23,6.0,71.0,5,0,0.05425322958066164,0.5936233198117976,0
23,7.0,70.0,5,0,0.1125573398966844,0.5936233198117976,0
23,8.0,69.0,5,0,0.03696377232989653,0.5936233198117976,0
23,9.0,68.0,5,0,0.03919308919044709,0.5936233198117976,0
23,10.0,67.0,5,0,0.06020090083000612,0.5936233198117976,0
23,11.0,66.0,5,0,0.032930626558881626,0.5936233198117976,0
23,12.0,65.0,5,0,0.13232884296329916,0.5936233198117976,0
23,13.0,64.0,5,0,0.1538481353835897,0.5936233198117976,0
23,14.0,63.0,5,0,0.08627686621767382,0.5936233198117976,0
23,15.0,62.0,5,0,0.021097904302089434,0.5936233198117976,0
23,16.0,61.0,5,0,0.04217666412167734,0.5936233198117976,0
23,17.0,60.0,5,0,0.05424414604076638,0.5936233198117976,0
23,18.0,59.0,5,0,0.11560879412080338,0.5936233198117976,0
23,19.0,58.0,5,0,0.03552564434105104,0.5936233198117976,0
23,20.0,57.0,5,0,0.1573200162750935,0.5936233198117976,0
23,21.0,56.0,5,0,0.05732947837248039,0.5936233198117976,0
23,22.0,55.0,5,0,0.09786398490088866,0.5936233198117976,0
23,23.0,54.0,5,0,0.12477958466227608,0.5936233198117976,0
23,24.0,53.0,5,0,0.13393635726409783,0.5936233198117976,0
23,25.0,52.0,5,0,0.050911440069046666,0.5936233198117976,0
23,26.0,51.0,5,0,0.08753220123374728,0.5936233198117976,0
23,27.0,50.0,5,0,0.05924363958318092,0.5936233198117976,0
23,28.0,49.0,5,0,0.022180657579145367,0.5936233198117976,0
23,29.0,48.0,5,0,0.029046899463445987,0.5936233198117976,0
23,30.0,47.0,5,0,0.06330052927351143,0.5936233198117976,0
23,31.0,46.0,5,0,0.13858371792344845,0.5936233198117976,0
23,32.0,45.0,5,0,0.052280684367938736,0.5936233198117976,0
23,33.0,44.0,5,0,0.05982094331971678,0.5936233198117976,0
23,34.0,43.0,5,0,0.11489234592021252,0.5936233198117976,0
23,35.0,42.0,5,0,0.20523225200861964,0.5936233198117976,0
23,36.0,41.0,5,0,0.1455876702001425,0.5936233198117976,0
23,37.0,40.0,5,0,0.2929051058478951,0.5936233198117976,0
23,38.0,39.0,5,0,0.4366231921038961,0.5936233198117976,0
23,39.0,38.0,5,0,0.46258165811860497,0.5936233198117976,0
23,40.0,37.0,5,0,0.4599097903428638,0.5936233198117976,0
23,41.0,36.0,5,0,0.6098732764323278,0.5936233198117976,1
23,42.0,35.0,5,0,0.543746273080382,0.5936233198117976,0
23,43.0,34.0,5,0,0.3073632597004303,0.5936233198117976,0
23,44.0,33.0,5,0,0.5436970856195436,0.5936233198117976,0
23,45.0,32.0,5,0,0.5456514777247069,0.5936233198117976,0
23,46.0,31.0,5,0,0.5760581575800057,0.5936233198117976,0
23,47.0,30.0,5,0,0.4779027979168006,0.5936233198117976,0
23,48.0,29.0,5,0,0.7764783232136521,0.5936233198117976,1
23,49.0,28.0,5,0,0.6523774411159365,0.5936233198117976,1
23,50.0,27.0,5,0,0.6374692059096276,0.5936233198117976,1
23,51.0,26.0,5,0,0.8433954685099279,0.5936233198117976,1
23,52.0,25.0,5,0,0.711332698607033,0.5936233198117976,1
23,53.0,24.0,5,0,0.740515646394352,0.5936233198117976,1
23,54.0,23.0,5,0,0.6917951883747688,0.5936233198117976,1
23,55.0,22.0,5,0,0.7358968969510615,0.5936233198117976,1
23,56.0,21.0,5,0,0.7501330160421381,0.5936233198117976,1
23,57.0,20.0,5,1,0.7193909583196247,0.5936233198117976,1
23,58.0,19.0,5,1,0.6354304506771331,0.5936233198117976,1
23,59.0,18.0,5,1,0.8175874647900954,0.5936233198117976,1
23,60.0,17.0,5,1,0.9182146177877524,0.5936233198117976,1
23,61.0,16.0,5,1,0.8205201274494324,0.5936233198117976,1
23,62.0,15.0,5,1,0.6916790926725661,0.5936233198117976,1
23,63.0,14.0,5,1,0.6831247596450859,0.5936233198117976,1
23,64.0,13.0,5,1,0.795590680711259,0.5936233198117976,1
23,65.0,12.0,5,1,0.9320725847838526,0.5936233198117976,1
23,66.0,11.0,5,1,0.8602953238240233,0.5936233198117976,1
23,67.0,10.0,5,1,0.9216861108237144,0.5936233198117976,1
23,68.0,9.0,5,1,0.9061276823547268,0.5936233198117976,1
23,69.0,8.0,5,1,0.9102034405822802,0.5936233198117976,1
23,70.0,7.0,5,1,0.802555667582432,0.5936233198117976,1
23,71.0,6.0,5,1,0.8067386600169374,0.5936233198117976,1
23,72.0,5.0,5,1,0.8724224950330863,0.5936233198117976,1
23,73.0,4.0,5,1,0.9407525556529919,0.5936233198117976,1
23,74.0,3.0,5,1,0.9532936228835243,0.5936233198117976,1
23,75.0,2.0,5,1,0.9575758943324776,0.5936233198117976,1
23,76.0,1.0,5,1,0.9639797256732756,0.5936233198117976,1
23,77.0,0.0,5,1,0.9624920989946113,0.5936233198117976,1
24,1.0,75.0,4,0,0.0015930580354964526,0.6112844997130881,0
24,2.0,74.0,4,0,0.0138120869469239,0.6112844997130881,0
24,3.0,73.0,4,0,0.026839711982375,0.6112844997130881,0
24,4.0,72.0,4,0,0.004349027628606645,0.6112844997130881,0
24,5.0,71.0,4,0,0.011779953498784157,0.6112844997130881,0
24,6.0,70.0,4,0,0.024959925579927156,0.6112844997130881,0
24,7.0,69.0,4,0,4.3037914722278345e-05,0.6112844997130881,0
24,8.0,68.0,4,0,0.008853551754378295,0.6112844997130881,0
24,9.0,67.0,4,0,0.004280403569344085,0.6112844997130881,0
24,10.0,66.0,4,0,0.002348108914129331,0.6112844997130881,0
24,11.0,65.0,4,0,0.006822890562103718,0.6112844997130881,0
24,12.0,64.0,4,0,0.01620271989965376,0.6112844997130881,0
24,13.0,63.0,4,0,0.0198877945146243,0.6112844997130881,0
24,14.0,62.0,4,0,0.018467132719909844,0.6112844997130881,0
24,15.0,61.0,4,0,0.004617456597313977,0.6112844997130881,0
24,16.0,60.0,4,0,0.027551018679781984,0.6112844997130881,0
24,17.0,59.0,4,0,0.01887219935075467,0.6112844997130881,0
24,18.0,58.0,4,0,0.00976190975300527,0.6112844997130881,0
24,19.0,57.0,4,0,0.01848748761193791,0.6112844997130881,0
24,20.0,56.0,4,0,0.022102007803419834,0.6112844997130881,0
24,21.0,55.0,4,0,0.0025429814493435595,0.6112844997130881,0
24,22.0,54.0,4,0,0.02434607479371916,0.6112844997130881,0
24,23.0,53.0,4,0,0.02877829872935055,0.6112844997130881,0
24,24.0,52.0,4,0,0.02226546203648768,0.6112844997130881,0
24,25.0,51.0,4,0,0.019016188901363643,0.6112844997130881,0
24,26.0,50.0,4,0,0.02487661134810309,0.6112844997130881,0
24,27.0,49.0,4,0,0.08635938422077849,0.6112844997130881,0
24,28.0,48.0,4,0,0.00976190975300527,0.6112844997130881,0
24,29.0,47.0,4,0,0.04064304361195629,0.6112844997130881,0
24,30.0,46.0,4,0,0.02301088196944521,0.6112844997130881,0
24,31.0,45.0,4,0,0.0342681942465878,0.6112844997130881,0
24,32.0,44.0,4,0,0.04141453751421875,0.6112844997130881,0
24,33.0,43.0,4,0,0.03254181730184056,0.6112844997130881,0
24,34.0,42.0,4,0,0.0005234037742663061,0.6112844997130881,0
24,35.0,41.0,4,0,0.011370331074790054,0.6112844997130881,0
24,36.0,40.0,4,0,0.009178763258873285,0.6112844997130881,0
24,37.0,39.0,4,0,0.02867467151472148,0.6112844997130881,0
24,38.0,38.0,4,0,0.015493178277906422,0.6112844997130881,0
24,39.0,37.0,4,0,0.0057887628356211775,0.6112844997130881,0
24,40.0,36.0,4,0,0.022754260599980695,0.6112844997130881,0
24,41.0,35.0,4,0,0.04628728394773907,0.6112844997130881,0
24,42.0,34.0,4,0,0.021243148629182123,0.6112844997130881,0
24,43.0,33.0,4,0,0.13416188091856723,0.6112844997130881,0
24,44.0,32.0,4,0,0.03574996373691927,0.6112844997130881,0
24,45.0,31.0,4,0,0.190732107071307,0.6112844997130881,0
24,46.0,30.0,4,0,0.037527536877243084,0.6112844997130881,0
24,47.0,29.0,4,0,0.21589640163882584,0.6112844997130881,0
24,48.0,28.0,4,0,0.07764714859937782,0.6112844997130881,0
24,49.0,27.0,4,0,0.1401696720719744,0.6112844997130881,0
24,50.0,26.0,4,0,0.1761254306215193,0.6112844997130881,0
24,51.0,25.0,4,0,0.19090571745032525,0.6112844997130881,0
24,52.0,24.0,4,0,0.2967156750222412,0.6112844997130881,0
24,53.0,23.0,4,0,0.3565670172691448,0.6112844997130881,0
24,54.0,22.0,4,0,0.6148223054855465,0.6112844997130881,1
24,55.0,21.0,4,0,0.4149039020666564,0.6112844997130881,0
24,56.0,20.0,4,1,0.5959212571076509,0.6112844997130881,0
24,57.0,19.0,4,1,0.2564450896222685,0.6112844997130881,0
24,58.0,18.0,4,1,0.5472399040062336,0.6112844997130881,0
24,59.0,17.0,4,1,0.6556705585354925,0.6112844997130881,1
24,60.0,16.0,4,1,0.7475687867944143,0.6112844997130881,1
24,61.0,15.0,4,1,0.6361131203349263,0.6112844997130881,1
24,62.0,14.0,4,1,0.8927635536083801,0.6112844997130881,1
24,63.0,13.0,4,1,0.7765985934893712,0.6112844997130881,1
24,64.0,12.0,4,1,0.80117564642921,0.6112844997130881,1
24,65.0,11.0,4,1,0.6892600580484319,0.6112844997130881,1
24,66.0,10.0,4,1,0.9481550044929241,0.6112844997130881,1
24,67.0,9.0,4,1,0.9043160162463226,0.6112844997130881,1
24,68.0,8.0,4,1,0.9603703777613171,0.6112844997130881,1
24,69.0,7.0,4,1,0.9048475195119209,0.6112844997130881,1
24,70.0,6.0,4,1,0.7171390515685384,0.6112844997130881,1
24,71.0,5.0,4,1,0.9241817259138984,0.6112844997130881,1
24,72.0,4.0,4,1,0.7536320882166806,0.6112844997130881,1
24,73.0,3.0,4,1,0.9499290848655215,0.6112844997130881,1
24,74.0,2.0,4,1,0.9844137729035183,0.6112844997130881,1
24,75.0,1.0,4,1,0.9809062806034101,0.6112844997130881,1
24,76.0,0.0,4,1,0.9895677353017756,0.6112844997130881,1
25,1.0,66.0,5,0,0.08777815526298528,0.5936233198117976,0
25,2.0,65.0,5,0,0.025427490602462167,0.5936233198117976,0
25,3.0,64.0,5,0,0.05280345017911513,0.5936233198117976,0
25,4.0,63.0,5,0,0.055425648031478654,0.5936233198117976,0
25,5.0,62.0,5,0,0.03880596821889728,0.5936233198117976,0
25,6.0,61.0,5,0,0.0448727888694588,0.5936233198117976,0
25,7.0,60.0,5,0,0.029844958984018552,0.5936233198117976,0
25,8.0,59.0,5,0,0.04402377185664627,0.5936233198117976,0
25,9.0,58.0,5,0,0.04928101359445069,0.5936233198117976,0
25,10.0,57.0,5,0,0.02218504092318931,0.5936233198117976,0
25,11.0,56.0,5,0,0.02082579589747184,0.5936233198117976,0
25,12.0,55.0,5,0,0.021082269652713603,0.5936233198117976,0
25,13.0,54.0,5,0,0.030961412818935878,0.5936233198117976,0
25,14.0,53.0,5,0,0.026609271608003592,0.5936233198117976,0
25,15.0,52.0,5,0,0.045711989444253365,0.5936233198117976,0
25,16.0,51.0,5,0,0.041456306444128,0.5936233198117976,0
25,17.0,50.0,5,0,0.0343561601890999,0.5936233198117976,0
25,18.0,49.0,5,0,0.04085727248523788,0.5936233198117976,0
25,19.0,48.0,5,0,0.06016651322161928,0.5936233198117976,0
25,20.0,47.0,5,0,0.022577382070566608,0.5936233198117976,0
25,21.0,46.0,5,0,0.051248795258127075,0.5936233198117976,0
25,22.0,45.0,5,0,0.06662591794050211,0.5936233198117976,0
25,23.0,44.0,5,0,0.048554260953027784,0.5936233198117976,0
25,24.0,43.0,5,0,0.12884759726606296,0.5936233198117976,0
25,25.0,42.0,5,0,0.05611026471193441,0.5936233198117976,0
25,26.0,41.0,5,0,0.05054336019887577,0.5936233198117976,0
25,27.0,40.0,5,0,0.044631477159207775,0.5936233198117976,0
25,28.0,39.0,5,0,0.10807587328936445,0.5936233198117976,0
25,29.0,38.0,5,0,0.106747271329659,0.5936233198117976,0
25,30.0,37.0,5,0,0.09318978755530394,0.5936233198117976,0
25,31.0,36.0,5,0,0.06726866863507475,0.5936233198117976,0
25,32.0,35.0,5,0,0.02089467811743472,0.5936233198117976,0
25,33.0,34.0,5,0,0.08459706502523959,0.5936233198117976,0
25,34.0,33.0,5,0,0.11453483257928745,0.5936233198117976,0
25,35.0,32.0,5,0,0.19346123866537585,0.5936233198117976,0
25,36.0,31.0,5,0,0.26464685375657204,0.5936233198117976,0
25,37.0,30.0,5,0,0.08386546130493303,0.5936233198117976,0
25,38.0,29.0,5,0,0.22382033389128014,0.5936233198117976,0
25,39.0,28.0,5,0,0.23493998591367535,0.5936233198117976,0
25,40.0,27.0,5,0,0.49126411721590446,0.5936233198117976,0
25,41.0,26.0,5,0,0.2896676846410542,0.5936233198117976,0
25,42.0,25.0,5,0,0.2937834550111106,0.5936233198117976,0
25,43.0,24.0,5,0,0.7077632219359595,0.5936233198117976,1
25,44.0,23.0,5,0,0.7108923213406761,0.5936233198117976,1
25,45.0,22.0,5,0,0.27091272816175105,0.5936233198117976,0
25,46.0,21.0,5,0,0.6402353045778163,0.5936233198117976,1
25,47.0,20.0,5,1,0.7452441933423886,0.5936233198117976,1
25,48.0,19.0,5,1,0.6560104307744749,0.5936233198117976,1
25,49.0,18.0,5,1,0.5665885979252439,0.5936233198117976,0
25,50.0,17.0,5,1,0.5814943540046463,0.5936233198117976,0
25,51.0,16.0,5,1,0.866459943083425,0.5936233198117976,1
25,52.0,15.0,5,1,0.6514825003014773,0.5936233198117976,1
25,53.0,14.0,5,1,0.8471081983129095,0.5936233198117976,1
25,54.0,13.0,5,1,0.8962575597277973,0.5936233198117976,1
25,55.0,12.0,5,1,0.7594951942728456,0.5936233198117976,1
25,56.0,11.0,5,1,0.9016821903922948,0.5936233198117976,1
25,57.0,10.0,5,1,0.8065074781716751,0.5936233198117976,1
25,58.0,9.0,5,1,0.9271336930508064,0.5936233198117976,1
25,59.0,8.0,5,1,0.8441251546108628,0.5936233198117976,1
25,60.0,7.0,5,1,0.9612456162324273,0.5936233198117976,1
25,61.0,6.0,5,1,0.95730667852155,0.5936233198117976,1
25,62.0,5.0,5,1,0.9726179234149325,0.5936233198117976,1
25,63.0,4.0,5,1,0.9598883261385497,0.5936233198117976,1
25,64.0,3.0,5,1,0.93091440399465,0.5936233198117976,1
25,65.0,2.0,5,1,0.9142754738580988,0.5936233198117976,1
25,66.0,1.0,5,1,0.980818022276377,0.5936233198117976,1
25,67.0,0.0,5,1,0.9663748846608188,0.5936233198117976,1
26,1.0,86.0,2,0,0.0706534543687101,0.6001168108121387,0
26,2.0,85.0,2,0,0.02301548324732292,0.6001168108121387,0
26,3.0,84.0,2,0,0.05405461024573527,0.6001168108121387,0
26,4.0,83.0,2,0,0.1177368361539244,0.6001168108121387,0
26,5.0,82.0,2,0,0.023804142205650587,0.6001168108121387,0
26,6.0,81.0,2,0,0.02478464238188397,0.6001168108121387,0
26,7.0,80.0,2,0,0.034992182557860296,0.6001168108121387,0
26,8.0,79.0,2,0,0.03211932252707502,0.6001168108121387,0
26,9.0,78.0,2,0,0.07571559656965243,0.6001168108121387,0
26,10.0,77.0,2,0,0.015011972282794701,0.6001168108121387,0
26,11.0,76.0,2,0,0.09659717988245886,0.6001168108121387,0
26,12.0,75.0,2,0,0.02673197102545775,0.6001168108121387,0
26,13.0,74.0,2,0,0.05296196242532319,0.6001168108121387,0
26,14.0,73.0,2,0,0.03751668106886391,0.6001168108121387,0
26,15.0,72.0,2,0,0.015042207144478214,0.6001168108121387,0
26,16.0,71.0,2,0,0.014661863173578043,0.6001168108121387,0
26,17.0,70.0,2,0,0.046109039447425476,0.6001168108121387,0
26,18.0,69.0,2,0,0.08286951478062662,0.6001168108121387,0
26,19.0,68.0,2,0,0.03897014561424776,0.6001168108121387,0
26,20.0,67.0,2,0,0.01325375171799388,0.6001168108121387,0
26,21.0,66.0,2,0,0.051206662313344774,0.6001168108121387,0
26,22.0,65.0,2,0,0.013444720631719928,0.6001168108121387,0
26,23.0,64.0,2,0,0.022674060476670387,0.6001168108121387,0
26,24.0,63.0,2,0,0.03483534738174774,0.6001168108121387,0
26,25.0,62.0,2,0,0.02533865616996546,0.6001168108121387,0
26,26.0,61.0,2,0,0.0849192010455872,0.6001168108121387,0
26,27.0,60.0,2,0,0.07689625617126991,0.6001168108121387,0
26,28.0,59.0,2,0,0.03240301317138735,0.6001168108121387,0
26,29.0,58.0,2,0,0.06272922211796737,0.6001168108121387,0
26,30.0,57.0,2,0,0.04317858928627324,0.6001168108121387,0
26,31.0,56.0,2,0,0.0820610085089525,0.6001168108121387,0
26,32.0,55.0,2,0,0.02562218865315231,0.6001168108121387,0
26,33.0,54.0,2,0,0.08701540835433495,0.6001168108121387,0
26,34.0,53.0,2,0,0.10127590914342638,0.6001168108121387,0
26,35.0,52.0,2,0,0.10951896665469765,0.6001168108121387,0
26,36.0,51.0,2,0,0.08119583827003525,0.6001168108121387,0
26,37.0,50.0,2,0,0.0696041311379771,0.6001168108121387,0
26,38.0,49.0,2,0,0.23847146165441416,0.6001168108121387,0
26,39.0,48.0,2,0,0.18394991779847975,0.6001168108121387,0
26,40.0,47.0,2,0,0.057712095459722716,0.6001168108121387,0
26,41.0,46.0,2,0,0.0530038965733483,0.6001168108121387,0
26,42.0,45.0,2,0,0.14541668047363807,0.6001168108121387,0
26,43.0,44.0,2,0,0.2966284858432477,0.6001168108121387,0
26,44.0,43.0,2,0,0.38756623253197964,0.6001168108121387,0
26,45.0,42.0,2,0,0.3424660336613253,0.6001168108121387,0
26,46.0,41.0,2,0,0.453288450512265,0.6001168108121387,0
26,47.0,40.0,2,0,0.436808969009613,0.6001168108121387,0
26,48.0,39.0,2,0,0.37423412382455284,0.6001168108121387,0
26,49.0,38.0,2,0,0.5656652062040207,0.6001168108121387,0
26,50.0,37.0,2,0,0.3011031699714659,0.6001168108121387,0
26,51.0,36.0,2,0,0.3741368044113254,0.6001168108121387,0
26,52.0,35.0,2,0,0.492499914609158,0.6001168108121387,0
26,53.0,34.0,2,0,0.45440394403533024,0.6001168108121387,0
26,54.0,33.0,2,0,0.32108418793425175,0.6001168108121387,0
26,55.0,32.0,2,0,0.493868751553272,0.6001168108121387,0
26,56.0,31.0,2,0,0.3810176083824575,0.6001168108121387,0
26,57.0,30.0,2,0,0.5112357427372347,0.6001168108121387,0
26,58.0,29.0,2,0,0.5547955264251996,0.6001168108121387,0
26,59.0,28.0,2,0,0.5282974244658021,0.6001168108121387,0
26,60.0,27.0,2,0,0.2079163685163545,0.6001168108121387,0
26,61.0,26.0,2,0,0.5639487429716199,0.6001168108121387,0
26,62.0,25.0,2,0,0.6415636073921679,0.6001168108121387,1
26,63.0,24.0,2,0,0.5731280825161064,0.6001168108121387,0
26,64.0,23.0,2,0,0.720972934076067,0.6001168108121387,1
26,65.0,22.0,2,0,0.37550622502599773,0.6001168108121387,0
26,66.0,21.0,2,0,0.4529890768609165,0.6001168108121387,0
26,67.0,20.0,2,1,0.5393994816068535,0.6001168108121387,0
26,68.0,19.0,2,1,0.4689881828938533,0.6001168108121387,0
26,69.0,18.0,2,1,0.6225017949199733,0.6001168108121387,1
26,70.0,17.0,2,1,0.36868684873384977,0.6001168108121387,0
26,71.0,16.0,2,1,0.6160670172695866,0.6001168108121387,1
26,72.0,15.0,2,1,0.6064013287237725,0.6001168108121387,1
26,73.0,14.0,2,1,0.6125839395823974,0.6001168108121387,1
26,74.0,13.0,2,1,0.6958925948607686,0.6001168108121387,1
26,75.0,12.0,2,1,0.6700102994644136,0.6001168108121387,1
26,76.0,11.0,2,1,0.7848691324826566,0.6001168108121387,1
26,77.0,10.0,2,1,0.8480955618477988,0.6001168108121387,1
26,78.0,9.0,2,1,0.5902037646720185,0.6001168108121387,0
26,79.0,8.0,2,1,0.726883271172932,0.6001168108121387,1
26,80.0,7.0,2,1,0.684458508720547,0.6001168108121387,1
26,81.0,6.0,2,1,0.6503309055921842,0.6001168108121387,1
26,82.0,5.0,2,1,0.8988540629369448,0.6001168108121387,1
26,83.0,4.0,2,1,0.7685455673560267,0.6001168108121387,1
26,84.0,3.0,2,1,0.8567141630037716,0.6001168108121387,1
26,85.0,2.0,2,1,0.8839288523455764,0.6001168108121387,1
26,86.0,1.0,2,1,0.8342513874141845,0.6001168108121387,1
26,87.0,0.0,2,1,0.9190212921911471,0.6001168108121387,1
27,1.0,72.0,3,0,0.07754365237192284,0.613505769296565,0
27,2.0,71.0,3,0,0.054033683528618315,0.613505769296565,0
27,3.0,70.0,3,0,0.04531881618248526,0.613505769296565,0
27,4.0,69.0,3,0,0.016746043293038033,0.613505769296565,0
27,5.0,68.0,3,0,0.034987667940245326,0.613505769296565,0
27,6.0,67.0,3,0,0.020801488319257655,0.613505769296565,0
27,7.0,66.0,3,0,0.06008586745529512,0.613505769296565,0
27,8.0,65.0,3,0,0.03368059777979541,0.613505769296565,0
27,9.0,64.0,3,0,0.058199711262067584,0.613505769296565,0
27,10.0,63.0,3,0,0.04746562973242538,0.613505769296565,0
27,11.0,62.0,3,0,0.04730431981854984,0.613505769296565,0
27,12.0,61.0,3,0,0.04578859678829938,0.613505769296565,0
27,13.0,60.0,3,0,0.07183727065024802,0.613505769296565,0
27,14.0,59.0,3,0,0.07007130580408187,0.613505769296565,0
27,15.0,58.0,3,0,0.04098523857578021,0.613505769296565,0
27,16.0,57.0,3,0,0.039225293045497794,0.613505769296565,0
27,17.0,56.0,3,0,0.06180922993951299,0.613505769296565,0
27,18.0,55.0,3,0,0.030886660329182962,0.613505769296565,0
27,19.0,54.0,3,0,0.06354915665915553,0.613505769296565,0
27,20.0,53.0,3,0,0.047420934005102576,0.613505769296565,0
27,21.0,52.0,3,0,0.04182010791771631,0.613505769296565,0
27,22.0,51.0,3,0,0.03278044197640626,0.613505769296565,0
27,23.0,50.0,3,0,0.06097955295502913,0.613505769296565,0
27,24.0,49.0,3,0,0.04979712877881328,0.613505769296565,0
27,25.0,48.0,3,0,0.05841696508476569,0.613505769296565,0
27,26.0,47.0,3,0,0.03065241630709691,0.613505769296565,0
27,27.0,46.0,3,0,0.09946869841397533,0.613505769296565,0
27,28.0,45.0,3,0,0.03236267690442414,0.613505769296565,0
27,29.0,44.0,3,0,0.1001353955821802,0.613505769296565,0
27,30.0,43.0,3,0,0.1301831703671458,0.613505769296565,0
27,31.0,42.0,3,0,0.16807529895683496,0.613505769296565,0
27,32.0,41.0,3,0,0.06110722719260459,0.613505769296565,0
27,33.0,40.0,3,0,0.08353509927708458,0.613505769296565,0
27,34.0,39.0,3,0,0.2522503785997445,0.613505769296565,0
27,35.0,38.0,3,0,0.16146835013344876,0.613505769296565,0
27,36.0,37.0,3,0,0.12335137756068687,0.613505769296565,0
27,37.0,36.0,3,0,0.08435184537661175,0.613505769296565,0
27,38.0,35.0,3,0,0.13541011425036026,0.613505769296565,0
27,39.0,34.0,3,0,0.4387268702975035,0.613505769296565,0
27,40.0,33.0,3,0,0.26469224772159694,0.613505769296565,0
27,41.0,32.0,3,0,0.21152581488105868,0.613505769296565,0
27,42.0,31.0,3,0,0.2929127995574456,0.613505769296565,0
27,43.0,30.0,3,0,0.25543956282360003,0.613505769296565,0
27,44.0,29.0,3,0,0.33150049417257593,0.613505769296565,0
27,45.0,28.0,3,0,0.5097483090203931,0.613505769296565,0
27,46.0,27.0,3,0,0.4848714131879056,0.613505769296565,0
27,47.0,26.0,3,0,0.3417656904145958,0.613505769296565,0
27,48.0,25.0,3,0,0.4345490413144262,0.613505769296565,0
27,49.0,24.0,3,0,0.2396261284509976,0.613505769296565,0
27,50.0,23.0,3,0,0.36842486070136043,0.613505769296565,0
27,51.0,22.0,3,0,0.2881031883811013,0.613505769296565,0
27,52.0,21.0,3,0,0.38269827664342637,0.613505769296565,0
27,53.0,20.0,3,1,0.3417942723480489,0.613505769296565,0
27,54.0,19.0,3,1,0.4149370047208086,0.613505769296565,0
27,55.0,18.0,3,1,0.43212752389725095,0.613505769296565,0
27,56.0,17.0,3,1,0.5098341157432371,0.613505769296565,0
27,57.0,16.0,3,1,0.4615009623370319,0.613505769296565,0
27,58.0,15.0,3,1,0.49027456512096135,0.613505769296565,0
27,59.0,14.0,3,1,0.54940228940219,0.613505769296565,0
27,60.0,13.0,3,1,0.6961855048433535,0.613505769296565,1
27,61.0,12.0,3,1,0.648886487050662,0.613505769296565,1
27,62.0,11.0,3,1,0.5010918247513192,0.613505769296565,0
27,63.0,10.0,3,1,0.46572090541121675,0.613505769296565,0
27,64.0,9.0,3,1,0.7219631314957927,0.613505769296565,1
27,65.0,8.0,3,1,0.705943131629297,0.613505769296565,1
27,66.0,7.0,3,1,0.5434383918424945,0.613505769296565,0
27,67.0,6.0,3,1,0.6916925801838167,0.613505769296565,1
27,68.0,5.0,3,1,0.6597873336312879,0.613505769296565,1
27,69.0,4.0,3,1,0.5604311970596068,0.613505769296565,0
27,70.0,3.0,3,1,0.6837839553942203,0.613505769296565,1
27,71.0,2.0,3,1,0.7834672694600019,0.613505769296565,1
27,72.0,1.0,3,1,0.7524228037007712,0.613505769296565,1
27,73.0,0.0,3,1,0.5840020584485266,0.613505769296565,0
28,1.0,99.0,2,0,0.060116792523300974,0.6001168108121387,0
28,2.0,98.0,2,0,0.03629033733454337,0.6001168108121387,0
28,3.0,97.0,2,0,0.02162476602831369,0.6001168108121387,0
28,4.0,96.0,2,0,0.026117804096054128,0.6001168108121387,0
28,5.0,95.0,2,0,0.027759504005818187,0.6001168108121387,0
28,6.0,94.0,2,0,0.1004505341662016,0.6001168108121387,0
28,7.0,93.0,2,0,0.020960447346442042,0.6001168108121387,0
28,8.0,92.0,2,0,0.03811264062070721,0.6001168108121387,0
28,9.0,91.0,2,0,0.052534821127040596,0.6001168108121387,0
28,10.0,90.0,2,0,0.014755546989714699,0.6001168108121387,0
28,11.0,89.0,2,0,0.11260848826774673,0.6001168108121387,0
28,12.0,88.0,2,0,0.0516187489100945,0.6001168108121387,0
28,13.0,87.0,2,0,0.021532813560208097,0.6001168108121387,0
28,14.0,86.0,2,0,0.06029932757324023,0.6001168108121387,0
28,15.0,85.0,2,0,0.021761064487065777,0.6001168108121387,0
28,16.0,84.0,2,0,0.0328554820441778,0.6001168108121387,0
28,17.0,83.0,2,0,0.061713346672719833,0.6001168108121387,0
28,18.0,82.0,2,0,0.024745541322331498,0.6001168108121387,0
28,19.0,81.0,2,0,0.014638235811195267,0.6001168108121387,0
28,20.0,80.0,2,0,0.024599933192614366,0.6001168108121387,0
28,21.0,79.0,2,0,0.04918274779395775,0.6001168108121387,0
28,22.0,78.0,2,0,0.0062951820530579815,0.6001168108121387,0
28,23.0,77.0,2,0,0.031893301605507136,0.6001168108121387,0
28,24.0,76.0,2,0,0.06686703630743557,0.6001168108121387,0
28,25.0,75.0,2,0,0.014701637657617986,0.6001168108121387,0
28,26.0,74.0,2,0,0.05387848425499336,0.6001168108121387,0
28,27.0,73.0,2,0,0.02602384136797307,0.6001168108121387,0
28,28.0,72.0,2,0,0.026551449040040222,0.6001168108121387,0
28,29.0,71.0,2,0,0.03047093164387611,0.6001168108121387,0
28,30.0,70.0,2,0,0.037655271272429486,0.6001168108121387,0
28,31.0,69.0,2,0,0.03729554738708464,0.6001168108121387,0
28,32.0,68.0,2,0,0.053380024278548995,0.6001168108121387,0
28,33.0,67.0,2,0,0.04413090455634587,0.6001168108121387,0
28,34.0,66.0,2,0,0.03439135139929788,0.6001168108121387,0
28,35.0,65.0,2,0,0.09278664610109863,0.6001168108121387,0
28,36.0,64.0,2,0,0.02694220746769547,0.6001168108121387,0
28,37.0,63.0,2,0,0.12443102573147333,0.6001168108121387,0
28,38.0,62.0,2,0,0.16706422035225965,0.6001168108121387,0
28,39.0,61.0,2,0,0.15549047628322976,0.6001168108121387,0
28,40.0,60.0,2,0,0.21941114050297983,0.6001168108121387,0
28,41.0,59.0,2,0,0.20785066274785474,0.6001168108121387,0
28,42.0,58.0,2,0,0.2869222024492083,0.6001168108121387,0
28,43.0,57.0,2,0,0.2348858703676145,0.6001168108121387,0
28,44.0,56.0,2,0,0.06575747610326846,0.6001168108121387,0
28,45.0,55.0,2,0,0.3765307677386288,0.6001168108121387,0
28,46.0,54.0,2,0,0.38711960935910966,0.6001168108121387,0
28,47.0,53.0,2,0,0.6063581007483488,0.6001168108121387,1
28,48.0,52.0,2,0,0.2306220438412521,0.6001168108121387,0
28,49.0,51.0,2,0,0.4103893325561659,0.6001168108121387,0
28,50.0,50.0,2,0,0.35256452846214387,0.6001168108121387,0
28,51.0,49.0,2,0,0.37964558139548754,0.6001168108121387,0
28,52.0,48.0,2,0,0.4185337884038088,0.6001168108121387,0
28,53.0,47.0,2,0,0.37844274543888157,0.6001168108121387,0
28,54.0,46.0,2,0,0.21153821196522274,0.6001168108121387,0
28,55.0,45.0,2,0,0.5252262523956757,0.6001168108121387,0
28,56.0,44.0,2,0,0.5199138187463131,0.6001168108121387,0
28,57.0,43.0,2,0,0.19538179680026796,0.6001168108121387,0
28,58.0,42.0,2,0,0.23704688738462804,0.6001168108121387,0
28,59.0,41.0,2,0,0.47729493601494993,0.6001168108121387,0
28,60.0,40.0,2,0,0.34266235813900986,0.6001168108121387,0
28,61.0,39.0,2,0,0.6366794328900302,0.6001168108121387,1
28,62.0,38.0,2,0,0.46304743295194817,0.6001168108121387,0
28,63.0,37.0,2,0,0.5350333733289752,0.6001168108121387,0
28,64.0,36.0,2,0,0.5817355921865381,0.6001168108121387,0
28,65.0,35.0,2,0,0.5775217434508032,0.6001168108121387,0
28,66.0,34.0,2,0,0.5696967990084592,0.6001168108121387,0
28,67.0,33.0,2,0,0.5747403985908583,0.6001168108121387,0
28,68.0,32.0,2,0,0.5526282232915135,0.6001168108121387,0
28,69.0,31.0,2,0,0.5139343446890157,0.6001168108121387,0
28,70.0,30.0,2,0,0.5625987158690363,0.6001168108121387,0
28,71.0,29.0,2,0,0.6941977937082174,0.6001168108121387,1
28,72.0,28.0,2,0,0.43222573222380584,0.6001168108121387,0
28,73.0,27.0,2,0,0.5058963590277938,0.6001168108121387,0
28,74.0,26.0,2,0,0.4241069130132108,0.6001168108121387,0
28,75.0,25.0,2,0,0.7552880889368838,0.6001168108121387,1
28,76.0,24.0,2,0,0.6214911820161281,0.6001168108121387,1
28,77.0,23.0,2,0,0.6316524060534392,0.6001168108121387,1
28,78.0,22.0,2,0,0.4771822248047697,0.6001168108121387,0
28,79.0,21.0,2,0,0.6408608394212978,0.6001168108121387,1
28,80.0,20.0,2,1,0.5578466704281005,0.6001168108121387,0
28,81.0,19.0,2,1,0.6282761213584639,0.6001168108121387,1
28,82.0,18.0,2,1,0.45632716717645594,0.6001168108121387,0
28,83.0,17.0,2,1,0.6220624464043143,0.6001168108121387,1
28,84.0,16.0,2,1,0.7223527457757788,0.6001168108121387,1
28,85.0,15.0,2,1,0.6368950613659682,0.6001168108121387,1
28,86.0,14.0,2,1,0.6357067572307469,0.6001168108121387,1
28,87.0,13.0,2,1,0.671654944967043,0.6001168108121387,1
28,88.0,12.0,2,1,0.7164215491602983,0.6001168108121387,1
28,89.0,11.0,2,1,0.6410921666361851,0.6001168108121387,1
28,90.0,10.0,2,1,0.6769555015511955,0.6001168108121387,1
28,91.0,9.0,2,1,0.6547015337297231,0.6001168108121387,1
28,92.0,8.0,2,1,0.6774581523916023,0.6001168108121387,1
28,93.0,7.0,2,1,0.6887096605255629,0.6001168108121387,1
28,94.0,6.0,2,1,0.6132260923164099,0.6001168108121387,1
28,95.0,5.0,2,1,0.6349383817671235,0.6001168108121387,1
28,96.0,4.0,2,1,0.5998964281901435,0.6001168108121387,0
28,97.0,3.0,2,1,0.680531580402953,0.6001168108121387,1
28,98.0,2.0,2,1,0.6746428175192888,0.6001168108121387,1
28,99.0,1.0,2,1,0.6229138940158635,0.6001168108121387,1
28,100.0,0.0,2,1,0.5762438894404436,0.6001168108121387,0
29,1.0,68.0,1,0,0.03650930589275649,0.6061926394381595,0
29,2.0,67.0,1,0,0.0668625555423366,0.6061926394381595,0
29,3.0,66.0,1,0,0.035832699932433744,0.6061926394381595,0
29,4.0,65.0,1,0,0.03893405865657772,0.6061926394381595,0
29,5.0,64.0,1,0,0.0669845718346795,0.6061926394381595,0
29,6.0,63.0,1,0,0.029212662093360865,0.6061926394381595,0
29,7.0,62.0,1,0,0.02850672646689013,0.6061926394381595,0
29,8.0,61.0,1,0,0.023142145889589193,0.6061926394381595,0
29,9.0,60.0,1,0,0.028468948037308827,0.6061926394381595,0
29,10.0,59.0,1,0,0.03207852894665765,0.6061926394381595,0
29,11.0,58.0,1,0,0.04350747628081543,0.6061926394381595,0
29,12.0,57.0,1,0,0.03893065273332225,0.6061926394381595,0
29,13.0,56.0,1,0,0.02256650854431013,0.6061926394381595,0
29,14.0,55.0,1,0,0.07184071580498345,0.6061926394381595,0
29,15.0,54.0,1,0,0.046757031317760336,0.6061926394381595,0
29,16.0,53.0,1,0,0.03159123598773913,0.6061926394381595,0
29,17.0,52.0,1,0,0.02881178539573767,0.6061926394381595,0
29,18.0,51.0,1,0,0.03053695897621607,0.6061926394381595,0
29,19.0,50.0,1,0,0.02806493128664279,0.6061926394381595,0
29,20.0,49.0,1,0,0.030635494934528888,0.6061926394381595,0
29,21.0,48.0,1,0,0.028546172620505128,0.6061926394381595,0
29,22.0,47.0,1,0,0.04887450496350501,0.6061926394381595,0
29,23.0,46.0,1,0,0.028178998960933243,0.6061926394381595,0
29,24.0,45.0,1,0,0.07364076500414742,0.6061926394381595,0
29,25.0,44.0,1,0,0.05091539420661996,0.6061926394381595,0
29,26.0,43.0,1,0,0.026232316935472386,0.6061926394381595,0
29,27.0,42.0,1,0,0.07054017989784428,0.6061926394381595,0
29,28.0,41.0,1,0,0.07071430480209458,0.6061926394381595,0
29,29.0,40.0,1,0,0.01791215116906324,0.6061926394381595,0
29,30.0,39.0,1,0,0.07134753720070036,0.6061926394381595,0
29,31.0,38.0,1,0,0.04274457444645532,0.6061926394381595,0
29,32.0,37.0,1,0,0.08362123241440189,0.6061926394381595,0
29,33.0,36.0,1,0,0.09472365432984495,0.6061926394381595,0
29,34.0,35.0,1,0,0.044145126702457134,0.6061926394381595,0
29,35.0,34.0,1,0,0.20541704386638857,0.6061926394381595,0
29,36.0,33.0,1,0,0.3123775617630418,0.6061926394381595,0
29,37.0,32.0,1,0,0.09201607419269188,0.6061926394381595,0
29,38.0,31.0,1,0,0.13175312975490394,0.6061926394381595,0
29,39.0,30.0,1,0,0.2894715509982022,0.6061926394381595,0
29,40.0,29.0,1,0,0.22042113123646928,0.6061926394381595,0
29,41.0,28.0,1,0,0.461285673346931,0.6061926394381595,0
29,42.0,27.0,1,0,0.3178964934019843,0.6061926394381595,0
29,43.0,26.0,1,0,0.3191023757028685,0.6061926394381595,0
29,44.0,25.0,1,0,0.40615899488459906,0.6061926394381595,0
29,45.0,24.0,1,0,0.35592039391798064,0.6061926394381595,0
29,46.0,23.0,1,0,0.31172984585139546,0.6061926394381595,0
29,47.0,22.0,1,0,0.4095317300828241,0.6061926394381595,0
29,48.0,21.0,1,0,0.5796889822042021,0.6061926394381595,0
29,49.0,20.0,1,1,0.37613109470006884,0.6061926394381595,0
29,50.0,19.0,1,1,0.28212359937779663,0.6061926394381595,0
29,51.0,18.0,1,1,0.32474248533702005,0.6061926394381595,0
29,52.0,17.0,1,1,0.42111650589512245,0.6061926394381595,0
29,53.0,16.0,1,1,0.6363658008298982,0.6061926394381595,1
29,54.0,15.0,1,1,0.3986573779500183,0.6061926394381595,0
29,55.0,14.0,1,1,0.6750239325126831,0.6061926394381595,1
29,56.0,13.0,1,1,0.3357222198120788,0.6061926394381595,0
29,57.0,12.0,1,1,0.4470865360217741,0.6061926394381595,0
29,58.0,11.0,1,1,0.6662208217361816,0.6061926394381595,1
29,59.0,10.0,1,1,0.5422276040366227,0.6061926394381595,0
29,60.0,9.0,1,1,0.4562864037501189,0.6061926394381595,0
29,61.0,8.0,1,1,0.5887162259341732,0.6061926394381595,0
29,62.0,7.0,1,1,0.4064003071912842,0.6061926394381595,0
29,63.0,6.0,1,1,0.6187372755161064,0.6061926394381595,1
29,64.0,5.0,1,1,0.6437811625690215,0.6061926394381595,1
29,65.0,4.0,1,1,0.6044455061777865,0.6061926394381595,0
29,66.0,3.0,1,1,0.5811415564811718,0.6061926394381595,0
29,67.0,2.0,1,1,0.3715275893801354,0.6061926394381595,0
29,68.0,1.0,1,1,0.5357774207733879,0.6061926394381595,0
29,69.0,0.0,1,1,0.6762087403773893,0.6061926394381595,1
30,1.0,99.0,5,0,0.05681081309044611,0.5936233198117976,0
30,2.0,98.0,5,0,0.05419622360671474,0.5936233198117976,0
30,3.0,97.0,5,0,0.054707452300062374,0.5936233198117976,0
30,4.0,96.0,5,0,0.037245005015950114,0.5936233198117976,0
30,5.0,95.0,5,0,0.06402909717718239,0.5936233198117976,0
30,6.0,94.0,5,0,0.034316535918334626,0.5936233198117976,0
30,7.0,93.0,5,0,0.03472487503497793,0.5936233198117976,0
30,8.0,92.0,5,0,0.1199213226922221,0.5936233198117976,0
30,9.0,91.0,5,0,0.0531775848571514,0.5936233198117976,0
30,10.0,90.0,5,0,0.050024755463761575,0.5936233198117976,0
30,11.0,89.0,5,0,0.059544762881404374,0.5936233198117976,0
30,12.0,88.0,5,0,0.04592228707668068,0.5936233198117976,0
30,13.0,87.0,5,0,0.08323082677969683,0.5936233198117976,0
30,14.0,86.0,5,0,0.027683106778792172,0.5936233198117976,0
30,15.0,85.0,5,0,0.061414796393959976,0.5936233198117976,0
30,16.0,84.0,5,0,0.0647479871351623,0.5936233198117976,0
30,17.0,83.0,5,0,0.07412251652424728,0.5936233198117976,0
30,18.0,82.0,5,0,0.04368433257555044,0.5936233198117976,0
30,19.0,81.0,5,0,0.056961058102843805,0.5936233198117976,0
30,20.0,80.0,5,0,0.035793955336175916,0.5936233198117976,0
30,21.0,79.0,5,0,0.04588740930265955,0.5936233198117976,0
30,22.0,78.0,5,0,0.05570866458288049,0.5936233198117976,0
30,23.0,77.0,5,0,0.06953111868931897,0.5936233198117976,0
30,24.0,76.0,5,0,0.026068220712276265,0.5936233198117976,0
30,25.0,75.0,5,0,0.012923057723772313,0.5936233198117976,0
30,26.0,74.0,5,0,0.048396098307812836,0.5936233198117976,0
30,27.0,73.0,5,0,0.08712033645686064,0.5936233198117976,0
30,28.0,72.0,5,0,0.043835920843216004,0.5936233198117976,0
30,29.0,71.0,5,0,0.05494814291161038,0.5936233198117976,0
30,30.0,70.0,5,0,0.06840271022795662,0.5936233198117976,0
30,31.0,69.0,5,0,0.03532257799252211,0.5936233198117976,0
30,32.0,68.0,5,0,0.2767041408612006,0.5936233198117976,0
30,33.0,67.0,5,0,0.2566902981437594,0.5936233198117976,0
30,34.0,66.0,5,0,0.13166506039964515,0.5936233198117976,0
30,35.0,65.0,5,0,0.17219446582609185,0.5936233198117976,0
30,36.0,64.0,5,0,0.13824268904313197,0.5936233198117976,0
30,37.0,63.0,5,0,0.19068139709570897,0.5936233198117976,0
30,38.0,62.0,5,0,0.3022287589222539,0.5936233198117976,0
30,39.0,61.0,5,0,0.1558561695727721,0.5936233198117976,0
30,40.0,60.0,5,0,0.35502255137935074,0.5936233198117976,0
30,41.0,59.0,5,0,0.18205249465696693,0.5936233198117976,0
30,42.0,58.0,5,0,0.0815994395321175,0.5936233198117976,0
30,43.0,57.0,5,0,0.14790698859359414,0.5936233198117976,0
30,44.0,56.0,5,0,0.12657257593972288,0.5936233198117976,0
30,45.0,55.0,5,0,0.4147797295273399,0.5936233198117976,0
30,46.0,54.0,5,0,0.5008592607420954,0.5936233198117976,0
30,47.0,53.0,5,0,0.39065100792925256,0.5936233198117976,0
30,48.0,52.0,5,0,0.2919712916378373,0.5936233198117976,0
30,49.0,51.0,5,0,0.49326641989855957,0.5936233198117976,0
30,50.0,50.0,5,0,0.46462760658041824,0.5936233198117976,0
30,51.0,49.0,5,0,0.48509532958480045,0.5936233198117976,0
30,52.0,48.0,5,0,0.5162361460264407,0.5936233198117976,0
30,53.0,47.0,5,0,0.4857469224594777,0.5936233198117976,0
30,54.0,46.0,5,0,0.6384825522248367,0.5936233198117976,1
30,55.0,45.0,5,0,0.5218811725511451,0.5936233198117976,0
30,56.0,44.0,5,0,0.5677488095789575,0.5936233198117976,0
30,57.0,43.0,5,0,0.5041657950768196,0.5936233198117976,0
30,58.0,42.0,5,0,0.6120419982113804,0.5936233198117976,1
30,59.0,41.0,5,0,0.509673122621551,0.5936233198117976,0
30,60.0,40.0,5,0,0.6056771300258699,0.5936233198117976,1
30,61.0,39.0,5,0,0.5305333133042788,0.5936233198117976,0
30,62.0,38.0,5,0,0.5061749393857058,0.5936233198117976,0
30,63.0,37.0,5,0,0.7359456946682795,0.5936233198117976,1
30,64.0,36.0,5,0,0.7638539306012445,0.5936233198117976,1
30,65.0,35.0,5,0,0.4230725442238255,0.5936233198117976,0
30,66.0,34.0,5,0,0.6738823045524657,0.5936233198117976,1
30,67.0,33.0,5,0,0.5494120305730523,0.5936233198117976,0
30,68.0,32.0,5,0,0.7554993371304429,0.5936233198117976,1
30,69.0,31.0,5,0,0.5920238196519368,0.5936233198117976,0
30,70.0,30.0,5,0,0.6631274373327611,0.5936233198117976,1
30,71.0,29.0,5,0,0.7507887895154418,0.5936233198117976,1
30,72.0,28.0,5,0,0.6897007257858107,0.5936233198117976,1
30,73.0,27.0,5,0,0.5696286954631374,0.5936233198117976,0
30,74.0,26.0,5,0,0.8041753885087171,0.5936233198117976,1
30,75.0,25.0,5,0,0.7583399915604848,0.5936233198117976,1
30,76.0,24.0,5,0,0.6762340188357228,0.5936233198117976,1
30,77.0,23.0,5,0,0.63972056974159,0.5936233198117976,1
30,78.0,22.0,5,0,0.6282389626441879,0.5936233198117976,1
30,79.0,21.0,5,0,0.5404071038648373,0.5936233198117976,0
30,80.0,20.0,5,1,0.6986780959820492,0.5936233198117976,1
30,81.0,19.0,5,1,0.7094091503612033,0.5936233198117976,1
30,82.0,18.0,5,1,0.8038781710457245,0.5936233198117976,1
30,83.0,17.0,5,1,0.8125628030653479,0.5936233198117976,1
30,84.0,16.0,5,1,0.654163546491666,0.5936233198117976,1
30,85.0,15.0,5,1,0.6649623139301271,0.5936233198117976,1
30,86.0,14.0,5,1,0.5386145979819602,0.5936233198117976,0
30,87.0,13.0,5,1,0.8786495461841921,0.5936233198117976,1
30,88.0,12.0,5,1,0.6758087028139997,0.5936233198117976,1
30,89.0,11.0,5,1,0.7948957723108621,0.5936233198117976,1
30,90.0,10.0,5,1,0.6551864014752362,0.5936233198117976,1
30,91.0,9.0,5,1,0.7376511631955057,0.5936233198117976,1
30,92.0,8.0,5,1,0.646635038223763,0.5936233198117976,1
30,93.0,7.0,5,1,0.8092400548849782,0.5936233198117976,1
30,94.0,6.0,5,1,0.7592770198174387,0.5936233198117976,1
30,95.0,5.0,5,1,0.8166402133047801,0.5936233198117976,1
30,96.0,4.0,5,1,0.5214699392432439,0.5936233198117976,0
30,97.0,3.0,5,1,0.7145594210264998,0.5936233198117976,1
30,98.0,2.0,5,1,0.7139004105781394,0.5936233198117976,1
30,99.0,1.0,5,1,0.6562201564538822,0.5936233198117976,1
30,100.0,0.0,5,1,0.8248795672026683,0.5936233198117976,1
31,1.0,82.0,4,0,0.02838246408300982,0.6112844997130881,0
31,2.0,81.0,4,0,0.059378840936728364,0.6112844997130881,0
31,3.0,80.0,4,0,0.025528826007089427,0.6112844997130881,0
31,4.0,79.0,4,0,0.02799269677447906,0.6112844997130881,0
31,5.0,78.0,4,0,0.01860859374515171,0.6112844997130881,0
31,6.0,77.0,4,0,0.08616533276956377,0.6112844997130881,0
31,7.0,76.0,4,0,0.019723501163531863,0.6112844997130881,0
31,8.0,75.0,4,0,0.0476333950481841,0.6112844997130881,0
31,9.0,74.0,4,0,0.05647587531429284,0.6112844997130881,0
31,10.0,73.0,4,0,0.13663341619910785,0.6112844997130881,0
31,11.0,72.0,4,0,0.05040436400071007,0.6112844997130881,0
31,12.0,71.0,4,0,0.03972120503156492,0.6112844997130881,0
31,13.0,70.0,4,0,0.022059406864852176,0.6112844997130881,0
31,14.0,69.0,4,0,0.0197613984064961,0.6112844997130881,0
31,15.0,68.0,4,0,0.014830873676466494,0.6112844997130881,0
31,16.0,67.0,4,0,0.13277824479432382,0.6112844997130881,0
31,17.0,66.0,4,0,0.02017214704997368,0.6112844997130881,0
31,18.0,65.0,4,0,0.03059027995926272,0.6112844997130881,0
31,19.0,64.0,4,0,0.0516333950481841,0.6112844997130881,0
31,20.0,63.0,4,0,0.04329340985983518,0.6112844997130881,0
31,21.0,62.0,4,0,0.07823570787523428,0.6112844997130881,0
31,22.0,61.0,4,0,0.053581193316257644,0.6112844997130881,0
31,23.0,60.0,4,0,0.050494337520450995,0.6112844997130881,0
31,24.0,59.0,4,0,0.07864778136062234,0.6112844997130881,0
31,25.0,58.0,4,0,0.06771438738230551,0.6112844997130881,0
31,26.0,57.0,4,0,0.02666004566838091,0.6112844997130881,0
31,27.0,56.0,4,0,0.02000435364939034,0.6112844997130881,0
31,28.0,55.0,4,0,0.06534198389215405,0.6112844997130881,0
31,29.0,54.0,4,0,0.023369330819576397,0.6112844997130881,0
31,30.0,53.0,4,0,0.022738490596327463,0.6112844997130881,0
31,31.0,52.0,4,0,0.053909558965710036,0.6112844997130881,0
31,32.0,51.0,4,0,0.03651398338385979,0.6112844997130881,0
31,33.0,50.0,4,0,0.0352907787200582,0.6112844997130881,0
31,34.0,49.0,4,0,0.23581429409857338,0.6112844997130881,0
31,35.0,48.0,4,0,0.20636753264597843,0.6112844997130881,0
31,36.0,47.0,4,0,0.26288053506590964,0.6112844997130881,0
31,37.0,46.0,4,0,0.25005075081872186,0.6112844997130881,0
31,38.0,45.0,4,0,0.17436996073600508,0.6112844997130881,0
31,39.0,44.0,4,0,0.31004311017468006,0.6112844997130881,0
31,40.0,43.0,4,0,0.2640282238034975,0.6112844997130881,0
31,41.0,42.0,4,0,0.20097804081088566,0.6112844997130881,0
31,42.0,41.0,4,0,0.4278336075451765,0.6112844997130881,0
31,43.0,40.0,4,0,0.17245543528962426,0.6112844997130881,0
31,44.0,39.0,4,0,0.30852476110454896,0.6112844997130881,0
31,45.0,38.0,4,0,0.26092818518549904,0.6112844997130881,0
31,46.0,37.0,4,0,0.2854716401110984,0.6112844997130881,0
31,47.0,36.0,4,0,0.5082515500269277,0.6112844997130881,0
31,48.0,35.0,4,0,0.3539274528849217,0.6112844997130881,0
31,49.0,34.0,4,0,0.45661998373325574,0.6112844997130881,0
31,50.0,33.0,4,0,0.3446385418281828,0.6112844997130881,0
31,51.0,32.0,4,0,0.4927581784848146,0.6112844997130881,0
31,52.0,31.0,4,0,0.42553819457960734,0.6112844997130881,0
31,53.0,30.0,4,0,0.4099521542285413,0.6112844997130881,0
31,54.0,29.0,4,0,0.43459971402724307,0.6112844997130881,0
31,55.0,28.0,4,0,0.46703746631466925,0.6112844997130881,0
31,56.0,27.0,4,0,0.4088445321820269,0.6112844997130881,0
31,57.0,26.0,4,0,0.4983583376358309,0.6112844997130881,0
31,58.0,25.0,4,0,0.5059717134292365,0.6112844997130881,0
31,59.0,24.0,4,0,0.6043436597635313,0.6112844997130881,0
31,60.0,23.0,4,0,0.7230673295911341,0.6112844997130881,1
31,61.0,22.0,4,0,0.6593236410049688,0.6112844997130881,1
31,62.0,21.0,4,0,0.7319359105354015,0.6112844997130881,1
31,63.0,20.0,4,1,0.6113309407400347,0.6112844997130881,1
31,64.0,19.0,4,1,0.5613644735173513,0.6112844997130881,0
31,65.0,18.0,4,1,0.7045157366870081,0.6112844997130881,1
31,66.0,17.0,4,1,0.6226754916452348,0.6112844997130881,1
31,67.0,16.0,4,1,0.502709795637428,0.6112844997130881,0
31,68.0,15.0,4,1,0.7173825844106918,0.6112844997130881,1
31,69.0,14.0,4,1,0.6846750694299537,0.6112844997130881,1
31,70.0,13.0,4,1,0.6109737573835221,0.6112844997130881,0
31,71.0,12.0,4,1,0.7285403759827688,0.6112844997130881,1
31,72.0,11.0,4,1,0.7412319838038663,0.6112844997130881,1
31,73.0,10.0,4,1,0.7649116854297049,0.6112844997130881,1
31,74.0,9.0,4,1,0.7134759415574674,0.6112844997130881,1
31,75.0,8.0,4,1,0.8482602547627178,0.6112844997130881,1
31,76.0,7.0,4,1,0.8361622669283981,0.6112844997130881,1
31,77.0,6.0,4,1,0.815219218838315,0.6112844997130881,1
31,78.0,5.0,4,1,0.8461097519949038,0.6112844997130881,1
31,79.0,4.0,4,1,0.8170012084607207,0.6112844997130881,1
31,80.0,3.0,4,1,0.917422376717004,0.6112844997130881,1
31,81.0,2.0,4,1,0.9118666326754453,0.6112844997130881,1
31,82.0,1.0,4,1,0.8658734613034474,0.6112844997130881,1
31,83.0,0.0,4,1,0.9377688734169621,0.6112844997130881,1
32,1.0,86.0,2,0,0.030276825587463668,0.6001168108121387,0
32,2.0,85.0,2,0,0.021983975224349302,0.6001168108121387,0
32,3.0,84.0,2,0,0.029785003967585117,0.6001168108121387,0
32,4.0,83.0,2,0,0.013226562335092293,0.6001168108121387,0
32,5.0,82.0,2,0,0.022495883843306107,0.6001168108121387,0
32,6.0,81.0,2,0,0.03650669288243602,0.6001168108121387,0
32,7.0,80.0,2,0,0.028375745016115523,0.6001168108121387,0
32,8.0,79.0,2,0,0.023133328783013163,0.6001168108121387,0
32,9.0,78.0,2,0,0.04968826409185916,0.6001168108121387,0
32,10.0,77.0,2,0,0.046109039447425476,0.6001168108121387,0
32,11.0,76.0,2,0,0.04866039760951372,0.6001168108121387,0
32,12.0,75.0,2,0,0.02061475263565902,0.6001168108121387,0
32,13.0,74.0,2,0,0.06358716484887608,0.6001168108121387,0
32,14.0,73.0,2,0,0.051716465839066764,0.6001168108121387,0
32,15.0,72.0,2,0,0.031663851104150535,0.6001168108121387,0
32,16.0,71.0,2,0,0.03032586679395184,0.6001168108121387,0
32,17.0,70.0,2,0,0.011588841392565817,0.6001168108121387,0
32,18.0,69.0,2,0,0.037388836713120106,0.6001168108121387,0
32,19.0,68.0,2,0,0.09674839636634848,0.6001168108121387,0
32,20.0,67.0,2,0,0.06421341452511423,0.6001168108121387,0
32,21.0,66.0,2,0,0.06479669728391572,0.6001168108121387,0
32,22.0,65.0,2,0,0.10020985593881157,0.6001168108121387,0
32,23.0,64.0,2,0,0.02999603176431352,0.6001168108121387,0
32,24.0,63.0,2,0,0.038418120703778987,0.6001168108121387,0
32,25.0,62.0,2,0,0.024418575235458,0.6001168108121387,0
32,26.0,61.0,2,0,0.1291062854668547,0.6001168108121387,0
32,27.0,60.0,2,0,0.026934213541002956,0.6001168108121387,0
32,28.0,59.0,2,0,0.03941341254863036,0.6001168108121387,0
32,29.0,58.0,2,0,0.05324798953346417,0.6001168108121387,0
32,30.0,57.0,2,0,0.06685818198924631,0.6001168108121387,0
32,31.0,56.0,2,0,0.08979042254232121,0.6001168108121387,0
32,32.0,55.0,2,0,0.07924878350673027,0.6001168108121387,0
32,33.0,54.0,2,0,0.17000556158608607,0.6001168108121387,0
32,34.0,53.0,2,0,0.05223362726578174,0.6001168108121387,0
32,35.0,52.0,2,0,0.08861267421864559,0.6001168108121387,0
32,36.0,51.0,2,0,0.10238036759243958,0.6001168108121387,0
32,37.0,50.0,2,0,0.04165076800763468,0.6001168108121387,0
32,38.0,49.0,2,0,0.1743822444848867,0.6001168108121387,0
32,39.0,48.0,2,0,0.281023793553094,0.6001168108121387,0
32,40.0,47.0,2,0,0.3370393866697098,0.6001168108121387,0
32,41.0,46.0,2,0,0.20049594057455264,0.6001168108121387,0
32,42.0,45.0,2,0,0.24682660105306395,0.6001168108121387,0
32,43.0,44.0,2,0,0.3406773491509019,0.6001168108121387,0
32,44.0,43.0,2,0,0.40133438836548474,0.6001168108121387,0
32,45.0,42.0,2,0,0.22573607203183332,0.6001168108121387,0
32,46.0,41.0,2,0,0.4696421395928673,0.6001168108121387,0
32,47.0,40.0,2,0,0.43870254690096006,0.6001168108121387,0
32,48.0,39.0,2,0,0.46679061088472507,0.6001168108121387,0
32,49.0,38.0,2,0,0.205811183691177,0.6001168108121387,0
32,50.0,37.0,2,0,0.31586941009374087,0.6001168108121387,0
32,51.0,36.0,2,0,0.6521659252433761,0.6001168108121387,1
32,52.0,35.0,2,0,0.41076021802332985,0.6001168108121387,0
32,53.0,34.0,2,0,0.3450038113561314,0.6001168108121387,0
32,54.0,33.0,2,0,0.45397608034305714,0.6001168108121387,0
32,55.0,32.0,2,0,0.40802998075269725,0.6001168108121387,0
32,56.0,31.0,2,0,0.35266692100258107,0.6001168108121387,0
32,57.0,30.0,2,0,0.5506371534026642,0.6001168108121387,0
32,58.0,29.0,2,0,0.6061869848699108,0.6001168108121387,1
32,59.0,28.0,2,0,0.23753544253683664,0.6001168108121387,0
32,60.0,27.0,2,0,0.6123283731426886,0.6001168108121387,1
32,61.0,26.0,2,0,0.42184015367119165,0.6001168108121387,0
32,62.0,25.0,2,0,0.49361759443573977,0.6001168108121387,0
32,63.0,24.0,2,0,0.6408703298734273,0.6001168108121387,1
32,64.0,23.0,2,0,0.4629680941022616,0.6001168108121387,0
32,65.0,22.0,2,0,0.5123573870187942,0.6001168108121387,0
32,66.0,21.0,2,0,0.46606029385487335,0.6001168108121387,0
32,67.0,20.0,2,1,0.5933980598961889,0.6001168108121387,0
32,68.0,19.0,2,1,0.6696117796395766,0.6001168108121387,1
32,69.0,18.0,2,1,0.7910184620876911,0.6001168108121387,1
32,70.0,17.0,2,1,0.7400614040440424,0.6001168108121387,1
32,71.0,16.0,2,1,0.46459170296555413,0.6001168108121387,0
32,72.0,15.0,2,1,0.5521714206163149,0.6001168108121387,0
32,73.0,14.0,2,1,0.6806491997109418,0.6001168108121387,1
32,74.0,13.0,2,1,0.8213410308915648,0.6001168108121387,1
32,75.0,12.0,2,1,0.6777358029607036,0.6001168108121387,1
32,76.0,11.0,2,1,0.48934148056849947,0.6001168108121387,0
32,77.0,10.0,2,1,0.6368433102599055,0.6001168108121387,1
32,78.0,9.0,2,1,0.6461765336949223,0.6001168108121387,1
32,79.0,8.0,2,1,0.6695285474519447,0.6001168108121387,1
32,80.0,7.0,2,1,0.7329000871298432,0.6001168108121387,1
32,81.0,6.0,2,1,0.8716980595501768,0.6001168108121387,1
32,82.0,5.0,2,1,0.7683476685347858,0.6001168108121387,1
32,83.0,4.0,2,1,0.721523972132579,0.6001168108121387,1
32,84.0,3.0,2,1,0.8323295088212493,0.6001168108121387,1
32,85.0,2.0,2,1,0.7691759494498202,0.6001168108121387,1
32,86.0,1.0,2,1,0.8752640287774888,0.6001168108121387,1
32,87.0,0.0,2,1,0.9716751935860969,0.6001168108121387,1
33,1.0,98.0,3,0,0.04538494717925241,0.613505769296565,0
33,2.0,97.0,3,0,0.03445875437925957,0.613505769296565,0
33,3.0,96.0,3,0,0.02988571741362493,0.613505769296565,0
33,4.0,95.0,3,0,0.031720991139855305,0.613505769296565,0
33,5.0,94.0,3,0,0.040326411357260956,0.613505769296565,0
33,6.0,93.0,3,0,0.042899014771228657,0.613505769296565,0
33,7.0,92.0,3,0,0.08631226525805158,0.613505769296565,0
33,8.0,91.0,3,0,0.053994026234116324,0.613505769296565,0
33,9.0,90.0,3,0,0.07054309129345668,0.613505769296565,0
33,10.0,89.0,3,0,0.029401577431218812,0.613505769296565,0
33,11.0,88.0,3,0,0.05016851906109482,0.613505769296565,0
33,12.0,87.0,3,0,0.03177429727694064,0.613505769296565,0
33,13.0,86.0,3,0,0.08757470545265471,0.613505769296565,0
33,14.0,85.0,3,0,0.05406445981268,0.613505769296565,0
33,15.0,84.0,3,0,0.06935735221827115,0.613505769296565,0
33,16.0,83.0,3,0,0.027434881154659228,0.613505769296565,0
33,17.0,82.0,3,0,0.019230447990775446,0.613505769296565,0
33,18.0,81.0,3,0,0.03986809373848541,0.613505769296565,0
33,19.0,80.0,3,0,0.04379683389247223,0.613505769296565,0
33,20.0,79.0,3,0,0.07180472470460149,0.613505769296565,0
33,21.0,78.0,3,0,0.026428736314885792,0.613505769296565,0
33,22.0,77.0,3,0,0.06724784756177628,0.613505769296565,0
33,23.0,76.0,3,0,0.05729192297490446,0.613505769296565,0
33,24.0,75.0,3,0,0.029570128411601823,0.613505769296565,0
33,25.0,74.0,3,0,0.038772874211007495,0.613505769296565,0
33,26.0,73.0,3,0,0.03873546031707043,0.613505769296565,0
33,27.0,72.0,3,0,0.03204507963059779,0.613505769296565,0
33,28.0,71.0,3,0,0.02631275630236435,0.613505769296565,0
33,29.0,70.0,3,0,0.04330017443775725,0.613505769296565,0
33,30.0,69.0,3,0,0.09636303344725781,0.613505769296565,0
33,31.0,68.0,3,0,0.05438176880494245,0.613505769296565,0
33,32.0,67.0,3,0,0.1264139478800934,0.613505769296565,0
33,33.0,66.0,3,0,0.008787356179072581,0.613505769296565,0
33,34.0,65.0,3,0,0.12471108418879877,0.613505769296565,0
33,35.0,64.0,3,0,0.045942784659583714,0.613505769296565,0
33,36.0,63.0,3,0,0.17658607160946177,0.613505769296565,0
33,37.0,62.0,3,0,0.06542760058046317,0.613505769296565,0
33,38.0,61.0,3,0,0.013194385676556649,0.613505769296565,0
33,39.0,60.0,3,0,0.19536718566414327,0.613505769296565,0
33,40.0,59.0,3,0,0.40661220746724286,0.613505769296565,0
33,41.0,58.0,3,0,0.28007985780729244,0.613505769296565,0
33,42.0,57.0,3,0,0.3511571226573273,0.613505769296565,0
33,43.0,56.0,3,0,0.17010759339842949,0.613505769296565,0
33,44.0,55.0,3,0,0.12465508722064252,0.613505769296565,0
33,45.0,54.0,3,0,0.4167204339673686,0.613505769296565,0
33,46.0,53.0,3,0,0.2903685853421026,0.613505769296565,0
33,47.0,52.0,3,0,0.30140500333735754,0.613505769296565,0
33,48.0,51.0,3,0,0.1636419679155463,0.613505769296565,0
33,49.0,50.0,3,0,0.31103809294769585,0.613505769296565,0
33,50.0,49.0,3,0,0.39799565374008733,0.613505769296565,0
33,51.0,48.0,3,0,0.27952490418002174,0.613505769296565,0
33,52.0,47.0,3,0,0.3764660282131568,0.613505769296565,0
33,53.0,46.0,3,0,0.3835928808330914,0.613505769296565,0
33,54.0,45.0,3,0,0.3465123325739347,0.613505769296565,0
33,55.0,44.0,3,0,0.2989088402681199,0.613505769296565,0
33,56.0,43.0,3,0,0.46856204706649257,0.613505769296565,0
33,57.0,42.0,3,0,0.33245582346304964,0.613505769296565,0
33,58.0,41.0,3,0,0.2987231991642299,0.613505769296565,0
33,59.0,40.0,3,0,0.1861166019998484,0.613505769296565,0
33,60.0,39.0,3,0,0.5851624407906378,0.613505769296565,0
33,61.0,38.0,3,0,0.4400958494788016,0.613505769296565,0
33,62.0,37.0,3,0,0.49036770532699314,0.613505769296565,0
33,63.0,36.0,3,0,0.5839034125952971,0.613505769296565,0
33,64.0,35.0,3,0,0.510823686884761,0.613505769296565,0
33,65.0,34.0,3,0,0.44891761982274586,0.613505769296565,0
33,66.0,33.0,3,0,0.6032704183910588,0.613505769296565,0
33,67.0,32.0,3,0,0.4929411875830562,0.613505769296565,0
33,68.0,31.0,3,0,0.5867246508918932,0.613505769296565,0
33,69.0,30.0,3,0,0.6143242900526878,0.613505769296565,1
33,70.0,29.0,3,0,0.4865883792828816,0.613505769296565,0
33,71.0,28.0,3,0,0.5366945851855209,0.613505769296565,0
33,72.0,27.0,3,0,0.6727152175123153,0.613505769296565,1
33,73.0,26.0,3,0,0.4429018830070526,0.613505769296565,0
33,74.0,25.0,3,0,0.593610148817164,0.613505769296565,0
33,75.0,24.0,3,0,0.5297287454160479,0.613505769296565,0
33,76.0,23.0,3,0,0.6846540317583361,0.613505769296565,1
33,77.0,22.0,3,0,0.6414808449628516,0.613505769296565,1
33,78.0,21.0,3,0,0.47339124558101414,0.613505769296565,0
33,79.0,20.0,3,1,0.5537071207969516,0.613505769296565,0
33,80.0,19.0,3,1,0.6354661364970805,0.613505769296565,1
33,81.0,18.0,3,1,0.6072595807535113,0.613505769296565,0
33,82.0,17.0,3,1,0.4387133159070796,0.613505769296565,0
33,83.0,16.0,3,1,0.6514694151166381,0.613505769296565,1
33,84.0,15.0,3,1,0.695739679932769,0.613505769296565,1
33,85.0,14.0,3,1,0.6514788279641831,0.613505769296565,1
33,86.0,13.0,3,1,0.6192274395560761,0.613505769296565,1
33,87.0,12.0,3,1,0.7396316068809051,0.613505769296565,1
33,88.0,11.0,3,1,0.7170963066455092,0.613505769296565,1
33,89.0,10.0,3,1,0.672298417124207,0.613505769296565,1
33,90.0,9.0,3,1,0.5176802601643178,0.613505769296565,0
33,91.0,8.0,3,1,0.5682384660466516,0.613505769296565,0
33,92.0,7.0,3,1,0.6392599866013822,0.613505769296565,1
33,93.0,6.0,3,1,0.7224021578254017,0.613505769296565,1
33,94.0,5.0,3,1,0.6110301279874237,0.613505769296565,0
33,95.0,4.0,3,1,0.6401483036620838,0.613505769296565,1
33,96.0,3.0,3,1,0.6907875330643936,0.613505769296565,1
33,97.0,2.0,3,1,0.5867961461524143,0.613505769296565,0
33,98.0,1.0,3,1,0.5972176557294103,0.613505769296565,0
33,99.0,0.0,3,1,0.5445472995526289,0.613505769296565,0
34,1.0,72.0,2,0,0.03026007689147646,0.6001168108121387,0
34,2.0,71.0,2,0,0.0669812139521889,0.6001168108121387,0
34,3.0,70.0,2,0,0.04205784768032777,0.6001168108121387,0
34,4.0,69.0,2,0,0.05217631494105055,0.6001168108121387,0
34,5.0,68.0,2,0,0.03353276164447922,0.6001168108121387,0
34,6.0,67.0,2,0,0.03118917772399512,0.6001168108121387,0
34,7.0,66.0,2,0,0.012774691601657364,0.6001168108121387,0
34,8.0,65.0,2,0,0.050987838232492526,0.6001168108121387,0
34,9.0,64.0,2,0,0.0031239254663358337,0.6001168108121387,0
34,10.0,63.0,2,0,0.030042575946962597,0.6001168108121387,0
34,11.0,62.0,2,0,0.06152588576567796,0.6001168108121387,0
34,12.0,61.0,2,0,0.021645448913466238,0.6001168108121387,0
34,13.0,60.0,2,0,0.01527190892900269,0.6001168108121387,0
34,14.0,59.0,2,0,0.05673105176576198,0.6001168108121387,0
34,15.0,58.0,2,0,0.039181360417480174,0.6001168108121387,0
34,16.0,57.0,2,0,0.037068795962001855,0.6001168108121387,0
34,17.0,56.0,2,0,0.05678151703681575,0.6001168108121387,0
34,18.0,55.0,2,0,0.07585708928553389,0.6001168108121387,0
34,19.0,54.0,2,0,0.11792096402728133,0.6001168108121387,0
34,20.0,53.0,2,0,0.05724738140981544,0.6001168108121387,0
34,21.0,52.0,2,0,0.030307385363492,0.6001168108121387,0
34,22.0,51.0,2,0,0.04705144493420229,0.6001168108121387,0
34,23.0,50.0,2,0,0.04437175162359705,0.6001168108121387,0
34,24.0,49.0,2,0,0.04342996996539244,0.6001168108121387,0
34,25.0,48.0,2,0,0.031893301605507136,0.6001168108121387,0
34,26.0,47.0,2,0,0.0710245053027467,0.6001168108121387,0
34,27.0,46.0,2,0,0.02372666052888087,0.6001168108121387,0
34,28.0,45.0,2,0,0.021074933799528146,0.6001168108121387,0
34,29.0,44.0,2,0,0.049538044944997035,0.6001168108121387,0
34,30.0,43.0,2,0,0.05825645108794866,0.6001168108121387,0
34,31.0,42.0,2,0,0.048410513784269055,0.6001168108121387,0
34,32.0,41.0,2,0,0.05228763805677873,0.6001168108121387,0
34,33.0,40.0,2,0,0.04116426401794154,0.6001168108121387,0
34,34.0,39.0,2,0,0.06775491738381566,0.6001168108121387,0
34,35.0,38.0,2,0,0.11141261519769655,0.6001168108121387,0
34,36.0,37.0,2,0,0.10535960851562853,0.6001168108121387,0
34,37.0,36.0,2,0,0.10795044572678275,0.6001168108121387,0
34,38.0,35.0,2,0,0.2510756340920796,0.6001168108121387,0
34,39.0,34.0,2,0,0.2145952799725994,0.6001168108121387,0
34,40.0,33.0,2,0,0.29726418017203693,0.6001168108121387,0
34,41.0,32.0,2,0,0.30403433327444557,0.6001168108121387,0
34,42.0,31.0,2,0,0.418242595105087,0.6001168108121387,0
34,43.0,30.0,2,0,0.3574545096411253,0.6001168108121387,0
34,44.0,29.0,2,0,0.309437890024241,0.6001168108121387,0
34,45.0,28.0,2,0,0.47001112901022113,0.6001168108121387,0
34,46.0,27.0,2,0,0.3901719001235882,0.6001168108121387,0
34,47.0,26.0,2,0,0.34589398418588907,0.6001168108121387,0
34,48.0,25.0,2,0,0.3302248535628072,0.6001168108121387,0
34,49.0,24.0,2,0,0.36054701769875186,0.6001168108121387,0
34,50.0,23.0,2,0,0.4012670960353575,0.6001168108121387,0
34,51.0,22.0,2,0,0.3682960543530375,0.6001168108121387,0
34,52.0,21.0,2,0,0.40057541498690946,0.6001168108121387,0
34,53.0,20.0,2,1,0.39613329464329355,0.6001168108121387,0
34,54.0,19.0,2,1,0.16636033002225178,0.6001168108121387,0
34,55.0,18.0,2,1,0.3399735637501783,0.6001168108121387,0
34,56.0,17.0,2,1,0.3651621777352693,0.6001168108121387,0
34,57.0,16.0,2,1,0.6172099180095053,0.6001168108121387,1
34,58.0,15.0,2,1,0.5026308447788046,0.6001168108121387,0
34,59.0,14.0,2,1,0.5935541526814692,0.6001168108121387,0
34,60.0,13.0,2,1,0.46549887089609576,0.6001168108121387,0
34,61.0,12.0,2,1,0.39532600545289187,0.6001168108121387,0
34,62.0,11.0,2,1,0.6581474293173133,0.6001168108121387,1
34,63.0,10.0,2,1,0.6050230526174273,0.6001168108121387,1
34,64.0,9.0,2,1,0.7068015035401964,0.6001168108121387,1
34,65.0,8.0,2,1,0.5516763738315078,0.6001168108121387,0
34,66.0,7.0,2,1,0.5692324336575102,0.6001168108121387,0
34,67.0,6.0,2,1,0.8044914189421298,0.6001168108121387,1
34,68.0,5.0,2,1,0.8723088873605537,0.6001168108121387,1
34,69.0,4.0,2,1,0.863620319966231,0.6001168108121387,1
34,70.0,3.0,2,1,0.8354098579568308,0.6001168108121387,1
34,71.0,2.0,2,1,0.853656207455103,0.6001168108121387,1
34,72.0,1.0,2,1,0.8815769668854071,0.6001168108121387,1
34,73.0,0.0,2,1,0.8099880400811568,0.6001168108121387,1
35,1.0,84.0,1,0,0.028609133883897728,0.6061926394381595,0
35,2.0,83.0,1,0,0.018084193305346937,0.6061926394381595,0
35,3.0,82.0,1,0,0.024906651338723784,0.6061926394381595,0
35,4.0,81.0,1,0,0.0514618759009998,0.6061926394381595,0
35,5.0,80.0,1,0,0.023533968696694264,0.6061926394381595,0
35,6.0,79.0,1,0,0.07831383290071521,0.6061926394381595,0
35,7.0,78.0,1,0,0.01691006436195708,0.6061926394381595,0
35,8.0,77.0,1,0,0.02025986099339856,0.6061926394381595,0
35,9.0,76.0,1,0,0.05604148400638861,0.6061926394381595,0
35,10.0,75.0,1,0,0.05027348713128845,0.6061926394381595,0
35,11.0,74.0,1,0,0.033636698988556035,0.6061926394381595,0
35,12.0,73.0,1,0,0.05276844287844206,0.6061926394381595,0
35,13.0,72.0,1,0,0.09858464431057963,0.6061926394381595,0
35,14.0,71.0,1,0,0.06523528016416316,0.6061926394381595,0
35,15.0,70.0,1,0,0.03134241584776271,0.6061926394381595,0
35,16.0,69.0,1,0,0.01891647416133717,0.6061926394381595,0
35,17.0,68.0,1,0,0.14896285684748656,0.6061926394381595,0
35,18.0,67.0,1,0,0.03319939835107811,0.6061926394381595,0
35,19.0,66.0,1,0,0.05968154568811252,0.6061926394381595,0
35,20.0,65.0,1,0,0.07464125193820732,0.6061926394381595,0
35,21.0,64.0,1,0,0.09056926365882673,0.6061926394381595,0
35,22.0,63.0,1,0,0.038986048574525534,0.6061926394381595,0
35,23.0,62.0,1,0,0.02316072153453541,0.6061926394381595,0
35,24.0,61.0,1,0,0.057944374239668,0.6061926394381595,0
35,25.0,60.0,1,0,0.07806564675975489,0.6061926394381595,0
35,26.0,59.0,1,0,0.08982846939312959,0.6061926394381595,0
35,27.0,58.0,1,0,0.05249535789203724,0.6061926394381595,0
35,28.0,57.0,1,0,0.046513486759620436,0.6061926394381595,0
35,29.0,56.0,1,0,0.07471295031842638,0.6061926394381595,0
35,30.0,55.0,1,0,0.07134920612883666,0.6061926394381595,0
35,31.0,54.0,1,0,0.2025120424645472,0.6061926394381595,0
35,32.0,53.0,1,0,0.42258956878805765,0.6061926394381595,0
35,33.0,52.0,1,0,0.08619281399711096,0.6061926394381595,0
35,34.0,51.0,1,0,0.38015822697176094,0.6061926394381595,0
35,35.0,50.0,1,0,0.2163811250947637,0.6061926394381595,0
35,36.0,49.0,1,0,0.10998539600651713,0.6061926394381595,0
35,37.0,48.0,1,0,0.35045581491507655,0.6061926394381595,0
35,38.0,47.0,1,0,0.1489017780961,0.6061926394381595,0
35,39.0,46.0,1,0,0.26750109831079333,0.6061926394381595,0
35,40.0,45.0,1,0,0.2620855354255406,0.6061926394381595,0
35,41.0,44.0,1,0,0.2970251319433112,0.6061926394381595,0
35,42.0,43.0,1,0,0.2169145356818529,0.6061926394381595,0
35,43.0,42.0,1,0,0.4396621499224213,0.6061926394381595,0
35,44.0,41.0,1,0,0.35745442674751937,0.6061926394381595,0
35,45.0,40.0,1,0,0.41283190457014174,0.6061926394381595,0
35,46.0,39.0,1,0,0.35398130029258845,0.6061926394381595,0
35,47.0,38.0,1,0,0.4837555368756319,0.6061926394381595,0
35,48.0,37.0,1,0,0.5241269796090944,0.6061926394381595,0
35,49.0,36.0,1,0,0.579150163617692,0.6061926394381595,0
35,50.0,35.0,1,0,0.38565586785773676,0.6061926394381595,0
35,51.0,34.0,1,0,0.3001812714982858,0.6061926394381595,0
35,52.0,33.0,1,0,0.4478152221043611,0.6061926394381595,0
35,53.0,32.0,1,0,0.5864503109017996,0.6061926394381595,0
35,54.0,31.0,1,0,0.6476185935183727,0.6061926394381595,1
35,55.0,30.0,1,0,0.5880570328528747,0.6061926394381595,0
35,56.0,29.0,1,0,0.5902129292879806,0.6061926394381595,0
35,57.0,28.0,1,0,0.587947990135097,0.6061926394381595,0
35,58.0,27.0,1,0,0.25682641840422915,0.6061926394381595,0
35,59.0,26.0,1,0,0.5204234574748914,0.6061926394381595,0
35,60.0,25.0,1,0,0.591561399040958,0.6061926394381595,0
35,61.0,24.0,1,0,0.47765992417463976,0.6061926394381595,0
35,62.0,23.0,1,0,0.6794305827598682,0.6061926394381595,1
35,63.0,22.0,1,0,0.5245552046797902,0.6061926394381595,0
35,64.0,21.0,1,0,0.3060483636539251,0.6061926394381595,0
35,65.0,20.0,1,1,0.5577928723150968,0.6061926394381595,0
35,66.0,19.0,1,1,0.7036079407501887,0.6061926394381595,1
35,67.0,18.0,1,1,0.5641415300356621,0.6061926394381595,0
35,68.0,17.0,1,1,0.5080217998930633,0.6061926394381595,0
35,69.0,16.0,1,1,0.5313846610272065,0.6061926394381595,0
35,70.0,15.0,1,1,0.7154350399821529,0.6061926394381595,1
35,71.0,14.0,1,1,0.613527989365435,0.6061926394381595,1
35,72.0,13.0,1,1,0.8095075820662552,0.6061926394381595,1
35,73.0,12.0,1,1,0.5774734592145007,0.6061926394381595,0
35,74.0,11.0,1,1,0.6947104571850276,0.6061926394381595,1
35,75.0,10.0,1,1,0.6231571747807497,0.6061926394381595,1
35,76.0,9.0,1,1,0.6729113584458364,0.6061926394381595,1
35,77.0,8.0,1,1,0.7706857494117789,0.6061926394381595,1
35,78.0,7.0,1,1,0.6292336411845478,0.6061926394381595,1
35,79.0,6.0,1,1,0.5877285041916164,0.6061926394381595,0
35,80.0,5.0,1,1,0.7324746167731667,0.6061926394381595,1
35,81.0,4.0,1,1,0.5419250746803073,0.6061926394381595,0
35,82.0,3.0,1,1,0.753518843958308,0.6061926394381595,1
35,83.0,2.0,1,1,0.5800753549945904,0.6061926394381595,0
35,84.0,1.0,1,1,0.7323478145545045,0.6061926394381595,1
35,85.0,0.0,1,1,0.7534745428984921,0.6061926394381595,1
36,1.0,79.0,5,0,0.02575704314922099,0.5936233198117976,0
36,2.0,78.0,5,0,0.024001734098423693,0.5936233198117976,0
36,3.0,77.0,5,0,0.03284342085712506,0.5936233198117976,0
36,4.0,76.0,5,0,0.03459092648494007,0.5936233198117976,0
36,5.0,75.0,5,0,0.016108766247472716,0.5936233198117976,0
36,6.0,74.0,5,0,0.01985989957120754,0.5936233198117976,0
36,7.0,73.0,5,0,0.018215917053172,0.5936233198117976,0
36,8.0,72.0,5,0,0.01962483781753394,0.5936233198117976,0
36,9.0,71.0,5,0,0.019160327673766367,0.5936233198117976,0
36,10.0,70.0,5,0,0.03259169888472689,0.5936233198117976,0
36,11.0,69.0,5,0,0.027833944000793406,0.5936233198117976,0
36,12.0,68.0,5,0,0.033366918444934786,0.5936233198117976,0
36,13.0,67.0,5,0,0.03677478232927502,0.5936233198117976,0
36,14.0,66.0,5,0,0.03026570860051271,0.5936233198117976,0
36,15.0,65.0,5,0,0.030536188977222618,0.5936233198117976,0
36,16.0,64.0,5,0,0.02319927075147358,0.5936233198117976,0
36,17.0,63.0,5,0,0.04303949332403383,0.5936233198117976,0
36,18.0,62.0,5,0,0.02254152609634529,0.5936233198117976,0
36,19.0,61.0,5,0,0.026414868312846167,0.5936233198117976,0
36,20.0,60.0,5,0,0.05506437780973226,0.5936233198117976,0
36,21.0,59.0,5,0,0.011942921388804678,0.5936233198117976,0
36,22.0,58.0,5,0,0.023436726496098317,0.5936233198117976,0
36,23.0,57.0,5,0,0.0195042737928338,0.5936233198117976,0
36,24.0,56.0,5,0,0.02800613684366385,0.5936233198117976,0
36,25.0,55.0,5,0,0.02838532350447893,0.5936233198117976,0
36,26.0,54.0,5,0,0.01933663400185983,0.5936233198117976,0
36,27.0,53.0,5,0,0.04045168188631101,0.5936233198117976,0
36,28.0,52.0,5,0,0.02058713695215929,0.5936233198117976,0
36,29.0,51.0,5,0,0.023111406458009187,0.5936233198117976,0
36,30.0,50.0,5,0,0.0455487247544345,0.5936233198117976,0
36,31.0,49.0,5,0,0.028119201280495054,0.5936233198117976,0
36,32.0,48.0,5,0,0.05482328733365599,0.5936233198117976,0
36,33.0,47.0,5,0,0.025300374295989258,0.5936233198117976,0
36,34.0,46.0,5,0,0.09128685698526849,0.5936233198117976,0
36,35.0,45.0,5,0,0.03976003043751444,0.5936233198117976,0
36,36.0,44.0,5,0,0.030478051365579767,0.5936233198117976,0
36,37.0,43.0,5,0,0.05998049892537029,0.5936233198117976,0
36,38.0,42.0,5,0,0.014607316475902736,0.5936233198117976,0
36,39.0,41.0,5,0,0.10504137533905827,0.5936233198117976,0
36,40.0,40.0,5,0,0.14775720885371377,0.5936233198117976,0
36,41.0,39.0,5,0,0.029195240385812518,0.5936233198117976,0
36,42.0,38.0,5,0,0.16658611378227858,0.5936233198117976,0
36,43.0,37.0,5,0,0.06596950782777423,0.5936233198117976,0
36,44.0,36.0,5,0,0.17537298323313688,0.5936233198117976,0
36,45.0,35.0,5,0,0.3123560196477759,0.5936233198117976,0
36,46.0,34.0,5,0,0.23394431498199872,0.5936233198117976,0
36,47.0,33.0,5,0,0.45320568593029376,0.5936233198117976,0
36,48.0,32.0,5,0,0.531493813406405,0.5936233198117976,0
36,49.0,31.0,5,0,0.28296858997832447,0.5936233198117976,0
36,50.0,30.0,5,0,0.35250965064956724,0.5936233198117976,0
36,51.0,29.0,5,0,0.5675861779974555,0.5936233198117976,0
36,52.0,28.0,5,0,0.5778665028265578,0.5936233198117976,0
36,53.0,27.0,5,0,0.48945153390837626,0.5936233198117976,0
36,54.0,26.0,5,0,0.5103523947654879,0.5936233198117976,0
36,55.0,25.0,5,0,0.41868875032759495,0.5936233198117976,0
36,56.0,24.0,5,0,0.5637412620012281,0.5936233198117976,0
36,57.0,23.0,5,0,0.4919969822138136,0.5936233198117976,0
36,58.0,22.0,5,0,0.7285197358704844,0.5936233198117976,1
36,59.0,21.0,5,0,0.804454595776796,0.5936233198117976,1
36,60.0,20.0,5,1,0.7813123641593702,0.5936233198117976,1
36,61.0,19.0,5,1,0.7438229170322387,0.5936233198117976,1
36,62.0,18.0,5,1,0.7250841050163535,0.5936233198117976,1
36,63.0,17.0,5,1,0.7901143952997789,0.5936233198117976,1
36,64.0,16.0,5,1,0.7772246509023114,0.5936233198117976,1
36,65.0,15.0,5,1,0.9223316160207362,0.5936233198117976,1
36,66.0,14.0,5,1,0.888350859170595,0.5936233198117976,1
36,67.0,13.0,5,1,0.9136385072240366,0.5936233198117976,1
36,68.0,12.0,5,1,0.9546238951281227,0.5936233198117976,1
36,69.0,11.0,5,1,0.7278032653681378,0.5936233198117976,1
36,70.0,10.0,5,1,0.8677128449805529,0.5936233198117976,1
36,71.0,9.0,5,1,0.9795205225001791,0.5936233198117976,1
36,72.0,8.0,5,1,0.8629825270148299,0.5936233198117976,1
36,73.0,7.0,5,1,0.9793850940541944,0.5936233198117976,1
36,74.0,6.0,5,1,0.8964558149835387,0.5936233198117976,1
36,75.0,5.0,5,1,0.9743812597626477,0.5936233198117976,1
36,76.0,4.0,5,1,0.9490867267347178,0.5936233198117976,1
36,77.0,3.0,5,1,0.9839442547377443,0.5936233198117976,1
36,78.0,2.0,5,1,0.9840607433692148,0.5936233198117976,1
36,79.0,1.0,5,1,0.984107195842515,0.5936233198117976,1
36,80.0,0.0,5,1,0.9753550471988592,0.5936233198117976,1
37,1.0,79.0,1,0,0.032656209640678516,0.6061926394381595,0
37,2.0,78.0,1,0,0.028904154164073746,0.6061926394381595,0
37,3.0,77.0,1,0,0.03128889016097828,0.6061926394381595,0
37,4.0,76.0,1,0,0.018154753759407862,0.6061926394381595,0
37,5.0,75.0,1,0,0.02078144339315597,0.6061926394381595,0
37,6.0,74.0,1,0,0.04073010514272027,0.6061926394381595,0
37,7.0,73.0,1,0,0.041277816010045904,0.6061926394381595,0
37,8.0,72.0,1,0,0.044209874873258705,0.6061926394381595,0
37,9.0,71.0,1,0,0.03534502148273276,0.6061926394381595,0
37,10.0,70.0,1,0,0.04121959253106035,0.6061926394381595,0
37,11.0,69.0,1,0,0.02861565893457316,0.6061926394381595,0
37,12.0,68.0,1,0,0.057802887163678277,0.6061926394381595,0
37,13.0,67.0,1,0,0.02352182725849944,0.6061926394381595,0
37,14.0,66.0,1,0,0.03878458203388221,0.6061926394381595,0
37,15.0,65.0,1,0,0.04933086570838557,0.6061926394381595,0
37,16.0,64.0,1,0,0.04111462304713502,0.6061926394381595,0
37,17.0,63.0,1,0,0.03401372331726578,0.6061926394381595,0
37,18.0,62.0,1,0,0.026806100228994358,0.6061926394381595,0
37,19.0,61.0,1,0,0.03621988814596858,0.6061926394381595,0
37,20.0,60.0,1,0,0.056473297723609185,0.6061926394381595,0
37,21.0,59.0,1,0,0.08090398693442798,0.6061926394381595,0
37,22.0,58.0,1,0,0.027890370674887515,0.6061926394381595,0
37,23.0,57.0,1,0,0.036134118454875824,0.6061926394381595,0
37,24.0,56.0,1,0,0.030200529323931757,0.6061926394381595,0
37,25.0,55.0,1,0,0.07039068353883335,0.6061926394381595,0
37,26.0,54.0,1,0,0.029866924485193572,0.6061926394381595,0
37,27.0,53.0,1,0,0.026976278108791746,0.6061926394381595,0
37,28.0,52.0,1,0,0.023312514419262916,0.6061926394381595,0
37,29.0,51.0,1,0,0.04353501239062644,0.6061926394381595,0
37,30.0,50.0,1,0,0.09342501915486207,0.6061926394381595,0
37,31.0,49.0,1,0,0.0627227983008484,0.6061926394381595,0
37,32.0,48.0,1,0,0.051414142763551315,0.6061926394381595,0
37,33.0,47.0,1,0,0.059249630763481366,0.6061926394381595,0
37,34.0,46.0,1,0,0.06342241913796881,0.6061926394381595,0
37,35.0,45.0,1,0,0.08003969761259197,0.6061926394381595,0
37,36.0,44.0,1,0,0.08957962691385957,0.6061926394381595,0
37,37.0,43.0,1,0,0.138388655434651,0.6061926394381595,0
37,38.0,42.0,1,0,0.2180931356868363,0.6061926394381595,0
37,39.0,41.0,1,0,0.12475206250757133,0.6061926394381595,0
37,40.0,40.0,1,0,0.1938309539230682,0.6061926394381595,0
37,41.0,39.0,1,0,0.28376760267632806,0.6061926394381595,0
37,42.0,38.0,1,0,0.3242300393236583,0.6061926394381595,0
37,43.0,37.0,1,0,0.39037417698653804,0.6061926394381595,0
37,44.0,36.0,1,0,0.19088982695698073,0.6061926394381595,0
37,45.0,35.0,1,0,0.3021508231496286,0.6061926394381595,0
37,46.0,34.0,1,0,0.34629001154273703,0.6061926394381595,0
37,47.0,33.0,1,0,0.23127863203539836,0.6061926394381595,0
37,48.0,32.0,1,0,0.3093040427317957,0.6061926394381595,0
37,49.0,31.0,1,0,0.3309328395879046,0.6061926394381595,0
37,50.0,30.0,1,0,0.155475594210792,0.6061926394381595,0
37,51.0,29.0,1,0,0.4023127879481044,0.6061926394381595,0
37,52.0,28.0,1,0,0.3635403640594149,0.6061926394381595,0
37,53.0,27.0,1,0,0.4032986296193402,0.6061926394381595,0
37,54.0,26.0,1,0,0.3743650707481816,0.6061926394381595,0
37,55.0,25.0,1,0,0.2717124117578937,0.6061926394381595,0
37,56.0,24.0,1,0,0.3212629428056725,0.6061926394381595,0
37,57.0,23.0,1,0,0.4521565085510732,0.6061926394381595,0
37,58.0,22.0,1,0,0.7260176175316783,0.6061926394381595,1
37,59.0,21.0,1,0,0.69483326340262,0.6061926394381595,1
37,60.0,20.0,1,1,0.5854937675631066,0.6061926394381595,0
37,61.0,19.0,1,1,0.6787784546707099,0.6061926394381595,1
37,62.0,18.0,1,1,0.8079271885726266,0.6061926394381595,1
37,63.0,17.0,1,1,0.8355855816704469,0.6061926394381595,1
37,64.0,16.0,1,1,0.8256972411610135,0.6061926394381595,1
37,65.0,15.0,1,1,0.7761732995140407,0.6061926394381595,1
37,66.0,14.0,1,1,0.8913746920097113,0.6061926394381595,1
37,67.0,13.0,1,1,0.8351504188865524,0.6061926394381595,1
37,68.0,12.0,1,1,0.8584419553522508,0.6061926394381595,1
37,69.0,11.0,1,1,0.8666608647351208,0.6061926394381595,1
37,70.0,10.0,1,1,0.8512903112784628,0.6061926394381595,1
37,71.0,9.0,1,1,0.9672668613775106,0.6061926394381595,1
37,72.0,8.0,1,1,0.9379867980593509,0.6061926394381595,1
37,73.0,7.0,1,1,0.9703691531392872,0.6061926394381595,1
37,74.0,6.0,1,1,0.9231755686337738,0.6061926394381595,1
37,75.0,5.0,1,1,0.9546962082474898,0.6061926394381595,1
37,76.0,4.0,1,1,0.8567043169602333,0.6061926394381595,1
37,77.0,3.0,1,1,0.9778225665038469,0.6061926394381595,1
37,78.0,2.0,1,1,0.9755638316544128,0.6061926394381595,1
37,79.0,1.0,1,1,0.9246667412602158,0.6061926394381595,1
37,80.0,0.0,1,1,0.9601679480032306,0.6061926394381595,1
38,1.0,64.0,5,0,0.019443900751904695,0.5936233198117976,0
38,2.0,63.0,5,0,0.022775765927088455,0.5936233198117976,0
38,3.0,62.0,5,0,0.03855294520965291,0.5936233198117976,0
38,4.0,61.0,5,0,0.01534117306068826,0.5936233198117976,0
38,5.0,60.0,5,0,0.01162900009622623,0.5936233198117976,0
38,6.0,59.0,5,0,0.036271033386351285,0.5936233198117976,0
38,7.0,58.0,5,0,0.05570969115327594,0.5936233198117976,0
38,8.0,57.0,5,0,0.01836062829373024,0.5936233198117976,0
38,9.0,56.0,5,0,0.03923062994395738,0.5936233198117976,0
38,10.0,55.0,5,0,0.013906696589486643,0.5936233198117976,0
38,11.0,54.0,5,0,0.035969065699689814,0.5936233198117976,0
38,12.0,53.0,5,0,0.016456223774061782,0.5936233198117976,0
38,13.0,52.0,5,0,0.026860997766610543,0.5936233198117976,0
38,14.0,51.0,5,0,0.020442632724641994,0.5936233198117976,0
38,15.0,50.0,5,0,0.021641972416116144,0.5936233198117976,0
38,16.0,49.0,5,0,0.021338046254772248,0.5936233198117976,0
38,17.0,48.0,5,0,0.04429460880555862,0.5936233198117976,0
38,18.0,47.0,5,0,0.020122022359390104,0.5936233198117976,0
38,19.0,46.0,5,0,0.04848412935785948,0.5936233198117976,0
38,20.0,45.0,5,0,0.03364627354784695,0.5936233198117976,0
38,21.0,44.0,5,0,0.022439386526008156,0.5936233198117976,0
38,22.0,43.0,5,0,0.02645643011941438,0.5936233198117976,0
38,23.0,42.0,5,0,0.06073003672222,0.5936233198117976,0
38,24.0,41.0,5,0,0.023129127771676743,0.5936233198117976,0
38,25.0,40.0,5,0,0.03881509877521955,0.5936233198117976,0
38,26.0,39.0,5,0,0.039944605232653425,0.5936233198117976,0
38,27.0,38.0,5,0,0.015262743315657032,0.5936233198117976,0
38,28.0,37.0,5,0,0.02746514681100802,0.5936233198117976,0
38,29.0,36.0,5,0,0.016497918029076627,0.5936233198117976,0
38,30.0,35.0,5,0,0.01961626729868899,0.5936233198117976,0
38,31.0,34.0,5,0,0.030436946056124486,0.5936233198117976,0
38,32.0,33.0,5,0,0.06689390209090201,0.5936233198117976,0
38,33.0,32.0,5,0,0.04172595410606787,0.5936233198117976,0
38,34.0,31.0,5,0,0.04732227751092397,0.5936233198117976,0
38,35.0,30.0,5,0,0.027229540031405354,0.5936233198117976,0
38,36.0,29.0,5,0,0.07960696584535326,0.5936233198117976,0
38,37.0,28.0,5,0,0.07731259223972553,0.5936233198117976,0
38,38.0,27.0,5,0,0.10806930525191921,0.5936233198117976,0
38,39.0,26.0,5,0,0.16176529154466093,0.5936233198117976,0
38,40.0,25.0,5,0,0.1223468849245856,0.5936233198117976,0
38,41.0,24.0,5,0,0.07720283542631874,0.5936233198117976,0
38,42.0,23.0,5,0,0.21487340617093836,0.5936233198117976,0
38,43.0,22.0,5,0,0.042452494027767435,0.5936233198117976,0
38,44.0,21.0,5,0,0.2430886167362713,0.5936233198117976,0
38,45.0,20.0,5,1,0.5418365322255242,0.5936233198117976,0
38,46.0,19.0,5,1,0.5002657233385548,0.5936233198117976,0
38,47.0,18.0,5,1,0.6158058627359494,0.5936233198117976,1
38,48.0,17.0,5,1,0.4857810010739304,0.5936233198117976,0
38,49.0,16.0,5,1,0.6352756254543469,0.5936233198117976,1
38,50.0,15.0,5,1,0.6711113841690799,0.5936233198117976,1
38,51.0,14.0,5,1,0.6422989291924907,0.5936233198117976,1
38,52.0,13.0,5,1,0.7306467905371006,0.5936233198117976,1
38,53.0,12.0,5,1,0.6807440856067951,0.5936233198117976,1
38,54.0,11.0,5,1,0.8159498612445382,0.5936233198117976,1
38,55.0,10.0,5,1,0.784494436315797,0.5936233198117976,1
38,56.0,9.0,5,1,0.7849349445649842,0.5936233198117976,1
38,57.0,8.0,5,1,0.8807879017900503,0.5936233198117976,1
38,58.0,7.0,5,1,0.8791695877776222,0.5936233198117976,1
38,59.0,6.0,5,1,0.8560870303821244,0.5936233198117976,1
38,60.0,5.0,5,1,0.9498884113739643,0.5936233198117976,1
38,61.0,4.0,5,1,0.9202819933665715,0.5936233198117976,1
38,62.0,3.0,5,1,0.9629824345069934,0.5936233198117976,1
38,63.0,2.0,5,1,0.9770264989572143,0.5936233198117976,1
38,64.0,1.0,5,1,0.9071177396711865,0.5936233198117976,1
38,65.0,0.0,5,1,0.9900310782687542,0.5936233198117976,1
39,1.0,98.0,2,0,0.0020030076942677004,0.6001168108121387,0
39,2.0,97.0,2,0,0.006221125015218825,0.6001168108121387,0
39,3.0,96.0,2,0,0.006536140589443487,0.6001168108121387,0
39,4.0,95.0,2,0,0.001963477847503996,0.6001168108121387,0
39,5.0,94.0,2,0,0.01453759183784401,0.6001168108121387,0
39,6.0,93.0,2,0,0.005905435981026094,0.6001168108121387,0
39,7.0,92.0,2,0,0.0006944345036824851,0.6001168108121387,0
39,8.0,91.0,2,0,0.0007199535382058404,0.6001168108121387,0
39,9.0,90.0,2,0,0.0023528343024750093,0.6001168108121387,0
39,10.0,89.0,2,0,0.005103947607052145,0.6001168108121387,0
39,11.0,88.0,2,0,0.002684765804312307,0.6001168108121387,0
39,12.0,87.0,2,0,0.005841367490655432,0.6001168108121387,0
39,13.0,86.0,2,0,0.03331767293661713,0.6001168108121387,0
39,14.0,85.0,2,0,0.011832119084424629,0.6001168108121387,0
39,15.0,84.0,2,0,0.0028892727841596942,0.6001168108121387,0
39,16.0,83.0,2,0,0.016048037859756576,0.6001168108121387,0
39,17.0,82.0,2,0,0.02676298724104704,0.6001168108121387,0
39,18.0,81.0,2,0,0.006255912461350672,0.6001168108121387,0
39,19.0,80.0,2,0,0.001027285088017832,0.6001168108121387,0
39,20.0,79.0,2,0,0.006885263088366644,0.6001168108121387,0
39,21.0,78.0,2,0,0.0024617129606291266,0.6001168108121387,0
39,22.0,77.0,2,0,0.007336431202816204,0.6001168108121387,0
39,23.0,76.0,2,0,0.00796042211392947,0.6001168108121387,0
39,24.0,75.0,2,0,0.007631731363979616,0.6001168108121387,0
39,25.0,74.0,2,0,0.023614780574781537,0.6001168108121387,0
39,26.0,73.0,2,0,0.005644977922526222,0.6001168108121387,0
39,27.0,72.0,2,0,0.0051237938827714095,0.6001168108121387,0
39,28.0,71.0,2,0,0.0001966527196652716,0.6001168108121387,0
39,29.0,70.0,2,0,0.002110488323793044,0.6001168108121387,0
39,30.0,69.0,2,0,0.011035796886103306,0.6001168108121387,0
39,31.0,68.0,2,0,0.0024617129606291266,0.6001168108121387,0
39,32.0,67.0,2,0,0.012643157720239283,0.6001168108121387,0
39,33.0,66.0,2,0,0.0034590957023760104,0.6001168108121387,0
39,34.0,65.0,2,0,0.024990447370000245,0.6001168108121387,0
39,35.0,64.0,2,0,0.006449370020493721,0.6001168108121387,0
39,36.0,63.0,2,0,0.015594209671301597,0.6001168108121387,0
39,37.0,62.0,2,0,0.00022443139964602087,0.6001168108121387,0
39,38.0,61.0,2,0,0.016768950733205668,0.6001168108121387,0
39,39.0,60.0,2,0,0.009678565379630322,0.6001168108121387,0
39,40.0,59.0,2,0,0.003768867924528302,0.6001168108121387,0
39,41.0,58.0,2,0,0.002581339676819702,0.6001168108121387,0
39,42.0,57.0,2,0,0.005270750769384906,0.6001168108121387,0
39,43.0,56.0,2,0,0.02461876010126813,0.6001168108121387,0
39,44.0,55.0,2,0,0.009195323449915983,0.6001168108121387,0
39,45.0,54.0,2,0,0.05529693184476182,0.6001168108121387,0
39,46.0,53.0,2,0,0.010715805890689344,0.6001168108121387,0
39,47.0,52.0,2,0,0.0341590273828758,0.6001168108121387,0
39,48.0,51.0,2,0,0.07745746745322059,0.6001168108121387,0
39,49.0,50.0,2,0,0.05420948027627458,0.6001168108121387,0
39,50.0,49.0,2,0,0.028440295391616063,0.6001168108121387,0
39,51.0,48.0,2,0,0.02370265217110822,0.6001168108121387,0
39,52.0,47.0,2,0,0.02917419182064008,0.6001168108121387,0
39,53.0,46.0,2,0,0.04586799823539776,0.6001168108121387,0
39,54.0,45.0,2,0,0.02318605659457129,0.6001168108121387,0
39,55.0,44.0,2,0,0.046589531832930985,0.6001168108121387,0
39,56.0,43.0,2,0,0.06034330850125856,0.6001168108121387,0
39,57.0,42.0,2,0,0.16855044572644906,0.6001168108121387,0
39,58.0,41.0,2,0,0.054685220826762665,0.6001168108121387,0
39,59.0,40.0,2,0,0.18106950746574457,0.6001168108121387,0
39,60.0,39.0,2,0,0.27532756136968334,0.6001168108121387,0
39,61.0,38.0,2,0,0.2841552549152253,0.6001168108121387,0
39,62.0,37.0,2,0,0.11937128543602503,0.6001168108121387,0
39,63.0,36.0,2,0,0.32277574839322104,0.6001168108121387,0
39,64.0,35.0,2,0,0.132531190904394,0.6001168108121387,0
39,65.0,34.0,2,0,0.2498916440736886,0.6001168108121387,0
39,66.0,33.0,2,0,0.3267565562826449,0.6001168108121387,0
39,67.0,32.0,2,0,0.5703969464333387,0.6001168108121387,0
39,68.0,31.0,2,0,0.5990877546395796,0.6001168108121387,0
39,69.0,30.0,2,0,0.40713392947433735,0.6001168108121387,0
39,70.0,29.0,2,0,0.5859145925977759,0.6001168108121387,0
39,71.0,28.0,2,0,0.7262495639663804,0.6001168108121387,1
39,72.0,27.0,2,0,0.34918690634130145,0.6001168108121387,0
39,73.0,26.0,2,0,0.554704029007864,0.6001168108121387,0
39,74.0,25.0,2,0,0.6323778776562249,0.6001168108121387,1
39,75.0,24.0,2,0,0.5686005713120103,0.6001168108121387,0
39,76.0,23.0,2,0,0.6092467815746988,0.6001168108121387,1
39,77.0,22.0,2,0,0.9601522876411948,0.6001168108121387,1
39,78.0,21.0,2,0,0.7005211585786119,0.6001168108121387,1
39,79.0,20.0,2,1,0.9662797314906871,0.6001168108121387,1
39,80.0,19.0,2,1,0.7911144046447215,0.6001168108121387,1
39,81.0,18.0,2,1,0.6691594359346925,0.6001168108121387,1
39,82.0,17.0,2,1,0.7106913530843949,0.6001168108121387,1
39,83.0,16.0,2,1,0.8609521124984745,0.6001168108121387,1
39,84.0,15.0,2,1,0.8404207943719088,0.6001168108121387,1
39,85.0,14.0,2,1,0.7604318416680422,0.6001168108121387,1
39,86.0,13.0,2,1,0.6965206902189194,0.6001168108121387,1
39,87.0,12.0,2,1,0.9529420318719211,0.6001168108121387,1
39,88.0,11.0,2,1,0.9249495534725214,0.6001168108121387,1
39,89.0,10.0,2,1,0.9185827065195776,0.6001168108121387,1
39,90.0,9.0,2,1,0.9233182148755277,0.6001168108121387,1
39,91.0,8.0,2,1,0.9197680348142299,0.6001168108121387,1
39,92.0,7.0,2,1,0.956384057013948,0.6001168108121387,1
39,93.0,6.0,2,1,0.8518760598410078,0.6001168108121387,1
39,94.0,5.0,2,1,0.9569500087229471,0.6001168108121387,1
39,95.0,4.0,2,1,0.9918737111568635,0.6001168108121387,1
39,96.0,3.0,2,1,0.967041151351267,0.6001168108121387,1
39,97.0,2.0,2,1,0.9695269644247416,0.6001168108121387,1
39,98.0,1.0,2,1,0.9758777658003397,0.6001168108121387,1
39,99.0,0.0,2,1,0.9630806901569879,0.6001168108121387,1
40,1.0,99.0,4,0,0.005821584063251173,0.6112844997130881,0
40,2.0,98.0,4,0,0.004186369273329877,0.6112844997130881,0
40,3.0,97.0,4,0,0.016772830095558387,0.6112844997130881,0
40,4.0,96.0,4,0,0.0019718377293932434,0.6112844997130881,0
40,5.0,95.0,4,0,0.011144059655136576,0.6112844997130881,0
40,6.0,94.0,4,0,0.0009336581140868718,0.6112844997130881,0
40,7.0,93.0,4,0,0.0229624147897421,0.6112844997130881,0
40,8.0,92.0,4,0,0.018275583009858862,0.6112844997130881,0
40,9.0,91.0,4,0,0.007045814818085453,0.6112844997130881,0
40,10.0,90.0,4,0,0.0003084161469080462,0.6112844997130881,0
40,11.0,89.0,4,0,0.0023083469639120103,0.6112844997130881,0
40,12.0,88.0,4,0,0.014137247063045581,0.6112844997130881,0
40,13.0,87.0,4,0,0.06628823554504124,0.6112844997130881,0
40,14.0,86.0,4,0,0.0023083469639120103,0.6112844997130881,0
40,15.0,85.0,4,0,0.00012083960807642976,0.6112844997130881,0
40,16.0,84.0,4,0,0.011082231416507342,0.6112844997130881,0
40,17.0,83.0,4,0,0.008550620972134602,0.6112844997130881,0
40,18.0,82.0,4,0,0.012179085541620737,0.6112844997130881,0
40,19.0,81.0,4,0,0.0011260197606144042,0.6112844997130881,0
40,20.0,80.0,4,0,0.00843808978889241,0.6112844997130881,0
40,21.0,79.0,4,0,0.006101630616150293,0.6112844997130881,0
40,22.0,78.0,4,0,0.01892961814809981,0.6112844997130881,0
40,23.0,77.0,4,0,0.012256053024368623,0.6112844997130881,0
40,24.0,76.0,4,0,0.014635947506922981,0.6112844997130881,0
40,25.0,75.0,4,0,0.0005234037742663061,0.6112844997130881,0
40,26.0,74.0,4,0,0.0033322619939698556,0.6112844997130881,0
40,27.0,73.0,4,0,0.011883911872594676,0.6112844997130881,0
40,28.0,72.0,4,0,0.025134875397632844,0.6112844997130881,0
40,29.0,71.0,4,0,0.007938617790484536,0.6112844997130881,0
40,30.0,70.0,4,0,0.008857887659574813,0.6112844997130881,0
40,31.0,69.0,4,0,0.010362517950675693,0.6112844997130881,0
40,32.0,68.0,4,0,0.08134167424377965,0.6112844997130881,0
40,33.0,67.0,4,0,0.006564973452463267,0.6112844997130881,0
40,34.0,66.0,4,0,0.020172883794636588,0.6112844997130881,0
40,35.0,65.0,4,0,0.006250006125466831,0.6112844997130881,0
40,36.0,64.0,4,0,0.008427083503991035,0.6112844997130881,0
40,37.0,63.0,4,0,0.01560325741701407,0.6112844997130881,0
40,38.0,62.0,4,0,0.002386148657266162,0.6112844997130881,0
40,39.0,61.0,4,0,0.014320148435407333,0.6112844997130881,0
40,40.0,60.0,4,0,0.039315712642020925,0.6112844997130881,0
40,41.0,59.0,4,0,0.018523649779200495,0.6112844997130881,0
40,42.0,58.0,4,0,0.021551528210115377,0.6112844997130881,0
40,43.0,57.0,4,0,0.029173422963555504,0.6112844997130881,0
40,44.0,56.0,4,0,0.005930274604619202,0.6112844997130881,0
40,45.0,55.0,4,0,0.03890784259937225,0.6112844997130881,0
40,46.0,54.0,4,0,0.06862209745121167,0.6112844997130881,0
40,47.0,53.0,4,0,0.021637393975335237,0.6112844997130881,0
40,48.0,52.0,4,0,0.02866463449254801,0.6112844997130881,0
40,49.0,51.0,4,0,0.0689131214786295,0.6112844997130881,0
40,50.0,50.0,4,0,0.013169883547460152,0.6112844997130881,0
40,51.0,49.0,4,0,0.10481013109630495,0.6112844997130881,0
40,52.0,48.0,4,0,0.09158340071913156,0.6112844997130881,0
40,53.0,47.0,4,0,0.1187600846832624,0.6112844997130881,0
40,54.0,46.0,4,0,0.06962626732643516,0.6112844997130881,0
40,55.0,45.0,4,0,0.07822910137099567,0.6112844997130881,0
40,56.0,44.0,4,0,0.1144981870290344,0.6112844997130881,0
40,57.0,43.0,4,0,0.05192720271716271,0.6112844997130881,0
40,58.0,42.0,4,0,0.13568828303486588,0.6112844997130881,0
40,59.0,41.0,4,0,0.11717132105779798,0.6112844997130881,0
40,60.0,40.0,4,0,0.19750813812706863,0.6112844997130881,0
40,61.0,39.0,4,0,0.12760647959185095,0.6112844997130881,0
40,62.0,38.0,4,0,0.10823977468693453,0.6112844997130881,0
40,63.0,37.0,4,0,0.1761535246929717,0.6112844997130881,0
40,64.0,36.0,4,0,0.2288603020010747,0.6112844997130881,0
40,65.0,35.0,4,0,0.3985938401727554,0.6112844997130881,0
40,66.0,34.0,4,0,0.3023689243763352,0.6112844997130881,0
40,67.0,33.0,4,0,0.3693302195067778,0.6112844997130881,0
40,68.0,32.0,4,0,0.2494623402208607,0.6112844997130881,0
40,69.0,31.0,4,0,0.2642975659337284,0.6112844997130881,0
40,70.0,30.0,4,0,0.2477460327371642,0.6112844997130881,0
40,71.0,29.0,4,0,0.3770247332981185,0.6112844997130881,0
40,72.0,28.0,4,0,0.4921602505497286,0.6112844997130881,0
40,73.0,27.0,4,0,0.5043193697444494,0.6112844997130881,0
40,74.0,26.0,4,0,0.2675015755236833,0.6112844997130881,0
40,75.0,25.0,4,0,0.4430864677815445,0.6112844997130881,0
40,76.0,24.0,4,0,0.36331818340435024,0.6112844997130881,0
40,77.0,23.0,4,0,0.19024149865612794,0.6112844997130881,0
40,78.0,22.0,4,0,0.5598653147851071,0.6112844997130881,0
40,79.0,21.0,4,0,0.6695366933969886,0.6112844997130881,1
40,80.0,20.0,4,1,0.5615689442221906,0.6112844997130881,0
40,81.0,19.0,4,1,0.5788253345213658,0.6112844997130881,0
40,82.0,18.0,4,1,0.8039496073807821,0.6112844997130881,1
40,83.0,17.0,4,1,0.8120025541509764,0.6112844997130881,1
40,84.0,16.0,4,1,0.834420707013726,0.6112844997130881,1
40,85.0,15.0,4,1,0.8485442884987047,0.6112844997130881,1
40,86.0,14.0,4,1,0.8105116896514059,0.6112844997130881,1
40,87.0,13.0,4,1,0.9082109288046195,0.6112844997130881,1
40,88.0,12.0,4,1,0.7100327609946271,0.6112844997130881,1
40,89.0,11.0,4,1,0.8812222311371267,0.6112844997130881,1
40,90.0,10.0,4,1,0.9324068104286616,0.6112844997130881,1
40,91.0,9.0,4,1,0.9320715252778186,0.6112844997130881,1
40,92.0,8.0,4,1,0.9484712821715516,0.6112844997130881,1
40,93.0,7.0,4,1,0.9619346836580499,0.6112844997130881,1
40,94.0,6.0,4,1,0.9901358530622101,0.6112844997130881,1
40,95.0,5.0,4,1,0.9132772489424087,0.6112844997130881,1
40,96.0,4.0,4,1,0.9734352804124164,0.6112844997130881,1
40,97.0,3.0,4,1,0.9109484386431937,0.6112844997130881,1
40,98.0,2.0,4,1,0.9737957147316175,0.6112844997130881,1
40,99.0,1.0,4,1,0.948184354284399,0.6112844997130881,1
40,100.0,0.0,4,1,0.9660798855844397,0.6112844997130881,1
41,1.0,66.0,4,0,0.01534897134654569,0.6112844997130881,0
41,2.0,65.0,4,0,0.13221390114470224,0.6112844997130881,0
41,3.0,64.0,4,0,0.024842105731255126,0.6112844997130881,0
41,4.0,63.0,4,0,0.021523368647350757,0.6112844997130881,0
41,5.0,62.0,4,0,0.04594422510063592,0.6112844997130881,0
41,6.0,61.0,4,0,0.028587356482232054,0.6112844997130881,0
41,7.0,60.0,4,0,0.029555231266301107,0.6112844997130881,0
41,8.0,59.0,4,0,0.020396196881971407,0.6112844997130881,0
41,9.0,58.0,4,0,0.01073582328589859,0.6112844997130881,0
41,10.0,57.0,4,0,0.03497030784281747,0.6112844997130881,0
41,11.0,56.0,4,0,0.03410636124260097,0.6112844997130881,0
41,12.0,55.0,4,0,0.023317807690687142,0.6112844997130881,0
41,13.0,54.0,4,0,0.04533327092855821,0.6112844997130881,0
41,14.0,53.0,4,0,0.037269065539312536,0.6112844997130881,0
41,15.0,52.0,4,0,0.03605345325902268,0.6112844997130881,0
41,16.0,51.0,4,0,0.04312214707583749,0.6112844997130881,0
41,17.0,50.0,4,0,0.039648049463798914,0.6112844997130881,0
41,18.0,49.0,4,0,0.01658713949914196,0.6112844997130881,0
41,19.0,48.0,4,0,0.01630046717960987,0.6112844997130881,0
41,20.0,47.0,4,0,0.028958654001190506,0.6112844997130881,0
41,21.0,46.0,4,0,0.028942494415964394,0.6112844997130881,0
41,22.0,45.0,4,0,0.02432286207399653,0.6112844997130881,0
41,23.0,44.0,4,0,0.01930578220886151,0.6112844997130881,0
41,24.0,43.0,4,0,0.0628261743699594,0.6112844997130881,0
41,25.0,42.0,4,0,0.021150020745654568,0.6112844997130881,0
41,26.0,41.0,4,0,0.05343830382878228,0.6112844997130881,0
41,27.0,40.0,4,0,0.025195947032186607,0.6112844997130881,0
41,28.0,39.0,4,0,0.04190253099110207,0.6112844997130881,0
41,29.0,38.0,4,0,0.025992369697973132,0.6112844997130881,0
41,30.0,37.0,4,0,0.03270831260331294,0.6112844997130881,0
41,31.0,36.0,4,0,0.03640443422488617,0.6112844997130881,0
41,32.0,35.0,4,0,0.04087274430080837,0.6112844997130881,0
41,33.0,34.0,4,0,0.12233947993981274,0.6112844997130881,0
41,34.0,33.0,4,0,0.06581569893613542,0.6112844997130881,0
41,35.0,32.0,4,0,0.1251642624620327,0.6112844997130881,0
41,36.0,31.0,4,0,0.042555894905662056,0.6112844997130881,0
41,37.0,30.0,4,0,0.03985425555338477,0.6112844997130881,0
41,38.0,29.0,4,0,0.19354219817529164,0.6112844997130881,0
41,39.0,28.0,4,0,0.31325619820280687,0.6112844997130881,0
41,40.0,27.0,4,0,0.2497044955166335,0.6112844997130881,0
41,41.0,26.0,4,0,0.22764841406166264,0.6112844997130881,0
41,42.0,25.0,4,0,0.35212395137325947,0.6112844997130881,0
41,43.0,24.0,4,0,0.2675041332603396,0.6112844997130881,0
41,44.0,23.0,4,0,0.20671224521040596,0.6112844997130881,0
41,45.0,22.0,4,0,0.27702795211626435,0.6112844997130881,0
41,46.0,21.0,4,0,0.23837514739555782,0.6112844997130881,0
41,47.0,20.0,4,1,0.4879324081154466,0.6112844997130881,0
41,48.0,19.0,4,1,0.6791846428308442,0.6112844997130881,1
41,49.0,18.0,4,1,0.5525946648276372,0.6112844997130881,0
41,50.0,17.0,4,1,0.6555335914298538,0.6112844997130881,1
41,51.0,16.0,4,1,0.687888687581159,0.6112844997130881,1
41,52.0,15.0,4,1,0.5786563926715523,0.6112844997130881,0
41,53.0,14.0,4,1,0.706236591862852,0.6112844997130881,1
41,54.0,13.0,4,1,0.7882243375750771,0.6112844997130881,1
41,55.0,12.0,4,1,0.9284515619056638,0.6112844997130881,1
41,56.0,11.0,4,1,0.8679249749768299,0.6112844997130881,1
41,57.0,10.0,4,1,0.7986380080154108,0.6112844997130881,1
41,58.0,9.0,4,1,0.916349461287508,0.6112844997130881,1
41,59.0,8.0,4,1,0.7865659830828996,0.6112844997130881,1
41,60.0,7.0,4,1,0.921159025366976,0.6112844997130881,1
41,61.0,6.0,4,1,0.9183541125035656,0.6112844997130881,1
41,62.0,5.0,4,1,0.9020329305959951,0.6112844997130881,1
41,63.0,4.0,4,1,0.8612160572121538,0.6112844997130881,1
41,64.0,3.0,4,1,0.9508605533746844,0.6112844997130881,1
41,65.0,2.0,4,1,0.8465762009099584,0.6112844997130881,1
41,66.0,1.0,4,1,0.8777617084172284,0.6112844997130881,1
41,67.0,0.0,4,1,0.9183852230716215,0.6112844997130881,1
42,1.0,84.0,2,0,0.028460050711753625,0.6001168108121387,0
42,2.0,83.0,2,0,0.03602684452214628,0.6001168108121387,0
42,3.0,82.0,2,0,0.02287071444846079,0.6001168108121387,0
42,4.0,81.0,2,0,0.03961916151090155,0.6001168108121387,0
42,5.0,80.0,2,0,0.03410855893376576,0.6001168108121387,0
42,6.0,79.0,2,0,0.02813487951247847,0.6001168108121387,0
42,7.0,78.0,2,0,0.013452129414496142,0.6001168108121387,0
42,8.0,77.0,2,0,0.021418355809118803,0.6001168108121387,0
42,9.0,76.0,2,0,0.038847422487813504,0.6001168108121387,0
42,10.0,75.0,2,0,0.024188453119108912,0.6001168108121387,0
42,11.0,74.0,2,0,0.03928508035645062,0.6001168108121387,0
42,12.0,73.0,2,0,0.021250397571143345,0.6001168108121387,0
42,13.0,72.0,2,0,0.03958990337177779,0.6001168108121387,0
42,14.0,71.0,2,0,0.03924594332457661,0.6001168108121387,0
42,15.0,70.0,2,0,0.03389790454318602,0.6001168108121387,0
42,16.0,69.0,2,0,0.09325301095529161,0.6001168108121387,0
42,17.0,68.0,2,0,0.022945370075105435,0.6001168108121387,0
42,18.0,67.0,2,0,0.02193835260494673,0.6001168108121387,0
42,19.0,66.0,2,0,0.052162693277831795,0.6001168108121387,0
42,20.0,65.0,2,0,0.01888229282346085,0.6001168108121387,0
42,21.0,64.0,2,0,0.0008302590172161663,0.6001168108121387,0
42,22.0,63.0,2,0,0.05639886048283357,0.6001168108121387,0
42,23.0,62.0,2,0,0.023907280830480677,0.6001168108121387,0
42,24.0,61.0,2,0,0.02329568951651268,0.6001168108121387,0
42,25.0,60.0,2,0,0.008286840942266071,0.6001168108121387,0
42,26.0,59.0,2,0,0.022951441167458415,0.6001168108121387,0
42,27.0,58.0,2,0,0.01882917501998691,0.6001168108121387,0
42,28.0,57.0,2,0,0.019423602265352627,0.6001168108121387,0
42,29.0,56.0,2,0,0.01842093154797209,0.6001168108121387,0
42,30.0,55.0,2,0,0.03024213115577674,0.6001168108121387,0
42,31.0,54.0,2,0,0.031072154459323747,0.6001168108121387,0
42,32.0,53.0,2,0,0.01562686165639744,0.6001168108121387,0
42,33.0,52.0,2,0,0.04187468111095177,0.6001168108121387,0
42,34.0,51.0,2,0,0.04532622401300965,0.6001168108121387,0
42,35.0,50.0,2,0,0.054253515248501846,0.6001168108121387,0
42,36.0,49.0,2,0,0.026271074038216255,0.6001168108121387,0
42,37.0,48.0,2,0,0.025495996697260225,0.6001168108121387,0
42,38.0,47.0,2,0,0.07167819223156986,0.6001168108121387,0
42,39.0,46.0,2,0,0.14300114878586112,0.6001168108121387,0
42,40.0,45.0,2,0,0.06398583667231773,0.6001168108121387,0
42,41.0,44.0,2,0,0.06071541148258884,0.6001168108121387,0
42,42.0,43.0,2,0,0.2186807336098614,0.6001168108121387,0
42,43.0,42.0,2,0,0.09929814678981473,0.6001168108121387,0
42,44.0,41.0,2,0,0.10001519018198173,0.6001168108121387,0
42,45.0,40.0,2,0,0.08281538334249519,0.6001168108121387,0
42,46.0,39.0,2,0,0.2712294531484865,0.6001168108121387,0
42,47.0,38.0,2,0,0.22902175415699205,0.6001168108121387,0
42,48.0,37.0,2,0,0.24571500390747714,0.6001168108121387,0
42,49.0,36.0,2,0,0.25948070178889154,0.6001168108121387,0
42,50.0,35.0,2,0,0.3213099277004941,0.6001168108121387,0
42,51.0,34.0,2,0,0.32509926121957766,0.6001168108121387,0
42,52.0,33.0,2,0,0.3189836557492161,0.6001168108121387,0
42,53.0,32.0,2,0,0.2649119343434973,0.6001168108121387,0
42,54.0,31.0,2,0,0.25030996991045446,0.6001168108121387,0
42,55.0,30.0,2,0,0.281635747397602,0.6001168108121387,0
42,56.0,29.0,2,0,0.3812761386242864,0.6001168108121387,0
42,57.0,28.0,2,0,0.28936676799794425,0.6001168108121387,0
42,58.0,27.0,2,0,0.6148690450814892,0.6001168108121387,1
42,59.0,26.0,2,0,0.6243976689663319,0.6001168108121387,1
42,60.0,25.0,2,0,0.7968592215622915,0.6001168108121387,1
42,61.0,24.0,2,0,0.636078264282818,0.6001168108121387,1
42,62.0,23.0,2,0,0.5834664963675851,0.6001168108121387,0
42,63.0,22.0,2,0,0.8325601458458568,0.6001168108121387,1
42,64.0,21.0,2,0,0.6901681283778472,0.6001168108121387,1
42,65.0,20.0,2,1,0.6244867506013304,0.6001168108121387,1
42,66.0,19.0,2,1,0.9235202689512497,0.6001168108121387,1
42,67.0,18.0,2,1,0.8271051669224773,0.6001168108121387,1
42,68.0,17.0,2,1,0.8032438840655238,0.6001168108121387,1
42,69.0,16.0,2,1,0.7069174032492843,0.6001168108121387,1
42,70.0,15.0,2,1,0.8439357218764298,0.6001168108121387,1
42,71.0,14.0,2,1,0.862855878818713,0.6001168108121387,1
42,72.0,13.0,2,1,0.8019194530812228,0.6001168108121387,1
42,73.0,12.0,2,1,0.8764668037720182,0.6001168108121387,1
42,74.0,11.0,2,1,0.8346872061796087,0.6001168108121387,1
42,75.0,10.0,2,1,0.886173000880217,0.6001168108121387,1
42,76.0,9.0,2,1,0.7996816691849102,0.6001168108121387,1
42,77.0,8.0,2,1,0.9778996309606377,0.6001168108121387,1
42,78.0,7.0,2,1,0.7810986319724345,0.6001168108121387,1
42,79.0,6.0,2,1,0.8477621887879467,0.6001168108121387,1
42,80.0,5.0,2,1,0.9197229834894209,0.6001168108121387,1
42,81.0,4.0,2,1,0.8777529260272469,0.6001168108121387,1
42,82.0,3.0,2,1,0.8699923060800941,0.6001168108121387,1
42,83.0,2.0,2,1,0.9335511634724526,0.6001168108121387,1
42,84.0,1.0,2,1,0.9341973883989302,0.6001168108121387,1
42,85.0,0.0,2,1,0.8774177835864666,0.6001168108121387,1
43,1.0,90.0,3,0,0.0300587632865165,0.613505769296565,0
43,2.0,89.0,3,0,0.005123473603244694,0.613505769296565,0
43,3.0,88.0,3,0,0.00786900502051939,0.613505769296565,0
43,4.0,87.0,3,0,0.0062093534265810916,0.613505769296565,0
43,5.0,86.0,3,0,0.011924824301799131,0.613505769296565,0
43,6.0,85.0,3,0,0.023286015972767384,0.613505769296565,0
43,7.0,84.0,3,0,0.00305424737686234,0.613505769296565,0
43,8.0,83.0,3,0,0.004839547986110786,0.613505769296565,0
43,9.0,82.0,3,0,0.007650843123413045,0.613505769296565,0
43,10.0,81.0,3,0,0.0025837364466670372,0.613505769296565,0
43,11.0,80.0,3,0,0.010664472174758327,0.613505769296565,0
43,12.0,79.0,3,0,0.010714318355614875,0.613505769296565,0
43,13.0,78.0,3,0,0.009342567999513966,0.613505769296565,0
43,14.0,77.0,3,0,0.005637527139360283,0.613505769296565,0
43,15.0,76.0,3,0,0.004269665376474843,0.613505769296565,0
43,16.0,75.0,3,0,0.0033346826923993642,0.613505769296565,0
43,17.0,74.0,3,0,0.006252643255525826,0.613505769296565,0
43,18.0,73.0,3,0,0.012683160919109444,0.613505769296565,0
43,19.0,72.0,3,0,0.0064574478461548205,0.613505769296565,0
43,20.0,71.0,3,0,0.01571600418539353,0.613505769296565,0
43,21.0,70.0,3,0,0.00538578288244919,0.613505769296565,0
43,22.0,69.0,3,0,0.010718705491105722,0.613505769296565,0
43,23.0,68.0,3,0,0.0061145619957297835,0.613505769296565,0
43,24.0,67.0,3,0,0.005659426643177361,0.613505769296565,0
43,25.0,66.0,3,0,0.002802894229925124,0.613505769296565,0
43,26.0,65.0,3,0,0.010714318355614875,0.613505769296565,0
43,27.0,64.0,3,0,0.017849690841522547,0.613505769296565,0
43,28.0,63.0,3,0,0.008697695096217642,0.613505769296565,0
43,29.0,62.0,3,0,0.0018386766025045354,0.613505769296565,0
43,30.0,61.0,3,0,0.004069712062781197,0.613505769296565,0
43,31.0,60.0,3,0,0.0052668805637148845,0.613505769296565,0
43,32.0,59.0,3,0,0.013600248269995669,0.613505769296565,0
43,33.0,58.0,3,0,0.005042804282427637,0.613505769296565,0
43,34.0,57.0,3,0,0.010052178546083316,0.613505769296565,0
43,35.0,56.0,3,0,0.0027628051418733418,0.613505769296565,0
43,36.0,55.0,3,0,0.0034341604728741143,0.613505769296565,0
43,37.0,54.0,3,0,0.015249840085549738,0.613505769296565,0
43,38.0,53.0,3,0,0.01505635776907849,0.613505769296565,0
43,39.0,52.0,3,0,0.006653916522230237,0.613505769296565,0
43,40.0,51.0,3,0,0.010543214347096838,0.613505769296565,0
43,41.0,50.0,3,0,0.008151304224122274,0.613505769296565,0
43,42.0,49.0,3,0,0.004533562471321482,0.613505769296565,0
43,43.0,48.0,3,0,0.03250167710813625,0.613505769296565,0
43,44.0,47.0,3,0,0.0040053520455868765,0.613505769296565,0
43,45.0,46.0,3,0,0.07427276909137562,0.613505769296565,0
43,46.0,45.0,3,0,0.02280829399377827,0.613505769296565,0
43,47.0,44.0,3,0,0.07535033522965842,0.613505769296565,0
43,48.0,43.0,3,0,0.11795542037442758,0.613505769296565,0
43,49.0,42.0,3,0,0.05154566424648107,0.613505769296565,0
43,50.0,41.0,3,0,0.18109046660176964,0.613505769296565,0
43,51.0,40.0,3,0,0.1474320823223872,0.613505769296565,0
43,52.0,39.0,3,0,0.1699508965688343,0.613505769296565,0
43,53.0,38.0,3,0,0.0939267120371637,0.613505769296565,0
43,54.0,37.0,3,0,0.1533613858112034,0.613505769296565,0
43,55.0,36.0,3,0,0.045679953437806835,0.613505769296565,0
43,56.0,35.0,3,0,0.05979372684885192,0.613505769296565,0
43,57.0,34.0,3,0,0.13161781557437827,0.613505769296565,0
43,58.0,33.0,3,0,0.17184946567928108,0.613505769296565,0
43,59.0,32.0,3,0,0.13011421321231587,0.613505769296565,0
43,60.0,31.0,3,0,0.11798442719361735,0.613505769296565,0
43,61.0,30.0,3,0,0.1082248827129679,0.613505769296565,0
43,62.0,29.0,3,0,0.12271431351185495,0.613505769296565,0
43,63.0,28.0,3,0,0.5073160546673996,0.613505769296565,0
43,64.0,27.0,3,0,0.5530227873604073,0.613505769296565,0
43,65.0,26.0,3,0,0.5191457543109368,0.613505769296565,0
43,66.0,25.0,3,0,0.3425812566299619,0.613505769296565,0
43,67.0,24.0,3,0,0.5218141583160045,0.613505769296565,0
43,68.0,23.0,3,0,0.8197854052005289,0.613505769296565,1
43,69.0,22.0,3,0,0.5853041481810717,0.613505769296565,0
43,70.0,21.0,3,0,0.8252881624466251,0.613505769296565,1
43,71.0,20.0,3,1,0.4850389013531396,0.613505769296565,0
43,72.0,19.0,3,1,0.5838803609196276,0.613505769296565,0
43,73.0,18.0,3,1,0.5633816869598185,0.613505769296565,0
43,74.0,17.0,3,1,0.5487929029880401,0.613505769296565,0
43,75.0,16.0,3,1,0.9186445875496682,0.613505769296565,1
43,76.0,15.0,3,1,0.6316670606019908,0.613505769296565,1
43,77.0,14.0,3,1,0.8959327840801662,0.613505769296565,1
43,78.0,13.0,3,1,0.9343220746634275,0.613505769296565,1
43,79.0,12.0,3,1,0.9457959109919197,0.613505769296565,1
43,80.0,11.0,3,1,0.7727349748237016,0.613505769296565,1
43,81.0,10.0,3,1,0.9593250658580835,0.613505769296565,1
43,82.0,9.0,3,1,0.8837448917565975,0.613505769296565,1
43,83.0,8.0,3,1,0.926751443666855,0.613505769296565,1
43,84.0,7.0,3,1,0.9679198750810144,0.613505769296565,1
43,85.0,6.0,3,1,0.9642902880285168,0.613505769296565,1
43,86.0,5.0,3,1,0.9091764883872628,0.613505769296565,1
43,87.0,4.0,3,1,0.9741677809105255,0.613505769296565,1
43,88.0,3.0,3,1,0.8827180728789226,0.613505769296565,1
43,89.0,2.0,3,1,0.9435753466211856,0.613505769296565,1
43,90.0,1.0,3,1,0.9460652277786191,0.613505769296565,1
43,91.0,0.0,3,1,0.9396249699798314,0.613505769296565,1
44,1.0,68.0,4,0,0.03367695857594387,0.6112844997130881,0
44,2.0,67.0,4,0,0.024568418047670487,0.6112844997130881,0
44,3.0,66.0,4,0,0.031776108357067914,0.6112844997130881,0
44,4.0,65.0,4,0,0.13129407930026804,0.6112844997130881,0
44,5.0,64.0,4,0,0.05605565496427092,0.6112844997130881,0
44,6.0,63.0,4,0,0.021696690428861146,0.6112844997130881,0
44,7.0,62.0,4,0,0.04920397569704958,0.6112844997130881,0
44,8.0,61.0,4,0,0.1415902009509392,0.6112844997130881,0
44,9.0,60.0,4,0,0.056038315984809815,0.6112844997130881,0
44,10.0,59.0,4,0,0.03917888706732877,0.6112844997130881,0
44,11.0,58.0,4,0,0.046275369996535615,0.6112844997130881,0
44,12.0,57.0,4,0,0.05750174816488061,0.6112844997130881,0
44,13.0,56.0,4,0,0.02875636325236898,0.6112844997130881,0
44,14.0,55.0,4,0,0.039430140255159035,0.6112844997130881,0
44,15.0,54.0,4,0,0.03638274881868076,0.6112844997130881,0
44,16.0,53.0,4,0,0.03567385926835928,0.6112844997130881,0
44,17.0,52.0,4,0,0.059925397416153554,0.6112844997130881,0
44,18.0,51.0,4,0,0.04743719973865023,0.6112844997130881,0
44,19.0,50.0,4,0,0.24144949370013183,0.6112844997130881,0
44,20.0,49.0,4,0,0.078120456314628,0.6112844997130881,0
44,21.0,48.0,4,0,0.03814468913194038,0.6112844997130881,0
44,22.0,47.0,4,0,0.04716322300859098,0.6112844997130881,0
44,23.0,46.0,4,0,0.03840913952374657,0.6112844997130881,0
44,24.0,45.0,4,0,0.10300926871269832,0.6112844997130881,0
44,25.0,44.0,4,0,0.058797805981823305,0.6112844997130881,0
44,26.0,43.0,4,0,0.030420206987536644,0.6112844997130881,0
44,27.0,42.0,4,0,0.026218421958086883,0.6112844997130881,0
44,28.0,41.0,4,0,0.026373935821159804,0.6112844997130881,0
44,29.0,40.0,4,0,0.03347238946905773,0.6112844997130881,0
44,30.0,39.0,4,0,0.022578109904019594,0.6112844997130881,0
44,31.0,38.0,4,0,0.10708788846997151,0.6112844997130881,0
44,32.0,37.0,4,0,0.09688735882734052,0.6112844997130881,0
44,33.0,36.0,4,0,0.1365357415460943,0.6112844997130881,0
44,34.0,35.0,4,0,0.131568747754964,0.6112844997130881,0
44,35.0,34.0,4,0,0.15764585539954304,0.6112844997130881,0
44,36.0,33.0,4,0,0.30552796618442124,0.6112844997130881,0
44,37.0,32.0,4,0,0.19787647271803846,0.6112844997130881,0
44,38.0,31.0,4,0,0.26816044040671555,0.6112844997130881,0
44,39.0,30.0,4,0,0.1433361992919404,0.6112844997130881,0
44,40.0,29.0,4,0,0.2771596486150075,0.6112844997130881,0
44,41.0,28.0,4,0,0.22540149668655185,0.6112844997130881,0
44,42.0,27.0,4,0,0.1557947716720314,0.6112844997130881,0
44,43.0,26.0,4,0,0.4298640487720205,0.6112844997130881,0
44,44.0,25.0,4,0,0.42466052413063643,0.6112844997130881,0
44,45.0,24.0,4,0,0.41353055651264803,0.6112844997130881,0
44,46.0,23.0,4,0,0.4701065779159737,0.6112844997130881,0
44,47.0,22.0,4,0,0.36902001780581495,0.6112844997130881,0
44,48.0,21.0,4,0,0.44453871393908617,0.6112844997130881,0
44,49.0,20.0,4,1,0.6297104245160561,0.6112844997130881,1
44,50.0,19.0,4,1,0.8060949751239045,0.6112844997130881,1
44,51.0,18.0,4,1,0.8574435645792706,0.6112844997130881,1
44,52.0,17.0,4,1,0.6474900158959931,0.6112844997130881,1
44,53.0,16.0,4,1,0.6267515135675852,0.6112844997130881,1
44,54.0,15.0,4,1,0.6048110510830009,0.6112844997130881,0
44,55.0,14.0,4,1,0.8104016010025987,0.6112844997130881,1
44,56.0,13.0,4,1,0.8381601586387678,0.6112844997130881,1
44,57.0,12.0,4,1,0.719552703965941,0.6112844997130881,1
44,58.0,11.0,4,1,0.859981671736033,0.6112844997130881,1
44,59.0,10.0,4,1,0.7528391769768297,0.6112844997130881,1
44,60.0,9.0,4,1,0.8164143978975259,0.6112844997130881,1
44,61.0,8.0,4,1,0.8630899092387052,0.6112844997130881,1
44,62.0,7.0,4,1,0.9161377620046348,0.6112844997130881,1
44,63.0,6.0,4,1,0.8751869125829357,0.6112844997130881,1
44,64.0,5.0,4,1,0.9510193554514542,0.6112844997130881,1
44,65.0,4.0,4,1,0.974478526477584,0.6112844997130881,1
44,66.0,3.0,4,1,0.9822546247548612,0.6112844997130881,1
44,67.0,2.0,4,1,0.9284058931655882,0.6112844997130881,1
44,68.0,1.0,4,1,0.9627756162871621,0.6112844997130881,1
44,69.0,0.0,4,1,0.9474824882025416,0.6112844997130881,1
45,1.0,81.0,4,0,0.01153421599661205,0.6112844997130881,0
45,2.0,80.0,4,0,0.00793003961165729,0.6112844997130881,0
45,3.0,79.0,4,0,0.0033695231060734123,0.6112844997130881,0
45,4.0,78.0,4,0,0.0011570122833178575,0.6112844997130881,0
45,5.0,77.0,4,0,0.0012796736310453924,0.6112844997130881,0
45,6.0,76.0,4,0,0.0003084161469080462,0.6112844997130881,0
45,7.0,75.0,4,0,0.008345714543550238,0.6112844997130881,0
45,8.0,74.0,4,0,0.0218023189228792,0.6112844997130881,0
45,9.0,73.0,4,0,0.005322298980426864,0.6112844997130881,0
45,10.0,72.0,4,0,0.0010931593600941663,0.6112844997130881,0
45,11.0,71.0,4,0,0.0012796736310453924,0.6112844997130881,0
45,12.0,70.0,4,0,0.0010931593600941663,0.6112844997130881,0
45,13.0,69.0,4,0,0.005970353722311599,0.6112844997130881,0
45,14.0,68.0,4,0,0.013146877935885619,0.6112844997130881,0
45,15.0,67.0,4,0,0.012700194381372631,0.6112844997130881,0
45,16.0,66.0,4,0,0.010737704355566502,0.6112844997130881,0
45,17.0,65.0,4,0,0.010838965062291475,0.6112844997130881,0
45,18.0,64.0,4,0,0.042922267916970715,0.6112844997130881,0
45,19.0,63.0,4,0,0.007969458304199907,0.6112844997130881,0
45,20.0,62.0,4,0,0.047399488892877574,0.6112844997130881,0
45,21.0,61.0,4,0,0.0326702516347165,0.6112844997130881,0
45,22.0,60.0,4,0,0.01691621437743475,0.6112844997130881,0
45,23.0,59.0,4,0,0.009162213491981964,0.6112844997130881,0
45,24.0,58.0,4,0,0.007668972680418877,0.6112844997130881,0
45,25.0,57.0,4,0,0.0010931593600941663,0.6112844997130881,0
45,26.0,56.0,4,0,0.00612771399448304,0.6112844997130881,0
45,27.0,55.0,4,0,0.017324695167788857,0.6112844997130881,0
45,28.0,54.0,4,0,0.021002923964058375,0.6112844997130881,0
45,29.0,53.0,4,0,0.0003084161469080462,0.6112844997130881,0
45,30.0,52.0,4,0,0.016020944230309173,0.6112844997130881,0
45,31.0,51.0,4,0,0.00048647072909692115,0.6112844997130881,0
45,32.0,50.0,4,0,0.01314075350095973,0.6112844997130881,0
45,33.0,49.0,4,0,0.002387213724511754,0.6112844997130881,0
45,34.0,48.0,4,0,0.004166505637294301,0.6112844997130881,0
45,35.0,47.0,4,0,0.015103294277331876,0.6112844997130881,0
45,36.0,46.0,4,0,0.0008943896070515995,0.6112844997130881,0
45,37.0,45.0,4,0,0.02046801039390008,0.6112844997130881,0
45,38.0,44.0,4,0,0.0263650624721693,0.6112844997130881,0
45,39.0,43.0,4,0,0.0368011243585071,0.6112844997130881,0
45,40.0,42.0,4,0,0.006417958113538749,0.6112844997130881,0
45,41.0,41.0,4,0,0.015953015315534842,0.6112844997130881,0
45,42.0,40.0,4,0,0.015817339243324003,0.6112844997130881,0
45,43.0,39.0,4,0,0.009371986811858274,0.6112844997130881,0
45,44.0,38.0,4,0,0.018541065164594927,0.6112844997130881,0
45,45.0,37.0,4,0,0.03463199913764554,0.6112844997130881,0
45,46.0,36.0,4,0,0.06786037756807205,0.6112844997130881,0
45,47.0,35.0,4,0,0.0427128854840847,0.6112844997130881,0
45,48.0,34.0,4,0,0.1349204843637535,0.6112844997130881,0
45,49.0,33.0,4,0,0.09492280792966837,0.6112844997130881,0
45,50.0,32.0,4,0,0.0132155394357974,0.6112844997130881,0
45,51.0,31.0,4,0,0.06187055439676474,0.6112844997130881,0
45,52.0,30.0,4,0,0.13398155868308362,0.6112844997130881,0
45,53.0,29.0,4,0,0.14302065145039256,0.6112844997130881,0
45,54.0,28.0,4,0,0.14324831770925317,0.6112844997130881,0
45,55.0,27.0,4,0,0.10001647678910762,0.6112844997130881,0
45,56.0,26.0,4,0,0.08351844640508636,0.6112844997130881,0
45,57.0,25.0,4,0,0.18479451343312636,0.6112844997130881,0
45,58.0,24.0,4,0,0.09973465921891718,0.6112844997130881,0
45,59.0,23.0,4,0,0.32345693844013673,0.6112844997130881,0
45,60.0,22.0,4,0,0.14684671127259433,0.6112844997130881,0
45,61.0,21.0,4,0,0.13864628984625843,0.6112844997130881,0
45,62.0,20.0,4,1,0.7398475606180216,0.6112844997130881,1
45,63.0,19.0,4,1,0.5097716780603979,0.6112844997130881,0
45,64.0,18.0,4,1,0.6118916332409824,0.6112844997130881,1
45,65.0,17.0,4,1,0.8703625967021182,0.6112844997130881,1
45,66.0,16.0,4,1,0.7301369635818811,0.6112844997130881,1
45,67.0,15.0,4,1,0.9280374149793634,0.6112844997130881,1
45,68.0,14.0,4,1,0.9152150396645614,0.6112844997130881,1
45,69.0,13.0,4,1,0.6289540303183195,0.6112844997130881,1
45,70.0,12.0,4,1,0.6353572498252762,0.6112844997130881,1
45,71.0,11.0,4,1,0.8751786328642586,0.6112844997130881,1
45,72.0,10.0,4,1,0.9247238149381171,0.6112844997130881,1
45,73.0,9.0,4,1,0.852355500783778,0.6112844997130881,1
45,74.0,8.0,4,1,0.8737728189892778,0.6112844997130881,1
45,75.0,7.0,4,1,0.9792201918572377,0.6112844997130881,1
45,76.0,6.0,4,1,0.9499450375511943,0.6112844997130881,1
45,77.0,5.0,4,1,0.968641470648883,0.6112844997130881,1
45,78.0,4.0,4,1,0.8093891719640455,0.6112844997130881,1
45,79.0,3.0,4,1,0.820576717538768,0.6112844997130881,1
45,80.0,2.0,4,1,0.9818807997472053,0.6112844997130881,1
45,81.0,1.0,4,1,0.9846045185642924,0.6112844997130881,1
45,82.0,0.0,4,1,0.9738253205991168,0.6112844997130881,1
46,1.0,77.0,3,0,0.03879413848348565,0.613505769296565,0
46,2.0,76.0,3,0,0.021958191077052033,0.613505769296565,0
46,3.0,75.0,3,0,0.030212254614017508,0.613505769296565,0
46,4.0,74.0,3,0,0.046298300487319644,0.613505769296565,0
46,5.0,73.0,3,0,0.02229799055719314,0.613505769296565,0
46,6.0,72.0,3,0,0.02870910270725954,0.613505769296565,0
46,7.0,71.0,3,0,0.027167529542743887,0.613505769296565,0
46,8.0,70.0,3,0,0.036732133073063215,0.613505769296565,0
46,9.0,69.0,3,0,0.026131220206916467,0.613505769296565,0
46,10.0,68.0,3,0,0.02905160580370234,0.613505769296565,0
46,11.0,67.0,3,0,0.03361966993777123,0.613505769296565,0
46,12.0,66.0,3,0,0.04666604413464853,0.613505769296565,0
46,13.0,65.0,3,0,0.03600538250716242,0.613505769296565,0
46,14.0,64.0,3,0,0.01760504785543146,0.613505769296565,0
46,15.0,63.0,3,0,0.04114652939550931,0.613505769296565,0
46,16.0,62.0,3,0,0.0183889019460848,0.613505769296565,0
46,17.0,61.0,3,0,0.0409338702652139,0.613505769296565,0
46,18.0,60.0,3,0,0.022322444189970484,0.613505769296565,0
46,19.0,59.0,3,0,0.02446456559830184,0.613505769296565,0
46,20.0,58.0,3,0,0.08754600654168157,0.613505769296565,0
46,21.0,57.0,3,0,0.01373839196985943,0.613505769296565,0
46,22.0,56.0,3,0,0.0245329183773012,0.613505769296565,0
46,23.0,55.0,3,0,0.025757174992856288,0.613505769296565,0
46,24.0,54.0,3,0,0.030921512171761884,0.613505769296565,0
46,25.0,53.0,3,0,0.019044340730192642,0.613505769296565,0
46,26.0,52.0,3,0,0.03156468573720244,0.613505769296565,0
46,27.0,51.0,3,0,0.03990136147128762,0.613505769296565,0
46,28.0,50.0,3,0,0.02830033721895938,0.613505769296565,0
46,29.0,49.0,3,0,0.03736213544573529,0.613505769296565,0
46,30.0,48.0,3,0,0.0420505580040137,0.613505769296565,0
46,31.0,47.0,3,0,0.026191531051190275,0.613505769296565,0
46,32.0,46.0,3,0,0.026318968843032736,0.613505769296565,0
46,33.0,45.0,3,0,0.03737163363414775,0.613505769296565,0
46,34.0,44.0,3,0,0.08289230707563854,0.613505769296565,0
46,35.0,43.0,3,0,0.04543119661493386,0.613505769296565,0
46,36.0,42.0,3,0,0.04077507052593593,0.613505769296565,0
46,37.0,41.0,3,0,0.06953529350260379,0.613505769296565,0
46,38.0,40.0,3,0,0.021493068915007924,0.613505769296565,0
46,39.0,39.0,3,0,0.11676098017796134,0.613505769296565,0
46,40.0,38.0,3,0,0.14533594799567812,0.613505769296565,0
46,41.0,37.0,3,0,0.04010819903104172,0.613505769296565,0
46,42.0,36.0,3,0,0.18568173157663942,0.613505769296565,0
46,43.0,35.0,3,0,0.12158544942240278,0.613505769296565,0
46,44.0,34.0,3,0,0.2188059611602427,0.613505769296565,0
46,45.0,33.0,3,0,0.3473489565820528,0.613505769296565,0
46,46.0,32.0,3,0,0.23147145914406786,0.613505769296565,0
46,47.0,31.0,3,0,0.4699970493145241,0.613505769296565,0
46,48.0,30.0,3,0,0.5836152263218551,0.613505769296565,0
46,49.0,29.0,3,0,0.29543441696851,0.613505769296565,0
46,50.0,28.0,3,0,0.35622631177519065,0.613505769296565,0
46,51.0,27.0,3,0,0.5757993974800898,0.613505769296565,0
46,52.0,26.0,3,0,0.5984171634630246,0.613505769296565,0
46,53.0,25.0,3,0,0.5490726840726216,0.613505769296565,0
46,54.0,24.0,3,0,0.52624293497746,0.613505769296565,0
46,55.0,23.0,3,0,0.5219012412171781,0.613505769296565,0
46,56.0,22.0,3,0,0.5418013443980536,0.613505769296565,0
46,57.0,21.0,3,0,0.5091932208436808,0.613505769296565,0
46,58.0,20.0,3,1,0.5692206189262595,0.613505769296565,0
46,59.0,19.0,3,1,0.5933796019974155,0.613505769296565,0
46,60.0,18.0,3,1,0.7775253679408606,0.613505769296565,1
46,61.0,17.0,3,1,0.7862885276474962,0.613505769296565,1
46,62.0,16.0,3,1,0.7384766599772012,0.613505769296565,1
46,63.0,15.0,3,1,0.853537496866038,0.613505769296565,1
46,64.0,14.0,3,1,0.8419679119242109,0.613505769296565,1
46,65.0,13.0,3,1,0.9147671158924592,0.613505769296565,1
46,66.0,12.0,3,1,0.8976438336273999,0.613505769296565,1
46,67.0,11.0,3,1,0.966196889532445,0.613505769296565,1
46,68.0,10.0,3,1,0.9685635663081027,0.613505769296565,1
46,69.0,9.0,3,1,0.7809754986605788,0.613505769296565,1
46,70.0,8.0,3,1,0.9218316943068364,0.613505769296565,1
46,71.0,7.0,3,1,0.9579807398700518,0.613505769296565,1
46,72.0,6.0,3,1,0.8922765763315259,0.613505769296565,1
46,73.0,5.0,3,1,0.9788945897007141,0.613505769296565,1
46,74.0,4.0,3,1,0.8985889572409326,0.613505769296565,1
46,75.0,3.0,3,1,0.9757136901268476,0.613505769296565,1
46,76.0,2.0,3,1,0.9763727531648152,0.613505769296565,1
46,77.0,1.0,3,1,0.9594095365907644,0.613505769296565,1
46,78.0,0.0,3,1,0.9719994490076861,0.613505769296565,1
47,1.0,77.0,2,0,0.04372310443857825,0.6001168108121387,0
47,2.0,76.0,2,0,0.03368177852172109,0.6001168108121387,0
47,3.0,75.0,2,0,0.04139559047503909,0.6001168108121387,0
47,4.0,74.0,2,0,0.030342148220456642,0.6001168108121387,0
47,5.0,73.0,2,0,0.01987967720170623,0.6001168108121387,0
47,6.0,72.0,2,0,0.057137282902089616,0.6001168108121387,0
47,7.0,71.0,2,0,0.049282501116089686,0.6001168108121387,0
47,8.0,70.0,2,0,0.040492367074003485,0.6001168108121387,0
47,9.0,69.0,2,0,0.020658090590798695,0.6001168108121387,0
47,10.0,68.0,2,0,0.06116569308463643,0.6001168108121387,0
47,11.0,67.0,2,0,0.026065562149489484,0.6001168108121387,0
47,12.0,66.0,2,0,0.06009222299811909,0.6001168108121387,0
47,13.0,65.0,2,0,0.02188286966710714,0.6001168108121387,0
47,14.0,64.0,2,0,0.04811400619793021,0.6001168108121387,0
47,15.0,63.0,2,0,0.09000522769337557,0.6001168108121387,0
47,16.0,62.0,2,0,0.053478592987274136,0.6001168108121387,0
47,17.0,61.0,2,0,0.05774331988543427,0.6001168108121387,0
47,18.0,60.0,2,0,0.037527201173703666,0.6001168108121387,0
47,19.0,59.0,2,0,0.023685259956881054,0.6001168108121387,0
47,20.0,58.0,2,0,0.0467919726667915,0.6001168108121387,0
47,21.0,57.0,2,0,0.10124718681376138,0.6001168108121387,0
47,22.0,56.0,2,0,0.02833062239045334,0.6001168108121387,0
47,23.0,55.0,2,0,0.026814367029624017,0.6001168108121387,0
47,24.0,54.0,2,0,0.047112923494002486,0.6001168108121387,0
47,25.0,53.0,2,0,0.04992465560044766,0.6001168108121387,0
47,26.0,52.0,2,0,0.02515498117121008,0.6001168108121387,0
47,27.0,51.0,2,0,0.020666722618532533,0.6001168108121387,0
47,28.0,50.0,2,0,0.02723947590744804,0.6001168108121387,0
47,29.0,49.0,2,0,0.05269737143977944,0.6001168108121387,0
47,30.0,48.0,2,0,0.051621548347748764,0.6001168108121387,0
47,31.0,47.0,2,0,0.04866714564275791,0.6001168108121387,0
47,32.0,46.0,2,0,0.06529324541047626,0.6001168108121387,0
47,33.0,45.0,2,0,0.07231321890291939,0.6001168108121387,0
47,34.0,44.0,2,0,0.034280762282110744,0.6001168108121387,0
47,35.0,43.0,2,0,0.11146754999170945,0.6001168108121387,0
47,36.0,42.0,2,0,0.08296018066865554,0.6001168108121387,0
47,37.0,41.0,2,0,0.0932024071810809,0.6001168108121387,0
47,38.0,40.0,2,0,0.2533352568718976,0.6001168108121387,0
47,39.0,39.0,2,0,0.15189020552456137,0.6001168108121387,0
47,40.0,38.0,2,0,0.1903720329444657,0.6001168108121387,0
47,41.0,37.0,2,0,0.24025924657566763,0.6001168108121387,0
47,42.0,36.0,2,0,0.30382531543245317,0.6001168108121387,0
47,43.0,35.0,2,0,0.398751427404773,0.6001168108121387,0
47,44.0,34.0,2,0,0.21055304917341977,0.6001168108121387,0
47,45.0,33.0,2,0,0.30240470703077127,0.6001168108121387,0
47,46.0,32.0,2,0,0.31977365332027335,0.6001168108121387,0
47,47.0,31.0,2,0,0.23391980801191373,0.6001168108121387,0
47,48.0,30.0,2,0,0.3158908185479034,0.6001168108121387,0
47,49.0,29.0,2,0,0.3227280161611995,0.6001168108121387,0
47,50.0,28.0,2,0,0.2249415592555688,0.6001168108121387,0
47,51.0,27.0,2,0,0.5264714821569485,0.6001168108121387,0
47,52.0,26.0,2,0,0.5357255749042561,0.6001168108121387,0
47,53.0,25.0,2,0,0.3853433609553911,0.6001168108121387,0
47,54.0,24.0,2,0,0.3035012198866543,0.6001168108121387,0
47,55.0,23.0,2,0,0.4397393564037044,0.6001168108121387,0
47,56.0,22.0,2,0,0.36365252532639586,0.6001168108121387,0
47,57.0,21.0,2,0,0.43506053508129394,0.6001168108121387,0
47,58.0,20.0,2,1,0.5955654274772992,0.6001168108121387,0
47,59.0,19.0,2,1,0.4291283148494833,0.6001168108121387,0
47,60.0,18.0,2,1,0.6880215794287068,0.6001168108121387,1
47,61.0,17.0,2,1,0.6360781725815617,0.6001168108121387,1
47,62.0,16.0,2,1,0.8534688418286739,0.6001168108121387,1
47,63.0,15.0,2,1,0.8759001653341263,0.6001168108121387,1
47,64.0,14.0,2,1,0.8523746144980904,0.6001168108121387,1
47,65.0,13.0,2,1,0.8441194587688072,0.6001168108121387,1
47,66.0,12.0,2,1,0.9032639306476006,0.6001168108121387,1
47,67.0,11.0,2,1,0.8170357341620306,0.6001168108121387,1
47,68.0,10.0,2,1,0.8292906165331276,0.6001168108121387,1
47,69.0,9.0,2,1,0.8616846459720442,0.6001168108121387,1
47,70.0,8.0,2,1,0.8619943710799653,0.6001168108121387,1
47,71.0,7.0,2,1,0.9276318985432426,0.6001168108121387,1
47,72.0,6.0,2,1,0.929394984606177,0.6001168108121387,1
47,73.0,5.0,2,1,0.9634377376764965,0.6001168108121387,1
47,74.0,4.0,2,1,0.9485223668617843,0.6001168108121387,1
47,75.0,3.0,2,1,0.9672982393376607,0.6001168108121387,1
47,76.0,2.0,2,1,0.895185477127682,0.6001168108121387,1
47,77.0,1.0,2,1,0.967939032240319,0.6001168108121387,1
47,78.0,0.0,2,1,0.9648125873596328,0.6001168108121387,1
48,1.0,64.0,3,0,0.028572602832653796,0.613505769296565,0
48,2.0,63.0,3,0,0.026319906173210908,0.613505769296565,0
48,3.0,62.0,3,0,0.04638686402530204,0.613505769296565,0
48,4.0,61.0,3,0,0.04221163207837783,0.613505769296565,0
48,5.0,60.0,3,0,0.023056429670821707,0.613505769296565,0
48,6.0,59.0,3,0,0.05461740278368145,0.613505769296565,0
48,7.0,58.0,3,0,0.03604881413217855,0.613505769296565,0
48,8.0,57.0,3,0,0.015289644911720785,0.613505769296565,0
48,9.0,56.0,3,0,0.02193287941582164,0.613505769296565,0
48,10.0,55.0,3,0,0.00267205850191667,0.613505769296565,0
48,11.0,54.0,3,0,0.039377032026682184,0.613505769296565,0
48,12.0,53.0,3,0,0.016423249648869917,0.613505769296565,0
48,13.0,52.0,3,0,0.028297457232652493,0.613505769296565,0
48,14.0,51.0,3,0,0.025192899202430456,0.613505769296565,0
48,15.0,50.0,3,0,0.051950821649447025,0.613505769296565,0
48,16.0,49.0,3,0,0.016964775842878903,0.613505769296565,0
48,17.0,48.0,3,0,0.03268410322934331,0.613505769296565,0
48,18.0,47.0,3,0,0.023820185219669877,0.613505769296565,0
48,19.0,46.0,3,0,0.04676371437876749,0.613505769296565,0
48,20.0,45.0,3,0,0.024642632348946987,0.613505769296565,0
48,21.0,44.0,3,0,0.015535991539578622,0.613505769296565,0
48,22.0,43.0,3,0,0.03458107533717032,0.613505769296565,0
48,23.0,42.0,3,0,0.05941325923203021,0.613505769296565,0
48,24.0,41.0,3,0,0.03359001472459425,0.613505769296565,0
48,25.0,40.0,3,0,0.06935735221827115,0.613505769296565,0
48,26.0,39.0,3,0,0.01671695077675047,0.613505769296565,0
48,27.0,38.0,3,0,0.04435629235367635,0.613505769296565,0
48,28.0,37.0,3,0,0.02183771933692428,0.613505769296565,0
48,29.0,36.0,3,0,0.029783287732163707,0.613505769296565,0
48,30.0,35.0,3,0,0.009540610493316703,0.613505769296565,0
48,31.0,34.0,3,0,0.05081543296346038,0.613505769296565,0
48,32.0,33.0,3,0,0.03379987496141918,0.613505769296565,0
48,33.0,32.0,3,0,0.040421005805433674,0.613505769296565,0
48,34.0,31.0,3,0,0.04427541178100592,0.613505769296565,0
48,35.0,30.0,3,0,0.036723545241618326,0.613505769296565,0
48,36.0,29.0,3,0,0.09121508638770087,0.613505769296565,0
48,37.0,28.0,3,0,0.06810249970683574,0.613505769296565,0
48,38.0,27.0,3,0,0.13595025959533621,0.613505769296565,0
48,39.0,26.0,3,0,0.18601768046454373,0.613505769296565,0
48,40.0,25.0,3,0,0.12269212667062611,0.613505769296565,0
48,41.0,24.0,3,0,0.07462690132506634,0.613505769296565,0
48,42.0,23.0,3,0,0.2449235790911367,0.613505769296565,0
48,43.0,22.0,3,0,0.05648199520391551,0.613505769296565,0
48,44.0,21.0,3,0,0.17545440600191892,0.613505769296565,0
48,45.0,20.0,3,1,0.6067931235365988,0.613505769296565,0
48,46.0,19.0,3,1,0.5352612984572901,0.613505769296565,0
48,47.0,18.0,3,1,0.58617708774378,0.613505769296565,0
48,48.0,17.0,3,1,0.5189134476363351,0.613505769296565,0
48,49.0,16.0,3,1,0.6310286143190587,0.613505769296565,1
48,50.0,15.0,3,1,0.734435219250736,0.613505769296565,1
48,51.0,14.0,3,1,0.6168211200769718,0.613505769296565,1
48,52.0,13.0,3,1,0.7432047596575452,0.613505769296565,1
48,53.0,12.0,3,1,0.7894013031719105,0.613505769296565,1
48,54.0,11.0,3,1,0.7767413423724356,0.613505769296565,1
48,55.0,10.0,3,1,0.8379694393246326,0.613505769296565,1
48,56.0,9.0,3,1,0.8798772449063531,0.613505769296565,1
48,57.0,8.0,3,1,0.8972910599084823,0.613505769296565,1
48,58.0,7.0,3,1,0.8947038042799839,0.613505769296565,1
48,59.0,6.0,3,1,0.8541729304000861,0.613505769296565,1
48,60.0,5.0,3,1,0.9665565528395113,0.613505769296565,1
48,61.0,4.0,3,1,0.9034752417930635,0.613505769296565,1
48,62.0,3.0,3,1,0.9627833481345298,0.613505769296565,1
48,63.0,2.0,3,1,0.9793164274267868,0.613505769296565,1
48,64.0,1.0,3,1,0.8886729099002452,0.613505769296565,1
48,65.0,0.0,3,1,0.9819584284808042,0.613505769296565,1
49,1.0,86.0,5,0,0.01090873904187144,0.5936233198117976,0
49,2.0,85.0,5,0,0.006759094808111318,0.5936233198117976,0
49,3.0,84.0,5,0,0.0030121709438485143,0.5936233198117976,0
49,4.0,83.0,5,0,0.0059595920108467,0.5936233198117976,0
49,5.0,82.0,5,0,0.012256753655746123,0.5936233198117976,0
49,6.0,81.0,5,0,0.010772196951766016,0.5936233198117976,0
49,7.0,80.0,5,0,0.0009998175509029613,0.5936233198117976,0
49,8.0,79.0,5,0,0.0010720817658658867,0.5936233198117976,0
49,9.0,78.0,5,0,0.009935573070411569,0.5936233198117976,0
49,10.0,77.0,5,0,0.0048541562731858395,0.5936233198117976,0
49,11.0,76.0,5,0,0.0019222472587174546,0.5936233198117976,0
49,12.0,75.0,5,0,0.005286017039402482,0.5936233198117976,0
49,13.0,74.0,5,0,0.011293291073930272,0.5936233198117976,0
49,14.0,73.0,5,0,0.019656129278990114,0.5936233198117976,0
49,15.0,72.0,5,0,0.005379595934375104,0.5936233198117976,0
49,16.0,71.0,5,0,0.025352401706679916,0.5936233198117976,0
49,17.0,70.0,5,0,3.052939265995453e-05,0.5936233198117976,0
49,18.0,69.0,5,0,0.014090115826509906,0.5936233198117976,0
49,19.0,68.0,5,0,0.002372080324625589,0.5936233198117976,0
49,20.0,67.0,5,0,0.008462787799257996,0.5936233198117976,0
49,21.0,66.0,5,0,0.00012704854246999662,0.5936233198117976,0
49,22.0,65.0,5,0,0.007099644532222735,0.5936233198117976,0
49,23.0,64.0,5,0,0.0003511248237572433,0.5936233198117976,0
49,24.0,63.0,5,0,0.009554400690972787,0.5936233198117976,0
49,25.0,62.0,5,0,0.0022955896336238095,0.5936233198117976,0
49,26.0,61.0,5,0,0.011480357188227434,0.5936233198117976,0
49,27.0,60.0,5,0,0.01603160799534555,0.5936233198117976,0
49,28.0,59.0,5,0,0.00016156295407271365,0.5936233198117976,0
49,29.0,58.0,5,0,0.005686565498069545,0.5936233198117976,0
49,30.0,57.0,5,0,0.015303019052316359,0.5936233198117976,0
49,31.0,56.0,5,0,0.0003511248237572433,0.5936233198117976,0
49,32.0,55.0,5,0,0.009074654740855675,0.5936233198117976,0
49,33.0,54.0,5,0,0.00011073031702087322,0.5936233198117976,0
49,34.0,53.0,5,0,0.027857243084335494,0.5936233198117976,0
49,35.0,52.0,5,0,0.005486489091943941,0.5936233198117976,0
49,36.0,51.0,5,0,0.025885371282143094,0.5936233198117976,0
49,37.0,50.0,5,0,0.0011933975153076818,0.5936233198117976,0
49,38.0,49.0,5,0,0.033327166758847525,0.5936233198117976,0
49,39.0,48.0,5,0,0.0010825443384371344,0.5936233198117976,0
49,40.0,47.0,5,0,0.002426623195036569,0.5936233198117976,0
49,41.0,46.0,5,0,0.0018288259415507695,0.5936233198117976,0
49,42.0,45.0,5,0,0.004788786878155242,0.5936233198117976,0
49,43.0,44.0,5,0,0.01204584103506157,0.5936233198117976,0
49,44.0,43.0,5,0,0.017961974175796713,0.5936233198117976,0
49,45.0,42.0,5,0,0.05914009217339372,0.5936233198117976,0
49,46.0,41.0,5,0,0.019121505803933143,0.5936233198117976,0
49,47.0,40.0,5,0,0.06490779122553277,0.5936233198117976,0
49,48.0,39.0,5,0,0.1415823853702375,0.5936233198117976,0
49,49.0,38.0,5,0,0.0812110309010723,0.5936233198117976,0
49,50.0,37.0,5,0,0.028322190542995795,0.5936233198117976,0
49,51.0,36.0,5,0,0.02659681152774734,0.5936233198117976,0
49,52.0,35.0,5,0,0.04800978774516546,0.5936233198117976,0
49,53.0,34.0,5,0,0.04143075273358542,0.5936233198117976,0
49,54.0,33.0,5,0,0.03253789905234921,0.5936233198117976,0
49,55.0,32.0,5,0,0.04065123053860033,0.5936233198117976,0
49,56.0,31.0,5,0,0.05642459799619937,0.5936233198117976,0
49,57.0,30.0,5,0,0.0874789289552864,0.5936233198117976,0
49,58.0,29.0,5,0,0.08904910859980014,0.5936233198117976,0
49,59.0,28.0,5,0,0.18665455171239456,0.5936233198117976,0
49,60.0,27.0,5,0,0.269232309807795,0.5936233198117976,0
49,61.0,26.0,5,0,0.2667766045171463,0.5936233198117976,0
49,62.0,25.0,5,0,0.1948746786759183,0.5936233198117976,0
49,63.0,24.0,5,0,0.2947073014564035,0.5936233198117976,0
49,64.0,23.0,5,0,0.17902425894681678,0.5936233198117976,0
49,65.0,22.0,5,0,0.15563271629536832,0.5936233198117976,0
49,66.0,21.0,5,0,0.3940060114627241,0.5936233198117976,0
49,67.0,20.0,5,1,0.44738530126086384,0.5936233198117976,0
49,68.0,19.0,5,1,0.4054467335179257,0.5936233198117976,0
49,69.0,18.0,5,1,0.5354818398185075,0.5936233198117976,0
49,70.0,17.0,5,1,0.5163241770375967,0.5936233198117976,0
49,71.0,16.0,5,1,0.6413880328990071,0.5936233198117976,1
49,72.0,15.0,5,1,0.5168930043362082,0.5936233198117976,0
49,73.0,14.0,5,1,0.6958268457499829,0.5936233198117976,1
49,74.0,13.0,5,1,0.4312467009181815,0.5936233198117976,0
49,75.0,12.0,5,1,0.5781385420682271,0.5936233198117976,0
49,76.0,11.0,5,1,0.7075491420629478,0.5936233198117976,1
49,77.0,10.0,5,1,0.8673027276104748,0.5936233198117976,1
49,78.0,9.0,5,1,0.688416719807256,0.5936233198117976,1
49,79.0,8.0,5,1,0.9569149823941714,0.5936233198117976,1
49,80.0,7.0,5,1,0.8834940722486444,0.5936233198117976,1
49,81.0,6.0,5,1,0.855996757724233,0.5936233198117976,1
49,82.0,5.0,5,1,0.9373508275034399,0.5936233198117976,1
49,83.0,4.0,5,1,0.9139838971140957,0.5936233198117976,1
49,84.0,3.0,5,1,0.9382840817224816,0.5936233198117976,1
49,85.0,2.0,5,1,0.9466433272080262,0.5936233198117976,1
49,86.0,1.0,5,1,0.9019996355440786,0.5936233198117976,1
49,87.0,0.0,5,1,0.9676057212033581,0.5936233198117976,1
50,1.0,98.0,1,0,0.006975372767988689,0.6061926394381595,0
50,2.0,97.0,1,0,0.009227832837886547,0.6061926394381595,0
50,3.0,96.0,1,0,0.011043033176067306,0.6061926394381595,0
50,4.0,95.0,1,0,0.006333141519136833,0.6061926394381595,0
50,5.0,94.0,1,0,0.039065272221610374,0.6061926394381595,0
50,6.0,93.0,1,0,0.006404807766804147,0.6061926394381595,0
50,7.0,92.0,1,0,0.009702762011103858,0.6061926394381595,0
50,8.0,91.0,1,0,0.02659339968326664,0.6061926394381595,0
50,9.0,90.0,1,0,0.014996908710458385,0.6061926394381595,0
50,10.0,89.0,1,0,0.0018485990062718947,0.6061926394381595,0
50,11.0,88.0,1,0,0.0032206334201069515,0.6061926394381595,0
50,12.0,87.0,1,0,0.006562644758267758,0.6061926394381595,0
50,13.0,86.0,1,0,0.053153598125469395,0.6061926394381595,0
50,14.0,85.0,1,0,0.007005515148721514,0.6061926394381595,0
50,15.0,84.0,1,0,0.0015795897948974486,0.6061926394381595,0
50,16.0,83.0,1,0,0.019526531433166745,0.6061926394381595,0
50,17.0,82.0,1,0,0.0017208696913842655,0.6061926394381595,0
50,18.0,81.0,1,0,0.009246571050649948,0.6061926394381595,0
50,19.0,80.0,1,0,0.0024330030604091347,0.6061926394381595,0
50,20.0,79.0,1,0,0.015686982044417944,0.6061926394381595,0
50,21.0,78.0,1,0,0.004099165318086496,0.6061926394381595,0
50,22.0,77.0,1,0,0.009100593710681245,0.6061926394381595,0
50,23.0,76.0,1,0,0.004866150002539488,0.6061926394381595,0
50,24.0,75.0,1,0,0.0016815074438657478,0.6061926394381595,0
50,25.0,74.0,1,0,0.0023574256298251003,0.6061926394381595,0
50,26.0,73.0,1,0,0.024928868210913054,0.6061926394381595,0
50,27.0,72.0,1,0,0.011695076948065576,0.6061926394381595,0
50,28.0,71.0,1,0,0.010221878834634688,0.6061926394381595,0
50,29.0,70.0,1,0,0.009901667906228602,0.6061926394381595,0
50,30.0,69.0,1,0,0.008870741393389153,0.6061926394381595,0
50,31.0,68.0,1,0,0.0076955846365761565,0.6061926394381595,0
50,32.0,67.0,1,0,0.09216650137117732,0.6061926394381595,0
50,33.0,66.0,1,0,0.01716182244233266,0.6061926394381595,0
50,34.0,65.0,1,0,0.011230386448691313,0.6061926394381595,0
50,35.0,64.0,1,0,0.002376102305619282,0.6061926394381595,0
50,36.0,63.0,1,0,0.0062902282640690515,0.6061926394381595,0
50,37.0,62.0,1,0,0.007005515148721514,0.6061926394381595,0
50,38.0,61.0,1,0,0.00612527322770192,0.6061926394381595,0
50,39.0,60.0,1,0,0.009849311471055716,0.6061926394381595,0
50,40.0,59.0,1,0,0.04447606486123151,0.6061926394381595,0
50,41.0,58.0,1,0,0.013872446698407533,0.6061926394381595,0
50,42.0,57.0,1,0,0.01582872912898488,0.6061926394381595,0
50,43.0,56.0,1,0,0.050397976918055865,0.6061926394381595,0
50,44.0,55.0,1,0,0.005009717421424322,0.6061926394381595,0
50,45.0,54.0,1,0,0.038840685570466674,0.6061926394381595,0
50,46.0,53.0,1,0,0.03615567448074208,0.6061926394381595,0
50,47.0,52.0,1,0,0.017650699718257164,0.6061926394381595,0
50,48.0,51.0,1,0,0.03688149025110924,0.6061926394381595,0
50,49.0,50.0,1,0,0.1013296194091062,0.6061926394381595,0
50,50.0,49.0,1,0,0.02772261697691165,0.6061926394381595,0
50,51.0,48.0,1,0,0.12603765927848265,0.6061926394381595,0
50,52.0,47.0,1,0,0.14181658201890587,0.6061926394381595,0
50,53.0,46.0,1,0,0.13373165730040615,0.6061926394381595,0
50,54.0,45.0,1,0,0.13012482260254538,0.6061926394381595,0
50,55.0,44.0,1,0,0.10768205519674505,0.6061926394381595,0
50,56.0,43.0,1,0,0.1805348426876565,0.6061926394381595,0
50,57.0,42.0,1,0,0.07351021222539957,0.6061926394381595,0
50,58.0,41.0,1,0,0.09431677433243306,0.6061926394381595,0
50,59.0,40.0,1,0,0.10180250743024069,0.6061926394381595,0
50,60.0,39.0,1,0,0.2707920387786377,0.6061926394381595,0
50,61.0,38.0,1,0,0.1976558151107436,0.6061926394381595,0
50,62.0,37.0,1,0,0.17244848456182665,0.6061926394381595,0
50,63.0,36.0,1,0,0.273286815492061,0.6061926394381595,0
50,64.0,35.0,1,0,0.3411126117230703,0.6061926394381595,0
50,65.0,34.0,1,0,0.26886850974796833,0.6061926394381595,0
50,66.0,33.0,1,0,0.32692817625449466,0.6061926394381595,0
50,67.0,32.0,1,0,0.29469219567282606,0.6061926394381595,0
50,68.0,31.0,1,0,0.28987185541767846,0.6061926394381595,0
50,69.0,30.0,1,0,0.180226042778863,0.6061926394381595,0
50,70.0,29.0,1,0,0.20454424633871024,0.6061926394381595,0
50,71.0,28.0,1,0,0.3098814260583251,0.6061926394381595,0
50,72.0,27.0,1,0,0.6670152837634595,0.6061926394381595,1
50,73.0,26.0,1,0,0.4249563230375884,0.6061926394381595,0
50,74.0,25.0,1,0,0.24413787854710484,0.6061926394381595,0
50,75.0,24.0,1,0,0.4379352279804589,0.6061926394381595,0
50,76.0,23.0,1,0,0.4574087605755149,0.6061926394381595,0
50,77.0,22.0,1,0,0.25351652847019024,0.6061926394381595,0
50,78.0,21.0,1,0,0.6478748490330907,0.6061926394381595,1
50,79.0,20.0,1,1,0.7600757584152134,0.6061926394381595,1
50,80.0,19.0,1,1,0.6608847105407192,0.6061926394381595,1
50,81.0,18.0,1,1,0.7333204892322314,0.6061926394381595,1
50,82.0,17.0,1,1,0.8402255295568163,0.6061926394381595,1
50,83.0,16.0,1,1,0.857675022041439,0.6061926394381595,1
50,84.0,15.0,1,1,0.8819544114074777,0.6061926394381595,1
50,85.0,14.0,1,1,0.7987542416699585,0.6061926394381595,1
50,86.0,13.0,1,1,0.9588009916638892,0.6061926394381595,1
50,87.0,12.0,1,1,0.9116563212246981,0.6061926394381595,1
50,88.0,11.0,1,1,0.7620149222606345,0.6061926394381595,1
50,89.0,10.0,1,1,0.8596701679633166,0.6061926394381595,1
50,90.0,9.0,1,1,0.9102494477982699,0.6061926394381595,1
50,91.0,8.0,1,1,0.9121169488839589,0.6061926394381595,1
50,92.0,7.0,1,1,0.9437079667806905,0.6061926394381595,1
50,93.0,6.0,1,1,0.9591888287689707,0.6061926394381595,1
50,94.0,5.0,1,1,0.9769068062023374,0.6061926394381595,1
50,95.0,4.0,1,1,0.9419925234416384,0.6061926394381595,1
50,96.0,3.0,1,1,0.970047662495385,0.6061926394381595,1
50,97.0,2.0,1,1,0.9365350199307748,0.6061926394381595,1
50,98.0,1.0,1,1,0.9713903466923626,0.6061926394381595,1
50,99.0,0.0,1,1,0.9566080931585668,0.6061926394381595,1
51,1.0,67.0,1,0,0.01869947958992337,0.6061926394381595,0
51,2.0,66.0,1,0,0.16813162184974953,0.6061926394381595,0
51,3.0,65.0,1,0,0.018793980596453902,0.6061926394381595,0
51,4.0,64.0,1,0,0.03107395538346573,0.6061926394381595,0
51,5.0,63.0,1,0,0.034356817464610986,0.6061926394381595,0
51,6.0,62.0,1,0,0.02352820019083279,0.6061926394381595,0
51,7.0,61.0,1,0,0.02199843601350408,0.6061926394381595,0
51,8.0,60.0,1,0,0.0335071940816866,0.6061926394381595,0
51,9.0,59.0,1,0,0.027145900267319098,0.6061926394381595,0
51,10.0,58.0,1,0,0.025937126945466116,0.6061926394381595,0
51,11.0,57.0,1,0,0.05721035003246307,0.6061926394381595,0
51,12.0,56.0,1,0,0.04858255616987991,0.6061926394381595,0
51,13.0,55.0,1,0,0.10256185435892544,0.6061926394381595,0
51,14.0,54.0,1,0,0.033880553831940274,0.6061926394381595,0
51,15.0,53.0,1,0,0.029838682982266638,0.6061926394381595,0
51,16.0,52.0,1,0,0.11876534159089469,0.6061926394381595,0
51,17.0,51.0,1,0,0.06485712449112267,0.6061926394381595,0
51,18.0,50.0,1,0,0.021250195223281147,0.6061926394381595,0
51,19.0,49.0,1,0,0.023368113638174905,0.6061926394381595,0
51,20.0,48.0,1,0,0.05159491040555846,0.6061926394381595,0
51,21.0,47.0,1,0,0.03774961679269929,0.6061926394381595,0
51,22.0,46.0,1,0,0.01379210225547235,0.6061926394381595,0
51,23.0,45.0,1,0,0.020796544103603588,0.6061926394381595,0
51,24.0,44.0,1,0,0.060316851509262775,0.6061926394381595,0
51,25.0,43.0,1,0,0.030844896149504024,0.6061926394381595,0
51,26.0,42.0,1,0,0.05231196651881667,0.6061926394381595,0
51,27.0,41.0,1,0,0.026146035575416084,0.6061926394381595,0
51,28.0,40.0,1,0,0.046371108793713,0.6061926394381595,0
51,29.0,39.0,1,0,0.032110632992273215,0.6061926394381595,0
51,30.0,38.0,1,0,0.055935371338218236,0.6061926394381595,0
51,31.0,37.0,1,0,0.04699497033839331,0.6061926394381595,0
51,32.0,36.0,1,0,0.04189006219020333,0.6061926394381595,0
51,33.0,35.0,1,0,0.09608730755823423,0.6061926394381595,0
51,34.0,34.0,1,0,0.07124844372246057,0.6061926394381595,0
51,35.0,33.0,1,0,0.08681113013454247,0.6061926394381595,0
51,36.0,32.0,1,0,0.059084696948300104,0.6061926394381595,0
51,37.0,31.0,1,0,0.05265333176445142,0.6061926394381595,0
51,38.0,30.0,1,0,0.24401227674296339,0.6061926394381595,0
51,39.0,29.0,1,0,0.30448042138505105,0.6061926394381595,0
51,40.0,28.0,1,0,0.18004624432691024,0.6061926394381595,0
51,41.0,27.0,1,0,0.33029905883895366,0.6061926394381595,0
51,42.0,26.0,1,0,0.39044551318431264,0.6061926394381595,0
51,43.0,25.0,1,0,0.2523742598568974,0.6061926394381595,0
51,44.0,24.0,1,0,0.3655584901300696,0.6061926394381595,0
51,45.0,23.0,1,0,0.28225804787953906,0.6061926394381595,0
51,46.0,22.0,1,0,0.23771178157837844,0.6061926394381595,0
51,47.0,21.0,1,0,0.7912059929611391,0.6061926394381595,1
51,48.0,20.0,1,1,0.7069195198153175,0.6061926394381595,1
51,49.0,19.0,1,1,0.6374487539781953,0.6061926394381595,1
51,50.0,18.0,1,1,0.6972593753718864,0.6061926394381595,1
51,51.0,17.0,1,1,0.6804317427714273,0.6061926394381595,1
51,52.0,16.0,1,1,0.6691147887048178,0.6061926394381595,1
51,53.0,15.0,1,1,0.7877989083253859,0.6061926394381595,1
51,54.0,14.0,1,1,0.829496489354192,0.6061926394381595,1
51,55.0,13.0,1,1,0.8635871864631726,0.6061926394381595,1
51,56.0,12.0,1,1,0.8754595531046209,0.6061926394381595,1
51,57.0,11.0,1,1,0.8385410135582227,0.6061926394381595,1
51,58.0,10.0,1,1,0.893974024307859,0.6061926394381595,1
51,59.0,9.0,1,1,0.7859094611641647,0.6061926394381595,1
51,60.0,8.0,1,1,0.933807638286714,0.6061926394381595,1
51,61.0,7.0,1,1,0.8912180523949372,0.6061926394381595,1
51,62.0,6.0,1,1,0.9122112784652658,0.6061926394381595,1
51,63.0,5.0,1,1,0.8333845466657741,0.6061926394381595,1
51,64.0,4.0,1,1,0.9462399884889472,0.6061926394381595,1
51,65.0,3.0,1,1,0.8989201740718201,0.6061926394381595,1
51,66.0,2.0,1,1,0.8934860199435829,0.6061926394381595,1
51,67.0,1.0,1,1,0.9421722109149466,0.6061926394381595,1
51,68.0,0.0,1,1,0.9372860703763322,0.6061926394381595,1
52,1.0,79.0,1,0,0.03448105505874384,0.6061926394381595,0
52,2.0,78.0,1,0,0.053787577556560336,0.6061926394381595,0
52,3.0,77.0,1,0,0.021434965636921502,0.6061926394381595,0
52,4.0,76.0,1,0,0.053808820036136344,0.6061926394381595,0
52,5.0,75.0,1,0,0.030397462477556567,0.6061926394381595,0
52,6.0,74.0,1,0,0.033308163026237424,0.6061926394381595,0
52,7.0,73.0,1,0,0.014806935116316696,0.6061926394381595,0
52,8.0,72.0,1,0,0.018785623781579112,0.6061926394381595,0
52,9.0,71.0,1,0,0.03416181828823084,0.6061926394381595,0
52,10.0,70.0,1,0,0.018156835608010097,0.6061926394381595,0
52,11.0,69.0,1,0,0.06161334056693119,0.6061926394381595,0
52,12.0,68.0,1,0,0.030912348902241843,0.6061926394381595,0
52,13.0,67.0,1,0,0.03577522204214322,0.6061926394381595,0
52,14.0,66.0,1,0,0.025193540918705674,0.6061926394381595,0
52,15.0,65.0,1,0,0.03211687388941872,0.6061926394381595,0
52,16.0,64.0,1,0,0.07224384088107111,0.6061926394381595,0
52,17.0,63.0,1,0,0.02352159377519698,0.6061926394381595,0
52,18.0,62.0,1,0,0.019764381910927165,0.6061926394381595,0
52,19.0,61.0,1,0,0.07193704401168102,0.6061926394381595,0
52,20.0,60.0,1,0,0.03204928053863273,0.6061926394381595,0
52,21.0,59.0,1,0,0.00993639494114191,0.6061926394381595,0
52,22.0,58.0,1,0,0.04787999468804702,0.6061926394381595,0
52,23.0,57.0,1,0,0.03495316339156935,0.6061926394381595,0
52,24.0,56.0,1,0,0.02792051842594293,0.6061926394381595,0
52,25.0,55.0,1,0,0.027448069876496495,0.6061926394381595,0
52,26.0,54.0,1,0,0.032028464175530603,0.6061926394381595,0
52,27.0,53.0,1,0,0.02011616723749111,0.6061926394381595,0
52,28.0,52.0,1,0,0.04093021329636763,0.6061926394381595,0
52,29.0,51.0,1,0,0.028840281803223337,0.6061926394381595,0
52,30.0,50.0,1,0,0.05538072622597843,0.6061926394381595,0
52,31.0,49.0,1,0,0.03340896255709308,0.6061926394381595,0
52,32.0,48.0,1,0,0.035508204239292726,0.6061926394381595,0
52,33.0,47.0,1,0,0.04976358478578146,0.6061926394381595,0
52,34.0,46.0,1,0,0.0681348354760585,0.6061926394381595,0
52,35.0,45.0,1,0,0.09533562602856134,0.6061926394381595,0
52,36.0,44.0,1,0,0.042234511472343216,0.6061926394381595,0
52,37.0,43.0,1,0,0.06395518248740582,0.6061926394381595,0
52,38.0,42.0,1,0,0.0731199527569004,0.6061926394381595,0
52,39.0,41.0,1,0,0.15090683321840467,0.6061926394381595,0
52,40.0,40.0,1,0,0.06938560772626134,0.6061926394381595,0
52,41.0,39.0,1,0,0.11601390405075857,0.6061926394381595,0
52,42.0,38.0,1,0,0.21599672141647447,0.6061926394381595,0
52,43.0,37.0,1,0,0.1685237053465566,0.6061926394381595,0
52,44.0,36.0,1,0,0.10914408319082151,0.6061926394381595,0
52,45.0,35.0,1,0,0.11347368440559964,0.6061926394381595,0
52,46.0,34.0,1,0,0.3055005763508843,0.6061926394381595,0
52,47.0,33.0,1,0,0.28525471764973387,0.6061926394381595,0
52,48.0,32.0,1,0,0.22223269779577393,0.6061926394381595,0
52,49.0,31.0,1,0,0.2764423034035895,0.6061926394381595,0
52,50.0,30.0,1,0,0.34340462475264016,0.6061926394381595,0
52,51.0,29.0,1,0,0.3269841872447551,0.6061926394381595,0
52,52.0,28.0,1,0,0.371970099740374,0.6061926394381595,0
52,53.0,27.0,1,0,0.37397214333082607,0.6061926394381595,0
52,54.0,26.0,1,0,0.3827565421947506,0.6061926394381595,0
52,55.0,25.0,1,0,0.40590374938444185,0.6061926394381595,0
52,56.0,24.0,1,0,0.5508629989250184,0.6061926394381595,0
52,57.0,23.0,1,0,0.4320938755854157,0.6061926394381595,0
52,58.0,22.0,1,0,0.6598754950468281,0.6061926394381595,1
52,59.0,21.0,1,0,0.5409574138548748,0.6061926394381595,0
52,60.0,20.0,1,1,0.5305070451049211,0.6061926394381595,0
52,61.0,19.0,1,1,0.3451097844496816,0.6061926394381595,0
52,62.0,18.0,1,1,0.4399980378497279,0.6061926394381595,0
52,63.0,17.0,1,1,0.6359568497548586,0.6061926394381595,1
52,64.0,16.0,1,1,0.4428617989033636,0.6061926394381595,0
52,65.0,15.0,1,1,0.5381206613223479,0.6061926394381595,0
52,66.0,14.0,1,1,0.9091838705065437,0.6061926394381595,1
52,67.0,13.0,1,1,0.76875343563294,0.6061926394381595,1
52,68.0,12.0,1,1,0.8717447710882269,0.6061926394381595,1
52,69.0,11.0,1,1,0.7754237677486776,0.6061926394381595,1
52,70.0,10.0,1,1,0.8144007344699088,0.6061926394381595,1
52,71.0,9.0,1,1,0.8608211651862202,0.6061926394381595,1
52,72.0,8.0,1,1,0.7763075110306178,0.6061926394381595,1
52,73.0,7.0,1,1,0.8757140096702376,0.6061926394381595,1
52,74.0,6.0,1,1,0.9016950865753277,0.6061926394381595,1
52,75.0,5.0,1,1,0.8751567181188842,0.6061926394381595,1
52,76.0,4.0,1,1,0.8386968825515301,0.6061926394381595,1
52,77.0,3.0,1,1,0.9545444217139482,0.6061926394381595,1
52,78.0,2.0,1,1,0.8922682207252426,0.6061926394381595,1
52,79.0,1.0,1,1,0.8841402463357235,0.6061926394381595,1
52,80.0,0.0,1,1,0.9378127314921115,0.6061926394381595,1
53,1.0,90.0,3,0,0.033536726753286804,0.613505769296565,0
53,2.0,89.0,3,0,0.005123473603244694,0.613505769296565,0
53,3.0,88.0,3,0,0.007956325039098117,0.613505769296565,0
53,4.0,87.0,3,0,0.0062093534265810916,0.613505769296565,0
53,5.0,86.0,3,0,0.011924824301799131,0.613505769296565,0
53,6.0,85.0,3,0,0.023286015972767384,0.613505769296565,0
53,7.0,84.0,3,0,0.00305424737686234,0.613505769296565,0
53,8.0,83.0,3,0,0.004839547986110786,0.613505769296565,0
53,9.0,82.0,3,0,0.007650843123413045,0.613505769296565,0
53,10.0,81.0,3,0,0.0025837364466670372,0.613505769296565,0
53,11.0,80.0,3,0,0.010664472174758327,0.613505769296565,0
53,12.0,79.0,3,0,0.010714318355614875,0.613505769296565,0
53,13.0,78.0,3,0,0.012689311371602311,0.613505769296565,0
53,14.0,77.0,3,0,0.005637527139360283,0.613505769296565,0
53,15.0,76.0,3,0,0.005849497309247952,0.613505769296565,0
53,16.0,75.0,3,0,0.0033346826923993642,0.613505769296565,0
53,17.0,74.0,3,0,0.006252643255525826,0.613505769296565,0
53,18.0,73.0,3,0,0.012683160919109444,0.613505769296565,0
53,19.0,72.0,3,0,0.0064574478461548205,0.613505769296565,0
53,20.0,71.0,3,0,0.01798106442635738,0.613505769296565,0
53,21.0,70.0,3,0,0.00538578288244919,0.613505769296565,0
53,22.0,69.0,3,0,0.010718705491105722,0.613505769296565,0
53,23.0,68.0,3,0,0.0061145619957297835,0.613505769296565,0
53,24.0,67.0,3,0,0.005659426643177361,0.613505769296565,0
53,25.0,66.0,3,0,0.002802894229925124,0.613505769296565,0
53,26.0,65.0,3,0,0.010714318355614875,0.613505769296565,0
53,27.0,64.0,3,0,0.017849690841522547,0.613505769296565,0
53,28.0,63.0,3,0,0.008697695096217642,0.613505769296565,0
53,29.0,62.0,3,0,0.0018386766025045354,0.613505769296565,0
53,30.0,61.0,3,0,0.004069712062781197,0.613505769296565,0
53,31.0,60.0,3,0,0.0052668805637148845,0.613505769296565,0
53,32.0,59.0,3,0,0.016140788810536207,0.613505769296565,0
53,33.0,58.0,3,0,0.0052668805637148845,0.613505769296565,0
53,34.0,57.0,3,0,0.01231723878704717,0.613505769296565,0
53,35.0,56.0,3,0,0.0030852751247206823,0.613505769296565,0
53,36.0,55.0,3,0,0.0034341604728741143,0.613505769296565,0
53,37.0,54.0,3,0,0.015249840085549738,0.613505769296565,0
53,38.0,53.0,3,0,0.018130647133498805,0.613505769296565,0
53,39.0,52.0,3,0,0.006653916522230237,0.613505769296565,0
53,40.0,51.0,3,0,0.010543214347096838,0.613505769296565,0
53,41.0,50.0,3,0,0.008151304224122274,0.613505769296565,0
53,42.0,49.0,3,0,0.006798622712285337,0.613505769296565,0
53,43.0,48.0,3,0,0.03536693516147882,0.613505769296565,0
53,44.0,47.0,3,0,0.0040053520455868765,0.613505769296565,0
53,45.0,46.0,3,0,0.07694962022674118,0.613505769296565,0
53,46.0,45.0,3,0,0.030132061243408597,0.613505769296565,0
53,47.0,44.0,3,0,0.0711729722450104,0.613505769296565,0
53,48.0,43.0,3,0,0.14359757964080908,0.613505769296565,0
53,49.0,42.0,3,0,0.05154566424648107,0.613505769296565,0
53,50.0,41.0,3,0,0.17754329679044886,0.613505769296565,0
53,51.0,40.0,3,0,0.1474320823223872,0.613505769296565,0
53,52.0,39.0,3,0,0.1680632204211536,0.613505769296565,0
53,53.0,38.0,3,0,0.09764212705692654,0.613505769296565,0
53,54.0,37.0,3,0,0.15355142680088663,0.613505769296565,0
53,55.0,36.0,3,0,0.04830868651519621,0.613505769296565,0
53,56.0,35.0,3,0,0.07041322289222186,0.613505769296565,0
53,57.0,34.0,3,0,0.1490707669883342,0.613505769296565,0
53,58.0,33.0,3,0,0.2175646398335781,0.613505769296565,0
53,59.0,32.0,3,0,0.13259470536609372,0.613505769296565,0
53,60.0,31.0,3,0,0.14278937302722822,0.613505769296565,0
53,61.0,30.0,3,0,0.11045838127327032,0.613505769296565,0
53,62.0,29.0,3,0,0.12352542032085986,0.613505769296565,0
53,63.0,28.0,3,0,0.5108408615399718,0.613505769296565,0
53,64.0,27.0,3,0,0.5523802348718582,0.613505769296565,0
53,65.0,26.0,3,0,0.5249391198792276,0.613505769296565,0
53,66.0,25.0,3,0,0.3655593208750284,0.613505769296565,0
53,67.0,24.0,3,0,0.5550691977815282,0.613505769296565,0
53,68.0,23.0,3,0,0.8324700042643003,0.613505769296565,1
53,69.0,22.0,3,0,0.6254472659989452,0.613505769296565,1
53,70.0,21.0,3,0,0.8093742309123159,0.613505769296565,1
53,71.0,20.0,3,1,0.511936909159436,0.613505769296565,0
53,72.0,19.0,3,1,0.6652059727292458,0.613505769296565,1
53,73.0,18.0,3,1,0.5883787556549712,0.613505769296565,0
53,74.0,17.0,3,1,0.5658410671355295,0.613505769296565,0
53,75.0,16.0,3,1,0.8723172594857826,0.613505769296565,1
53,76.0,15.0,3,1,0.6562067126890797,0.613505769296565,1
53,77.0,14.0,3,1,0.8986591647895159,0.613505769296565,1
53,78.0,13.0,3,1,0.9398230109807854,0.613505769296565,1
53,79.0,12.0,3,1,0.9203763043549593,0.613505769296565,1
53,80.0,11.0,3,1,0.8174951212548187,0.613505769296565,1
53,81.0,10.0,3,1,0.9546407500910066,0.613505769296565,1
53,82.0,9.0,3,1,0.8930596890325153,0.613505769296565,1
53,83.0,8.0,3,1,0.9336082637081438,0.613505769296565,1
53,84.0,7.0,3,1,0.9769543336718869,0.613505769296565,1
53,85.0,6.0,3,1,0.9712655575909688,0.613505769296565,1
53,86.0,5.0,3,1,0.8897119739005268,0.613505769296565,1
53,87.0,4.0,3,1,0.981426414845053,0.613505769296565,1
53,88.0,3.0,3,1,0.8635894322670845,0.613505769296565,1
53,89.0,2.0,3,1,0.9705918437801317,0.613505769296565,1
53,90.0,1.0,3,1,0.9463486456008319,0.613505769296565,1
53,91.0,0.0,3,1,0.9092698972024785,0.613505769296565,1
54,1.0,68.0,2,0,0.07086215469997702,0.6001168108121387,0
54,2.0,67.0,2,0,0.027223418208390502,0.6001168108121387,0
54,3.0,66.0,2,0,0.05152936434090173,0.6001168108121387,0
54,4.0,65.0,2,0,0.1412308558883786,0.6001168108121387,0
54,5.0,64.0,2,0,0.061985208152514494,0.6001168108121387,0
54,6.0,63.0,2,0,0.0138104857098856,0.6001168108121387,0
54,7.0,62.0,2,0,0.07413900552776809,0.6001168108121387,0
54,8.0,61.0,2,0,0.03644770156478914,0.6001168108121387,0
54,9.0,60.0,2,0,0.04483487505362782,0.6001168108121387,0
54,10.0,59.0,2,0,0.040314241456694745,0.6001168108121387,0
54,11.0,58.0,2,0,0.056640183468250505,0.6001168108121387,0
54,12.0,57.0,2,0,0.06818542818781831,0.6001168108121387,0
54,13.0,56.0,2,0,0.03916263109469062,0.6001168108121387,0
54,14.0,55.0,2,0,0.03844302388468497,0.6001168108121387,0
54,15.0,54.0,2,0,0.030748841107789728,0.6001168108121387,0
54,16.0,53.0,2,0,0.04290429855543747,0.6001168108121387,0
54,17.0,52.0,2,0,0.04979874134454308,0.6001168108121387,0
54,18.0,51.0,2,0,0.07128503888188646,0.6001168108121387,0
54,19.0,50.0,2,0,0.09649094260207694,0.6001168108121387,0
54,20.0,49.0,2,0,0.07349415052159015,0.6001168108121387,0
54,21.0,48.0,2,0,0.03706591825134647,0.6001168108121387,0
54,22.0,47.0,2,0,0.03766399442566034,0.6001168108121387,0
54,23.0,46.0,2,0,0.0456533083950545,0.6001168108121387,0
54,24.0,45.0,2,0,0.14430144608903306,0.6001168108121387,0
54,25.0,44.0,2,0,0.0710824912025269,0.6001168108121387,0
54,26.0,43.0,2,0,0.034087341147641226,0.6001168108121387,0
54,27.0,42.0,2,0,0.02888477813927808,0.6001168108121387,0
54,28.0,41.0,2,0,0.03996431713179021,0.6001168108121387,0
54,29.0,40.0,2,0,0.0547021296338065,0.6001168108121387,0
54,30.0,39.0,2,0,0.015470638118069133,0.6001168108121387,0
54,31.0,38.0,2,0,0.08626542045340994,0.6001168108121387,0
54,32.0,37.0,2,0,0.07166579183463982,0.6001168108121387,0
54,33.0,36.0,2,0,0.09510606673038159,0.6001168108121387,0
54,34.0,35.0,2,0,0.08687050143156262,0.6001168108121387,0
54,35.0,34.0,2,0,0.1509966178840629,0.6001168108121387,0
54,36.0,33.0,2,0,0.22518533931584173,0.6001168108121387,0
54,37.0,32.0,2,0,0.1559395364624706,0.6001168108121387,0
54,38.0,31.0,2,0,0.18325771746253444,0.6001168108121387,0
54,39.0,30.0,2,0,0.1521324345944646,0.6001168108121387,0
54,40.0,29.0,2,0,0.2381152010336092,0.6001168108121387,0
54,41.0,28.0,2,0,0.1946136268868633,0.6001168108121387,0
54,42.0,27.0,2,0,0.22925469922969138,0.6001168108121387,0
54,43.0,26.0,2,0,0.34056990063173587,0.6001168108121387,0
54,44.0,25.0,2,0,0.20817592689945372,0.6001168108121387,0
54,45.0,24.0,2,0,0.3941583221800644,0.6001168108121387,0
54,46.0,23.0,2,0,0.3728922110502926,0.6001168108121387,0
54,47.0,22.0,2,0,0.26749690124856534,0.6001168108121387,0
54,48.0,21.0,2,0,0.31945081508988743,0.6001168108121387,0
54,49.0,20.0,2,1,0.5836314158295374,0.6001168108121387,0
54,50.0,19.0,2,1,0.8603536794903207,0.6001168108121387,1
54,51.0,18.0,2,1,0.7031214240295741,0.6001168108121387,1
54,52.0,17.0,2,1,0.625058600696072,0.6001168108121387,1
54,53.0,16.0,2,1,0.5785312590649058,0.6001168108121387,0
54,54.0,15.0,2,1,0.579389490389807,0.6001168108121387,0
54,55.0,14.0,2,1,0.7860031675130493,0.6001168108121387,1
54,56.0,13.0,2,1,0.8311510982688947,0.6001168108121387,1
54,57.0,12.0,2,1,0.6153184245581255,0.6001168108121387,1
54,58.0,11.0,2,1,0.8829099906845206,0.6001168108121387,1
54,59.0,10.0,2,1,0.758593998847662,0.6001168108121387,1
54,60.0,9.0,2,1,0.783408842672756,0.6001168108121387,1
54,61.0,8.0,2,1,0.7714861676224063,0.6001168108121387,1
54,62.0,7.0,2,1,0.9233080437225428,0.6001168108121387,1
54,63.0,6.0,2,1,0.8273801741219485,0.6001168108121387,1
54,64.0,5.0,2,1,0.9323515878183357,0.6001168108121387,1
54,65.0,4.0,2,1,0.9585230469828419,0.6001168108121387,1
54,66.0,3.0,2,1,0.9446145214843862,0.6001168108121387,1
54,67.0,2.0,2,1,0.9310981900581742,0.6001168108121387,1
54,68.0,1.0,2,1,0.9561117840689134,0.6001168108121387,1
54,69.0,0.0,2,1,0.9195691292681216,0.6001168108121387,1
55,1.0,81.0,3,0,0.011636759980788135,0.613505769296565,0
55,2.0,80.0,3,0,0.003180630564837775,0.613505769296565,0
55,3.0,79.0,3,0,0.008835305414982196,0.613505769296565,0
55,4.0,78.0,3,0,0.0022697080122697426,0.613505769296565,0
55,5.0,77.0,3,0,0.004785938457589996,0.613505769296565,0
55,6.0,76.0,3,0,0.0033346826923993642,0.613505769296565,0
55,7.0,75.0,3,0,0.0075519862150020085,0.613505769296565,0
55,8.0,74.0,3,0,0.011283093237718938,0.613505769296565,0
55,9.0,73.0,3,0,0.006733820596605456,0.613505769296565,0
55,10.0,72.0,3,0,0.003703048214206695,0.613505769296565,0
55,11.0,71.0,3,0,0.015483501407112897,0.613505769296565,0
55,12.0,70.0,3,0,0.007564246459924744,0.613505769296565,0
55,13.0,69.0,3,0,0.00025884466973142607,0.613505769296565,0
55,14.0,68.0,3,0,0.005071458371336948,0.613505769296565,0
55,15.0,67.0,3,0,0.0121331691082252,0.613505769296565,0
55,16.0,66.0,3,0,0.00622650805617888,0.613505769296565,0
55,17.0,65.0,3,0,0.0012492956474816636,0.613505769296565,0
55,18.0,64.0,3,0,0.013673053860413665,0.613505769296565,0
55,19.0,63.0,3,0,0.004911390396618478,0.613505769296565,0
55,20.0,62.0,3,0,0.026789391187149292,0.613505769296565,0
55,21.0,61.0,3,0,0.02811883269340326,0.613505769296565,0
55,22.0,60.0,3,0,0.007890315330069819,0.613505769296565,0
55,23.0,59.0,3,0,0.007333554625938556,0.613505769296565,0
55,24.0,58.0,3,0,0.008334717222150286,0.613505769296565,0
55,25.0,57.0,3,0,0.003703048214206695,0.613505769296565,0
55,26.0,56.0,3,0,0.004192387605190965,0.613505769296565,0
55,27.0,55.0,3,0,0.004784777626342609,0.613505769296565,0
55,28.0,54.0,3,0,0.010495805561024934,0.613505769296565,0
55,29.0,53.0,3,0,0.0027636541201009465,0.613505769296565,0
55,30.0,52.0,3,0,0.005498515745402869,0.613505769296565,0
55,31.0,51.0,3,0,0.0069553737775139984,0.613505769296565,0
55,32.0,50.0,3,0,0.011737041083077474,0.613505769296565,0
55,33.0,49.0,3,0,0.003556159175015581,0.613505769296565,0
55,34.0,48.0,3,0,0.0049278049604508725,0.613505769296565,0
55,35.0,47.0,3,0,0.007506688705716867,0.613505769296565,0
55,36.0,46.0,3,0,0.010331380964676862,0.613505769296565,0
55,37.0,45.0,3,0,0.009132126422943988,0.613505769296565,0
55,38.0,44.0,3,0,0.025347450093669278,0.613505769296565,0
55,39.0,43.0,3,0,0.02774744985112182,0.613505769296565,0
55,40.0,42.0,3,0,0.007182590919625606,0.613505769296565,0
55,41.0,41.0,3,0,0.020088590105371264,0.613505769296565,0
55,42.0,40.0,3,0,0.03188157326521987,0.613505769296565,0
55,43.0,39.0,3,0,0.009785362729678372,0.613505769296565,0
55,44.0,38.0,3,0,0.023615782892484276,0.613505769296565,0
55,45.0,37.0,3,0,0.04172286364220846,0.613505769296565,0
55,46.0,36.0,3,0,0.04649077908053048,0.613505769296565,0
55,47.0,35.0,3,0,0.03663029305279288,0.613505769296565,0
55,48.0,34.0,3,0,0.05788822262243769,0.613505769296565,0
55,49.0,33.0,3,0,0.08138039496858401,0.613505769296565,0
55,50.0,32.0,3,0,0.022635639291978746,0.613505769296565,0
55,51.0,31.0,3,0,0.04629841537847224,0.613505769296565,0
55,52.0,30.0,3,0,0.1523617348326942,0.613505769296565,0
55,53.0,29.0,3,0,0.10470351781802964,0.613505769296565,0
55,54.0,28.0,3,0,0.1023841538631411,0.613505769296565,0
55,55.0,27.0,3,0,0.13519868962918685,0.613505769296565,0
55,56.0,26.0,3,0,0.11578116105560324,0.613505769296565,0
55,57.0,25.0,3,0,0.1343222944892062,0.613505769296565,0
55,58.0,24.0,3,0,0.11123511126107045,0.613505769296565,0
55,59.0,23.0,3,0,0.25094383036732804,0.613505769296565,0
55,60.0,22.0,3,0,0.1497374383843698,0.613505769296565,0
55,61.0,21.0,3,0,0.14730393239797956,0.613505769296565,0
55,62.0,20.0,3,1,0.7244406669259056,0.613505769296565,1
55,63.0,19.0,3,1,0.5171017207252807,0.613505769296565,0
55,64.0,18.0,3,1,0.5762332085966476,0.613505769296565,0
55,65.0,17.0,3,1,0.9283857960545788,0.613505769296565,1
55,66.0,16.0,3,1,0.734920319593055,0.613505769296565,1
55,67.0,15.0,3,1,0.9774065899976564,0.613505769296565,1
55,68.0,14.0,3,1,0.934925639235666,0.613505769296565,1
55,69.0,13.0,3,1,0.8548850813991454,0.613505769296565,1
55,70.0,12.0,3,1,0.8391791854698316,0.613505769296565,1
55,71.0,11.0,3,1,0.8912811392184168,0.613505769296565,1
55,72.0,10.0,3,1,0.9461730727671746,0.613505769296565,1
55,73.0,9.0,3,1,0.9384878977459136,0.613505769296565,1
55,74.0,8.0,3,1,0.9294673180895893,0.613505769296565,1
55,75.0,7.0,3,1,0.9757842919205073,0.613505769296565,1
55,76.0,6.0,3,1,0.957777327142936,0.613505769296565,1
55,77.0,5.0,3,1,0.9696752795837633,0.613505769296565,1
55,78.0,4.0,3,1,0.9378899416370354,0.613505769296565,1
55,79.0,3.0,3,1,0.9146346923023799,0.613505769296565,1
55,80.0,2.0,3,1,0.9607061409374004,0.613505769296565,1
55,81.0,1.0,3,1,0.9839288230064106,0.613505769296565,1
55,82.0,0.0,3,1,0.9882145763861356,0.613505769296565,1
56,1.0,66.0,4,0,0.025288613898077482,0.6112844997130881,0
56,2.0,65.0,4,0,0.025919126962144677,0.6112844997130881,0
56,3.0,64.0,4,0,0.020985746303095954,0.6112844997130881,0
56,4.0,63.0,4,0,0.03720842724982788,0.6112844997130881,0
56,5.0,62.0,4,0,0.02724491161186343,0.6112844997130881,0
56,6.0,61.0,4,0,0.022918079009079554,0.6112844997130881,0
56,7.0,60.0,4,0,0.02036998408287253,0.6112844997130881,0
56,8.0,59.0,4,0,0.023675660673045107,0.6112844997130881,0
56,9.0,58.0,4,0,0.027747100274209704,0.6112844997130881,0
56,10.0,57.0,4,0,0.015594402781091485,0.6112844997130881,0
56,11.0,56.0,4,0,0.020228451296724244,0.6112844997130881,0
56,12.0,55.0,4,0,0.029979363559323013,0.6112844997130881,0
56,13.0,54.0,4,0,0.04681843634969582,0.6112844997130881,0
56,14.0,53.0,4,0,0.016173949446092333,0.6112844997130881,0
56,15.0,52.0,4,0,0.02798774805635135,0.6112844997130881,0
56,16.0,51.0,4,0,0.014345190695235705,0.6112844997130881,0
56,17.0,50.0,4,0,0.02811253697410509,0.6112844997130881,0
56,18.0,49.0,4,0,0.024459522385958884,0.6112844997130881,0
56,19.0,48.0,4,0,0.047939816548512135,0.6112844997130881,0
56,20.0,47.0,4,0,0.03274306240989729,0.6112844997130881,0
56,21.0,46.0,4,0,0.013143105428593803,0.6112844997130881,0
56,22.0,45.0,4,0,0.04131124557779113,0.6112844997130881,0
56,23.0,44.0,4,0,0.01313376661171322,0.6112844997130881,0
56,24.0,43.0,4,0,0.02843758533659332,0.6112844997130881,0
56,25.0,42.0,4,0,0.019914683770806026,0.6112844997130881,0
56,26.0,41.0,4,0,0.020129661063780845,0.6112844997130881,0
56,27.0,40.0,4,0,0.02456516781914974,0.6112844997130881,0
56,28.0,39.0,4,0,0.028799921856916877,0.6112844997130881,0
56,29.0,38.0,4,0,0.02446295699891709,0.6112844997130881,0
56,30.0,37.0,4,0,0.035766685349335074,0.6112844997130881,0
56,31.0,36.0,4,0,0.02411661023297912,0.6112844997130881,0
56,32.0,35.0,4,0,0.03777943831672909,0.6112844997130881,0
56,33.0,34.0,4,0,0.04089729299596908,0.6112844997130881,0
56,34.0,33.0,4,0,0.060767842033912396,0.6112844997130881,0
56,35.0,32.0,4,0,0.06446570446331931,0.6112844997130881,0
56,36.0,31.0,4,0,0.017093846357399165,0.6112844997130881,0
56,37.0,30.0,4,0,0.10300356351969317,0.6112844997130881,0
56,38.0,29.0,4,0,0.0473101443644058,0.6112844997130881,0
56,39.0,28.0,4,0,0.10422846593799137,0.6112844997130881,0
56,40.0,27.0,4,0,0.13153997802352507,0.6112844997130881,0
56,41.0,26.0,4,0,0.04574974392243465,0.6112844997130881,0
56,42.0,25.0,4,0,0.20191642137088864,0.6112844997130881,0
56,43.0,24.0,4,0,0.09443071153570119,0.6112844997130881,0
56,44.0,23.0,4,0,0.17850803275822358,0.6112844997130881,0
56,45.0,22.0,4,0,0.32139898595579236,0.6112844997130881,0
56,46.0,21.0,4,0,0.28434554260848643,0.6112844997130881,0
56,47.0,20.0,4,1,0.36683504454974336,0.6112844997130881,0
56,48.0,19.0,4,1,0.5530250543252052,0.6112844997130881,0
56,49.0,18.0,4,1,0.2797642440215184,0.6112844997130881,0
56,50.0,17.0,4,1,0.1734018345199134,0.6112844997130881,0
56,51.0,16.0,4,1,0.36207293937252105,0.6112844997130881,0
56,52.0,15.0,4,1,0.6170735520532371,0.6112844997130881,1
56,53.0,14.0,4,1,0.6326096835194948,0.6112844997130881,1
56,54.0,13.0,4,1,0.3657061261531012,0.6112844997130881,0
56,55.0,12.0,4,1,0.45773490702567055,0.6112844997130881,0
56,56.0,11.0,4,1,0.6259070910923584,0.6112844997130881,1
56,57.0,10.0,4,1,0.7196167280996456,0.6112844997130881,1
56,58.0,9.0,4,1,0.9147598322961517,0.6112844997130881,1
56,59.0,8.0,4,1,0.796803379175782,0.6112844997130881,1
56,60.0,7.0,4,1,0.9484879310405843,0.6112844997130881,1
56,61.0,6.0,4,1,0.8646035151348892,0.6112844997130881,1
56,62.0,5.0,4,1,0.7839167020956699,0.6112844997130881,1
56,63.0,4.0,4,1,0.9388979279210603,0.6112844997130881,1
56,64.0,3.0,4,1,0.9128219595133864,0.6112844997130881,1
56,65.0,2.0,4,1,0.9358856784837302,0.6112844997130881,1
56,66.0,1.0,4,1,0.9012690256070722,0.6112844997130881,1
56,67.0,0.0,4,1,0.975892995771319,0.6112844997130881,1
57,1.0,84.0,3,0,0.03780705545704687,0.613505769296565,0
57,2.0,83.0,3,0,0.04109365419008664,0.613505769296565,0
57,3.0,82.0,3,0,0.026737313993913502,0.613505769296565,0
57,4.0,81.0,3,0,0.04096559744324365,0.613505769296565,0
57,5.0,80.0,3,0,0.026850843081107113,0.613505769296565,0
57,6.0,79.0,3,0,0.04370141946394529,0.613505769296565,0
57,7.0,78.0,3,0,0.04603726681839533,0.613505769296565,0
57,8.0,77.0,3,0,0.028637076590081374,0.613505769296565,0
57,9.0,76.0,3,0,0.04904637728185981,0.613505769296565,0
57,10.0,75.0,3,0,0.05305629305272228,0.613505769296565,0
57,11.0,74.0,3,0,0.038994084993383644,0.613505769296565,0
57,12.0,73.0,3,0,0.07487991336742904,0.613505769296565,0
57,13.0,72.0,3,0,0.022739155453253578,0.613505769296565,0
57,14.0,71.0,3,0,0.03365468817515636,0.613505769296565,0
57,15.0,70.0,3,0,0.0731540038624736,0.613505769296565,0
57,16.0,69.0,3,0,0.04814426094243441,0.613505769296565,0
57,17.0,68.0,3,0,0.051917251541883994,0.613505769296565,0
57,18.0,67.0,3,0,0.022128565621310964,0.613505769296565,0
57,19.0,66.0,3,0,0.024600908729756742,0.613505769296565,0
57,20.0,65.0,3,0,0.045487754859226626,0.613505769296565,0
57,21.0,64.0,3,0,0.11720667796545557,0.613505769296565,0
57,22.0,63.0,3,0,0.03884307676580032,0.613505769296565,0
57,23.0,62.0,3,0,0.036767364701203294,0.613505769296565,0
57,24.0,61.0,3,0,0.04600336878226251,0.613505769296565,0
57,25.0,60.0,3,0,0.058870527744072754,0.613505769296565,0
57,26.0,59.0,3,0,0.036847201697722876,0.613505769296565,0
57,27.0,58.0,3,0,0.03494169098774286,0.613505769296565,0
57,28.0,57.0,3,0,0.018055775271025653,0.613505769296565,0
57,29.0,56.0,3,0,0.05415853814175085,0.613505769296565,0
57,30.0,55.0,3,0,0.11707930354021034,0.613505769296565,0
57,31.0,54.0,3,0,0.04991193792417874,0.613505769296565,0
57,32.0,53.0,3,0,0.04959219209723656,0.613505769296565,0
57,33.0,52.0,3,0,0.05597657882126319,0.613505769296565,0
57,34.0,51.0,3,0,0.04959441647977884,0.613505769296565,0
57,35.0,50.0,3,0,0.11702275530213055,0.613505769296565,0
57,36.0,49.0,3,0,0.11457066170125492,0.613505769296565,0
57,37.0,48.0,3,0,0.17290815019688266,0.613505769296565,0
57,38.0,47.0,3,0,0.24354477723455412,0.613505769296565,0
57,39.0,46.0,3,0,0.10546759904639749,0.613505769296565,0
57,40.0,45.0,3,0,0.19015642726076787,0.613505769296565,0
57,41.0,44.0,3,0,0.32566751743544115,0.613505769296565,0
57,42.0,43.0,3,0,0.28520770305981524,0.613505769296565,0
57,43.0,42.0,3,0,0.2875570592178134,0.613505769296565,0
57,44.0,41.0,3,0,0.21504439086025634,0.613505769296565,0
57,45.0,40.0,3,0,0.3255219041753472,0.613505769296565,0
57,46.0,39.0,3,0,0.3297197500405883,0.613505769296565,0
57,47.0,38.0,3,0,0.244276032546857,0.613505769296565,0
57,48.0,37.0,3,0,0.2856626901354083,0.613505769296565,0
57,49.0,36.0,3,0,0.3039802545240894,0.613505769296565,0
57,50.0,35.0,3,0,0.1977987260519473,0.613505769296565,0
57,51.0,34.0,3,0,0.3753961336645372,0.613505769296565,0
57,52.0,33.0,3,0,0.37660996353201726,0.613505769296565,0
57,53.0,32.0,3,0,0.3296426382305433,0.613505769296565,0
57,54.0,31.0,3,0,0.2567854045373895,0.613505769296565,0
57,55.0,30.0,3,0,0.4072376620411213,0.613505769296565,0
57,56.0,29.0,3,0,0.2768617299444193,0.613505769296565,0
57,57.0,28.0,3,0,0.42797293361858985,0.613505769296565,0
57,58.0,27.0,3,0,0.6254701656190141,0.613505769296565,1
57,59.0,26.0,3,0,0.5869199449207165,0.613505769296565,0
57,60.0,25.0,3,0,0.6870023916163366,0.613505769296565,1
57,61.0,24.0,3,0,0.6910808949319341,0.613505769296565,1
57,62.0,23.0,3,0,0.7384792712269664,0.613505769296565,1
57,63.0,22.0,3,0,0.8952722438854936,0.613505769296565,1
57,64.0,21.0,3,0,0.7400569990844763,0.613505769296565,1
57,65.0,20.0,3,1,0.7750237017792478,0.613505769296565,1
57,66.0,19.0,3,1,0.8809919468199915,0.613505769296565,1
57,67.0,18.0,3,1,0.7339943931404845,0.613505769296565,1
57,68.0,17.0,3,1,0.8306568644228721,0.613505769296565,1
57,69.0,16.0,3,1,0.814105985585636,0.613505769296565,1
57,70.0,15.0,3,1,0.7560427129435322,0.613505769296565,1
57,71.0,14.0,3,1,0.9304964299166504,0.613505769296565,1
57,72.0,13.0,3,1,0.8925604448258259,0.613505769296565,1
57,73.0,12.0,3,1,0.9787056826154558,0.613505769296565,1
57,74.0,11.0,3,1,0.8574840178580766,0.613505769296565,1
57,75.0,10.0,3,1,0.9426986156933536,0.613505769296565,1
57,76.0,9.0,3,1,0.861017673196169,0.613505769296565,1
57,77.0,8.0,3,1,0.9502847003536562,0.613505769296565,1
57,78.0,7.0,3,1,0.8863565874012633,0.613505769296565,1
57,79.0,6.0,3,1,0.8623815581533459,0.613505769296565,1
57,80.0,5.0,3,1,0.9079768657789492,0.613505769296565,1
57,81.0,4.0,3,1,0.9286230743765697,0.613505769296565,1
57,82.0,3.0,3,1,0.9405104504802746,0.613505769296565,1
57,83.0,2.0,3,1,0.9510984355943793,0.613505769296565,1
57,84.0,1.0,3,1,0.9427088093743058,0.613505769296565,1
57,85.0,0.0,3,1,0.8451326884789971,0.613505769296565,1
58,1.0,77.0,4,0,0.019902108706290726,0.6112844997130881,0
58,2.0,76.0,4,0,0.019568436986369283,0.6112844997130881,0
58,3.0,75.0,4,0,0.02781223093321571,0.6112844997130881,0
58,4.0,74.0,4,0,0.03641582155782752,0.6112844997130881,0
58,5.0,73.0,4,0,0.015919091997101967,0.6112844997130881,0
58,6.0,72.0,4,0,0.027575718552925753,0.6112844997130881,0
58,7.0,71.0,4,0,0.07227874249973115,0.6112844997130881,0
58,8.0,70.0,4,0,0.01427801656831754,0.6112844997130881,0
58,9.0,69.0,4,0,0.031004880071509786,0.6112844997130881,0
58,10.0,68.0,4,0,0.02416514394056642,0.6112844997130881,0
58,11.0,67.0,4,0,0.03986221440757386,0.6112844997130881,0
58,12.0,66.0,4,0,0.02008637221608157,0.6112844997130881,0
58,13.0,65.0,4,0,0.018885936455749104,0.6112844997130881,0
58,14.0,64.0,4,0,0.029955233560449865,0.6112844997130881,0
58,15.0,63.0,4,0,0.022334871039305097,0.6112844997130881,0
58,16.0,62.0,4,0,0.009591331530265116,0.6112844997130881,0
58,17.0,61.0,4,0,0.028766152209887954,0.6112844997130881,0
58,18.0,60.0,4,0,0.02887932506947773,0.6112844997130881,0
58,19.0,59.0,4,0,0.022178800849739826,0.6112844997130881,0
58,20.0,58.0,4,0,0.020238162012993895,0.6112844997130881,0
58,21.0,57.0,4,0,0.028050044793995248,0.6112844997130881,0
58,22.0,56.0,4,0,0.021656427138096287,0.6112844997130881,0
58,23.0,55.0,4,0,0.07655079584507922,0.6112844997130881,0
58,24.0,54.0,4,0,0.02343964421375488,0.6112844997130881,0
58,25.0,53.0,4,0,0.02727595992483488,0.6112844997130881,0
58,26.0,52.0,4,0,0.02567152682009817,0.6112844997130881,0
58,27.0,51.0,4,0,0.021843899222284694,0.6112844997130881,0
58,28.0,50.0,4,0,0.03269343071798266,0.6112844997130881,0
58,29.0,49.0,4,0,0.021764149682102094,0.6112844997130881,0
58,30.0,48.0,4,0,0.0192983023953286,0.6112844997130881,0
58,31.0,47.0,4,0,0.0415111260414886,0.6112844997130881,0
58,32.0,46.0,4,0,0.05422492394838508,0.6112844997130881,0
58,33.0,45.0,4,0,0.030002627661431212,0.6112844997130881,0
58,34.0,44.0,4,0,0.030050365135178506,0.6112844997130881,0
58,35.0,43.0,4,0,0.06121828628918414,0.6112844997130881,0
58,36.0,42.0,4,0,0.07238333958154211,0.6112844997130881,0
58,37.0,41.0,4,0,0.09037097344150677,0.6112844997130881,0
58,38.0,40.0,4,0,0.09111980025221851,0.6112844997130881,0
58,39.0,39.0,4,0,0.11209991890394688,0.6112844997130881,0
58,40.0,38.0,4,0,0.15223613912909995,0.6112844997130881,0
58,41.0,37.0,4,0,0.08112442252840704,0.6112844997130881,0
58,42.0,36.0,4,0,0.18048853884481048,0.6112844997130881,0
58,43.0,35.0,4,0,0.048697235314107676,0.6112844997130881,0
58,44.0,34.0,4,0,0.21867383057262926,0.6112844997130881,0
58,45.0,33.0,4,0,0.6773284854080862,0.6112844997130881,1
58,46.0,32.0,4,0,0.5274009633341321,0.6112844997130881,0
58,47.0,31.0,4,0,0.5356000689198502,0.6112844997130881,0
58,48.0,30.0,4,0,0.35317119052965845,0.6112844997130881,0
58,49.0,29.0,4,0,0.6349944111557664,0.6112844997130881,1
58,50.0,28.0,4,0,0.5251076323004978,0.6112844997130881,0
58,51.0,27.0,4,0,0.5857678127012987,0.6112844997130881,0
58,52.0,26.0,4,0,0.642933162411297,0.6112844997130881,1
58,53.0,25.0,4,0,0.3045761275171883,0.6112844997130881,0
58,54.0,24.0,4,0,0.670336290677948,0.6112844997130881,1
58,55.0,23.0,4,0,0.5102421693911495,0.6112844997130881,0
58,56.0,22.0,4,0,0.5408772517257449,0.6112844997130881,0
58,57.0,21.0,4,0,0.42058920239249875,0.6112844997130881,0
58,58.0,20.0,4,1,0.6100393493906784,0.6112844997130881,0
58,59.0,19.0,4,1,0.629497343273637,0.6112844997130881,1
58,60.0,18.0,4,1,0.6676768614870232,0.6112844997130881,1
58,61.0,17.0,4,1,0.5838563060634386,0.6112844997130881,0
58,62.0,16.0,4,1,0.7853981739804773,0.6112844997130881,1
58,63.0,15.0,4,1,0.6903734554396131,0.6112844997130881,1
58,64.0,14.0,4,1,0.6702728015188122,0.6112844997130881,1
58,65.0,13.0,4,1,0.7657089295894198,0.6112844997130881,1
58,66.0,12.0,4,1,0.7054983895661068,0.6112844997130881,1
58,67.0,11.0,4,1,0.6821842160915115,0.6112844997130881,1
58,68.0,10.0,4,1,0.7360619666010851,0.6112844997130881,1
58,69.0,9.0,4,1,0.773700953536768,0.6112844997130881,1
58,70.0,8.0,4,1,0.7888517027431491,0.6112844997130881,1
58,71.0,7.0,4,1,0.7708199948467287,0.6112844997130881,1
58,72.0,6.0,4,1,0.8744646201340021,0.6112844997130881,1
58,73.0,5.0,4,1,0.8823416244908638,0.6112844997130881,1
58,74.0,4.0,4,1,0.9214928577158842,0.6112844997130881,1
58,75.0,3.0,4,1,0.9187280423092832,0.6112844997130881,1
58,76.0,2.0,4,1,0.90248051964572,0.6112844997130881,1
58,77.0,1.0,4,1,0.7554165764206994,0.6112844997130881,1
58,78.0,0.0,4,1,0.7938117701438089,0.6112844997130881,1
59,1.0,78.0,3,0,0.0031359218846950874,0.613505769296565,0
59,2.0,77.0,3,0,0.010649463949790945,0.613505769296565,0
59,3.0,76.0,3,0,0.009530556383360386,0.613505769296565,0
59,4.0,75.0,3,0,0.006044933252646028,0.613505769296565,0
59,5.0,74.0,3,0,0.01192282035342413,0.613505769296565,0
59,6.0,73.0,3,0,0.006484317781684699,0.613505769296565,0
59,7.0,72.0,3,0,0.00121459801341776,0.613505769296565,0
59,8.0,71.0,3,0,0.003755053811223307,0.613505769296565,0
59,9.0,70.0,3,0,0.01175267135146178,0.613505769296565,0
59,10.0,69.0,3,0,0.008927523243153244,0.613505769296565,0
59,11.0,68.0,3,0,0.0062694361361617405,0.613505769296565,0
59,12.0,67.0,3,0,0.008482540943379198,0.613505769296565,0
59,13.0,66.0,3,0,0.012033972393143706,0.613505769296565,0
59,14.0,65.0,3,0,0.01037930587938083,0.613505769296565,0
59,15.0,64.0,3,0,0.0027628051418733418,0.613505769296565,0
59,16.0,63.0,3,0,0.010093088393533272,0.613505769296565,0
59,17.0,62.0,3,0,0.011207831798649363,0.613505769296565,0
59,18.0,61.0,3,0,0.008732409412931871,0.613505769296565,0
59,19.0,60.0,3,0,0.004630617493367639,0.613505769296565,0
59,20.0,59.0,3,0,0.0040643460278917375,0.613505769296565,0
59,21.0,58.0,3,0,0.002342077856695113,0.613505769296565,0
59,22.0,57.0,3,0,0.009567465477939258,0.613505769296565,0
59,23.0,56.0,3,0,0.0031731776865055795,0.613505769296565,0
59,24.0,55.0,3,0,0.006346624196969811,0.613505769296565,0
59,25.0,54.0,3,0,0.015861306175873037,0.613505769296565,0
59,26.0,53.0,3,0,0.001624896730688303,0.613505769296565,0
59,27.0,52.0,3,0,0.009531846586614766,0.613505769296565,0
59,28.0,51.0,3,0,7.701761573125762e-05,0.613505769296565,0
59,29.0,50.0,3,0,6.306608520630648e-05,0.613505769296565,0
59,30.0,49.0,3,0,0.008410400560431215,0.613505769296565,0
59,31.0,48.0,3,0,0.004713915491444783,0.613505769296565,0
59,32.0,47.0,3,0,0.017003913362969077,0.613505769296565,0
59,33.0,46.0,3,0,0.0033346826923993642,0.613505769296565,0
59,34.0,45.0,3,0,0.009694077571190082,0.613505769296565,0
59,35.0,44.0,3,0,0.0027628051418733418,0.613505769296565,0
59,36.0,43.0,3,0,0.012537340176879658,0.613505769296565,0
59,37.0,42.0,3,0,0.004385291049309142,0.613505769296565,0
59,38.0,41.0,3,0,0.044396643126167604,0.613505769296565,0
59,39.0,40.0,3,0,0.002769073104632795,0.613505769296565,0
59,40.0,39.0,3,0,0.0020559649841523104,0.613505769296565,0
59,41.0,38.0,3,0,0.0017173115770511588,0.613505769296565,0
59,42.0,37.0,3,0,0.006798622712285337,0.613505769296565,0
59,43.0,36.0,3,0,0.030993936906813225,0.613505769296565,0
59,44.0,35.0,3,0,0.03166137246912106,0.613505769296565,0
59,45.0,34.0,3,0,0.04197291522642135,0.613505769296565,0
59,46.0,33.0,3,0,0.013285051328070471,0.613505769296565,0
59,47.0,32.0,3,0,0.05064623194124212,0.613505769296565,0
59,48.0,31.0,3,0,0.1035838107533281,0.613505769296565,0
59,49.0,30.0,3,0,0.09120824095772993,0.613505769296565,0
59,50.0,29.0,3,0,0.031074203243733875,0.613505769296565,0
59,51.0,28.0,3,0,0.032317671319759184,0.613505769296565,0
59,52.0,27.0,3,0,0.0638493666940174,0.613505769296565,0
59,53.0,26.0,3,0,0.07674424592539664,0.613505769296565,0
59,54.0,25.0,3,0,0.06059062397145495,0.613505769296565,0
59,55.0,24.0,3,0,0.04857072393978065,0.613505769296565,0
59,56.0,23.0,3,0,0.20801209896157266,0.613505769296565,0
59,57.0,22.0,3,0,0.1130981435213445,0.613505769296565,0
59,58.0,21.0,3,0,0.14992446661822134,0.613505769296565,0
59,59.0,20.0,3,1,0.21076996640543788,0.613505769296565,0
59,60.0,19.0,3,1,0.11524538991957263,0.613505769296565,0
59,61.0,18.0,3,1,0.3534293522178871,0.613505769296565,0
59,62.0,17.0,3,1,0.5581851229778447,0.613505769296565,0
59,63.0,16.0,3,1,0.20783059097445133,0.613505769296565,0
59,64.0,15.0,3,1,0.2795791432501661,0.613505769296565,0
59,65.0,14.0,3,1,0.6426609828363153,0.613505769296565,1
59,66.0,13.0,3,1,0.3123149897956099,0.613505769296565,0
59,67.0,12.0,3,1,0.8742784529813633,0.613505769296565,1
59,68.0,11.0,3,1,0.6204943265442115,0.613505769296565,1
59,69.0,10.0,3,1,0.837465214072999,0.613505769296565,1
59,70.0,9.0,3,1,0.8661394022578066,0.613505769296565,1
59,71.0,8.0,3,1,0.9361340497283241,0.613505769296565,1
59,72.0,7.0,3,1,0.9156552469683261,0.613505769296565,1
59,73.0,6.0,3,1,0.9293228150986732,0.613505769296565,1
59,74.0,5.0,3,1,0.8241343130402733,0.613505769296565,1
59,75.0,4.0,3,1,0.8997436382886731,0.613505769296565,1
59,76.0,3.0,3,1,0.9776303910606989,0.613505769296565,1
59,77.0,2.0,3,1,0.9492909836319583,0.613505769296565,1
59,78.0,1.0,3,1,0.9840467303068754,0.613505769296565,1
59,79.0,0.0,3,1,0.9948315397699152,0.613505769296565,1
60,1.0,84.0,1,0,0.006975372767988689,0.6061926394381595,0
60,2.0,83.0,1,0,0.009227832837886547,0.6061926394381595,0
60,3.0,82.0,1,0,0.011043033176067306,0.6061926394381595,0
60,4.0,81.0,1,0,0.003891824061273836,0.6061926394381595,0
60,5.0,80.0,1,0,0.03934681645948436,0.6061926394381595,0
60,6.0,79.0,1,0,0.00570339519242596,0.6061926394381595,0
60,7.0,78.0,1,0,0.011967573372458039,0.6061926394381595,0
60,8.0,77.0,1,0,0.01159139114094685,0.6061926394381595,0
60,9.0,76.0,1,0,0.014996908710458385,0.6061926394381595,0
60,10.0,75.0,1,0,0.0018485990062718947,0.6061926394381595,0
60,11.0,74.0,1,0,0.005263858475108893,0.6061926394381595,0
60,12.0,73.0,1,0,0.005969712771938093,0.6061926394381595,0
60,13.0,72.0,1,0,0.029662773150500133,0.6061926394381595,0
60,14.0,71.0,1,0,0.0172703265100757,0.6061926394381595,0
60,15.0,70.0,1,0,0.0015795897948974486,0.6061926394381595,0
60,16.0,69.0,1,0,0.019526531433166745,0.6061926394381595,0
60,17.0,68.0,1,0,0.004122374876927401,0.6061926394381595,0
60,18.0,67.0,1,0,0.01115318123206282,0.6061926394381595,0
60,19.0,66.0,1,0,0.015425461702481645,0.6061926394381595,0
60,20.0,65.0,1,0,0.010933743230551083,0.6061926394381595,0
60,21.0,64.0,1,0,0.004099165318086496,0.6061926394381595,0
60,22.0,63.0,1,0,0.011819504290442356,0.6061926394381595,0
60,23.0,62.0,1,0,0.004866150002539488,0.6061926394381595,0
60,24.0,61.0,1,0,0.0035426414766371725,0.6061926394381595,0
60,25.0,60.0,1,0,0.0023574256298251003,0.6061926394381595,0
60,26.0,59.0,1,0,0.009682144235044923,0.6061926394381595,0
60,27.0,58.0,1,0,0.011695076948065576,0.6061926394381595,0
60,28.0,57.0,1,0,0.007791197565709179,0.6061926394381595,0
60,29.0,56.0,1,0,0.00535687698257318,0.6061926394381595,0
60,30.0,55.0,1,0,0.008870741393389153,0.6061926394381595,0
60,31.0,54.0,1,0,0.0076955846365761565,0.6061926394381595,0
60,32.0,53.0,1,0,0.02001348858695357,0.6061926394381595,0
60,33.0,52.0,1,0,0.022647852344631004,0.6061926394381595,0
60,34.0,51.0,1,0,0.011230386448691313,0.6061926394381595,0
60,35.0,50.0,1,0,0.002376102305619282,0.6061926394381595,0
60,36.0,49.0,1,0,0.0062902282640690515,0.6061926394381595,0
60,37.0,48.0,1,0,0.009331550566674347,0.6061926394381595,0
60,38.0,47.0,1,0,0.004753238813866864,0.6061926394381595,0
60,39.0,46.0,1,0,0.006957206689960279,0.6061926394381595,0
60,40.0,45.0,1,0,0.049406970731542744,0.6061926394381595,0
60,41.0,44.0,1,0,0.016137258059761714,0.6061926394381595,0
60,42.0,43.0,1,0,0.01977752608780198,0.6061926394381595,0
60,43.0,42.0,1,0,0.049725724606498524,0.6061926394381595,0
60,44.0,41.0,1,0,0.0038990030054666565,0.6061926394381595,0
60,45.0,40.0,1,0,0.04561790197346771,0.6061926394381595,0
60,46.0,39.0,1,0,0.04269598019272922,0.6061926394381595,0
60,47.0,38.0,1,0,0.01874289452317983,0.6061926394381595,0
60,48.0,37.0,1,0,0.0245271040853707,0.6061926394381595,0
60,49.0,36.0,1,0,0.13022160320319406,0.6061926394381595,0
60,50.0,35.0,1,0,0.03402068217472592,0.6061926394381595,0
60,51.0,34.0,1,0,0.16052211921549867,0.6061926394381595,0
60,52.0,33.0,1,0,0.16843237294436272,0.6061926394381595,0
60,53.0,32.0,1,0,0.1377597045453227,0.6061926394381595,0
60,54.0,31.0,1,0,0.13612438399899288,0.6061926394381595,0
60,55.0,30.0,1,0,0.11154793453327246,0.6061926394381595,0
60,56.0,29.0,1,0,0.18262904250632414,0.6061926394381595,0
60,57.0,28.0,1,0,0.12238649107019675,0.6061926394381595,0
60,58.0,27.0,1,0,0.10788864937702987,0.6061926394381595,0
60,59.0,26.0,1,0,0.11152511533533958,0.6061926394381595,0
60,60.0,25.0,1,0,0.36286719478451473,0.6061926394381595,0
60,61.0,24.0,1,0,0.2799339170511077,0.6061926394381595,0
60,62.0,23.0,1,0,0.24222542001131833,0.6061926394381595,0
60,63.0,22.0,1,0,0.3594776491703252,0.6061926394381595,0
60,64.0,21.0,1,0,0.37542825126257007,0.6061926394381595,0
60,65.0,20.0,1,1,0.3717316796091555,0.6061926394381595,0
60,66.0,19.0,1,1,0.49068698996036264,0.6061926394381595,0
60,67.0,18.0,1,1,0.370895632042138,0.6061926394381595,0
60,68.0,17.0,1,1,0.5487691444653962,0.6061926394381595,0
60,69.0,16.0,1,1,0.26151655698082327,0.6061926394381595,0
60,70.0,15.0,1,1,0.26972123029647016,0.6061926394381595,0
60,71.0,14.0,1,1,0.5369041635585624,0.6061926394381595,0
60,72.0,13.0,1,1,0.7347030803200748,0.6061926394381595,1
60,73.0,12.0,1,1,0.5684398577204385,0.6061926394381595,0
60,74.0,11.0,1,1,0.4858335173484299,0.6061926394381595,0
60,75.0,10.0,1,1,0.7756154051355536,0.6061926394381595,1
60,76.0,9.0,1,1,0.6756807008121564,0.6061926394381595,1
60,77.0,8.0,1,1,0.7757209082296628,0.6061926394381595,1
60,78.0,7.0,1,1,0.912307823655582,0.6061926394381595,1
60,79.0,6.0,1,1,0.9336063022492285,0.6061926394381595,1
60,80.0,5.0,1,1,0.8783098878548262,0.6061926394381595,1
60,81.0,4.0,1,1,0.9248597211224271,0.6061926394381595,1
60,82.0,3.0,1,1,0.9607977885480756,0.6061926394381595,1
60,83.0,2.0,1,1,0.9283331467889228,0.6061926394381595,1
60,84.0,1.0,1,1,0.9286110676478898,0.6061926394381595,1
60,85.0,0.0,1,1,0.8900683409107905,0.6061926394381595,1
61,1.0,73.0,2,0,0.01715638985617466,0.6001168108121387,0
61,2.0,72.0,2,0,0.1705038505420847,0.6001168108121387,0
61,3.0,71.0,2,0,0.02919838451371386,0.6001168108121387,0
61,4.0,70.0,2,0,0.03401374679796181,0.6001168108121387,0
61,5.0,69.0,2,0,0.03549094107800767,0.6001168108121387,0
61,6.0,68.0,2,0,0.02073420128348307,0.6001168108121387,0
61,7.0,67.0,2,0,0.028195629708732912,0.6001168108121387,0
61,8.0,66.0,2,0,0.02451862617263482,0.6001168108121387,0
61,9.0,65.0,2,0,0.02188286966710714,0.6001168108121387,0
61,10.0,64.0,2,0,0.042579025246261545,0.6001168108121387,0
61,11.0,63.0,2,0,0.048660383445323696,0.6001168108121387,0
61,12.0,62.0,2,0,0.02233078148896939,0.6001168108121387,0
61,13.0,61.0,2,0,0.12062210327512804,0.6001168108121387,0
61,14.0,60.0,2,0,0.04670743557472533,0.6001168108121387,0
61,15.0,59.0,2,0,0.03625695511583487,0.6001168108121387,0
61,16.0,58.0,2,0,0.08385418457359795,0.6001168108121387,0
61,17.0,57.0,2,0,0.07200354648442096,0.6001168108121387,0
61,18.0,56.0,2,0,0.020625553063800275,0.6001168108121387,0
61,19.0,55.0,2,0,0.02814655237847266,0.6001168108121387,0
61,20.0,54.0,2,0,0.03309146180327146,0.6001168108121387,0
61,21.0,53.0,2,0,0.0423213105589146,0.6001168108121387,0
61,22.0,52.0,2,0,0.04322438119540321,0.6001168108121387,0
61,23.0,51.0,2,0,0.02136261929397416,0.6001168108121387,0
61,24.0,50.0,2,0,0.07215881961231659,0.6001168108121387,0
61,25.0,49.0,2,0,0.02751611489263852,0.6001168108121387,0
61,26.0,48.0,2,0,0.06400729644645363,0.6001168108121387,0
61,27.0,47.0,2,0,0.036017540685393326,0.6001168108121387,0
61,28.0,46.0,2,0,0.06959298828318626,0.6001168108121387,0
61,29.0,45.0,2,0,0.025184582816174104,0.6001168108121387,0
61,30.0,44.0,2,0,0.07843358294296576,0.6001168108121387,0
61,31.0,43.0,2,0,0.04988212119003441,0.6001168108121387,0
61,32.0,42.0,2,0,0.0534097759677493,0.6001168108121387,0
61,33.0,41.0,2,0,0.10006937358052287,0.6001168108121387,0
61,34.0,40.0,2,0,0.03744534405417507,0.6001168108121387,0
61,35.0,39.0,2,0,0.10201430886880403,0.6001168108121387,0
61,36.0,38.0,2,0,0.05795609324047237,0.6001168108121387,0
61,37.0,37.0,2,0,0.05278319124909231,0.6001168108121387,0
61,38.0,36.0,2,0,0.2648777609346081,0.6001168108121387,0
61,39.0,35.0,2,0,0.22749544736003874,0.6001168108121387,0
61,40.0,34.0,2,0,0.16234336363811902,0.6001168108121387,0
61,41.0,33.0,2,0,0.3643130539763832,0.6001168108121387,0
61,42.0,32.0,2,0,0.3586543500503495,0.6001168108121387,0
61,43.0,31.0,2,0,0.22583601623012342,0.6001168108121387,0
61,44.0,30.0,2,0,0.32906054765957754,0.6001168108121387,0
61,45.0,29.0,2,0,0.3107713495637447,0.6001168108121387,0
61,46.0,28.0,2,0,0.3053012199941466,0.6001168108121387,0
61,47.0,27.0,2,0,0.6402594411776638,0.6001168108121387,1
61,48.0,26.0,2,0,0.6805078221544271,0.6001168108121387,1
61,49.0,25.0,2,0,0.6872954485635905,0.6001168108121387,1
61,50.0,24.0,2,0,0.7207016858874223,0.6001168108121387,1
61,51.0,23.0,2,0,0.6860737687022902,0.6001168108121387,1
61,52.0,22.0,2,0,0.6041743195657188,0.6001168108121387,1
61,53.0,21.0,2,0,0.7344965402572134,0.6001168108121387,1
61,54.0,20.0,2,1,0.6170472346267204,0.6001168108121387,1
61,55.0,19.0,2,1,0.7595476557263657,0.6001168108121387,1
61,56.0,18.0,2,1,0.7507241594284882,0.6001168108121387,1
61,57.0,17.0,2,1,0.6813276357952368,0.6001168108121387,1
61,58.0,16.0,2,1,0.8134425320710106,0.6001168108121387,1
61,59.0,15.0,2,1,0.6908546543530586,0.6001168108121387,1
61,60.0,14.0,2,1,0.8008373202321901,0.6001168108121387,1
61,61.0,13.0,2,1,0.7108693292076216,0.6001168108121387,1
61,62.0,12.0,2,1,0.7779246898086923,0.6001168108121387,1
61,63.0,11.0,2,1,0.7341098204734736,0.6001168108121387,1
61,64.0,10.0,2,1,0.957626124941467,0.6001168108121387,1
61,65.0,9.0,2,1,0.7966921683319644,0.6001168108121387,1
61,66.0,8.0,2,1,0.8347042623709274,0.6001168108121387,1
61,67.0,7.0,2,1,0.9342218557276598,0.6001168108121387,1
61,68.0,6.0,2,1,0.8618760404932819,0.6001168108121387,1
61,69.0,5.0,2,1,0.9498483126368419,0.6001168108121387,1
61,70.0,4.0,2,1,0.951291797523681,0.6001168108121387,1
61,71.0,3.0,2,1,0.940192356071077,0.6001168108121387,1
61,72.0,2.0,2,1,0.9162157451493146,0.6001168108121387,1
61,73.0,1.0,2,1,0.9258043449226682,0.6001168108121387,1
61,74.0,0.0,2,1,0.9846560902212486,0.6001168108121387,1
62,1.0,77.0,1,0,0.03606064485364129,0.6061926394381595,0
62,2.0,76.0,1,0,0.05667968233765577,0.6061926394381595,0
62,3.0,75.0,1,0,0.021434965636921502,0.6061926394381595,0
62,4.0,74.0,1,0,0.05566995406890776,0.6061926394381595,0
62,5.0,73.0,1,0,0.03638072960103676,0.6061926394381595,0
62,6.0,72.0,1,0,0.033371024047328175,0.6061926394381595,0
62,7.0,71.0,1,0,0.01294580108354527,0.6061926394381595,0
62,8.0,70.0,1,0,0.019267977173304036,0.6061926394381595,0
62,9.0,69.0,1,0,0.03416181828823084,0.6061926394381595,0
62,10.0,68.0,1,0,0.015264730826914657,0.6061926394381595,0
62,11.0,67.0,1,0,0.06322449023144669,0.6061926394381595,0
62,12.0,66.0,1,0,0.030912348902241843,0.6061926394381595,0
62,13.0,65.0,1,0,0.03784583197343152,0.6061926394381595,0
62,14.0,64.0,1,0,0.025193540918705674,0.6061926394381595,0
62,15.0,63.0,1,0,0.03211687388941872,0.6061926394381595,0
62,16.0,62.0,1,0,0.07150421199374794,0.6061926394381595,0
62,17.0,61.0,1,0,0.02352159377519698,0.6061926394381595,0
62,18.0,60.0,1,0,0.019764381910927165,0.6061926394381595,0
62,19.0,59.0,1,0,0.07379817804445246,0.6061926394381595,0
62,20.0,58.0,1,0,0.03440749522838934,0.6061926394381595,0
62,21.0,57.0,1,0,0.00993639494114191,0.6061926394381595,0
62,22.0,56.0,1,0,0.0544388227501241,0.6061926394381595,0
62,23.0,55.0,1,0,0.03495316339156935,0.6061926394381595,0
62,24.0,54.0,1,0,0.027823485108384376,0.6061926394381595,0
62,25.0,53.0,1,0,0.027493266602807407,0.6061926394381595,0
62,26.0,52.0,1,0,0.028378059551253148,0.6061926394381595,0
62,27.0,51.0,1,0,0.025493223795481645,0.6061926394381595,0
62,28.0,50.0,1,0,0.03193515892546427,0.6061926394381595,0
62,29.0,49.0,1,0,0.02762235067009384,0.6061926394381595,0
62,30.0,48.0,1,0,0.057492308073713784,0.6061926394381595,0
62,31.0,47.0,1,0,0.033777885351624314,0.6061926394381595,0
62,32.0,46.0,1,0,0.030964966267192636,0.6061926394381595,0
62,33.0,45.0,1,0,0.052049463030313416,0.6061926394381595,0
62,34.0,44.0,1,0,0.0754843969041115,0.6061926394381595,0
62,35.0,43.0,1,0,0.0974778201074288,0.6061926394381595,0
62,36.0,42.0,1,0,0.04276288859529763,0.6061926394381595,0
62,37.0,41.0,1,0,0.07267025487924808,0.6061926394381595,0
62,38.0,40.0,1,0,0.07510368618328288,0.6061926394381595,0
62,39.0,39.0,1,0,0.1543046891613054,0.6061926394381595,0
62,40.0,38.0,1,0,0.07362825486024564,0.6061926394381595,0
62,41.0,37.0,1,0,0.130950877642685,0.6061926394381595,0
62,42.0,36.0,1,0,0.25896815798089645,0.6061926394381595,0
62,43.0,35.0,1,0,0.1656271672071328,0.6061926394381595,0
62,44.0,34.0,1,0,0.1099919572115965,0.6061926394381595,0
62,45.0,33.0,1,0,0.12060672432343472,0.6061926394381595,0
62,46.0,32.0,1,0,0.31549932419375437,0.6061926394381595,0
62,47.0,31.0,1,0,0.34089972844231303,0.6061926394381595,0
62,48.0,30.0,1,0,0.27996102441109993,0.6061926394381595,0
62,49.0,29.0,1,0,0.3176157016643264,0.6061926394381595,0
62,50.0,28.0,1,0,0.4294330522098136,0.6061926394381595,0
62,51.0,27.0,1,0,0.34902988687017916,0.6061926394381595,0
62,52.0,26.0,1,0,0.411539820474949,0.6061926394381595,0
62,53.0,25.0,1,0,0.4585832027423026,0.6061926394381595,0
62,54.0,24.0,1,0,0.40164998730768126,0.6061926394381595,0
62,55.0,23.0,1,0,0.45334245471187884,0.6061926394381595,0
62,56.0,22.0,1,0,0.6091151627118485,0.6061926394381595,1
62,57.0,21.0,1,0,0.6493071108236009,0.6061926394381595,1
62,58.0,20.0,1,1,0.7429698093759962,0.6061926394381595,1
62,59.0,19.0,1,1,0.6429966804131162,0.6061926394381595,1
62,60.0,18.0,1,1,0.6384080054582555,0.6061926394381595,1
62,61.0,17.0,1,1,0.3975642935871985,0.6061926394381595,0
62,62.0,16.0,1,1,0.6133768114109135,0.6061926394381595,1
62,63.0,15.0,1,1,0.7523687059827556,0.6061926394381595,1
62,64.0,14.0,1,1,0.5950852539432643,0.6061926394381595,0
62,65.0,13.0,1,1,0.6441195370474778,0.6061926394381595,1
62,66.0,12.0,1,1,0.9091826796892477,0.6061926394381595,1
62,67.0,11.0,1,1,0.8505518520365332,0.6061926394381595,1
62,68.0,10.0,1,1,0.9374059110654699,0.6061926394381595,1
62,69.0,9.0,1,1,0.8742944132993643,0.6061926394381595,1
62,70.0,8.0,1,1,0.9225215012033456,0.6061926394381595,1
62,71.0,7.0,1,1,0.910655131882764,0.6061926394381595,1
62,72.0,6.0,1,1,0.9056841326607329,0.6061926394381595,1
62,73.0,5.0,1,1,0.9531579881812611,0.6061926394381595,1
62,74.0,4.0,1,1,0.9627581473741225,0.6061926394381595,1
62,75.0,3.0,1,1,0.974833679584662,0.6061926394381595,1
62,76.0,2.0,1,1,0.980818393244726,0.6061926394381595,1
62,77.0,1.0,1,1,0.9435411540096683,0.6061926394381595,1
62,78.0,0.0,1,1,0.9727411925539516,0.6061926394381595,1
63,1.0,82.0,5,0,0.017100196227326597,0.5936233198117976,0
63,2.0,81.0,5,0,0.006179344644888876,0.5936233198117976,0
63,3.0,80.0,5,0,0.009554400690972787,0.5936233198117976,0
63,4.0,79.0,5,0,0.0023301040452265265,0.5936233198117976,0
63,5.0,78.0,5,0,0.002937125362354019,0.5936233198117976,0
63,6.0,77.0,5,0,0.009082656301923744,0.5936233198117976,0
63,7.0,76.0,5,0,0.002330104045226527,0.5936233198117976,0
63,8.0,75.0,5,0,0.01195242181429781,0.5936233198117976,0
63,9.0,74.0,5,0,0.0029685235977258482,0.5936233198117976,0
63,10.0,73.0,5,0,0.00223766459659948,0.5936233198117976,0
63,11.0,72.0,5,0,0.006366032263586993,0.5936233198117976,0
63,12.0,71.0,5,0,0.0008027950499748894,0.5936233198117976,0
63,13.0,70.0,5,0,0.020241784438389535,0.5936233198117976,0
63,14.0,69.0,5,0,0.00676938461143981,0.5936233198117976,0
63,15.0,68.0,5,0,0.0034180039772464506,0.5936233198117976,0
63,16.0,67.0,5,0,0.00011073031702087322,0.5936233198117976,0
63,17.0,66.0,5,0,0.010666993756077551,0.5936233198117976,0
63,18.0,65.0,5,0,0.00012704854246999662,0.5936233198117976,0
63,19.0,64.0,5,0,0.0008027950499748894,0.5936233198117976,0
63,20.0,63.0,5,0,0.007483250034225092,0.5936233198117976,0
63,21.0,62.0,5,0,7.62159054181562e-05,0.5936233198117976,0
63,22.0,61.0,5,0,0.020363939951066716,0.5936233198117976,0
63,23.0,60.0,5,0,0.00012704854246999662,0.5936233198117976,0
63,24.0,59.0,5,0,0.005380314464699896,0.5936233198117976,0
63,25.0,58.0,5,0,0.0008027950499748894,0.5936233198117976,0
63,26.0,57.0,5,0,0.0008027950499748894,0.5936233198117976,0
63,27.0,56.0,5,0,0.02878579730955197,0.5936233198117976,0
63,28.0,55.0,5,0,0.011722359162888097,0.5936233198117976,0
63,29.0,54.0,5,0,0.006126925295681412,0.5936233198117976,0
63,30.0,53.0,5,0,0.01231468074010314,0.5936233198117976,0
63,31.0,52.0,5,0,0.004201442504838823,0.5936233198117976,0
63,32.0,51.0,5,0,0.009677987665958197,0.5936233198117976,0
63,33.0,50.0,5,0,0.004201442504838823,0.5936233198117976,0
63,34.0,49.0,5,0,0.01190159556678442,0.5936233198117976,0
63,35.0,48.0,5,0,0.005094004749563982,0.5936233198117976,0
63,36.0,47.0,5,0,0.001277947030069123,0.5936233198117976,0
63,37.0,46.0,5,0,0.003253747290472211,0.5936233198117976,0
63,38.0,45.0,5,0,0.00915888140874743,0.5936233198117976,0
63,39.0,44.0,5,0,0.01754065152374698,0.5936233198117976,0
63,40.0,43.0,5,0,0.010018011599971566,0.5936233198117976,0
63,41.0,42.0,5,0,0.0027922613861755133,0.5936233198117976,0
63,42.0,41.0,5,0,0.004788786878155242,0.5936233198117976,0
63,43.0,40.0,5,0,0.017592696787247362,0.5936233198117976,0
63,44.0,39.0,5,0,0.002302160800786292,0.5936233198117976,0
63,45.0,38.0,5,0,0.018811225467670948,0.5936233198117976,0
63,46.0,37.0,5,0,0.026848223917242786,0.5936233198117976,0
63,47.0,36.0,5,0,0.06781556430998859,0.5936233198117976,0
63,48.0,35.0,5,0,0.03096572375322991,0.5936233198117976,0
63,49.0,34.0,5,0,0.04429407027829413,0.5936233198117976,0
63,50.0,33.0,5,0,0.05849198168936251,0.5936233198117976,0
63,51.0,32.0,5,0,0.08422787491514161,0.5936233198117976,0
63,52.0,31.0,5,0,0.12688421563323923,0.5936233198117976,0
63,53.0,30.0,5,0,0.06664381086363078,0.5936233198117976,0
63,54.0,29.0,5,0,0.08474997566625932,0.5936233198117976,0
63,55.0,28.0,5,0,0.02659054101189396,0.5936233198117976,0
63,56.0,27.0,5,0,0.06624107064113562,0.5936233198117976,0
63,57.0,26.0,5,0,0.061137247151325104,0.5936233198117976,0
63,58.0,25.0,5,0,0.11821085177339488,0.5936233198117976,0
63,59.0,24.0,5,0,0.2040864012028489,0.5936233198117976,0
63,60.0,23.0,5,0,0.18572571708914498,0.5936233198117976,0
63,61.0,22.0,5,0,0.06873514236510883,0.5936233198117976,0
63,62.0,21.0,5,0,0.09025401313928287,0.5936233198117976,0
63,63.0,20.0,5,1,0.20138074605782516,0.5936233198117976,0
63,64.0,19.0,5,1,0.30596090370182333,0.5936233198117976,0
63,65.0,18.0,5,1,0.5394505257510426,0.5936233198117976,0
63,66.0,17.0,5,1,0.24427405356037268,0.5936233198117976,0
63,67.0,16.0,5,1,0.34843286001896057,0.5936233198117976,0
63,68.0,15.0,5,1,0.7813431489066655,0.5936233198117976,1
63,69.0,14.0,5,1,0.504424978437774,0.5936233198117976,0
63,70.0,13.0,5,1,0.6981862186421268,0.5936233198117976,1
63,71.0,12.0,5,1,0.8529052683474845,0.5936233198117976,1
63,72.0,11.0,5,1,0.6443891321119284,0.5936233198117976,1
63,73.0,10.0,5,1,0.7491311421780853,0.5936233198117976,1
63,74.0,9.0,5,1,0.8372121431389328,0.5936233198117976,1
63,75.0,8.0,5,1,0.9725726219423616,0.5936233198117976,1
63,76.0,7.0,5,1,0.9579917220431532,0.5936233198117976,1
63,77.0,6.0,5,1,0.95583933365709,0.5936233198117976,1
63,78.0,5.0,5,1,0.9904601261505518,0.5936233198117976,1
63,79.0,4.0,5,1,0.9730298376142102,0.5936233198117976,1
63,80.0,3.0,5,1,0.9668287942137047,0.5936233198117976,1
63,81.0,2.0,5,1,0.9962511328643366,0.5936233198117976,1
63,82.0,1.0,5,1,0.9410819959141955,0.5936233198117976,1
63,83.0,0.0,5,1,0.961823865068971,0.5936233198117976,1
64,1.0,95.0,4,0,0.03141164952675414,0.6112844997130881,0
64,2.0,94.0,4,0,0.02070392987233304,0.6112844997130881,0
64,3.0,93.0,4,0,0.031776108357067914,0.6112844997130881,0
64,4.0,92.0,4,0,0.12068603192258831,0.6112844997130881,0
64,5.0,91.0,4,0,0.0464485854552551,0.6112844997130881,0
64,6.0,90.0,4,0,0.022707676183930298,0.6112844997130881,0
64,7.0,89.0,4,0,0.0405619707955768,0.6112844997130881,0
64,8.0,88.0,4,0,0.14965812197436973,0.6112844997130881,0
64,9.0,87.0,4,0,0.05076136476290735,0.6112844997130881,0
64,10.0,86.0,4,0,0.0394819820775348,0.6112844997130881,0
64,11.0,85.0,4,0,0.04067800343144465,0.6112844997130881,0
64,12.0,84.0,4,0,0.06065055189292985,0.6112844997130881,0
64,13.0,83.0,4,0,0.02875636325236898,0.6112844997130881,0
64,14.0,82.0,4,0,0.03581125716221535,0.6112844997130881,0
64,15.0,81.0,4,0,0.030655368723839713,0.6112844997130881,0
64,16.0,80.0,4,0,0.03517865559165552,0.6112844997130881,0
64,17.0,79.0,4,0,0.059925397416153554,0.6112844997130881,0
64,18.0,78.0,4,0,0.052117575634753346,0.6112844997130881,0
64,19.0,77.0,4,0,0.2428230562946341,0.6112844997130881,0
64,20.0,76.0,4,0,0.07278474977431819,0.6112844997130881,0
64,21.0,75.0,4,0,0.036283050946907966,0.6112844997130881,0
64,22.0,74.0,4,0,0.05078839361928959,0.6112844997130881,0
64,23.0,73.0,4,0,0.04176641901365093,0.6112844997130881,0
64,24.0,72.0,4,0,0.10206257839276978,0.6112844997130881,0
64,25.0,71.0,4,0,0.05478021645755475,0.6112844997130881,0
64,26.0,70.0,4,0,0.0280103570384043,0.6112844997130881,0
64,27.0,69.0,4,0,0.029908802704489767,0.6112844997130881,0
64,28.0,68.0,4,0,0.02839532690001216,0.6112844997130881,0
64,29.0,67.0,4,0,0.04743709535949378,0.6112844997130881,0
64,30.0,66.0,4,0,0.027352204401630744,0.6112844997130881,0
64,31.0,65.0,4,0,0.10324146188896126,0.6112844997130881,0
64,32.0,64.0,4,0,0.08931968929981135,0.6112844997130881,0
64,33.0,63.0,4,0,0.14124723029056216,0.6112844997130881,0
64,34.0,62.0,4,0,0.13470442815078942,0.6112844997130881,0
64,35.0,61.0,4,0,0.14415884016692684,0.6112844997130881,0
64,36.0,60.0,4,0,0.303722976506042,0.6112844997130881,0
64,37.0,59.0,4,0,0.2213858328030808,0.6112844997130881,0
64,38.0,58.0,4,0,0.2458103764453561,0.6112844997130881,0
64,39.0,57.0,4,0,0.14333459605737595,0.6112844997130881,0
64,40.0,56.0,4,0,0.26912068323472027,0.6112844997130881,0
64,41.0,55.0,4,0,0.23594153825276723,0.6112844997130881,0
64,42.0,54.0,4,0,0.15985464664164717,0.6112844997130881,0
64,43.0,53.0,4,0,0.4002040767777328,0.6112844997130881,0
64,44.0,52.0,4,0,0.4019187978827153,0.6112844997130881,0
64,45.0,51.0,4,0,0.3398889059507943,0.6112844997130881,0
64,46.0,50.0,4,0,0.42852350358896474,0.6112844997130881,0
64,47.0,49.0,4,0,0.37452542378063264,0.6112844997130881,0
64,48.0,48.0,4,0,0.4130783480097858,0.6112844997130881,0
64,49.0,47.0,4,0,0.5116402292745078,0.6112844997130881,0
64,50.0,46.0,4,0,0.5799515285231259,0.6112844997130881,0
64,51.0,45.0,4,0,0.7446782026290043,0.6112844997130881,1
64,52.0,44.0,4,0,0.513677747982935,0.6112844997130881,0
64,53.0,43.0,4,0,0.5912774715069709,0.6112844997130881,0
64,54.0,42.0,4,0,0.5444896619729801,0.6112844997130881,0
64,55.0,41.0,4,0,0.6504480361041983,0.6112844997130881,1
64,56.0,40.0,4,0,0.5774462340813769,0.6112844997130881,0
64,57.0,39.0,4,0,0.5999503556159151,0.6112844997130881,0
64,58.0,38.0,4,0,0.6068946720470814,0.6112844997130881,0
64,59.0,37.0,4,0,0.6222366918511774,0.6112844997130881,1
64,60.0,36.0,4,0,0.5638242251324168,0.6112844997130881,0
64,61.0,35.0,4,0,0.7801614592968478,0.6112844997130881,1
64,62.0,34.0,4,0,0.6938804235552075,0.6112844997130881,1
64,63.0,33.0,4,0,0.6629588231564194,0.6112844997130881,1
64,64.0,32.0,4,0,0.5675392351673576,0.6112844997130881,0
64,65.0,31.0,4,0,0.7181927130738437,0.6112844997130881,1
64,66.0,30.0,4,0,0.7382257337987741,0.6112844997130881,1
64,67.0,29.0,4,0,0.6520968257505279,0.6112844997130881,1
64,68.0,28.0,4,0,0.7230193786608419,0.6112844997130881,1
64,69.0,27.0,4,0,0.7367206653125926,0.6112844997130881,1
64,70.0,26.0,4,0,0.6685774729209071,0.6112844997130881,1
64,71.0,25.0,4,0,0.9428938570579716,0.6112844997130881,1
64,72.0,24.0,4,0,0.7677205719566367,0.6112844997130881,1
64,73.0,23.0,4,0,0.7644884400775869,0.6112844997130881,1
64,74.0,22.0,4,0,0.9154595490156898,0.6112844997130881,1
64,75.0,21.0,4,0,0.7412810360947824,0.6112844997130881,1
64,76.0,20.0,4,1,0.9135035374205736,0.6112844997130881,1
64,77.0,19.0,4,1,0.9270894368986101,0.6112844997130881,1
64,78.0,18.0,4,1,0.793630298191218,0.6112844997130881,1
64,79.0,17.0,4,1,0.7544720731146882,0.6112844997130881,1
64,80.0,16.0,4,1,0.9824719396171022,0.6112844997130881,1
64,81.0,15.0,4,1,0.9289111127142413,0.6112844997130881,1
64,82.0,14.0,4,1,0.9142004955753908,0.6112844997130881,1
64,83.0,13.0,4,1,0.9865255994033891,0.6112844997130881,1
64,84.0,12.0,4,1,0.7566666479100737,0.6112844997130881,1
64,85.0,11.0,4,1,0.9557755906761748,0.6112844997130881,1
64,86.0,10.0,4,1,0.9033974152407986,0.6112844997130881,1
64,87.0,9.0,4,1,0.9839636575627436,0.6112844997130881,1
64,88.0,8.0,4,1,0.9016567860940862,0.6112844997130881,1
64,89.0,7.0,4,1,0.7891955354949661,0.6112844997130881,1
64,90.0,6.0,4,1,0.8407939906031443,0.6112844997130881,1
64,91.0,5.0,4,1,0.8835685100389596,0.6112844997130881,1
64,92.0,4.0,4,1,0.8975485642097898,0.6112844997130881,1
64,93.0,3.0,4,1,0.9369386503413615,0.6112844997130881,1
64,94.0,2.0,4,1,0.6806105150025281,0.6112844997130881,1
64,95.0,1.0,4,1,0.9838598414787629,0.6112844997130881,1
64,96.0,0.0,4,1,0.9862781637639118,0.6112844997130881,1
65,1.0,86.0,4,0,0.014478475888862736,0.6112844997130881,0
65,2.0,85.0,4,0,0.005886308210441091,0.6112844997130881,0
65,3.0,84.0,4,0,0.0056348321552631446,0.6112844997130881,0
65,4.0,83.0,4,0,0.0011570122833178575,0.6112844997130881,0
65,5.0,82.0,4,0,0.0016513004984727536,0.6112844997130881,0
65,6.0,81.0,4,0,0.0003084161469080462,0.6112844997130881,0
65,7.0,80.0,4,0,0.008060129112597668,0.6112844997130881,0
65,8.0,79.0,4,0,0.024988923724170307,0.6112844997130881,0
65,9.0,78.0,4,0,0.0047441093613833805,0.6112844997130881,0
65,10.0,77.0,4,0,0.0010931593600941663,0.6112844997130881,0
65,11.0,76.0,4,0,0.0012796736310453924,0.6112844997130881,0
65,12.0,75.0,4,0,0.0010931593600941663,0.6112844997130881,0
65,13.0,74.0,4,0,0.005126019760614405,0.6112844997130881,0
65,14.0,73.0,4,0,0.010645014723140856,0.6112844997130881,0
65,15.0,72.0,4,0,0.00974422265671772,0.6112844997130881,0
65,16.0,71.0,4,0,0.013924309156857604,0.6112844997130881,0
65,17.0,70.0,4,0,0.0045736560131017425,0.6112844997130881,0
65,18.0,69.0,4,0,0.008394430356669477,0.6112844997130881,0
65,19.0,68.0,4,0,0.007969458304199907,0.6112844997130881,0
65,20.0,67.0,4,0,0.059805011369105446,0.6112844997130881,0
65,21.0,66.0,4,0,0.03450384789765821,0.6112844997130881,0
65,22.0,65.0,4,0,0.013368942875076796,0.6112844997130881,0
65,23.0,64.0,4,0,0.009162213491981964,0.6112844997130881,0
65,24.0,63.0,4,0,0.007668972680418877,0.6112844997130881,0
65,25.0,62.0,4,0,0.0010931593600941663,0.6112844997130881,0
65,26.0,61.0,4,0,0.006510693749604873,0.6112844997130881,0
65,27.0,60.0,4,0,0.011877463595260951,0.6112844997130881,0
65,28.0,59.0,4,0,0.02691879922540433,0.6112844997130881,0
65,29.0,58.0,4,0,0.0003084161469080462,0.6112844997130881,0
65,30.0,57.0,4,0,0.016020944230309173,0.6112844997130881,0
65,31.0,56.0,4,0,0.002348108914129331,0.6112844997130881,0
65,32.0,55.0,4,0,0.014795085202561746,0.6112844997130881,0
65,33.0,54.0,4,0,0.002387213724511754,0.6112844997130881,0
65,34.0,53.0,4,0,0.0034801180299525603,0.6112844997130881,0
65,35.0,52.0,4,0,0.009730371614134668,0.6112844997130881,0
65,36.0,51.0,4,0,0.0008943896070515995,0.6112844997130881,0
65,37.0,50.0,4,0,0.020750913516220663,0.6112844997130881,0
65,38.0,49.0,4,0,0.020230614692973447,0.6112844997130881,0
65,39.0,48.0,4,0,0.03645956898591805,0.6112844997130881,0
65,40.0,47.0,4,0,0.006417958113538749,0.6112844997130881,0
65,41.0,46.0,4,0,0.006043541431197497,0.6112844997130881,0
65,42.0,45.0,4,0,0.015817339243324003,0.6112844997130881,0
65,43.0,44.0,4,0,0.006851570356720574,0.6112844997130881,0
65,44.0,43.0,4,0,0.025767619205146773,0.6112844997130881,0
65,45.0,42.0,4,0,0.02456069269629411,0.6112844997130881,0
65,46.0,41.0,4,0,0.0664331829898036,0.6112844997130881,0
65,47.0,40.0,4,0,0.03194763818691503,0.6112844997130881,0
65,48.0,39.0,4,0,0.12480852422994884,0.6112844997130881,0
65,49.0,38.0,4,0,0.09594411632240259,0.6112844997130881,0
65,50.0,37.0,4,0,0.017253380267315942,0.6112844997130881,0
65,51.0,36.0,4,0,0.060154159203055016,0.6112844997130881,0
65,52.0,35.0,4,0,0.15239716641252365,0.6112844997130881,0
65,53.0,34.0,4,0,0.09496456468304584,0.6112844997130881,0
65,54.0,33.0,4,0,0.12388033992618341,0.6112844997130881,0
65,55.0,32.0,4,0,0.09613511254838784,0.6112844997130881,0
65,56.0,31.0,4,0,0.08065184694304851,0.6112844997130881,0
65,57.0,30.0,4,0,0.18819579819050708,0.6112844997130881,0
65,58.0,29.0,4,0,0.0993072489568075,0.6112844997130881,0
65,59.0,28.0,4,0,0.2182185144043895,0.6112844997130881,0
65,60.0,27.0,4,0,0.1497425701443866,0.6112844997130881,0
65,61.0,26.0,4,0,0.12341030731042402,0.6112844997130881,0
65,62.0,25.0,4,0,0.47266476842316185,0.6112844997130881,0
65,63.0,24.0,4,0,0.352768639143386,0.6112844997130881,0
65,64.0,23.0,4,0,0.4185205848433286,0.6112844997130881,0
65,65.0,22.0,4,0,0.5175464460574539,0.6112844997130881,0
65,66.0,21.0,4,0,0.7106364409991326,0.6112844997130881,1
65,67.0,20.0,4,1,0.6019508206289942,0.6112844997130881,0
65,68.0,19.0,4,1,0.7773473527140651,0.6112844997130881,1
65,69.0,18.0,4,1,0.49793071822786683,0.6112844997130881,0
65,70.0,17.0,4,1,0.5228357856084771,0.6112844997130881,0
65,71.0,16.0,4,1,0.7621841534994047,0.6112844997130881,1
65,72.0,15.0,4,1,0.7975432973709528,0.6112844997130881,1
65,73.0,14.0,4,1,0.7992243210434296,0.6112844997130881,1
65,74.0,13.0,4,1,0.7702537494265213,0.6112844997130881,1
65,75.0,12.0,4,1,0.9757004669795732,0.6112844997130881,1
65,76.0,11.0,4,1,0.8598521372564372,0.6112844997130881,1
65,77.0,10.0,4,1,0.950723054583388,0.6112844997130881,1
65,78.0,9.0,4,1,0.6613767087366564,0.6112844997130881,1
65,79.0,8.0,4,1,0.7225545276535406,0.6112844997130881,1
65,80.0,7.0,4,1,0.9808015909683816,0.6112844997130881,1
65,81.0,6.0,4,1,0.9095933287979963,0.6112844997130881,1
65,82.0,5.0,4,1,0.9691322521011414,0.6112844997130881,1
65,83.0,4.0,4,1,0.9178543600336162,0.6112844997130881,1
65,84.0,3.0,4,1,0.7719245417226424,0.6112844997130881,1
65,85.0,2.0,4,1,0.9310396642386581,0.6112844997130881,1
65,86.0,1.0,4,1,0.9779356118409315,0.6112844997130881,1
65,87.0,0.0,4,1,0.9926736336638097,0.6112844997130881,1
66,1.0,71.0,4,0,0.017982734358275573,0.6112844997130881,0
66,2.0,70.0,4,0,0.03378391110080582,0.6112844997130881,0
66,3.0,69.0,4,0,0.014187139252686264,0.6112844997130881,0
66,4.0,68.0,4,0,0.00012083960807642976,0.6112844997130881,0
66,5.0,67.0,4,0,0.018989817118833248,0.6112844997130881,0
66,6.0,66.0,4,0,0.006308424832680516,0.6112844997130881,0
66,7.0,65.0,4,0,0.02062314857695268,0.6112844997130881,0
66,8.0,64.0,4,0,0.011711035130501049,0.6112844997130881,0
66,9.0,63.0,4,0,0.05595206055000573,0.6112844997130881,0
66,10.0,62.0,4,0,0.18462779098817755,0.6112844997130881,0
66,11.0,61.0,4,0,0.011836172558204305,0.6112844997130881,0
66,12.0,60.0,4,0,0.02252649042507217,0.6112844997130881,0
66,13.0,59.0,4,0,0.02078191089456544,0.6112844997130881,0
66,14.0,58.0,4,0,0.004822783946699796,0.6112844997130881,0
66,15.0,57.0,4,0,0.014278511501257822,0.6112844997130881,0
66,16.0,56.0,4,0,0.12517638974726203,0.6112844997130881,0
66,17.0,55.0,4,0,0.028153943591260867,0.6112844997130881,0
66,18.0,54.0,4,0,0.01664640513759686,0.6112844997130881,0
66,19.0,53.0,4,0,0.009863660917647885,0.6112844997130881,0
66,20.0,52.0,4,0,0.014337060091676844,0.6112844997130881,0
66,21.0,51.0,4,0,0.02500950635201663,0.6112844997130881,0
66,22.0,50.0,4,0,0.02639981171599338,0.6112844997130881,0
66,23.0,49.0,4,0,0.02421144242804086,0.6112844997130881,0
66,24.0,48.0,4,0,0.10786395064541823,0.6112844997130881,0
66,25.0,47.0,4,0,0.00665147403963893,0.6112844997130881,0
66,26.0,46.0,4,0,0.018757058459955577,0.6112844997130881,0
66,27.0,45.0,4,0,0.06463817060672442,0.6112844997130881,0
66,28.0,44.0,4,0,0.007544291994902171,0.6112844997130881,0
66,29.0,43.0,4,0,0.004176694324521354,0.6112844997130881,0
66,30.0,42.0,4,0,0.03639719781770567,0.6112844997130881,0
66,31.0,41.0,4,0,0.08413172118542726,0.6112844997130881,0
66,32.0,40.0,4,0,0.035890076324509426,0.6112844997130881,0
66,33.0,39.0,4,0,0.004169985148944421,0.6112844997130881,0
66,34.0,38.0,4,0,0.023381520686423803,0.6112844997130881,0
66,35.0,37.0,4,0,0.08777804890596626,0.6112844997130881,0
66,36.0,36.0,4,0,0.027744827592478778,0.6112844997130881,0
66,37.0,35.0,4,0,0.02328732176810372,0.6112844997130881,0
66,38.0,34.0,4,0,0.029681795595984873,0.6112844997130881,0
66,39.0,33.0,4,0,0.07784064108604613,0.6112844997130881,0
66,40.0,32.0,4,0,0.05232307876764589,0.6112844997130881,0
66,41.0,31.0,4,0,0.17875402015186592,0.6112844997130881,0
66,42.0,30.0,4,0,0.09137206102423744,0.6112844997130881,0
66,43.0,29.0,4,0,0.05973031221411661,0.6112844997130881,0
66,44.0,28.0,4,0,0.11179271379278873,0.6112844997130881,0
66,45.0,27.0,4,0,0.08964669829773778,0.6112844997130881,0
66,46.0,26.0,4,0,0.35704011826390136,0.6112844997130881,0
66,47.0,25.0,4,0,0.05426480208679317,0.6112844997130881,0
66,48.0,24.0,4,0,0.04643049057202717,0.6112844997130881,0
66,49.0,23.0,4,0,0.05817914026122315,0.6112844997130881,0
66,50.0,22.0,4,0,0.37240146651420253,0.6112844997130881,0
66,51.0,21.0,4,0,0.3293506315873103,0.6112844997130881,0
66,52.0,20.0,4,1,0.3249757054830777,0.6112844997130881,0
66,53.0,19.0,4,1,0.3332336049448076,0.6112844997130881,0
66,54.0,18.0,4,1,0.5846851226699461,0.6112844997130881,0
66,55.0,17.0,4,1,0.2057752993896507,0.6112844997130881,0
66,56.0,16.0,4,1,0.54542677507908,0.6112844997130881,0
66,57.0,15.0,4,1,0.6842547628768011,0.6112844997130881,1
66,58.0,14.0,4,1,0.7447888065134902,0.6112844997130881,1
66,59.0,13.0,4,1,0.6335558016032656,0.6112844997130881,1
66,60.0,12.0,4,1,0.7081151133024673,0.6112844997130881,1
66,61.0,11.0,4,1,0.725083619227995,0.6112844997130881,1
66,62.0,10.0,4,1,0.7253622375337495,0.6112844997130881,1
66,63.0,9.0,4,1,0.7417878909527323,0.6112844997130881,1
66,64.0,8.0,4,1,0.8760967287669004,0.6112844997130881,1
66,65.0,7.0,4,1,0.6583344463022903,0.6112844997130881,1
66,66.0,6.0,4,1,0.7655761398313152,0.6112844997130881,1
66,67.0,5.0,4,1,0.9218822174814828,0.6112844997130881,1
66,68.0,4.0,4,1,0.6850815005889057,0.6112844997130881,1
66,69.0,3.0,4,1,0.7438843837005533,0.6112844997130881,1
66,70.0,2.0,4,1,0.9831217679450721,0.6112844997130881,1
66,71.0,1.0,4,1,0.9724498766541275,0.6112844997130881,1
66,72.0,0.0,4,1,0.9651908001316547,0.6112844997130881,1
67,1.0,50.0,1,0,0.049234104665390264,0.6061926394381595,0
67,2.0,49.0,1,0,0.05002530336274064,0.6061926394381595,0
67,3.0,48.0,1,0,0.06866179262129327,0.6061926394381595,0
67,4.0,47.0,1,0,0.13232858563012495,0.6061926394381595,0
67,5.0,46.0,1,0,0.02580295151211153,0.6061926394381595,0
67,6.0,45.0,1,0,0.020025482552807276,0.6061926394381595,0
67,7.0,44.0,1,0,0.022041106636472862,0.6061926394381595,0
67,8.0,43.0,1,0,0.04461217083975362,0.6061926394381595,0
67,9.0,42.0,1,0,0.02419481503746377,0.6061926394381595,0
67,10.0,41.0,1,0,0.04633693176267051,0.6061926394381595,0
67,11.0,40.0,1,0,0.05881880847647575,0.6061926394381595,0
67,12.0,39.0,1,0,0.03764930870807039,0.6061926394381595,0
67,13.0,38.0,1,0,0.06429315783019346,0.6061926394381595,0
67,14.0,37.0,1,0,0.1377116042992785,0.6061926394381595,0
67,15.0,36.0,1,0,0.07458767983814535,0.6061926394381595,0
67,16.0,35.0,1,0,0.0891625900944028,0.6061926394381595,0
67,17.0,34.0,1,0,0.11493994648998945,0.6061926394381595,0
67,18.0,33.0,1,0,0.12042695527566984,0.6061926394381595,0
67,19.0,32.0,1,0,0.04678779972521689,0.6061926394381595,0
67,20.0,31.0,1,0,0.09491767981464541,0.6061926394381595,0
67,21.0,30.0,1,0,0.03960144498831029,0.6061926394381595,0
67,22.0,29.0,1,0,0.10318505092521696,0.6061926394381595,0
67,23.0,28.0,1,0,0.09519940390363431,0.6061926394381595,0
67,24.0,27.0,1,0,0.09319843701892602,0.6061926394381595,0
67,25.0,26.0,1,0,0.04430313726140252,0.6061926394381595,0
67,26.0,25.0,1,0,0.049483427633300346,0.6061926394381595,0
67,27.0,24.0,1,0,0.040650120818370675,0.6061926394381595,0
67,28.0,23.0,1,0,0.1114859937941664,0.6061926394381595,0
67,29.0,22.0,1,0,0.09125730884511378,0.6061926394381595,0
67,30.0,21.0,1,0,0.1389603704728696,0.6061926394381595,0
67,31.0,20.0,1,1,0.1604242041847546,0.6061926394381595,0
67,32.0,19.0,1,1,0.18304467508989414,0.6061926394381595,0
67,33.0,18.0,1,1,0.4977204588256921,0.6061926394381595,0
67,34.0,17.0,1,1,0.24360456338660813,0.6061926394381595,0
67,35.0,16.0,1,1,0.4005601249282487,0.6061926394381595,0
67,36.0,15.0,1,1,0.3755622045097248,0.6061926394381595,0
67,37.0,14.0,1,1,0.48399801442145224,0.6061926394381595,0
67,38.0,13.0,1,1,0.6067746744311339,0.6061926394381595,1
67,39.0,12.0,1,1,0.4507833393159169,0.6061926394381595,0
67,40.0,11.0,1,1,0.3502260387653898,0.6061926394381595,0
67,41.0,10.0,1,1,0.7752595527224583,0.6061926394381595,1
67,42.0,9.0,1,1,0.7934098674527083,0.6061926394381595,1
67,43.0,8.0,1,1,0.6440457292468018,0.6061926394381595,1
67,44.0,7.0,1,1,0.5887029362531899,0.6061926394381595,0
67,45.0,6.0,1,1,0.8330234016807609,0.6061926394381595,1
67,46.0,5.0,1,1,0.9130879543843649,0.6061926394381595,1
67,47.0,4.0,1,1,0.8320439167064622,0.6061926394381595,1
67,48.0,3.0,1,1,0.8331263898079257,0.6061926394381595,1
67,49.0,2.0,1,1,0.8998506749965174,0.6061926394381595,1
67,50.0,1.0,1,1,0.9613390373534112,0.6061926394381595,1
67,51.0,0.0,1,1,0.8804922340953091,0.6061926394381595,1
68,1.0,74.0,1,0,0.01917659640900793,0.6061926394381595,0
68,2.0,73.0,1,0,0.01083018897915949,0.6061926394381595,0
68,3.0,72.0,1,0,0.008134321532575553,0.6061926394381595,0
68,4.0,71.0,1,0,0.011802452352148806,0.6061926394381595,0
68,5.0,70.0,1,0,0.0020531986523013137,0.6061926394381595,0
68,6.0,69.0,1,0,0.005095836754049611,0.6061926394381595,0
68,7.0,68.0,1,0,0.02729553698906934,0.6061926394381595,0
68,8.0,67.0,1,0,0.01416442317014033,0.6061926394381595,0
68,9.0,66.0,1,0,0.007690867302386657,0.6061926394381595,0
68,10.0,65.0,1,0,0.015039387412196476,0.6061926394381595,0
68,11.0,64.0,1,0,0.002376102305619282,0.6061926394381595,0
68,12.0,63.0,1,0,0.01645970462822031,0.6061926394381595,0
68,13.0,62.0,1,0,0.0053865877233638245,0.6061926394381595,0
68,14.0,61.0,1,0,0.04250599604927925,0.6061926394381595,0
68,15.0,60.0,1,0,0.009521612474987482,0.6061926394381595,0
68,16.0,59.0,1,0,0.0018485990062718947,0.6061926394381595,0
68,17.0,58.0,1,0,0.01759736773535084,0.6061926394381595,0
68,18.0,57.0,1,0,0.023021725762679083,0.6061926394381595,0
68,19.0,56.0,1,0,0.015311971126197121,0.6061926394381595,0
68,20.0,55.0,1,0,0.009819171236840759,0.6061926394381595,0
68,21.0,54.0,1,0,0.011057611953014856,0.6061926394381595,0
68,22.0,53.0,1,0,0.011368126009083709,0.6061926394381595,0
68,23.0,52.0,1,0,0.01606772360629671,0.6061926394381595,0
68,24.0,51.0,1,0,0.01771557511652322,0.6061926394381595,0
68,25.0,50.0,1,0,0.018772018272038,0.6061926394381595,0
68,26.0,49.0,1,0,0.008377791356820033,0.6061926394381595,0
68,27.0,48.0,1,0,0.005327522350978624,0.6061926394381595,0
68,28.0,47.0,1,0,0.030861542061846,0.6061926394381595,0
68,29.0,46.0,1,0,0.043616495862164026,0.6061926394381595,0
68,30.0,45.0,1,0,0.06757374108143574,0.6061926394381595,0
68,31.0,44.0,1,0,0.030783536417042852,0.6061926394381595,0
68,32.0,43.0,1,0,0.038226058833276406,0.6061926394381595,0
68,33.0,42.0,1,0,0.017664884483141977,0.6061926394381595,0
68,34.0,41.0,1,0,0.007871157908327422,0.6061926394381595,0
68,35.0,40.0,1,0,0.009082715968776106,0.6061926394381595,0
68,36.0,39.0,1,0,0.00496785096910477,0.6061926394381595,0
68,37.0,38.0,1,0,0.03814332634904516,0.6061926394381595,0
68,38.0,37.0,1,0,0.01821791973775814,0.6061926394381595,0
68,39.0,36.0,1,0,0.013939921956571939,0.6061926394381595,0
68,40.0,35.0,1,0,0.007312698266793576,0.6061926394381595,0
68,41.0,34.0,1,0,0.1945827826809678,0.6061926394381595,0
68,42.0,33.0,1,0,0.021701282271417804,0.6061926394381595,0
68,43.0,32.0,1,0,0.07208649099587464,0.6061926394381595,0
68,44.0,31.0,1,0,0.060195366742797546,0.6061926394381595,0
68,45.0,30.0,1,0,0.06022953374662707,0.6061926394381595,0
68,46.0,29.0,1,0,0.08836257377223317,0.6061926394381595,0
68,47.0,28.0,1,0,0.16188960986952483,0.6061926394381595,0
68,48.0,27.0,1,0,0.046204550131434236,0.6061926394381595,0
68,49.0,26.0,1,0,0.13353019614772857,0.6061926394381595,0
68,50.0,25.0,1,0,0.1257585781537177,0.6061926394381595,0
68,51.0,24.0,1,0,0.16548466933192704,0.6061926394381595,0
68,52.0,23.0,1,0,0.3755983335977649,0.6061926394381595,0
68,53.0,22.0,1,0,0.2829667870299948,0.6061926394381595,0
68,54.0,21.0,1,0,0.11673749211361868,0.6061926394381595,0
68,55.0,20.0,1,1,0.3876646876306724,0.6061926394381595,0
68,56.0,19.0,1,1,0.16980628914703527,0.6061926394381595,0
68,57.0,18.0,1,1,0.6958652969538646,0.6061926394381595,1
68,58.0,17.0,1,1,0.24119868463949998,0.6061926394381595,0
68,59.0,16.0,1,1,0.6855403549520028,0.6061926394381595,1
68,60.0,15.0,1,1,0.5916104906248698,0.6061926394381595,0
68,61.0,14.0,1,1,0.7408018599476045,0.6061926394381595,1
68,62.0,13.0,1,1,0.7446450790404919,0.6061926394381595,1
68,63.0,12.0,1,1,0.9186994789622517,0.6061926394381595,1
68,64.0,11.0,1,1,0.9483943626198343,0.6061926394381595,1
68,65.0,10.0,1,1,0.897237688853042,0.6061926394381595,1
68,66.0,9.0,1,1,0.9143125293989962,0.6061926394381595,1
68,67.0,8.0,1,1,0.9675892179822048,0.6061926394381595,1
68,68.0,7.0,1,1,0.9406056813889565,0.6061926394381595,1
68,69.0,6.0,1,1,0.8999484283337116,0.6061926394381595,1
68,70.0,5.0,1,1,0.9394307624333215,0.6061926394381595,1
68,71.0,4.0,1,1,0.96560042841794,0.6061926394381595,1
68,72.0,3.0,1,1,0.962690313269551,0.6061926394381595,1
68,73.0,2.0,1,1,0.9646956414017606,0.6061926394381595,1
68,74.0,1.0,1,1,0.9303602059368832,0.6061926394381595,1
68,75.0,0.0,1,1,0.9655608777235956,0.6061926394381595,1
69,1.0,70.0,3,0,0.03528514036127586,0.613505769296565,0
69,2.0,69.0,3,0,0.059283145022890164,0.613505769296565,0
69,3.0,68.0,3,0,0.0508418730970114,0.613505769296565,0
69,4.0,67.0,3,0,0.05735602394731591,0.613505769296565,0
69,5.0,66.0,3,0,0.02058826699810968,0.613505769296565,0
69,6.0,65.0,3,0,0.06935735221827115,0.613505769296565,0
69,7.0,64.0,3,0,0.039508079097103216,0.613505769296565,0
69,8.0,63.0,3,0,0.042088185267528305,0.613505769296565,0
69,9.0,62.0,3,0,0.024178558258363583,0.613505769296565,0
69,10.0,61.0,3,0,0.059901295306135596,0.613505769296565,0
69,11.0,60.0,3,0,0.03690118156337639,0.613505769296565,0
69,12.0,59.0,3,0,0.03752320929786637,0.613505769296565,0
69,13.0,58.0,3,0,0.02681614842912275,0.613505769296565,0
69,14.0,57.0,3,0,0.049558490302341794,0.613505769296565,0
69,15.0,56.0,3,0,0.03138015669993653,0.613505769296565,0
69,16.0,55.0,3,0,0.048473418578983525,0.613505769296565,0
69,17.0,54.0,3,0,0.04709097593948364,0.613505769296565,0
69,18.0,53.0,3,0,0.04425079941658569,0.613505769296565,0
69,19.0,52.0,3,0,0.04173631758753214,0.613505769296565,0
69,20.0,51.0,3,0,0.04927379955002967,0.613505769296565,0
69,21.0,50.0,3,0,0.042187089484517035,0.613505769296565,0
69,22.0,49.0,3,0,0.0420549787234652,0.613505769296565,0
69,23.0,48.0,3,0,0.0688926392208307,0.613505769296565,0
69,24.0,47.0,3,0,0.09918102644916192,0.613505769296565,0
69,25.0,46.0,3,0,0.07137968743578317,0.613505769296565,0
69,26.0,45.0,3,0,0.06791491434858193,0.613505769296565,0
69,27.0,44.0,3,0,0.05626334793605684,0.613505769296565,0
69,28.0,43.0,3,0,0.027818454057458013,0.613505769296565,0
69,29.0,42.0,3,0,0.07990315855543606,0.613505769296565,0
69,30.0,41.0,3,0,0.06114592439389927,0.613505769296565,0
69,31.0,40.0,3,0,0.07084861810125972,0.613505769296565,0
69,32.0,39.0,3,0,0.04607370258604711,0.613505769296565,0
69,33.0,38.0,3,0,0.0631866161022537,0.613505769296565,0
69,34.0,37.0,3,0,0.13799000642066622,0.613505769296565,0
69,35.0,36.0,3,0,0.13516592523692206,0.613505769296565,0
69,36.0,35.0,3,0,0.17552761361702743,0.613505769296565,0
69,37.0,34.0,3,0,0.026311313729045497,0.613505769296565,0
69,38.0,33.0,3,0,0.2539626639440269,0.613505769296565,0
69,39.0,32.0,3,0,0.47907107646535263,0.613505769296565,0
69,40.0,31.0,3,0,0.3973394304798635,0.613505769296565,0
69,41.0,30.0,3,0,0.4394542505411404,0.613505769296565,0
69,42.0,29.0,3,0,0.49633582521787567,0.613505769296565,0
69,43.0,28.0,3,0,0.4285822294961761,0.613505769296565,0
69,44.0,27.0,3,0,0.6211317538800672,0.613505769296565,1
69,45.0,26.0,3,0,0.5533467064174831,0.613505769296565,0
69,46.0,25.0,3,0,0.26285385405983297,0.613505769296565,0
69,47.0,24.0,3,0,0.6190012054871381,0.613505769296565,1
69,48.0,23.0,3,0,0.7001092547224353,0.613505769296565,1
69,49.0,22.0,3,0,0.7497230257180979,0.613505769296565,1
69,50.0,21.0,3,0,0.4246746634723189,0.613505769296565,0
69,51.0,20.0,3,1,0.6186700237127972,0.613505769296565,1
69,52.0,19.0,3,1,0.7523543099563333,0.613505769296565,1
69,53.0,18.0,3,1,0.713460272349214,0.613505769296565,1
69,54.0,17.0,3,1,0.7494574584068083,0.613505769296565,1
69,55.0,16.0,3,1,0.769442860835527,0.613505769296565,1
69,56.0,15.0,3,1,0.8161418450717598,0.613505769296565,1
69,57.0,14.0,3,1,0.6041013723722642,0.613505769296565,0
69,58.0,13.0,3,1,0.8037444292852142,0.613505769296565,1
69,59.0,12.0,3,1,0.7470496659058282,0.613505769296565,1
69,60.0,11.0,3,1,0.8205834343287002,0.613505769296565,1
69,61.0,10.0,3,1,0.9260198597449428,0.613505769296565,1
69,62.0,9.0,3,1,0.8601995674863011,0.613505769296565,1
69,63.0,8.0,3,1,0.8989521363612851,0.613505769296565,1
69,64.0,7.0,3,1,0.9821937172657764,0.613505769296565,1
69,65.0,6.0,3,1,0.9334208534465982,0.613505769296565,1
69,66.0,5.0,3,1,0.8145195009152435,0.613505769296565,1
69,67.0,4.0,3,1,0.8518951511217877,0.613505769296565,1
69,68.0,3.0,3,1,0.9410914770400548,0.613505769296565,1
69,69.0,2.0,3,1,0.9761054715405592,0.613505769296565,1
69,70.0,1.0,3,1,0.8298469049317485,0.613505769296565,1
69,71.0,0.0,3,1,0.9463187317192602,0.613505769296565,1
70,1.0,55.0,1,0,0.028787406498862935,0.6061926394381595,0
70,2.0,54.0,1,0,0.07405189860333085,0.6061926394381595,0
70,3.0,53.0,1,0,0.018552493496194027,0.6061926394381595,0
70,4.0,52.0,1,0,0.06349831731187415,0.6061926394381595,0
70,5.0,51.0,1,0,0.10723601430594898,0.6061926394381595,0
70,6.0,50.0,1,0,0.08316151717780704,0.6061926394381595,0
70,7.0,49.0,1,0,0.06022776119958078,0.6061926394381595,0
70,8.0,48.0,1,0,0.06810894146813919,0.6061926394381595,0
70,9.0,47.0,1,0,0.032654596417799386,0.6061926394381595,0
70,10.0,46.0,1,0,0.04007224642479817,0.6061926394381595,0
70,11.0,45.0,1,0,0.03665459641779938,0.6061926394381595,0
70,12.0,44.0,1,0,0.03780351848624238,0.6061926394381595,0
70,13.0,43.0,1,0,0.026151910936169833,0.6061926394381595,0
70,14.0,42.0,1,0,0.04944316479589415,0.6061926394381595,0
70,15.0,41.0,1,0,0.08577482630065102,0.6061926394381595,0
70,16.0,40.0,1,0,0.03294586002586608,0.6061926394381595,0
70,17.0,39.0,1,0,0.11623889917878474,0.6061926394381595,0
70,18.0,38.0,1,0,0.0352062300233622,0.6061926394381595,0
70,19.0,37.0,1,0,0.012789794635640658,0.6061926394381595,0
70,20.0,36.0,1,0,0.09731919895776296,0.6061926394381595,0
70,21.0,35.0,1,0,0.018501951325135768,0.6061926394381595,0
70,22.0,34.0,1,0,0.04884556491563338,0.6061926394381595,0
70,23.0,33.0,1,0,0.04158650461929563,0.6061926394381595,0
70,24.0,32.0,1,0,0.06819725585456952,0.6061926394381595,0
70,25.0,31.0,1,0,0.11918867389174673,0.6061926394381595,0
70,26.0,30.0,1,0,0.07015630018800423,0.6061926394381595,0
70,27.0,29.0,1,0,0.04438384511924377,0.6061926394381595,0
70,28.0,28.0,1,0,0.03169537690065922,0.6061926394381595,0
70,29.0,27.0,1,0,0.07319353756755673,0.6061926394381595,0
70,30.0,26.0,1,0,0.08484408030848462,0.6061926394381595,0
70,31.0,25.0,1,0,0.07844645994778451,0.6061926394381595,0
70,32.0,24.0,1,0,0.18161890718760584,0.6061926394381595,0
70,33.0,23.0,1,0,0.09103031560836743,0.6061926394381595,0
70,34.0,22.0,1,0,0.2900838106126909,0.6061926394381595,0
70,35.0,21.0,1,0,0.2552759063995486,0.6061926394381595,0
70,36.0,20.0,1,1,0.2863337311017557,0.6061926394381595,0
70,37.0,19.0,1,1,0.18568938668097862,0.6061926394381595,0
70,38.0,18.0,1,1,0.06078265579295834,0.6061926394381595,0
70,39.0,17.0,1,1,0.2911408816696848,0.6061926394381595,0
70,40.0,16.0,1,1,0.37165710387432793,0.6061926394381595,0
70,41.0,15.0,1,1,0.4047464982683008,0.6061926394381595,0
70,42.0,14.0,1,1,0.41465204376967024,0.6061926394381595,0
70,43.0,13.0,1,1,0.525640523581423,0.6061926394381595,0
70,44.0,12.0,1,1,0.4744776095570956,0.6061926394381595,0
70,45.0,11.0,1,1,0.21873872447859832,0.6061926394381595,0
70,46.0,10.0,1,1,0.37144822706684677,0.6061926394381595,0
70,47.0,9.0,1,1,0.7226137788203264,0.6061926394381595,1
70,48.0,8.0,1,1,0.8497465754556875,0.6061926394381595,1
70,49.0,7.0,1,1,0.8775919732165516,0.6061926394381595,1
70,50.0,6.0,1,1,0.8758132590969765,0.6061926394381595,1
70,51.0,5.0,1,1,0.6075819923042961,0.6061926394381595,1
70,52.0,4.0,1,1,0.8505174879498445,0.6061926394381595,1
70,53.0,3.0,1,1,0.9490442147576083,0.6061926394381595,1
70,54.0,2.0,1,1,0.8590108860987214,0.6061926394381595,1
70,55.0,1.0,1,1,0.8805809081988621,0.6061926394381595,1
70,56.0,0.0,1,1,0.8767062170894906,0.6061926394381595,1
71,1.0,57.0,2,0,0.1392858868837246,0.6001168108121387,0
71,2.0,56.0,2,0,0.04317836500950384,0.6001168108121387,0
71,3.0,55.0,2,0,0.031274607455726355,0.6001168108121387,0
71,4.0,54.0,2,0,0.050907867432254186,0.6001168108121387,0
71,5.0,53.0,2,0,0.14108864432683565,0.6001168108121387,0
71,6.0,52.0,2,0,0.03794554863150109,0.6001168108121387,0
71,7.0,51.0,2,0,0.013775277394667254,0.6001168108121387,0
71,8.0,50.0,2,0,0.12438404524185029,0.6001168108121387,0
71,9.0,49.0,2,0,0.10049556876876627,0.6001168108121387,0
71,10.0,48.0,2,0,0.06539820592716131,0.6001168108121387,0
71,11.0,47.0,2,0,0.08939334282917911,0.6001168108121387,0
71,12.0,46.0,2,0,0.08055687268340668,0.6001168108121387,0
71,13.0,45.0,2,0,0.1563947982270837,0.6001168108121387,0
71,14.0,44.0,2,0,0.06604648724799086,0.6001168108121387,0
71,15.0,43.0,2,0,0.04296999797926349,0.6001168108121387,0
71,16.0,42.0,2,0,0.039885133620482995,0.6001168108121387,0
71,17.0,41.0,2,0,0.08302646005599598,0.6001168108121387,0
71,18.0,40.0,2,0,0.0709758207302689,0.6001168108121387,0
71,19.0,39.0,2,0,0.1580016743480349,0.6001168108121387,0
71,20.0,38.0,2,0,0.11168486732614283,0.6001168108121387,0
71,21.0,37.0,2,0,0.08384360590439725,0.6001168108121387,0
71,22.0,36.0,2,0,0.041182036771147006,0.6001168108121387,0
71,23.0,35.0,2,0,0.056332602699543974,0.6001168108121387,0
71,24.0,34.0,2,0,0.09382461252263095,0.6001168108121387,0
71,25.0,33.0,2,0,0.12506839568055003,0.6001168108121387,0
71,26.0,32.0,2,0,0.07155071163888473,0.6001168108121387,0
71,27.0,31.0,2,0,0.08071282426442809,0.6001168108121387,0
71,28.0,30.0,2,0,0.15281067904211637,0.6001168108121387,0
71,29.0,29.0,2,0,0.07922768842125141,0.6001168108121387,0
71,30.0,28.0,2,0,0.11441446564565581,0.6001168108121387,0
71,31.0,27.0,2,0,0.22594493310721808,0.6001168108121387,0
71,32.0,26.0,2,0,0.5329369843918327,0.6001168108121387,0
71,33.0,25.0,2,0,0.1840172035873506,0.6001168108121387,0
71,34.0,24.0,2,0,0.24748956380412448,0.6001168108121387,0
71,35.0,23.0,2,0,0.16403569429159984,0.6001168108121387,0
71,36.0,22.0,2,0,0.13346086770063076,0.6001168108121387,0
71,37.0,21.0,2,0,0.3144045334430766,0.6001168108121387,0
71,38.0,20.0,2,1,0.5058087747990537,0.6001168108121387,0
71,39.0,19.0,2,1,0.36968975184231884,0.6001168108121387,0
71,40.0,18.0,2,1,0.48048516494776283,0.6001168108121387,0
71,41.0,17.0,2,1,0.45808291721606753,0.6001168108121387,0
71,42.0,16.0,2,1,0.32549965647522144,0.6001168108121387,0
71,43.0,15.0,2,1,0.6709069775654973,0.6001168108121387,1
71,44.0,14.0,2,1,0.6512608078239027,0.6001168108121387,1
71,45.0,13.0,2,1,0.7410369555688119,0.6001168108121387,1
71,46.0,12.0,2,1,0.7455398600868053,0.6001168108121387,1
71,47.0,11.0,2,1,0.6881889901095992,0.6001168108121387,1
71,48.0,10.0,2,1,0.8848511280130142,0.6001168108121387,1
71,49.0,9.0,2,1,0.9196285062091272,0.6001168108121387,1
71,50.0,8.0,2,1,0.7933874561059153,0.6001168108121387,1
71,51.0,7.0,2,1,0.7765903421411258,0.6001168108121387,1
71,52.0,6.0,2,1,0.7095600911280756,0.6001168108121387,1
71,53.0,5.0,2,1,0.9317274427609923,0.6001168108121387,1
71,54.0,4.0,2,1,0.9478986863350474,0.6001168108121387,1
71,55.0,3.0,2,1,0.8768654572765057,0.6001168108121387,1
71,56.0,2.0,2,1,0.9372855734252148,0.6001168108121387,1
71,57.0,1.0,2,1,0.9113710375102088,0.6001168108121387,1
71,58.0,0.0,2,1,0.9706592938971375,0.6001168108121387,1
72,1.0,67.0,2,0,0.05666371133931231,0.6001168108121387,0
72,2.0,66.0,2,0,0.056711322392239645,0.6001168108121387,0
72,3.0,65.0,2,0,0.11475238615527329,0.6001168108121387,0
72,4.0,64.0,2,0,0.02984166263681248,0.6001168108121387,0
72,5.0,63.0,2,0,0.0633396497374809,0.6001168108121387,0
72,6.0,62.0,2,0,0.03110315177055989,0.6001168108121387,0
72,7.0,61.0,2,0,0.04651080828559142,0.6001168108121387,0
72,8.0,60.0,2,0,0.03645580335459873,0.6001168108121387,0
72,9.0,59.0,2,0,0.027162535565246965,0.6001168108121387,0
72,10.0,58.0,2,0,0.045025719419986704,0.6001168108121387,0
72,11.0,57.0,2,0,0.07275046548532844,0.6001168108121387,0
72,12.0,56.0,2,0,0.07287488547760468,0.6001168108121387,0
72,13.0,55.0,2,0,0.012948149013211625,0.6001168108121387,0
72,14.0,54.0,2,0,0.03178025037686107,0.6001168108121387,0
72,15.0,53.0,2,0,0.06833980138966354,0.6001168108121387,0
72,16.0,52.0,2,0,0.019392668400280887,0.6001168108121387,0
72,17.0,51.0,2,0,0.03971602784894756,0.6001168108121387,0
72,18.0,50.0,2,0,0.08068535486501939,0.6001168108121387,0
72,19.0,49.0,2,0,0.02731737283460709,0.6001168108121387,0
72,20.0,48.0,2,0,0.05519987387489671,0.6001168108121387,0
72,21.0,47.0,2,0,0.030124517154633625,0.6001168108121387,0
72,22.0,46.0,2,0,0.03076040359983678,0.6001168108121387,0
72,23.0,45.0,2,0,0.006606921354375299,0.6001168108121387,0
72,24.0,44.0,2,0,0.10428415620577867,0.6001168108121387,0
72,25.0,43.0,2,0,0.08162246117932087,0.6001168108121387,0
72,26.0,42.0,2,0,0.035351925762183045,0.6001168108121387,0
72,27.0,41.0,2,0,0.03708617080888672,0.6001168108121387,0
72,28.0,40.0,2,0,0.055950483063968236,0.6001168108121387,0
72,29.0,39.0,2,0,0.02552741554649781,0.6001168108121387,0
72,30.0,38.0,2,0,0.05389804735964511,0.6001168108121387,0
72,31.0,37.0,2,0,0.13557402014667758,0.6001168108121387,0
72,32.0,36.0,2,0,0.14641727565507115,0.6001168108121387,0
72,33.0,35.0,2,0,0.07428714823797662,0.6001168108121387,0
72,34.0,34.0,2,0,0.1442172793947931,0.6001168108121387,0
72,35.0,33.0,2,0,0.11427598813070516,0.6001168108121387,0
72,36.0,32.0,2,0,0.17554974940927817,0.6001168108121387,0
72,37.0,31.0,2,0,0.05476377746059006,0.6001168108121387,0
72,38.0,30.0,2,0,0.2732398479127191,0.6001168108121387,0
72,39.0,29.0,2,0,0.4352910506307361,0.6001168108121387,0
72,40.0,28.0,2,0,0.18818833717239308,0.6001168108121387,0
72,41.0,27.0,2,0,0.47039559630000044,0.6001168108121387,0
72,42.0,26.0,2,0,0.4610928159430574,0.6001168108121387,0
72,43.0,25.0,2,0,0.41801769185160764,0.6001168108121387,0
72,44.0,24.0,2,0,0.5996120194772036,0.6001168108121387,0
72,45.0,23.0,2,0,0.8010140839896838,0.6001168108121387,1
72,46.0,22.0,2,0,0.7473648993489596,0.6001168108121387,1
72,47.0,21.0,2,0,0.8117194133908496,0.6001168108121387,1
72,48.0,20.0,2,1,0.72912420915494,0.6001168108121387,1
72,49.0,19.0,2,1,0.7281352888477055,0.6001168108121387,1
72,50.0,18.0,2,1,0.531854947932181,0.6001168108121387,0
72,51.0,17.0,2,1,0.8247422488820252,0.6001168108121387,1
72,52.0,16.0,2,1,0.6703051773766654,0.6001168108121387,1
72,53.0,15.0,2,1,0.6475326571957782,0.6001168108121387,1
72,54.0,14.0,2,1,0.9080634696353687,0.6001168108121387,1
72,55.0,13.0,2,1,0.5459604870731516,0.6001168108121387,0
72,56.0,12.0,2,1,0.7986571205799738,0.6001168108121387,1
72,57.0,11.0,2,1,0.9453760250143869,0.6001168108121387,1
72,58.0,10.0,2,1,0.5971564889648452,0.6001168108121387,0
72,59.0,9.0,2,1,0.9416886686149281,0.6001168108121387,1
72,60.0,8.0,2,1,0.9480831807565774,0.6001168108121387,1
72,61.0,7.0,2,1,0.8711774826647707,0.6001168108121387,1
72,62.0,6.0,2,1,0.7147613521241188,0.6001168108121387,1
72,63.0,5.0,2,1,0.9546230383270692,0.6001168108121387,1
72,64.0,4.0,2,1,0.8828442993157811,0.6001168108121387,1
72,65.0,3.0,2,1,0.9537833339929402,0.6001168108121387,1
72,66.0,2.0,2,1,0.9854302021520924,0.6001168108121387,1
72,67.0,1.0,2,1,0.9506257147667884,0.6001168108121387,1
72,68.0,0.0,2,1,0.9305343897112301,0.6001168108121387,1
73,1.0,64.0,2,0,0.09447088358544037,0.6001168108121387,0
73,2.0,63.0,2,0,0.01925650982476804,0.6001168108121387,0
73,3.0,62.0,2,0,0.06521736973646432,0.6001168108121387,0
73,4.0,61.0,2,0,0.08365385326551761,0.6001168108121387,0
73,5.0,60.0,2,0,0.12506175816154072,0.6001168108121387,0
73,6.0,59.0,2,0,0.0437820134772782,0.6001168108121387,0
73,7.0,58.0,2,0,0.02107432233831641,0.6001168108121387,0
73,8.0,57.0,2,0,0.030319734836540435,0.6001168108121387,0
73,9.0,56.0,2,0,0.08731682453022532,0.6001168108121387,0
73,10.0,55.0,2,0,0.061901803537965344,0.6001168108121387,0
73,11.0,54.0,2,0,0.05889645385636559,0.6001168108121387,0
73,12.0,53.0,2,0,0.030360749401785583,0.6001168108121387,0
73,13.0,52.0,2,0,0.04235246217576319,0.6001168108121387,0
73,14.0,51.0,2,0,0.030310393548691385,0.6001168108121387,0
73,15.0,50.0,2,0,0.054900068452170166,0.6001168108121387,0
73,16.0,49.0,2,0,0.038368867592203336,0.6001168108121387,0
73,17.0,48.0,2,0,0.022794890875377685,0.6001168108121387,0
73,18.0,47.0,2,0,0.025854721090966447,0.6001168108121387,0
73,19.0,46.0,2,0,0.07387648796874749,0.6001168108121387,0
73,20.0,45.0,2,0,0.020590530789549002,0.6001168108121387,0
73,21.0,44.0,2,0,0.02316963598955112,0.6001168108121387,0
73,22.0,43.0,2,0,0.026934358739937377,0.6001168108121387,0
73,23.0,42.0,2,0,0.033231740925587026,0.6001168108121387,0
73,24.0,41.0,2,0,0.017533123146409896,0.6001168108121387,0
73,25.0,40.0,2,0,0.025854721090966447,0.6001168108121387,0
73,26.0,39.0,2,0,0.0472118311080298,0.6001168108121387,0
73,27.0,38.0,2,0,0.1404724174751916,0.6001168108121387,0
73,28.0,37.0,2,0,0.07260735750539482,0.6001168108121387,0
73,29.0,36.0,2,0,0.09458788924076332,0.6001168108121387,0
73,30.0,35.0,2,0,0.03777052564128384,0.6001168108121387,0
73,31.0,34.0,2,0,0.07765835932756412,0.6001168108121387,0
73,32.0,33.0,2,0,0.09117087824687392,0.6001168108121387,0
73,33.0,32.0,2,0,0.09571558977365059,0.6001168108121387,0
73,34.0,31.0,2,0,0.09907034628788104,0.6001168108121387,0
73,35.0,30.0,2,0,0.14923045888882805,0.6001168108121387,0
73,36.0,29.0,2,0,0.12975446361476595,0.6001168108121387,0
73,37.0,28.0,2,0,0.3270217866619896,0.6001168108121387,0
73,38.0,27.0,2,0,0.16897207150698512,0.6001168108121387,0
73,39.0,26.0,2,0,0.1372486974613085,0.6001168108121387,0
73,40.0,25.0,2,0,0.3513517964828637,0.6001168108121387,0
73,41.0,24.0,2,0,0.5441480008700883,0.6001168108121387,0
73,42.0,23.0,2,0,0.26761707092756576,0.6001168108121387,0
73,43.0,22.0,2,0,0.26105430662949614,0.6001168108121387,0
73,44.0,21.0,2,0,0.22398826656338017,0.6001168108121387,0
73,45.0,20.0,2,1,0.18884625833741656,0.6001168108121387,0
73,46.0,19.0,2,1,0.7634387903911148,0.6001168108121387,1
73,47.0,18.0,2,1,0.4117734957156118,0.6001168108121387,0
73,48.0,17.0,2,1,0.622948535947734,0.6001168108121387,1
73,49.0,16.0,2,1,0.5780300330958731,0.6001168108121387,0
73,50.0,15.0,2,1,0.5672968129225585,0.6001168108121387,0
73,51.0,14.0,2,1,0.653449547216519,0.6001168108121387,1
73,52.0,13.0,2,1,0.8783599772833661,0.6001168108121387,1
73,53.0,12.0,2,1,0.8421302322698296,0.6001168108121387,1
73,54.0,11.0,2,1,0.8491472592707277,0.6001168108121387,1
73,55.0,10.0,2,1,0.8407474192221351,0.6001168108121387,1
73,56.0,9.0,2,1,0.9038686918789003,0.6001168108121387,1
73,57.0,8.0,2,1,0.9507300422852669,0.6001168108121387,1
73,58.0,7.0,2,1,0.8530229353657364,0.6001168108121387,1
73,59.0,6.0,2,1,0.9057503444032177,0.6001168108121387,1
73,60.0,5.0,2,1,0.9608397756504816,0.6001168108121387,1
73,61.0,4.0,2,1,0.9321569654195306,0.6001168108121387,1
73,62.0,3.0,2,1,0.8895746026018023,0.6001168108121387,1
73,63.0,2.0,2,1,0.9482606171836692,0.6001168108121387,1
73,64.0,1.0,2,1,0.8376411920961775,0.6001168108121387,1
73,65.0,0.0,2,1,0.964427336924185,0.6001168108121387,1
74,1.0,94.0,5,0,0.017495424372075945,0.5936233198117976,0
74,2.0,93.0,5,0,0.0022289684226371254,0.5936233198117976,0
74,3.0,92.0,5,0,0.013745417429191288,0.5936233198117976,0
74,4.0,91.0,5,0,0.007395032529871028,0.5936233198117976,0
74,5.0,90.0,5,0,0.00837604750146632,0.5936233198117976,0
74,6.0,89.0,5,0,0.015248169740658799,0.5936233198117976,0
74,7.0,88.0,5,0,0.03567899593545129,0.5936233198117976,0
74,8.0,87.0,5,0,0.008473902978238414,0.5936233198117976,0
74,9.0,86.0,5,0,0.008475053636471067,0.5936233198117976,0
74,10.0,85.0,5,0,0.041762128730525816,0.5936233198117976,0
74,11.0,84.0,5,0,0.00542022331971709,0.5936233198117976,0
74,12.0,83.0,5,0,0.02089316055580093,0.5936233198117976,0
74,13.0,82.0,5,0,0.00457705816579241,0.5936233198117976,0
74,14.0,81.0,5,0,0.044315500039450256,0.5936233198117976,0
74,15.0,80.0,5,0,0.0022955896336238095,0.5936233198117976,0
74,16.0,79.0,5,0,0.02477824440718825,0.5936233198117976,0
74,17.0,78.0,5,0,0.03611049931731072,0.5936233198117976,0
74,18.0,77.0,5,0,0.001988816524939919,0.5936233198117976,0
74,19.0,76.0,5,0,0.01375640380255396,0.5936233198117976,0
74,20.0,75.0,5,0,0.017407490850929783,0.5936233198117976,0
74,21.0,74.0,5,0,0.009892020485184146,0.5936233198117976,0
74,22.0,73.0,5,0,0.060561265921384215,0.5936233198117976,0
74,23.0,72.0,5,0,0.01695619836922787,0.5936233198117976,0
74,24.0,71.0,5,0,0.009698921934713603,0.5936233198117976,0
74,25.0,70.0,5,0,0.03248840918004334,0.5936233198117976,0
74,26.0,69.0,5,0,0.025388467849776743,0.5936233198117976,0
74,27.0,68.0,5,0,0.0009193480567944802,0.5936233198117976,0
74,28.0,67.0,5,0,0.04971307144445362,0.5936233198117976,0
74,29.0,66.0,5,0,0.032507998941867226,0.5936233198117976,0
74,30.0,65.0,5,0,0.008990700552915553,0.5936233198117976,0
74,31.0,64.0,5,0,0.006327904006729096,0.5936233198117976,0
74,32.0,63.0,5,0,0.08331705091890593,0.5936233198117976,0
74,33.0,62.0,5,0,0.013257548717320437,0.5936233198117976,0
74,34.0,61.0,5,0,0.011555361381608996,0.5936233198117976,0
74,35.0,60.0,5,0,0.022342002619836206,0.5936233198117976,0
74,36.0,59.0,5,0,0.04001699501374082,0.5936233198117976,0
74,37.0,58.0,5,0,0.03295286234112195,0.5936233198117976,0
74,38.0,57.0,5,0,0.046687311997000935,0.5936233198117976,0
74,39.0,56.0,5,0,0.05059337968346724,0.5936233198117976,0
74,40.0,55.0,5,0,0.09952098054405656,0.5936233198117976,0
74,41.0,54.0,5,0,0.008247421015783647,0.5936233198117976,0
74,42.0,53.0,5,0,0.10040367267935117,0.5936233198117976,0
74,43.0,52.0,5,0,0.18219762129409242,0.5936233198117976,0
74,44.0,51.0,5,0,0.06647477801692404,0.5936233198117976,0
74,45.0,50.0,5,0,0.04916332149597047,0.5936233198117976,0
74,46.0,49.0,5,0,0.014960913461276516,0.5936233198117976,0
74,47.0,48.0,5,0,0.02434687072167591,0.5936233198117976,0
74,48.0,47.0,5,0,0.10688854569400581,0.5936233198117976,0
74,49.0,46.0,5,0,0.033080166765059295,0.5936233198117976,0
74,50.0,45.0,5,0,0.3005781201623106,0.5936233198117976,0
74,51.0,44.0,5,0,0.30411856390082304,0.5936233198117976,0
74,52.0,43.0,5,0,0.25387915157719776,0.5936233198117976,0
74,53.0,42.0,5,0,0.22033467209718527,0.5936233198117976,0
74,54.0,41.0,5,0,0.5305554086616738,0.5936233198117976,0
74,55.0,40.0,5,0,0.20326248591515905,0.5936233198117976,0
74,56.0,39.0,5,0,0.255101093715775,0.5936233198117976,0
74,57.0,38.0,5,0,0.4372528838130408,0.5936233198117976,0
74,58.0,37.0,5,0,0.2598192324739205,0.5936233198117976,0
74,59.0,36.0,5,0,0.39042183900747857,0.5936233198117976,0
74,60.0,35.0,5,0,0.46345479546305046,0.5936233198117976,0
74,61.0,34.0,5,0,0.302274195298815,0.5936233198117976,0
74,62.0,33.0,5,0,0.46798936271857,0.5936233198117976,0
74,63.0,32.0,5,0,0.34393299222433227,0.5936233198117976,0
74,64.0,31.0,5,0,0.8230467567041584,0.5936233198117976,1
74,65.0,30.0,5,0,0.87460457306052,0.5936233198117976,1
74,66.0,29.0,5,0,0.8882937910895061,0.5936233198117976,1
74,67.0,28.0,5,0,0.8975113185807656,0.5936233198117976,1
74,68.0,27.0,5,0,0.7451005273176841,0.5936233198117976,1
74,69.0,26.0,5,0,0.9108710929949195,0.5936233198117976,1
74,70.0,25.0,5,0,0.855789968520112,0.5936233198117976,1
74,71.0,24.0,5,0,0.7339413300307485,0.5936233198117976,1
74,72.0,23.0,5,0,0.6636491869620368,0.5936233198117976,1
74,73.0,22.0,5,0,0.945420273266561,0.5936233198117976,1
74,74.0,21.0,5,0,0.8247883860779724,0.5936233198117976,1
74,75.0,20.0,5,1,0.9431939955222504,0.5936233198117976,1
74,76.0,19.0,5,1,0.9679382372018163,0.5936233198117976,1
74,77.0,18.0,5,1,0.7393414440828098,0.5936233198117976,1
74,78.0,17.0,5,1,0.9612393741664905,0.5936233198117976,1
74,79.0,16.0,5,1,0.9252606837016981,0.5936233198117976,1
74,80.0,15.0,5,1,0.9465679517412543,0.5936233198117976,1
74,81.0,14.0,5,1,0.7976731768875349,0.5936233198117976,1
74,82.0,13.0,5,1,0.9771031532651416,0.5936233198117976,1
74,83.0,12.0,5,1,0.9750403947850819,0.5936233198117976,1
74,84.0,11.0,5,1,0.8027882124147803,0.5936233198117976,1
74,85.0,10.0,5,1,0.8084153771771272,0.5936233198117976,1
74,86.0,9.0,5,1,0.791848791786515,0.5936233198117976,1
74,87.0,8.0,5,1,0.9737902704069425,0.5936233198117976,1
74,88.0,7.0,5,1,0.9059355871336292,0.5936233198117976,1
74,89.0,6.0,5,1,0.9817967475990996,0.5936233198117976,1
74,90.0,5.0,5,1,0.9824087119249707,0.5936233198117976,1
74,91.0,4.0,5,1,0.9630276660394373,0.5936233198117976,1
74,92.0,3.0,5,1,0.9935433935250454,0.5936233198117976,1
74,93.0,2.0,5,1,0.9823069666730712,0.5936233198117976,1
74,94.0,1.0,5,1,0.9798470256972054,0.5936233198117976,1
74,95.0,0.0,5,1,0.8433225715541138,0.5936233198117976,1
75,1.0,77.0,4,0,0.02403443008697737,0.6112844997130881,0
75,2.0,76.0,4,0,0.0288424811262872,0.6112844997130881,0
75,3.0,75.0,4,0,0.010217590128967119,0.6112844997130881,0
75,4.0,74.0,4,0,0.012740242842906844,0.6112844997130881,0
75,5.0,73.0,4,0,0.02049876974651029,0.6112844997130881,0
75,6.0,72.0,4,0,0.01334191596176723,0.6112844997130881,0
75,7.0,71.0,4,0,0.008417698939685534,0.6112844997130881,0
75,8.0,70.0,4,0,0.0007215324926668047,0.6112844997130881,0
75,9.0,69.0,4,0,0.018501222231297704,0.6112844997130881,0
75,10.0,68.0,4,0,0.015390306619120497,0.6112844997130881,0
75,11.0,67.0,4,0,0.03397092313956661,0.6112844997130881,0
75,12.0,66.0,4,0,0.060076972133395086,0.6112844997130881,0
75,13.0,65.0,4,0,0.016080558255215687,0.6112844997130881,0
75,14.0,64.0,4,0,0.006436966090846102,0.6112844997130881,0
75,15.0,63.0,4,0,0.015409411834186218,0.6112844997130881,0
75,16.0,62.0,4,0,0.015480487685252725,0.6112844997130881,0
75,17.0,61.0,4,0,0.01228175980579861,0.6112844997130881,0
75,18.0,60.0,4,0,0.01346437165660112,0.6112844997130881,0
75,19.0,59.0,4,0,0.0231749959919974,0.6112844997130881,0
75,20.0,58.0,4,0,0.14229918639332761,0.6112844997130881,0
75,21.0,57.0,4,0,0.02479726284666672,0.6112844997130881,0
75,22.0,56.0,4,0,0.015241209682761636,0.6112844997130881,0
75,23.0,55.0,4,0,0.009464371656601118,0.6112844997130881,0
75,24.0,54.0,4,0,0.03065671173855001,0.6112844997130881,0
75,25.0,53.0,4,0,0.029670618123653507,0.6112844997130881,0
75,26.0,52.0,4,0,0.017328613146567882,0.6112844997130881,0
75,27.0,51.0,4,0,0.01609259322099651,0.6112844997130881,0
75,28.0,50.0,4,0,0.05828302285098711,0.6112844997130881,0
75,29.0,49.0,4,0,0.016211672159303633,0.6112844997130881,0
75,30.0,48.0,4,0,0.007719351839255551,0.6112844997130881,0
75,31.0,47.0,4,0,0.030629496250651277,0.6112844997130881,0
75,32.0,46.0,4,0,0.06668412423926681,0.6112844997130881,0
75,33.0,45.0,4,0,0.05702479859721737,0.6112844997130881,0
75,34.0,44.0,4,0,0.03820465468831613,0.6112844997130881,0
75,35.0,43.0,4,0,0.011937986479780185,0.6112844997130881,0
75,36.0,42.0,4,0,0.016634535688479737,0.6112844997130881,0
75,37.0,41.0,4,0,0.07510278346180212,0.6112844997130881,0
75,38.0,40.0,4,0,0.011660628239030671,0.6112844997130881,0
75,39.0,39.0,4,0,0.013845151427525286,0.6112844997130881,0
75,40.0,38.0,4,0,0.03030689789361523,0.6112844997130881,0
75,41.0,37.0,4,0,0.06022488390661134,0.6112844997130881,0
75,42.0,36.0,4,0,0.1885961947223765,0.6112844997130881,0
75,43.0,35.0,4,0,0.11386634332908896,0.6112844997130881,0
75,44.0,34.0,4,0,0.10928043264671687,0.6112844997130881,0
75,45.0,33.0,4,0,0.35358099812036126,0.6112844997130881,0
75,46.0,32.0,4,0,0.17739101935914092,0.6112844997130881,0
75,47.0,31.0,4,0,0.18747019817567268,0.6112844997130881,0
75,48.0,30.0,4,0,0.25779032470185803,0.6112844997130881,0
75,49.0,29.0,4,0,0.40020275357614343,0.6112844997130881,0
75,50.0,28.0,4,0,0.4239417389136497,0.6112844997130881,0
75,51.0,27.0,4,0,0.15250793197100249,0.6112844997130881,0
75,52.0,26.0,4,0,0.5149824432911182,0.6112844997130881,0
75,53.0,25.0,4,0,0.5266889455308743,0.6112844997130881,0
75,54.0,24.0,4,0,0.2812994681690684,0.6112844997130881,0
75,55.0,23.0,4,0,0.5019405388675873,0.6112844997130881,0
75,56.0,22.0,4,0,0.4816928132097932,0.6112844997130881,0
75,57.0,21.0,4,0,0.5145777383604228,0.6112844997130881,0
75,58.0,20.0,4,1,0.8196110453871914,0.6112844997130881,1
75,59.0,19.0,4,1,0.4937179763394065,0.6112844997130881,0
75,60.0,18.0,4,1,0.7595651690634032,0.6112844997130881,1
75,61.0,17.0,4,1,0.7064741406713139,0.6112844997130881,1
75,62.0,16.0,4,1,0.7274225111160366,0.6112844997130881,1
75,63.0,15.0,4,1,0.698035874530818,0.6112844997130881,1
75,64.0,14.0,4,1,0.5276889568673586,0.6112844997130881,0
75,65.0,13.0,4,1,0.7447756370976749,0.6112844997130881,1
75,66.0,12.0,4,1,0.84878988287492,0.6112844997130881,1
75,67.0,11.0,4,1,0.7470785135375512,0.6112844997130881,1
75,68.0,10.0,4,1,0.9317954663711712,0.6112844997130881,1
75,69.0,9.0,4,1,0.7814962525115836,0.6112844997130881,1
75,70.0,8.0,4,1,0.9124332209183238,0.6112844997130881,1
75,71.0,7.0,4,1,0.9652717702900064,0.6112844997130881,1
75,72.0,6.0,4,1,0.8840518857274178,0.6112844997130881,1
75,73.0,5.0,4,1,0.980659801929434,0.6112844997130881,1
75,74.0,4.0,4,1,0.9636862265798559,0.6112844997130881,1
75,75.0,3.0,4,1,0.9826305574445267,0.6112844997130881,1
75,76.0,2.0,4,1,0.920846499676388,0.6112844997130881,1
75,77.0,1.0,4,1,0.9933923212887603,0.6112844997130881,1
75,78.0,0.0,4,1,0.9814237807221006,0.6112844997130881,1
76,1.0,59.0,4,0,0.040442556708634184,0.6112844997130881,0
76,2.0,58.0,4,0,0.036947449308265955,0.6112844997130881,0
76,3.0,57.0,4,0,0.029322525773402462,0.6112844997130881,0
76,4.0,56.0,4,0,0.037149361856280136,0.6112844997130881,0
76,5.0,55.0,4,0,0.023575121740943672,0.6112844997130881,0
76,6.0,54.0,4,0,0.03851342189205016,0.6112844997130881,0
76,7.0,53.0,4,0,0.06727299713401048,0.6112844997130881,0
76,8.0,52.0,4,0,0.0887811900776823,0.6112844997130881,0
76,9.0,51.0,4,0,0.05501489014555244,0.6112844997130881,0
76,10.0,50.0,4,0,0.02447211776914352,0.6112844997130881,0
76,11.0,49.0,4,0,0.030192827364116215,0.6112844997130881,0
76,12.0,48.0,4,0,0.06406222853427317,0.6112844997130881,0
76,13.0,47.0,4,0,0.02453913997603561,0.6112844997130881,0
76,14.0,46.0,4,0,0.04080445544545218,0.6112844997130881,0
76,15.0,45.0,4,0,0.0590442762458233,0.6112844997130881,0
76,16.0,44.0,4,0,0.06367596229873967,0.6112844997130881,0
76,17.0,43.0,4,0,0.03342976694212377,0.6112844997130881,0
76,18.0,42.0,4,0,0.040990878208876966,0.6112844997130881,0
76,19.0,41.0,4,0,0.06984369679475685,0.6112844997130881,0
76,20.0,40.0,4,0,0.042968667064682727,0.6112844997130881,0
76,21.0,39.0,4,0,0.03443966639452127,0.6112844997130881,0
76,22.0,38.0,4,0,0.08801061280462186,0.6112844997130881,0
76,23.0,37.0,4,0,0.030945611858946405,0.6112844997130881,0
76,24.0,36.0,4,0,0.041263598742563384,0.6112844997130881,0
76,25.0,35.0,4,0,0.024353382018078806,0.6112844997130881,0
76,26.0,34.0,4,0,0.02971404001502775,0.6112844997130881,0
76,27.0,33.0,4,0,0.07279789565108004,0.6112844997130881,0
76,28.0,32.0,4,0,0.08963256767879142,0.6112844997130881,0
76,29.0,31.0,4,0,0.05287161834750403,0.6112844997130881,0
76,30.0,30.0,4,0,0.026816183306181917,0.6112844997130881,0
76,31.0,29.0,4,0,0.052821732118027244,0.6112844997130881,0
76,32.0,28.0,4,0,0.0642821778211483,0.6112844997130881,0
76,33.0,27.0,4,0,0.23574395552070485,0.6112844997130881,0
76,34.0,26.0,4,0,0.03730916925536388,0.6112844997130881,0
76,35.0,25.0,4,0,0.0866071866613291,0.6112844997130881,0
76,36.0,24.0,4,0,0.05500422628065972,0.6112844997130881,0
76,37.0,23.0,4,0,0.22994282916579506,0.6112844997130881,0
76,38.0,22.0,4,0,0.21953396059096048,0.6112844997130881,0
76,39.0,21.0,4,0,0.23995096621073872,0.6112844997130881,0
76,40.0,20.0,4,1,0.16650758556587383,0.6112844997130881,0
76,41.0,19.0,4,1,0.368439833746776,0.6112844997130881,0
76,42.0,18.0,4,1,0.44815630666636036,0.6112844997130881,0
76,43.0,17.0,4,1,0.3899826322786153,0.6112844997130881,0
76,44.0,16.0,4,1,0.5014227907289992,0.6112844997130881,0
76,45.0,15.0,4,1,0.663319916348436,0.6112844997130881,1
76,46.0,14.0,4,1,0.5775995164567299,0.6112844997130881,0
76,47.0,13.0,4,1,0.7387096239213667,0.6112844997130881,1
76,48.0,12.0,4,1,0.6178267363407982,0.6112844997130881,1
76,49.0,11.0,4,1,0.8687009140691596,0.6112844997130881,1
76,50.0,10.0,4,1,0.6536670099205546,0.6112844997130881,1
76,51.0,9.0,4,1,0.4781854622871588,0.6112844997130881,0
76,52.0,8.0,4,1,0.7790490409924055,0.6112844997130881,1
76,53.0,7.0,4,1,0.8698778068169596,0.6112844997130881,1
76,54.0,6.0,4,1,0.7017489156287932,0.6112844997130881,1
76,55.0,5.0,4,1,0.9307955179258179,0.6112844997130881,1
76,56.0,4.0,4,1,0.9280943936347145,0.6112844997130881,1
76,57.0,3.0,4,1,0.9007042111169861,0.6112844997130881,1
76,58.0,2.0,4,1,0.9541148296226007,0.6112844997130881,1
76,59.0,1.0,4,1,0.9728745487888656,0.6112844997130881,1
76,60.0,0.0,4,1,0.9778528387668456,0.6112844997130881,1
77,1.0,57.0,4,0,0.057017865322953006,0.6112844997130881,0
77,2.0,56.0,4,0,0.07008949497823828,0.6112844997130881,0
77,3.0,55.0,4,0,0.2066162984434613,0.6112844997130881,0
77,4.0,54.0,4,0,0.03854296454815139,0.6112844997130881,0
77,5.0,53.0,4,0,0.025296971324731347,0.6112844997130881,0
77,6.0,52.0,4,0,0.05049846725988804,0.6112844997130881,0
77,7.0,51.0,4,0,0.04639921916821676,0.6112844997130881,0
77,8.0,50.0,4,0,0.06240377503245004,0.6112844997130881,0
77,9.0,49.0,4,0,0.020611435269208108,0.6112844997130881,0
77,10.0,48.0,4,0,0.06029742564125708,0.6112844997130881,0
77,11.0,47.0,4,0,0.024857629320616095,0.6112844997130881,0
77,12.0,46.0,4,0,0.04361122745688784,0.6112844997130881,0
77,13.0,45.0,4,0,0.02776163476755117,0.6112844997130881,0
77,14.0,44.0,4,0,0.08505249647937421,0.6112844997130881,0
77,15.0,43.0,4,0,0.040054672732094426,0.6112844997130881,0
77,16.0,42.0,4,0,0.0667396249613282,0.6112844997130881,0
77,17.0,41.0,4,0,0.043834971667006686,0.6112844997130881,0
77,18.0,40.0,4,0,0.05538017401660236,0.6112844997130881,0
77,19.0,39.0,4,0,0.11202126435980835,0.6112844997130881,0
77,20.0,38.0,4,0,0.05276337146529874,0.6112844997130881,0
77,21.0,37.0,4,0,0.04197711839107648,0.6112844997130881,0
77,22.0,36.0,4,0,0.03442651259516459,0.6112844997130881,0
77,23.0,35.0,4,0,0.054713413515746816,0.6112844997130881,0
77,24.0,34.0,4,0,0.02004901913047767,0.6112844997130881,0
77,25.0,33.0,4,0,0.12523572808758313,0.6112844997130881,0
77,26.0,32.0,4,0,0.11717538093723391,0.6112844997130881,0
77,27.0,31.0,4,0,0.08158163017582239,0.6112844997130881,0
77,28.0,30.0,4,0,0.09013008559543723,0.6112844997130881,0
77,29.0,29.0,4,0,0.08128466451807426,0.6112844997130881,0
77,30.0,28.0,4,0,0.09543088358539983,0.6112844997130881,0
77,31.0,27.0,4,0,0.12914041504533658,0.6112844997130881,0
77,32.0,26.0,4,0,0.07470900907744361,0.6112844997130881,0
77,33.0,25.0,4,0,0.33827392749145524,0.6112844997130881,0
77,34.0,24.0,4,0,0.0798376368304698,0.6112844997130881,0
77,35.0,23.0,4,0,0.22261540622881676,0.6112844997130881,0
77,36.0,22.0,4,0,0.34097621218371904,0.6112844997130881,0
77,37.0,21.0,4,0,0.191480052274781,0.6112844997130881,0
77,38.0,20.0,4,1,0.07543627927316215,0.6112844997130881,0
77,39.0,19.0,4,1,0.22096610225596053,0.6112844997130881,0
77,40.0,18.0,4,1,0.4423205672898895,0.6112844997130881,0
77,41.0,17.0,4,1,0.2154705056729646,0.6112844997130881,0
77,42.0,16.0,4,1,0.30973468898972517,0.6112844997130881,0
77,43.0,15.0,4,1,0.638301591691852,0.6112844997130881,1
77,44.0,14.0,4,1,0.4563341018387448,0.6112844997130881,0
77,45.0,13.0,4,1,0.4711775836702383,0.6112844997130881,0
77,46.0,12.0,4,1,0.5393663090278339,0.6112844997130881,0
77,47.0,11.0,4,1,0.4420042713331742,0.6112844997130881,0
77,48.0,10.0,4,1,0.4937311493079789,0.6112844997130881,0
77,49.0,9.0,4,1,0.49499777360591474,0.6112844997130881,0
77,50.0,8.0,4,1,0.4275647997407511,0.6112844997130881,0
77,51.0,7.0,4,1,0.6909713019591626,0.6112844997130881,1
77,52.0,6.0,4,1,0.577000741738623,0.6112844997130881,0
77,53.0,5.0,4,1,0.6368217300259512,0.6112844997130881,1
77,54.0,4.0,4,1,0.6793191909996561,0.6112844997130881,1
77,55.0,3.0,4,1,0.4775280753909484,0.6112844997130881,0
77,56.0,2.0,4,1,0.5129907835418607,0.6112844997130881,0
77,57.0,1.0,4,1,0.5289471050064103,0.6112844997130881,0
77,58.0,0.0,4,1,0.6763685717044123,0.6112844997130881,1
78,1.0,55.0,2,0,0.1169129457133707,0.6001168108121387,0
78,2.0,54.0,2,0,0.03432160573818322,0.6001168108121387,0
78,3.0,53.0,2,0,0.06351596314194477,0.6001168108121387,0
78,4.0,52.0,2,0,0.04676005098009917,0.6001168108121387,0
78,5.0,51.0,2,0,0.04975635804358081,0.6001168108121387,0
78,6.0,50.0,2,0,0.02213140389896411,0.6001168108121387,0
78,7.0,49.0,2,0,0.07305159075500886,0.6001168108121387,0
78,8.0,48.0,2,0,0.07529018035063373,0.6001168108121387,0
78,9.0,47.0,2,0,0.06577775835002907,0.6001168108121387,0
78,10.0,46.0,2,0,0.062311127973810235,0.6001168108121387,0
78,11.0,45.0,2,0,0.04412277287213788,0.6001168108121387,0
78,12.0,44.0,2,0,0.08541882494468932,0.6001168108121387,0
78,13.0,43.0,2,0,0.03414629808730928,0.6001168108121387,0
78,14.0,42.0,2,0,0.092991947323127,0.6001168108121387,0
78,15.0,41.0,2,0,0.014516177057497585,0.6001168108121387,0
78,16.0,40.0,2,0,0.04353813215000612,0.6001168108121387,0
78,17.0,39.0,2,0,0.07888987533811691,0.6001168108121387,0
78,18.0,38.0,2,0,0.03762206765975191,0.6001168108121387,0
78,19.0,37.0,2,0,0.08747798916922145,0.6001168108121387,0
78,20.0,36.0,2,0,0.06241786990794545,0.6001168108121387,0
78,21.0,35.0,2,0,0.051829394285599614,0.6001168108121387,0
78,22.0,34.0,2,0,0.06524013092595808,0.6001168108121387,0
78,23.0,33.0,2,0,0.04962225092737672,0.6001168108121387,0
78,24.0,32.0,2,0,0.10595367119243386,0.6001168108121387,0
78,25.0,31.0,2,0,0.08547434615690497,0.6001168108121387,0
78,26.0,30.0,2,0,0.09027617157885204,0.6001168108121387,0
78,27.0,29.0,2,0,0.09200123674360083,0.6001168108121387,0
78,28.0,28.0,2,0,0.05404983961080816,0.6001168108121387,0
78,29.0,27.0,2,0,0.21567404309784619,0.6001168108121387,0
78,30.0,26.0,2,0,0.13877865438712467,0.6001168108121387,0
78,31.0,25.0,2,0,0.0665977755147315,0.6001168108121387,0
78,32.0,24.0,2,0,0.13958046798423843,0.6001168108121387,0
78,33.0,23.0,2,0,0.21499260902420012,0.6001168108121387,0
78,34.0,22.0,2,0,0.37378722988001095,0.6001168108121387,0
78,35.0,21.0,2,0,0.30577301187427575,0.6001168108121387,0
78,36.0,20.0,2,1,0.2585185701800484,0.6001168108121387,0
78,37.0,19.0,2,1,0.26858944727719747,0.6001168108121387,0
78,38.0,18.0,2,1,0.5746360439546747,0.6001168108121387,0
78,39.0,17.0,2,1,0.2893234922967839,0.6001168108121387,0
78,40.0,16.0,2,1,0.5436480104049811,0.6001168108121387,0
78,41.0,15.0,2,1,0.26584634126452844,0.6001168108121387,0
78,42.0,14.0,2,1,0.6816078605959361,0.6001168108121387,1
78,43.0,13.0,2,1,0.5143117916954637,0.6001168108121387,0
78,44.0,12.0,2,1,0.3709376914461812,0.6001168108121387,0
78,45.0,11.0,2,1,0.669043315329518,0.6001168108121387,1
78,46.0,10.0,2,1,0.6777187561689499,0.6001168108121387,1
78,47.0,9.0,2,1,0.7654048720078899,0.6001168108121387,1
78,48.0,8.0,2,1,0.813319517083134,0.6001168108121387,1
78,49.0,7.0,2,1,0.7198257556698023,0.6001168108121387,1
78,50.0,6.0,2,1,0.7939258002785757,0.6001168108121387,1
78,51.0,5.0,2,1,0.784697846807,0.6001168108121387,1
78,52.0,4.0,2,1,0.8472451638607291,0.6001168108121387,1
78,53.0,3.0,2,1,0.9038043455016024,0.6001168108121387,1
78,54.0,2.0,2,1,0.8130650327933461,0.6001168108121387,1
78,55.0,1.0,2,1,0.8824000822268732,0.6001168108121387,1
78,56.0,0.0,2,1,0.8903920490421419,0.6001168108121387,1
79,1.0,58.0,3,0,0.040989804576580614,0.613505769296565,0
79,2.0,57.0,3,0,0.04224543662954958,0.613505769296565,0
79,3.0,56.0,3,0,0.06186250575516961,0.613505769296565,0
79,4.0,55.0,3,0,0.03821114406455027,0.613505769296565,0
79,5.0,54.0,3,0,0.05288186991303731,0.613505769296565,0
79,6.0,53.0,3,0,0.0219922947721193,0.613505769296565,0
79,7.0,52.0,3,0,0.15141672980737855,0.613505769296565,0
79,8.0,51.0,3,0,0.09056441011784501,0.613505769296565,0
79,9.0,50.0,3,0,0.03447187697187614,0.613505769296565,0
79,10.0,49.0,3,0,0.052213836961981085,0.613505769296565,0
79,11.0,48.0,3,0,0.0322139002540993,0.613505769296565,0
79,12.0,47.0,3,0,0.018008988666808258,0.613505769296565,0
79,13.0,46.0,3,0,0.052688894076616304,0.613505769296565,0
79,14.0,45.0,3,0,0.1023030686707561,0.613505769296565,0
79,15.0,44.0,3,0,0.07294285598405409,0.613505769296565,0
79,16.0,43.0,3,0,0.03686655978672695,0.613505769296565,0
79,17.0,42.0,3,0,0.09237008084550845,0.613505769296565,0
79,18.0,41.0,3,0,0.026025401830309432,0.613505769296565,0
79,19.0,40.0,3,0,0.14362212108568642,0.613505769296565,0
79,20.0,39.0,3,0,0.031114604967345014,0.613505769296565,0
79,21.0,38.0,3,0,0.035504289119361716,0.613505769296565,0
79,22.0,37.0,3,0,0.06922606873396205,0.613505769296565,0
79,23.0,36.0,3,0,0.04885931231221815,0.613505769296565,0
79,24.0,35.0,3,0,0.030972901119838223,0.613505769296565,0
79,25.0,34.0,3,0,0.07382261674195027,0.613505769296565,0
79,26.0,33.0,3,0,0.03798719028888734,0.613505769296565,0
79,27.0,32.0,3,0,0.050463579780659455,0.613505769296565,0
79,28.0,31.0,3,0,0.05039077619926915,0.613505769296565,0
79,29.0,30.0,3,0,0.04617428713086823,0.613505769296565,0
79,30.0,29.0,3,0,0.13966979945915206,0.613505769296565,0
79,31.0,28.0,3,0,0.03590776777009071,0.613505769296565,0
79,32.0,27.0,3,0,0.0860410382819101,0.613505769296565,0
79,33.0,26.0,3,0,0.05809817958278228,0.613505769296565,0
79,34.0,25.0,3,0,0.21320000045029278,0.613505769296565,0
79,35.0,24.0,3,0,0.10546377596156434,0.613505769296565,0
79,36.0,23.0,3,0,0.2226225687165621,0.613505769296565,0
79,37.0,22.0,3,0,0.34895312586641153,0.613505769296565,0
79,38.0,21.0,3,0,0.21253091155830675,0.613505769296565,0
79,39.0,20.0,3,1,0.2911412595359604,0.613505769296565,0
79,40.0,19.0,3,1,0.2331661192927713,0.613505769296565,0
79,41.0,18.0,3,1,0.26405339965942176,0.613505769296565,0
79,42.0,17.0,3,1,0.40040062751338873,0.613505769296565,0
79,43.0,16.0,3,1,0.43112648520499214,0.613505769296565,0
79,44.0,15.0,3,1,0.7324815314829499,0.613505769296565,1
79,45.0,14.0,3,1,0.661912064975698,0.613505769296565,1
79,46.0,13.0,3,1,0.7027083613420769,0.613505769296565,1
79,47.0,12.0,3,1,0.7685676850495581,0.613505769296565,1
79,48.0,11.0,3,1,0.8646356794958464,0.613505769296565,1
79,49.0,10.0,3,1,0.727897488715984,0.613505769296565,1
79,50.0,9.0,3,1,0.6988968405278286,0.613505769296565,1
79,51.0,8.0,3,1,0.7327114093007527,0.613505769296565,1
79,52.0,7.0,3,1,0.7469416800333126,0.613505769296565,1
79,53.0,6.0,3,1,0.48133365031916486,0.613505769296565,0
79,54.0,5.0,3,1,0.6784130469935756,0.613505769296565,1
79,55.0,4.0,3,1,0.8362410180330979,0.613505769296565,1
79,56.0,3.0,3,1,0.9482844144675222,0.613505769296565,1
79,57.0,2.0,3,1,0.8907651480922062,0.613505769296565,1
79,58.0,1.0,3,1,0.9560918857632312,0.613505769296565,1
79,59.0,0.0,3,1,0.9617830810758144,0.613505769296565,1
80,1.0,71.0,5,0,0.002372080324625589,0.5936233198117976,0
80,2.0,70.0,5,0,0.0019222472587174546,0.5936233198117976,0
80,3.0,69.0,5,0,0.025451958852566098,0.5936233198117976,0
80,4.0,68.0,5,0,0.0014373065779852991,0.5936233198117976,0
80,5.0,67.0,5,0,0.0012282366285743713,0.5936233198117976,0
80,6.0,66.0,5,0,0.002372080324625589,0.5936233198117976,0
80,7.0,65.0,5,0,0.010012856952046805,0.5936233198117976,0
80,8.0,64.0,5,0,0.00282341850318279,0.5936233198117976,0
80,9.0,63.0,5,0,0.001356932527246579,0.5936233198117976,0
80,10.0,62.0,5,0,0.003679198887128655,0.5936233198117976,0
80,11.0,61.0,5,0,0.00223766459659948,0.5936233198117976,0
80,12.0,60.0,5,0,0.006594327346600037,0.5936233198117976,0
80,13.0,59.0,5,0,0.010026532791606837,0.5936233198117976,0
80,14.0,58.0,5,0,0.002973152743148719,0.5936233198117976,0
80,15.0,57.0,5,0,0.026642315794422777,0.5936233198117976,0
80,16.0,56.0,5,0,0.010326363822615047,0.5936233198117976,0
80,17.0,55.0,5,0,0.012943869439889913,0.5936233198117976,0
80,18.0,54.0,5,0,0.008531804824680295,0.5936233198117976,0
80,19.0,53.0,5,0,0.020936677369673102,0.5936233198117976,0
80,20.0,52.0,5,0,0.018938909877303328,0.5936233198117976,0
80,21.0,51.0,5,0,0.015298780217910975,0.5936233198117976,0
80,22.0,50.0,5,0,0.02149332727193357,0.5936233198117976,0
80,23.0,49.0,5,0,0.0027942578057618527,0.5936233198117976,0
80,24.0,48.0,5,0,0.00016156295407271365,0.5936233198117976,0
80,25.0,47.0,5,0,0.012650392905509723,0.5936233198117976,0
80,26.0,46.0,5,0,0.004541748437999663,0.5936233198117976,0
80,27.0,45.0,5,0,0.010381255637857183,0.5936233198117976,0
80,28.0,44.0,5,0,0.03132240852132037,0.5936233198117976,0
80,29.0,43.0,5,0,0.003898294635077998,0.5936233198117976,0
80,30.0,42.0,5,0,0.016971720233013167,0.5936233198117976,0
80,31.0,41.0,5,0,0.006387424558673487,0.5936233198117976,0
80,32.0,40.0,5,0,0.02155652359116344,0.5936233198117976,0
80,33.0,39.0,5,0,0.024607519470272256,0.5936233198117976,0
80,34.0,38.0,5,0,0.014319304101065546,0.5936233198117976,0
80,35.0,37.0,5,0,0.0009682717161695866,0.5936233198117976,0
80,36.0,36.0,5,0,0.011585199719519164,0.5936233198117976,0
80,37.0,35.0,5,0,0.01338540016813565,0.5936233198117976,0
80,38.0,34.0,5,0,0.01588531292122085,0.5936233198117976,0
80,39.0,33.0,5,0,0.017563907914984418,0.5936233198117976,0
80,40.0,32.0,5,0,0.026662751584975906,0.5936233198117976,0
80,41.0,31.0,5,0,0.023875053825596865,0.5936233198117976,0
80,42.0,30.0,5,0,0.013037738359498209,0.5936233198117976,0
80,43.0,29.0,5,0,0.010994260098628646,0.5936233198117976,0
80,44.0,28.0,5,0,0.013959747345417795,0.5936233198117976,0
80,45.0,27.0,5,0,0.0812705990788467,0.5936233198117976,0
80,46.0,26.0,5,0,0.0502080551499068,0.5936233198117976,0
80,47.0,25.0,5,0,0.05040514585586522,0.5936233198117976,0
80,48.0,24.0,5,0,0.04569396780960493,0.5936233198117976,0
80,49.0,23.0,5,0,0.10988533345009338,0.5936233198117976,0
80,50.0,22.0,5,0,0.11638175670281568,0.5936233198117976,0
80,51.0,21.0,5,0,0.08607395725680649,0.5936233198117976,0
80,52.0,20.0,5,1,0.18667051543990906,0.5936233198117976,0
80,53.0,19.0,5,1,0.085508062951232,0.5936233198117976,0
80,54.0,18.0,5,1,0.06786196461235666,0.5936233198117976,0
80,55.0,17.0,5,1,0.2892070281847782,0.5936233198117976,0
80,56.0,16.0,5,1,0.06949273288282674,0.5936233198117976,0
80,57.0,15.0,5,1,0.10967475648061034,0.5936233198117976,0
80,58.0,14.0,5,1,0.10039630053471625,0.5936233198117976,0
80,59.0,13.0,5,1,0.17851832595632094,0.5936233198117976,0
80,60.0,12.0,5,1,0.4055445511799688,0.5936233198117976,0
80,61.0,11.0,5,1,0.1589074350099509,0.5936233198117976,0
80,62.0,10.0,5,1,0.2722517067364415,0.5936233198117976,0
80,63.0,9.0,5,1,0.1491742161047555,0.5936233198117976,0
80,64.0,8.0,5,1,0.3488710706226119,0.5936233198117976,0
80,65.0,7.0,5,1,0.10401827882456112,0.5936233198117976,0
80,66.0,6.0,5,1,0.36495102089828274,0.5936233198117976,0
80,67.0,5.0,5,1,0.20598741601186643,0.5936233198117976,0
80,68.0,4.0,5,1,0.413498685538799,0.5936233198117976,0
80,69.0,3.0,5,1,0.32873863068460346,0.5936233198117976,0
80,70.0,2.0,5,1,0.4775847111102597,0.5936233198117976,0
80,71.0,1.0,5,1,0.31825784119791406,0.5936233198117976,0
80,72.0,0.0,5,1,0.5074141939157806,0.5936233198117976,0
81,1.0,52.0,5,0,0.05145262914848732,0.5936233198117976,0
81,2.0,51.0,5,0,0.06441156334065959,0.5936233198117976,0
81,3.0,50.0,5,0,0.08923896792199396,0.5936233198117976,0
81,4.0,49.0,5,0,0.03812543996014525,0.5936233198117976,0
81,5.0,48.0,5,0,0.0694386625168835,0.5936233198117976,0
81,6.0,47.0,5,0,0.022995163780352452,0.5936233198117976,0
81,7.0,46.0,5,0,0.04313537912720032,0.5936233198117976,0
81,8.0,45.0,5,0,0.055802979054684,0.5936233198117976,0
81,9.0,44.0,5,0,0.046962429648500656,0.5936233198117976,0
81,10.0,43.0,5,0,0.02219056942047831,0.5936233198117976,0
81,11.0,42.0,5,0,0.0621422800768769,0.5936233198117976,0
81,12.0,41.0,5,0,0.04612337671831173,0.5936233198117976,0
81,13.0,40.0,5,0,0.21209745107749753,0.5936233198117976,0
81,14.0,39.0,5,0,0.06763256010050538,0.5936233198117976,0
81,15.0,38.0,5,0,0.059350397034749265,0.5936233198117976,0
81,16.0,37.0,5,0,0.050029637606297264,0.5936233198117976,0
81,17.0,36.0,5,0,0.05804049679907198,0.5936233198117976,0
81,18.0,35.0,5,0,0.03885805486370544,0.5936233198117976,0
81,19.0,34.0,5,0,0.0979146294915219,0.5936233198117976,0
81,20.0,33.0,5,0,0.035130238975919305,0.5936233198117976,0
81,21.0,32.0,5,0,0.09781130029365197,0.5936233198117976,0
81,22.0,31.0,5,0,0.166077827022535,0.5936233198117976,0
81,23.0,30.0,5,0,0.06265086566059157,0.5936233198117976,0
81,24.0,29.0,5,0,0.036448058191795946,0.5936233198117976,0
81,25.0,28.0,5,0,0.029945764495892566,0.5936233198117976,0
81,26.0,27.0,5,0,0.035913501212416155,0.5936233198117976,0
81,27.0,26.0,5,0,0.05825322958066164,0.5936233198117976,0
81,28.0,25.0,5,0,0.05305452153235532,0.5936233198117976,0
81,29.0,24.0,5,0,0.08016585627585389,0.5936233198117976,0
81,30.0,23.0,5,0,0.14052255138529407,0.5936233198117976,0
81,31.0,22.0,5,0,0.06572106131863555,0.5936233198117976,0
81,32.0,21.0,5,0,0.062297518928712624,0.5936233198117976,0
81,33.0,20.0,5,1,0.22418195680281675,0.5936233198117976,0
81,34.0,19.0,5,1,0.1946250454593468,0.5936233198117976,0
81,35.0,18.0,5,1,0.16063027631473636,0.5936233198117976,0
81,36.0,17.0,5,1,0.19111194853221772,0.5936233198117976,0
81,37.0,16.0,5,1,0.20505179665066958,0.5936233198117976,0
81,38.0,15.0,5,1,0.22925619290328922,0.5936233198117976,0
81,39.0,14.0,5,1,0.34770441078563924,0.5936233198117976,0
81,40.0,13.0,5,1,0.22046497669312395,0.5936233198117976,0
81,41.0,12.0,5,1,0.3487606592912794,0.5936233198117976,0
81,42.0,11.0,5,1,0.3943099796564077,0.5936233198117976,0
81,43.0,10.0,5,1,0.44730196405955486,0.5936233198117976,0
81,44.0,9.0,5,1,0.4871654556111148,0.5936233198117976,0
81,45.0,8.0,5,1,0.44712131962682117,0.5936233198117976,0
81,46.0,7.0,5,1,0.44826254974845625,0.5936233198117976,0
81,47.0,6.0,5,1,0.5667905585287313,0.5936233198117976,0
81,48.0,5.0,5,1,0.5209364136478464,0.5936233198117976,0
81,49.0,4.0,5,1,0.7282006013660767,0.5936233198117976,1
81,50.0,3.0,5,1,0.6614529936838252,0.5936233198117976,1
81,51.0,2.0,5,1,0.6306295222420994,0.5936233198117976,1
81,52.0,1.0,5,1,0.6983194490881057,0.5936233198117976,1
81,53.0,0.0,5,1,0.7560094796758072,0.5936233198117976,1
82,1.0,51.0,3,0,0.05088116858599327,0.613505769296565,0
82,2.0,50.0,3,0,0.0351056242860509,0.613505769296565,0
82,3.0,49.0,3,0,0.057373614987713796,0.613505769296565,0
82,4.0,48.0,3,0,0.14339641761598898,0.613505769296565,0
82,5.0,47.0,3,0,0.05369502644706436,0.613505769296565,0
82,6.0,46.0,3,0,0.03836304055109066,0.613505769296565,0
82,7.0,45.0,3,0,0.0336861567643754,0.613505769296565,0
82,8.0,44.0,3,0,0.2090694445949755,0.613505769296565,0
82,9.0,43.0,3,0,0.05009414066642849,0.613505769296565,0
82,10.0,42.0,3,0,0.06516252268207719,0.613505769296565,0
82,11.0,41.0,3,0,0.03637305420992389,0.613505769296565,0
82,12.0,40.0,3,0,0.04878426522683165,0.613505769296565,0
82,13.0,39.0,3,0,0.028751299527053156,0.613505769296565,0
82,14.0,38.0,3,0,0.07519574323437633,0.613505769296565,0
82,15.0,37.0,3,0,0.03286201253387349,0.613505769296565,0
82,16.0,36.0,3,0,0.13152489507378318,0.613505769296565,0
82,17.0,35.0,3,0,0.06960668665342473,0.613505769296565,0
82,18.0,34.0,3,0,0.021696690362531808,0.613505769296565,0
82,19.0,33.0,3,0,0.043424362241101105,0.613505769296565,0
82,20.0,32.0,3,0,0.09583022305686509,0.613505769296565,0
82,21.0,31.0,3,0,0.04650586465522332,0.613505769296565,0
82,22.0,30.0,3,0,0.0943614730568651,0.613505769296565,0
82,23.0,29.0,3,0,0.09499383851528553,0.613505769296565,0
82,24.0,28.0,3,0,0.07381314737662308,0.613505769296565,0
82,25.0,27.0,3,0,0.05570558132219674,0.613505769296565,0
82,26.0,26.0,3,0,0.0599784921599473,0.613505769296565,0
82,27.0,25.0,3,0,0.10904987023879369,0.613505769296565,0
82,28.0,24.0,3,0,0.026074154702072277,0.613505769296565,0
82,29.0,23.0,3,0,0.1443407976271257,0.613505769296565,0
82,30.0,22.0,3,0,0.11709101122148151,0.613505769296565,0
82,31.0,21.0,3,0,0.10569745127094238,0.613505769296565,0
82,32.0,20.0,3,1,0.25724294416688726,0.613505769296565,0
82,33.0,19.0,3,1,0.1479918057745436,0.613505769296565,0
82,34.0,18.0,3,1,0.12339983495801371,0.613505769296565,0
82,35.0,17.0,3,1,0.23051524124686054,0.613505769296565,0
82,36.0,16.0,3,1,0.3899376915972302,0.613505769296565,0
82,37.0,15.0,3,1,0.2613945562139061,0.613505769296565,0
82,38.0,14.0,3,1,0.25242202486717197,0.613505769296565,0
82,39.0,13.0,3,1,0.6305817032786845,0.613505769296565,1
82,40.0,12.0,3,1,0.3264010429244424,0.613505769296565,0
82,41.0,11.0,3,1,0.7157622895250827,0.613505769296565,1
82,42.0,10.0,3,1,0.80194688166971,0.613505769296565,1
82,43.0,9.0,3,1,0.7959275276678581,0.613505769296565,1
82,44.0,8.0,3,1,0.7949577916335391,0.613505769296565,1
82,45.0,7.0,3,1,0.7248508343892549,0.613505769296565,1
82,46.0,6.0,3,1,0.8149380662165266,0.613505769296565,1
82,47.0,5.0,3,1,0.9583730235595664,0.613505769296565,1
82,48.0,4.0,3,1,0.5580736411236173,0.613505769296565,0
82,49.0,3.0,3,1,0.9428251342866101,0.613505769296565,1
82,50.0,2.0,3,1,0.8075648307775456,0.613505769296565,1
82,51.0,1.0,3,1,0.9572855469632143,0.613505769296565,1
82,52.0,0.0,3,1,0.9694228016331804,0.613505769296565,1
83,1.0,52.0,5,0,0.04284854794457037,0.5936233198117976,0
83,2.0,51.0,5,0,0.05383086138607874,0.5936233198117976,0
83,3.0,50.0,5,0,0.05269157679330237,0.5936233198117976,0
83,4.0,49.0,5,0,0.054886542262677,0.5936233198117976,0
83,5.0,48.0,5,0,0.04946476186554249,0.5936233198117976,0
83,6.0,47.0,5,0,0.04048315016455572,0.5936233198117976,0
83,7.0,46.0,5,0,0.07193849274993389,0.5936233198117976,0
83,8.0,45.0,5,0,0.03434460640121504,0.5936233198117976,0
83,9.0,44.0,5,0,0.08924616175516908,0.5936233198117976,0
83,10.0,43.0,5,0,0.04237184483086377,0.5936233198117976,0
83,11.0,42.0,5,0,0.04431389044448448,0.5936233198117976,0
83,12.0,41.0,5,0,0.04494396267807237,0.5936233198117976,0
83,13.0,40.0,5,0,0.10152314243570465,0.5936233198117976,0
83,14.0,39.0,5,0,0.07171264590236341,0.5936233198117976,0
83,15.0,38.0,5,0,0.06873003820353461,0.5936233198117976,0
83,16.0,37.0,5,0,0.04985604876123169,0.5936233198117976,0
83,17.0,36.0,5,0,0.05571343620299825,0.5936233198117976,0
83,18.0,35.0,5,0,0.0936728656573359,0.5936233198117976,0
83,19.0,34.0,5,0,0.10999135564322339,0.5936233198117976,0
83,20.0,33.0,5,0,0.03246740518805963,0.5936233198117976,0
83,21.0,32.0,5,0,0.07308694447757494,0.5936233198117976,0
83,22.0,31.0,5,0,0.059833248359230366,0.5936233198117976,0
83,23.0,30.0,5,0,0.031333376478917783,0.5936233198117976,0
83,24.0,29.0,5,0,0.06197955006033942,0.5936233198117976,0
83,25.0,28.0,5,0,0.10153102395731008,0.5936233198117976,0
83,26.0,27.0,5,0,0.06611882284565647,0.5936233198117976,0
83,27.0,26.0,5,0,0.01981299950432881,0.5936233198117976,0
83,28.0,25.0,5,0,0.05179651043918561,0.5936233198117976,0
83,29.0,24.0,5,0,0.1189515844387995,0.5936233198117976,0
83,30.0,23.0,5,0,0.25784212801364587,0.5936233198117976,0
83,31.0,22.0,5,0,0.15237119122968415,0.5936233198117976,0
83,32.0,21.0,5,0,0.09074908425280129,0.5936233198117976,0
83,33.0,20.0,5,1,0.23108682975228853,0.5936233198117976,0
83,34.0,19.0,5,1,0.19854763935931638,0.5936233198117976,0
83,35.0,18.0,5,1,0.26329570064830876,0.5936233198117976,0
83,36.0,17.0,5,1,0.4757029050041942,0.5936233198117976,0
83,37.0,16.0,5,1,0.22598331512120975,0.5936233198117976,0
83,38.0,15.0,5,1,0.6525367157233337,0.5936233198117976,1
83,39.0,14.0,5,1,0.3849164429534899,0.5936233198117976,0
83,40.0,13.0,5,1,0.44236989214345523,0.5936233198117976,0
83,41.0,12.0,5,1,0.49780406360513796,0.5936233198117976,0
83,42.0,11.0,5,1,0.4776863982294735,0.5936233198117976,0
83,43.0,10.0,5,1,0.6151021135488992,0.5936233198117976,1
83,44.0,9.0,5,1,0.7024304817388927,0.5936233198117976,1
83,45.0,8.0,5,1,0.7661733926715967,0.5936233198117976,1
83,46.0,7.0,5,1,0.8543592784222503,0.5936233198117976,1
83,47.0,6.0,5,1,0.6997616644432415,0.5936233198117976,1
83,48.0,5.0,5,1,0.9034051501111487,0.5936233198117976,1
83,49.0,4.0,5,1,0.9282813717178235,0.5936233198117976,1
83,50.0,3.0,5,1,0.9665989464992443,0.5936233198117976,1
83,51.0,2.0,5,1,0.8262517946087509,0.5936233198117976,1
83,52.0,1.0,5,1,0.970936780224655,0.5936233198117976,1
83,53.0,0.0,5,1,0.9593794962716111,0.5936233198117976,1
84,1.0,47.0,4,0,0.07717394739629899,0.6112844997130881,0
84,2.0,46.0,4,0,0.02368318927603317,0.6112844997130881,0
84,3.0,45.0,4,0,0.026669103805578003,0.6112844997130881,0
84,4.0,44.0,4,0,0.05107211032633158,0.6112844997130881,0
84,5.0,43.0,4,0,0.045611802085047316,0.6112844997130881,0
84,6.0,42.0,4,0,0.030440283164033383,0.6112844997130881,0
84,7.0,41.0,4,0,0.20149767247529465,0.6112844997130881,0
84,8.0,40.0,4,0,0.057098724143729844,0.6112844997130881,0
84,9.0,39.0,4,0,0.04997000505069064,0.6112844997130881,0
84,10.0,38.0,4,0,0.0731185065454938,0.6112844997130881,0
84,11.0,37.0,4,0,0.049085928970265855,0.6112844997130881,0
84,12.0,36.0,4,0,0.05608012019784904,0.6112844997130881,0
84,13.0,35.0,4,0,0.03167012347931315,0.6112844997130881,0
84,14.0,34.0,4,0,0.047666303652414685,0.6112844997130881,0
84,15.0,33.0,4,0,0.048409127754422306,0.6112844997130881,0
84,16.0,32.0,4,0,0.02183866754228225,0.6112844997130881,0
84,17.0,31.0,4,0,0.04604972850620755,0.6112844997130881,0
84,18.0,30.0,4,0,0.22991560481467846,0.6112844997130881,0
84,19.0,29.0,4,0,0.16279195396625307,0.6112844997130881,0
84,20.0,28.0,4,0,0.02072568647911556,0.6112844997130881,0
84,21.0,27.0,4,0,0.05154599719395609,0.6112844997130881,0
84,22.0,26.0,4,0,0.04655478101930083,0.6112844997130881,0
84,23.0,25.0,4,0,0.10204858945093712,0.6112844997130881,0
84,24.0,24.0,4,0,0.16741653642588586,0.6112844997130881,0
84,25.0,23.0,4,0,0.11264131787549223,0.6112844997130881,0
84,26.0,22.0,4,0,0.11030739981847339,0.6112844997130881,0
84,27.0,21.0,4,0,0.06657094051213472,0.6112844997130881,0
84,28.0,20.0,4,1,0.09738532399132054,0.6112844997130881,0
84,29.0,19.0,4,1,0.16134279990361255,0.6112844997130881,0
84,30.0,18.0,4,1,0.06630476941748821,0.6112844997130881,0
84,31.0,17.0,4,1,0.1303108924950588,0.6112844997130881,0
84,32.0,16.0,4,1,0.1921861082469347,0.6112844997130881,0
84,33.0,15.0,4,1,0.3482413384444498,0.6112844997130881,0
84,34.0,14.0,4,1,0.4984346639527769,0.6112844997130881,0
84,35.0,13.0,4,1,0.3664472479340444,0.6112844997130881,0
84,36.0,12.0,4,1,0.1980711459205079,0.6112844997130881,0
84,37.0,11.0,4,1,0.34538034777197785,0.6112844997130881,0
84,38.0,10.0,4,1,0.6129179275321298,0.6112844997130881,1
84,39.0,9.0,4,1,0.687352408765507,0.6112844997130881,1
84,40.0,8.0,4,1,0.5147839937673429,0.6112844997130881,0
84,41.0,7.0,4,1,0.7483835541687874,0.6112844997130881,1
84,42.0,6.0,4,1,0.556671731221051,0.6112844997130881,0
84,43.0,5.0,4,1,0.81510879152531,0.6112844997130881,1
84,44.0,4.0,4,1,0.6651712046233063,0.6112844997130881,1
84,45.0,3.0,4,1,0.7860377925885488,0.6112844997130881,1
84,46.0,2.0,4,1,0.8187365724064068,0.6112844997130881,1
84,47.0,1.0,4,1,0.8430974047323608,0.6112844997130881,1
84,48.0,0.0,4,1,0.950525968787877,0.6112844997130881,1
85,1.0,49.0,2,0,0.05038284962010503,0.6001168108121387,0
85,2.0,48.0,2,0,0.09879246320570244,0.6001168108121387,0
85,3.0,47.0,2,0,0.051247272158833394,0.6001168108121387,0
85,4.0,46.0,2,0,0.06840245727908012,0.6001168108121387,0
85,5.0,45.0,2,0,0.06372500406290751,0.6001168108121387,0
85,6.0,44.0,2,0,0.06707008606310255,0.6001168108121387,0
85,7.0,43.0,2,0,0.03382571161599827,0.6001168108121387,0
85,8.0,42.0,2,0,0.13781700927331555,0.6001168108121387,0
85,9.0,41.0,2,0,0.07625774152201903,0.6001168108121387,0
85,10.0,40.0,2,0,0.029231058470736433,0.6001168108121387,0
85,11.0,39.0,2,0,0.06712034770872323,0.6001168108121387,0
85,12.0,38.0,2,0,0.06944669424404629,0.6001168108121387,0
85,13.0,37.0,2,0,0.07175713064057279,0.6001168108121387,0
85,14.0,36.0,2,0,0.04441062649340191,0.6001168108121387,0
85,15.0,35.0,2,0,0.10558695960431799,0.6001168108121387,0
85,16.0,34.0,2,0,0.035127544015423874,0.6001168108121387,0
85,17.0,33.0,2,0,0.07095508645664377,0.6001168108121387,0
85,18.0,32.0,2,0,0.11043539549287426,0.6001168108121387,0
85,19.0,31.0,2,0,0.0860971317408422,0.6001168108121387,0
85,20.0,30.0,2,0,0.07155725678569726,0.6001168108121387,0
85,21.0,29.0,2,0,0.08345038142203359,0.6001168108121387,0
85,22.0,28.0,2,0,0.11594451483804483,0.6001168108121387,0
85,23.0,27.0,2,0,0.09298294643795135,0.6001168108121387,0
85,24.0,26.0,2,0,0.04697765440651426,0.6001168108121387,0
85,25.0,25.0,2,0,0.10990212998844116,0.6001168108121387,0
85,26.0,24.0,2,0,0.16216705863525577,0.6001168108121387,0
85,27.0,23.0,2,0,0.03933636484053612,0.6001168108121387,0
85,28.0,22.0,2,0,0.17299129889379172,0.6001168108121387,0
85,29.0,21.0,2,0,0.1712125456140719,0.6001168108121387,0
85,30.0,20.0,2,1,0.1271719744281877,0.6001168108121387,0
85,31.0,19.0,2,1,0.1199510772432663,0.6001168108121387,0
85,32.0,18.0,2,1,0.23983706164198368,0.6001168108121387,0
85,33.0,17.0,2,1,0.24212554588635474,0.6001168108121387,0
85,34.0,16.0,2,1,0.23359739551119507,0.6001168108121387,0
85,35.0,15.0,2,1,0.31541308634815024,0.6001168108121387,0
85,36.0,14.0,2,1,0.2534748813471079,0.6001168108121387,0
85,37.0,13.0,2,1,0.23363074784486249,0.6001168108121387,0
85,38.0,12.0,2,1,0.20651586075261644,0.6001168108121387,0
85,39.0,11.0,2,1,0.49302111971557133,0.6001168108121387,0
85,40.0,10.0,2,1,0.6826944663545811,0.6001168108121387,1
85,41.0,9.0,2,1,0.6623410422676009,0.6001168108121387,1
85,42.0,8.0,2,1,0.5060558201430736,0.6001168108121387,0
85,43.0,7.0,2,1,0.694281205526034,0.6001168108121387,1
85,44.0,6.0,2,1,0.6194880507901227,0.6001168108121387,1
85,45.0,5.0,2,1,0.7605050509337917,0.6001168108121387,1
85,46.0,4.0,2,1,0.5787322832607174,0.6001168108121387,0
85,47.0,3.0,2,1,0.8225057001701755,0.6001168108121387,1
85,48.0,2.0,2,1,0.8743369216121333,0.6001168108121387,1
85,49.0,1.0,2,1,0.93097934755183,0.6001168108121387,1
85,50.0,0.0,2,1,0.9564141463517563,0.6001168108121387,1
86,1.0,59.0,1,0,0.03253910977693723,0.6061926394381595,0
86,2.0,58.0,1,0,0.059140043553900255,0.6061926394381595,0
86,3.0,57.0,1,0,0.06146356450808798,0.6061926394381595,0
86,4.0,56.0,1,0,0.04662934494028213,0.6061926394381595,0
86,5.0,55.0,1,0,0.045147994561369933,0.6061926394381595,0
86,6.0,54.0,1,0,0.05124976792694353,0.6061926394381595,0
86,7.0,53.0,1,0,0.08224070457253767,0.6061926394381595,0
86,8.0,52.0,1,0,0.07793924102800144,0.6061926394381595,0
86,9.0,51.0,1,0,0.056434231189622236,0.6061926394381595,0
86,10.0,50.0,1,0,0.09272443885823872,0.6061926394381595,0
86,11.0,49.0,1,0,0.049854077324411085,0.6061926394381595,0
86,12.0,48.0,1,0,0.031598246843543495,0.6061926394381595,0
86,13.0,47.0,1,0,0.013912106246567583,0.6061926394381595,0
86,14.0,46.0,1,0,0.07991173387620079,0.6061926394381595,0
86,15.0,45.0,1,0,0.11681258831779012,0.6061926394381595,0
86,16.0,44.0,1,0,0.11040076350595468,0.6061926394381595,0
86,17.0,43.0,1,0,0.05155262800822589,0.6061926394381595,0
86,18.0,42.0,1,0,0.04243010150576852,0.6061926394381595,0
86,19.0,41.0,1,0,0.0713499058432199,0.6061926394381595,0
86,20.0,40.0,1,0,0.09963764347776868,0.6061926394381595,0
86,21.0,39.0,1,0,0.08276934050921583,0.6061926394381595,0
86,22.0,38.0,1,0,0.04246387089093542,0.6061926394381595,0
86,23.0,37.0,1,0,0.062229709191558666,0.6061926394381595,0
86,24.0,36.0,1,0,0.06023363165154603,0.6061926394381595,0
86,25.0,35.0,1,0,0.05881705037464142,0.6061926394381595,0
86,26.0,34.0,1,0,0.037812522547925304,0.6061926394381595,0
86,27.0,33.0,1,0,0.03372632325663832,0.6061926394381595,0
86,28.0,32.0,1,0,0.06708951899681226,0.6061926394381595,0
86,29.0,31.0,1,0,0.038791002666282715,0.6061926394381595,0
86,30.0,30.0,1,0,0.059120295235714625,0.6061926394381595,0
86,31.0,29.0,1,0,0.1839214647430794,0.6061926394381595,0
86,32.0,28.0,1,0,0.05084648363688334,0.6061926394381595,0
86,33.0,27.0,1,0,0.08376298987102739,0.6061926394381595,0
86,34.0,26.0,1,0,0.04028354305547571,0.6061926394381595,0
86,35.0,25.0,1,0,0.12492123480351715,0.6061926394381595,0
86,36.0,24.0,1,0,0.16254941813957036,0.6061926394381595,0
86,37.0,23.0,1,0,0.15233677936310452,0.6061926394381595,0
86,38.0,22.0,1,0,0.37949872699928927,0.6061926394381595,0
86,39.0,21.0,1,0,0.19677919155659035,0.6061926394381595,0
86,40.0,20.0,1,1,0.32773937474328085,0.6061926394381595,0
86,41.0,19.0,1,1,0.31565551223707256,0.6061926394381595,0
86,42.0,18.0,1,1,0.4876742704793567,0.6061926394381595,0
86,43.0,17.0,1,1,0.5196659487564795,0.6061926394381595,0
86,44.0,16.0,1,1,0.42536940713561255,0.6061926394381595,0
86,45.0,15.0,1,1,0.6426086628724103,0.6061926394381595,1
86,46.0,14.0,1,1,0.6596371654832819,0.6061926394381595,1
86,47.0,13.0,1,1,0.7629969201242657,0.6061926394381595,1
86,48.0,12.0,1,1,0.471917566756796,0.6061926394381595,0
86,49.0,11.0,1,1,0.3356518135353469,0.6061926394381595,0
86,50.0,10.0,1,1,0.8285873444853938,0.6061926394381595,1
86,51.0,9.0,1,1,0.887265294874584,0.6061926394381595,1
86,52.0,8.0,1,1,0.8952269164309271,0.6061926394381595,1
86,53.0,7.0,1,1,0.9465159676395661,0.6061926394381595,1
86,54.0,6.0,1,1,0.8013067911263663,0.6061926394381595,1
86,55.0,5.0,1,1,0.9372641767939914,0.6061926394381595,1
86,56.0,4.0,1,1,0.8668848003627869,0.6061926394381595,1
86,57.0,3.0,1,1,0.9654144959926896,0.6061926394381595,1
86,58.0,2.0,1,1,0.9320343900180177,0.6061926394381595,1
86,59.0,1.0,1,1,0.905337937679291,0.6061926394381595,1
86,60.0,0.0,1,1,0.9378871101409187,0.6061926394381595,1
87,1.0,61.0,5,0,0.012443524310261654,0.5936233198117976,0
87,2.0,60.0,5,0,0.04102731760900292,0.5936233198117976,0
87,3.0,59.0,5,0,0.07707679362959965,0.5936233198117976,0
87,4.0,58.0,5,0,0.026247517268727216,0.5936233198117976,0
87,5.0,57.0,5,0,0.06688983856793428,0.5936233198117976,0
87,6.0,56.0,5,0,0.07146734029830171,0.5936233198117976,0
87,7.0,55.0,5,0,0.08978262902379927,0.5936233198117976,0
87,8.0,54.0,5,0,0.03912968478730658,0.5936233198117976,0
87,9.0,53.0,5,0,0.022995148281923183,0.5936233198117976,0
87,10.0,52.0,5,0,0.03636499162352056,0.5936233198117976,0
87,11.0,51.0,5,0,0.0229541625037698,0.5936233198117976,0
87,12.0,50.0,5,0,0.03126681411906179,0.5936233198117976,0
87,13.0,49.0,5,0,0.06020760910496097,0.5936233198117976,0
87,14.0,48.0,5,0,0.04467773999834406,0.5936233198117976,0
87,15.0,47.0,5,0,0.11504080184236502,0.5936233198117976,0
87,16.0,46.0,5,0,0.057651853801690446,0.5936233198117976,0
87,17.0,45.0,5,0,0.051323280566409696,0.5936233198117976,0
87,18.0,44.0,5,0,0.04848126685463323,0.5936233198117976,0
87,19.0,43.0,5,0,0.0256665665207285,0.5936233198117976,0
87,20.0,42.0,5,0,0.035837733540693924,0.5936233198117976,0
87,21.0,41.0,5,0,0.07076005108272947,0.5936233198117976,0
87,22.0,40.0,5,0,0.09465648084407924,0.5936233198117976,0
87,23.0,39.0,5,0,0.03162619405634321,0.5936233198117976,0
87,24.0,38.0,5,0,0.020024248171494185,0.5936233198117976,0
87,25.0,37.0,5,0,0.05472988576399261,0.5936233198117976,0
87,26.0,36.0,5,0,0.036905359716046804,0.5936233198117976,0
87,27.0,35.0,5,0,0.04119361843893345,0.5936233198117976,0
87,28.0,34.0,5,0,0.06580354045728928,0.5936233198117976,0
87,29.0,33.0,5,0,0.049684214054368736,0.5936233198117976,0
87,30.0,32.0,5,0,0.09639052102445317,0.5936233198117976,0
87,31.0,31.0,5,0,0.06085914987829055,0.5936233198117976,0
87,32.0,30.0,5,0,0.06224122772012024,0.5936233198117976,0
87,33.0,29.0,5,0,0.08282182256762716,0.5936233198117976,0
87,34.0,28.0,5,0,0.1715351826089042,0.5936233198117976,0
87,35.0,27.0,5,0,0.1458388212247984,0.5936233198117976,0
87,36.0,26.0,5,0,0.16267501799276646,0.5936233198117976,0
87,37.0,25.0,5,0,0.2625860376961715,0.5936233198117976,0
87,38.0,24.0,5,0,0.09661160318785837,0.5936233198117976,0
87,39.0,23.0,5,0,0.2560165423178332,0.5936233198117976,0
87,40.0,22.0,5,0,0.1616277334590127,0.5936233198117976,0
87,41.0,21.0,5,0,0.37057570398914663,0.5936233198117976,0
87,42.0,20.0,5,1,0.44956264218359515,0.5936233198117976,0
87,43.0,19.0,5,1,0.5419237669676837,0.5936233198117976,0
87,44.0,18.0,5,1,0.5334380995602468,0.5936233198117976,0
87,45.0,17.0,5,1,0.16154087679396392,0.5936233198117976,0
87,46.0,16.0,5,1,0.7206091990895136,0.5936233198117976,1
87,47.0,15.0,5,1,0.5220582697198771,0.5936233198117976,0
87,48.0,14.0,5,1,0.621312664099742,0.5936233198117976,1
87,49.0,13.0,5,1,0.5201625653051245,0.5936233198117976,0
87,50.0,12.0,5,1,0.7512169248769273,0.5936233198117976,1
87,51.0,11.0,5,1,0.6705661707173428,0.5936233198117976,1
87,52.0,10.0,5,1,0.7214276586329045,0.5936233198117976,1
87,53.0,9.0,5,1,0.503441490004378,0.5936233198117976,0
87,54.0,8.0,5,1,0.8860669338311099,0.5936233198117976,1
87,55.0,7.0,5,1,0.8764848352370249,0.5936233198117976,1
87,56.0,6.0,5,1,0.721169807959558,0.5936233198117976,1
87,57.0,5.0,5,1,0.8132512956144099,0.5936233198117976,1
87,58.0,4.0,5,1,0.6800173731419666,0.5936233198117976,1
87,59.0,3.0,5,1,0.8355627735620244,0.5936233198117976,1
87,60.0,2.0,5,1,0.893024816433635,0.5936233198117976,1
87,61.0,1.0,5,1,0.9144987585187153,0.5936233198117976,1
87,62.0,0.0,5,1,0.9193754362062004,0.5936233198117976,1
88,1.0,61.0,3,0,0.037065138457193204,0.613505769296565,0
88,2.0,60.0,3,0,0.08074389232753597,0.613505769296565,0
88,3.0,59.0,3,0,0.06383162536387617,0.613505769296565,0
88,4.0,58.0,3,0,0.02459420803305073,0.613505769296565,0
88,5.0,57.0,3,0,0.024695283745528766,0.613505769296565,0
88,6.0,56.0,3,0,0.038272616842612794,0.613505769296565,0
88,7.0,55.0,3,0,0.05784801311565065,0.613505769296565,0
88,8.0,54.0,3,0,0.04895886126367057,0.613505769296565,0
88,9.0,53.0,3,0,0.03364437585166044,0.613505769296565,0
88,10.0,52.0,3,0,0.040519263045930544,0.613505769296565,0
88,11.0,51.0,3,0,0.038894768384620845,0.613505769296565,0
88,12.0,50.0,3,0,0.03919158324893902,0.613505769296565,0
88,13.0,49.0,3,0,0.0809118960638003,0.613505769296565,0
88,14.0,48.0,3,0,0.025768960334066695,0.613505769296565,0
88,15.0,47.0,3,0,0.03764443734494595,0.613505769296565,0
88,16.0,46.0,3,0,0.08363830810504765,0.613505769296565,0
88,17.0,45.0,3,0,0.05655325049611062,0.613505769296565,0
88,18.0,44.0,3,0,0.0823247991574444,0.613505769296565,0
88,19.0,43.0,3,0,0.02383726415660141,0.613505769296565,0
88,20.0,42.0,3,0,0.12648297314434948,0.613505769296565,0
88,21.0,41.0,3,0,0.045312760934621686,0.613505769296565,0
88,22.0,40.0,3,0,0.11321052902659982,0.613505769296565,0
88,23.0,39.0,3,0,0.20363120552684152,0.613505769296565,0
88,24.0,38.0,3,0,0.03864831738799105,0.613505769296565,0
88,25.0,37.0,3,0,0.04350211127801519,0.613505769296565,0
88,26.0,36.0,3,0,0.08161822360439044,0.613505769296565,0
88,27.0,35.0,3,0,0.1001578786987654,0.613505769296565,0
88,28.0,34.0,3,0,0.05181319355985233,0.613505769296565,0
88,29.0,33.0,3,0,0.038438556817993984,0.613505769296565,0
88,30.0,32.0,3,0,0.11461656781871127,0.613505769296565,0
88,31.0,31.0,3,0,0.15217812908595726,0.613505769296565,0
88,32.0,30.0,3,0,0.036251225194598884,0.613505769296565,0
88,33.0,29.0,3,0,0.10384793363458071,0.613505769296565,0
88,34.0,28.0,3,0,0.1647026701215505,0.613505769296565,0
88,35.0,27.0,3,0,0.18913716337371456,0.613505769296565,0
88,36.0,26.0,3,0,0.2366556003037994,0.613505769296565,0
88,37.0,25.0,3,0,0.2710856375338786,0.613505769296565,0
88,38.0,24.0,3,0,0.2604601196095424,0.613505769296565,0
88,39.0,23.0,3,0,0.24768161629456256,0.613505769296565,0
88,40.0,22.0,3,0,0.2523776339063965,0.613505769296565,0
88,41.0,21.0,3,0,0.3231145920397073,0.613505769296565,0
88,42.0,20.0,3,1,0.4726914813347213,0.613505769296565,0
88,43.0,19.0,3,1,0.5667824557667036,0.613505769296565,0
88,44.0,18.0,3,1,0.5530561030481692,0.613505769296565,0
88,45.0,17.0,3,1,0.6094216625246908,0.613505769296565,0
88,46.0,16.0,3,1,0.40237988526852136,0.613505769296565,0
88,47.0,15.0,3,1,0.8130131175701035,0.613505769296565,1
88,48.0,14.0,3,1,0.4722907505973172,0.613505769296565,0
88,49.0,13.0,3,1,0.45685262284412465,0.613505769296565,0
88,50.0,12.0,3,1,0.6445709701429454,0.613505769296565,1
88,51.0,11.0,3,1,0.6751980154844905,0.613505769296565,1
88,52.0,10.0,3,1,0.8237656352872905,0.613505769296565,1
88,53.0,9.0,3,1,0.6550169764402727,0.613505769296565,1
88,54.0,8.0,3,1,0.9019255281281717,0.613505769296565,1
88,55.0,7.0,3,1,0.8577449282886215,0.613505769296565,1
88,56.0,6.0,3,1,0.9300852456011294,0.613505769296565,1
88,57.0,5.0,3,1,0.8848525184437468,0.613505769296565,1
88,58.0,4.0,3,1,0.9399845066578991,0.613505769296565,1
88,59.0,3.0,3,1,0.8986656371573979,0.613505769296565,1
88,60.0,2.0,3,1,0.946622899245869,0.613505769296565,1
88,61.0,1.0,3,1,0.9715041568032727,0.613505769296565,1
88,62.0,0.0,3,1,0.8657155781938636,0.613505769296565,1
89,1.0,58.0,5,0,0.041442989897244036,0.5936233198117976,0
89,2.0,57.0,5,0,0.006971455628221313,0.5936233198117976,0
89,3.0,56.0,5,0,0.06433785570154664,0.5936233198117976,0
89,4.0,55.0,5,0,0.052404432768390935,0.5936233198117976,0
89,5.0,54.0,5,0,0.03197910744925166,0.5936233198117976,0
89,6.0,53.0,5,0,0.023307113500628508,0.5936233198117976,0
89,7.0,52.0,5,0,0.04363666997155927,0.5936233198117976,0
89,8.0,51.0,5,0,0.054015160879127604,0.5936233198117976,0
89,9.0,50.0,5,0,0.033596137613058734,0.5936233198117976,0
89,10.0,49.0,5,0,0.023948610196881544,0.5936233198117976,0
89,11.0,48.0,5,0,0.07819715961817804,0.5936233198117976,0
89,12.0,47.0,5,0,0.04579702021868397,0.5936233198117976,0
89,13.0,46.0,5,0,0.04676397981907176,0.5936233198117976,0
89,14.0,45.0,5,0,0.06049698743596035,0.5936233198117976,0
89,15.0,44.0,5,0,0.05802894569115071,0.5936233198117976,0
89,16.0,43.0,5,0,0.0696691862232244,0.5936233198117976,0
89,17.0,42.0,5,0,0.09269300369453774,0.5936233198117976,0
89,18.0,41.0,5,0,0.03408538025167714,0.5936233198117976,0
89,19.0,40.0,5,0,0.03486941771155557,0.5936233198117976,0
89,20.0,39.0,5,0,0.042894997768345475,0.5936233198117976,0
89,21.0,38.0,5,0,0.034011471994982626,0.5936233198117976,0
89,22.0,37.0,5,0,0.23549106707544137,0.5936233198117976,0
89,23.0,36.0,5,0,0.09589920844246635,0.5936233198117976,0
89,24.0,35.0,5,0,0.12694817326935523,0.5936233198117976,0
89,25.0,34.0,5,0,0.024622051069365304,0.5936233198117976,0
89,26.0,33.0,5,0,0.06841804378638633,0.5936233198117976,0
89,27.0,32.0,5,0,0.024301868396467745,0.5936233198117976,0
89,28.0,31.0,5,0,0.026531925058517928,0.5936233198117976,0
89,29.0,30.0,5,0,0.056234466111881945,0.5936233198117976,0
89,30.0,29.0,5,0,0.03365483505152426,0.5936233198117976,0
89,31.0,28.0,5,0,0.13013614632379022,0.5936233198117976,0
89,32.0,27.0,5,0,0.16145530509001346,0.5936233198117976,0
89,33.0,26.0,5,0,0.07473336574790798,0.5936233198117976,0
89,34.0,25.0,5,0,0.08700650523699943,0.5936233198117976,0
89,35.0,24.0,5,0,0.39428630412601534,0.5936233198117976,0
89,36.0,23.0,5,0,0.24208728014647507,0.5936233198117976,0
89,37.0,22.0,5,0,0.3684347120361068,0.5936233198117976,0
89,38.0,21.0,5,0,0.2512916215225993,0.5936233198117976,0
89,39.0,20.0,5,1,0.2946753692251647,0.5936233198117976,0
89,40.0,19.0,5,1,0.2643545417246431,0.5936233198117976,0
89,41.0,18.0,5,1,0.5151091697030483,0.5936233198117976,0
89,42.0,17.0,5,1,0.3524926637796277,0.5936233198117976,0
89,43.0,16.0,5,1,0.3490955699333583,0.5936233198117976,0
89,44.0,15.0,5,1,0.5048857854488269,0.5936233198117976,0
89,45.0,14.0,5,1,0.6388479572253908,0.5936233198117976,1
89,46.0,13.0,5,1,0.7606844138433119,0.5936233198117976,1
89,47.0,12.0,5,1,0.7791530635920723,0.5936233198117976,1
89,48.0,11.0,5,1,0.7344454227749114,0.5936233198117976,1
89,49.0,10.0,5,1,0.7686533959474338,0.5936233198117976,1
89,50.0,9.0,5,1,0.9042416026367879,0.5936233198117976,1
89,51.0,8.0,5,1,0.6651665186658963,0.5936233198117976,1
89,52.0,7.0,5,1,0.8021000081784906,0.5936233198117976,1
89,53.0,6.0,5,1,0.8945798701888918,0.5936233198117976,1
89,54.0,5.0,5,1,0.9262912215443438,0.5936233198117976,1
89,55.0,4.0,5,1,0.9112502126494308,0.5936233198117976,1
89,56.0,3.0,5,1,0.8758508999688316,0.5936233198117976,1
89,57.0,2.0,5,1,0.9575843914740646,0.5936233198117976,1
89,58.0,1.0,5,1,0.893230386946732,0.5936233198117976,1
89,59.0,0.0,5,1,0.9873986212487418,0.5936233198117976,1
90,1.0,53.0,3,0,0.0464237080992211,0.613505769296565,0
90,2.0,52.0,3,0,0.05847082301418759,0.613505769296565,0
90,3.0,51.0,3,0,0.07683631692944863,0.613505769296565,0
90,4.0,50.0,3,0,0.035380993246904094,0.613505769296565,0
90,5.0,49.0,3,0,0.028436360796517145,0.613505769296565,0
90,6.0,48.0,3,0,0.09759811188461057,0.613505769296565,0
90,7.0,47.0,3,0,0.0404328071163245,0.613505769296565,0
90,8.0,46.0,3,0,0.07523198604202398,0.613505769296565,0
90,9.0,45.0,3,0,0.04507495155193462,0.613505769296565,0
90,10.0,44.0,3,0,0.09805391984299525,0.613505769296565,0
90,11.0,43.0,3,0,0.05447205215882056,0.613505769296565,0
90,12.0,42.0,3,0,0.025455816417590146,0.613505769296565,0
90,13.0,41.0,3,0,0.030683488841772414,0.613505769296565,0
90,14.0,40.0,3,0,0.0238198841198916,0.613505769296565,0
90,15.0,39.0,3,0,0.04177249779183127,0.613505769296565,0
90,16.0,38.0,3,0,0.04823955082689829,0.613505769296565,0
90,17.0,37.0,3,0,0.08678862445301178,0.613505769296565,0
90,18.0,36.0,3,0,0.03395042747893634,0.613505769296565,0
90,19.0,35.0,3,0,0.058572430616309366,0.613505769296565,0
90,20.0,34.0,3,0,0.1014838773484914,0.613505769296565,0
90,21.0,33.0,3,0,0.02457854171167081,0.613505769296565,0
90,22.0,32.0,3,0,0.08123202903034103,0.613505769296565,0
90,23.0,31.0,3,0,0.09033969618392416,0.613505769296565,0
90,24.0,30.0,3,0,0.04144818483662314,0.613505769296565,0
90,25.0,29.0,3,0,0.06483379839507228,0.613505769296565,0
90,26.0,28.0,3,0,0.06995329011693636,0.613505769296565,0
90,27.0,27.0,3,0,0.03780408304472044,0.613505769296565,0
90,28.0,26.0,3,0,0.04229444946775498,0.613505769296565,0
90,29.0,25.0,3,0,0.0676776443505423,0.613505769296565,0
90,30.0,24.0,3,0,0.04451358758279573,0.613505769296565,0
90,31.0,23.0,3,0,0.04141914023103541,0.613505769296565,0
90,32.0,22.0,3,0,0.12324878338743782,0.613505769296565,0
90,33.0,21.0,3,0,0.07272734726765485,0.613505769296565,0
90,34.0,20.0,3,1,0.09955456169625362,0.613505769296565,0
90,35.0,19.0,3,1,0.14782802982174445,0.613505769296565,0
90,36.0,18.0,3,1,0.17858022705577867,0.613505769296565,0
90,37.0,17.0,3,1,0.09614077220291181,0.613505769296565,0
90,38.0,16.0,3,1,0.21051337797358008,0.613505769296565,0
90,39.0,15.0,3,1,0.24091426834348356,0.613505769296565,0
90,40.0,14.0,3,1,0.21603952375354912,0.613505769296565,0
90,41.0,13.0,3,1,0.4104122364093004,0.613505769296565,0
90,42.0,12.0,3,1,0.32597158090121464,0.613505769296565,0
90,43.0,11.0,3,1,0.3309075871121951,0.613505769296565,0
90,44.0,10.0,3,1,0.6159643199732276,0.613505769296565,1
90,45.0,9.0,3,1,0.3801605960509599,0.613505769296565,0
90,46.0,8.0,3,1,0.6737620818290674,0.613505769296565,1
90,47.0,7.0,3,1,0.7788754170763245,0.613505769296565,1
90,48.0,6.0,3,1,0.7770047970551683,0.613505769296565,1
90,49.0,5.0,3,1,0.7335592335800135,0.613505769296565,1
90,50.0,4.0,3,1,0.8067924987636519,0.613505769296565,1
90,51.0,3.0,3,1,0.42746887981443976,0.613505769296565,0
90,52.0,2.0,3,1,0.5685671136114084,0.613505769296565,0
90,53.0,1.0,3,1,0.7522213421913935,0.613505769296565,1
90,54.0,0.0,3,1,0.9438113674201044,0.613505769296565,1
