unit,cycle,rul,outer_fold,is_final_window,risk_probability,selected_threshold,maintenance_warning
1,1.0,99.0,1,0,0.004423890103830842,0.8012529878443658,0
1,2.0,98.0,1,0,0.008883881798092921,0.8012529878443658,0
1,3.0,97.0,1,0,0.00419876501069982,0.8012529878443658,0
1,4.0,96.0,1,0,0.02009443124237032,0.8012529878443658,0
1,5.0,95.0,1,0,0.006619142717066796,0.8012529878443658,0
1,6.0,94.0,1,0,0.005228364177411475,0.8012529878443658,0
1,7.0,93.0,1,0,0.002272272507673189,0.8012529878443658,0
1,8.0,92.0,1,0,0.009702968605945888,0.8012529878443658,0
1,9.0,91.0,1,0,0.0003737948538734084,0.8012529878443658,0
1,10.0,90.0,1,0,0.03181430877060538,0.8012529878443658,0
1,11.0,89.0,1,0,0.007887270527097914,0.8012529878443658,0
1,12.0,88.0,1,0,0.00843761788017638,0.8012529878443658,0
1,13.0,87.0,1,0,0.009493846114795347,0.8012529878443658,0
1,14.0,86.0,1,0,0.007688777465933378,0.8012529878443658,0
1,15.0,85.0,1,0,0.007579343877728387,0.8012529878443658,0
1,16.0,84.0,1,0,0.016435433031697453,0.8012529878443658,0
1,17.0,83.0,1,0,0.012733718084691687,0.8012529878443658,0
1,18.0,82.0,1,0,0.008959567787976398,0.8012529878443658,0
1,19.0,81.0,1,0,0.005309888716461244,0.8012529878443658,0
1,20.0,80.0,1,0,0.010863755718076816,0.8012529878443658,0
1,21.0,79.0,1,0,0.0048831424812970994,0.8012529878443658,0
1,22.0,78.0,1,0,0.00939168281471497,0.8012529878443658,0
1,23.0,77.0,1,0,0.021049898575367373,0.8012529878443658,0
1,24.0,76.0,1,0,0.017871439244016202,0.8012529878443658,0
1,25.0,75.0,1,0,0.027376877677436347,0.8012529878443658,0
1,26.0,74.0,1,0,0.02677142340360024,0.8012529878443658,0
1,27.0,73.0,1,0,0.004024908872237343,0.8012529878443658,0
1,28.0,72.0,1,0,0.006202409446296841,0.8012529878443658,0
1,29.0,71.0,1,0,0.0022209003277922656,0.8012529878443658,0
1,30.0,70.0,1,0,0.022064854713356473,0.8012529878443658,0
1,31.0,69.0,1,0,0.0444446625611321,0.8012529878443658,0
1,32.0,68.0,1,0,0.002340526240214692,0.8012529878443658,0
1,33.0,67.0,1,0,0.009321372825968552,0.8012529878443658,0
1,34.0,66.0,1,0,0.005150198670323201,0.8012529878443658,0
1,35.0,65.0,1,0,0.0016732627141718382,0.8012529878443658,0
1,36.0,64.0,1,0,0.009479095264004889,0.8012529878443658,0
1,37.0,63.0,1,0,0.007537294491150385,0.8012529878443658,0
1,38.0,62.0,1,0,0.005913560208505657,0.8012529878443658,0
1,39.0,61.0,1,0,0.0024531866384913553,0.8012529878443658,0
1,40.0,60.0,1,0,0.007623786527895007,0.8012529878443658,0
1,41.0,59.0,1,0,0.0168642712471651,0.8012529878443658,0
1,42.0,58.0,1,0,0.04293107696830801,0.8012529878443658,0
1,43.0,57.0,1,0,0.02692905369945529,0.8012529878443658,0
1,44.0,56.0,1,0,0.021673430532533806,0.8012529878443658,0
1,45.0,55.0,1,0,0.019882122583143362,0.8012529878443658,0
1,46.0,54.0,1,0,0.025936941199816998,0.8012529878443658,0
1,47.0,53.0,1,0,0.035700250678955534,0.8012529878443658,0
1,48.0,52.0,1,0,0.04943998387847419,0.8012529878443658,0
1,49.0,51.0,1,0,0.07105249103855799,0.8012529878443658,0
1,50.0,50.0,1,0,0.046438277754936585,0.8012529878443658,0
1,51.0,49.0,1,0,0.11868021028984471,0.8012529878443658,0
1,52.0,48.0,1,0,0.11117432217999938,0.8012529878443658,0
1,53.0,47.0,1,0,0.15300036349603982,0.8012529878443658,0
1,54.0,46.0,1,0,0.17369103776852174,0.8012529878443658,0
1,55.0,45.0,1,0,0.27674955133268625,0.8012529878443658,0
1,56.0,44.0,1,0,0.08276287311414651,0.8012529878443658,0
1,57.0,43.0,1,0,0.3868834024095301,0.8012529878443658,0
1,58.0,42.0,1,0,0.3315816285927794,0.8012529878443658,0
1,59.0,41.0,1,0,0.3754782052430318,0.8012529878443658,0
1,60.0,40.0,1,0,0.6398067144833235,0.8012529878443658,0
1,61.0,39.0,1,0,0.4576379769281872,0.8012529878443658,0
1,62.0,38.0,1,0,0.5864748841881859,0.8012529878443658,0
1,63.0,37.0,1,0,0.34933428813757905,0.8012529878443658,0
1,64.0,36.0,1,0,0.6584000689107543,0.8012529878443658,0
1,65.0,35.0,1,0,0.6027257795554193,0.8012529878443658,0
1,66.0,34.0,1,0,0.5613451994172861,0.8012529878443658,0
1,67.0,33.0,1,0,0.7370268635183748,0.8012529878443658,0
1,68.0,32.0,1,0,0.6409513254862971,0.8012529878443658,0
1,69.0,31.0,1,0,0.5128092188377462,0.8012529878443658,0
1,70.0,30.0,1,0,0.856651630918209,0.8012529878443658,1
1,71.0,29.0,1,0,0.7776614328675028,0.8012529878443658,0
1,72.0,28.0,1,0,0.6780157290190416,0.8012529878443658,0
1,73.0,27.0,1,0,0.9016234868686086,0.8012529878443658,1
1,74.0,26.0,1,0,0.8564953583541061,0.8012529878443658,1
1,75.0,25.0,1,0,0.9167079736768742,0.8012529878443658,1
1,76.0,24.0,1,0,0.7883552567894693,0.8012529878443658,0
1,77.0,23.0,1,0,0.8410070779666556,0.8012529878443658,1
1,78.0,22.0,1,0,0.8843082313891221,0.8012529878443658,1
1,79.0,21.0,1,0,0.940407049785276,0.8012529878443658,1
1,80.0,20.0,1,1,0.9535710792188464,0.8012529878443658,1
1,81.0,19.0,1,1,0.9170111420547604,0.8012529878443658,1
1,82.0,18.0,1,1,0.9201389127259219,0.8012529878443658,1
1,83.0,17.0,1,1,0.9587093016292239,0.8012529878443658,1
1,84.0,16.0,1,1,0.9513076281316593,0.8012529878443658,1
1,85.0,15.0,1,1,0.9474782208117468,0.8012529878443658,1
1,86.0,14.0,1,1,0.9458193543934612,0.8012529878443658,1
1,87.0,13.0,1,1,0.9144810273078683,0.8012529878443658,1
1,88.0,12.0,1,1,0.9687150703970011,0.8012529878443658,1
1,89.0,11.0,1,1,0.9440869554869317,0.8012529878443658,1
1,90.0,10.0,1,1,0.9375580409569998,0.8012529878443658,1
1,91.0,9.0,1,1,0.8777680665929167,0.8012529878443658,1
1,92.0,8.0,1,1,0.9672741765082824,0.8012529878443658,1
1,93.0,7.0,1,1,0.9398896696745189,0.8012529878443658,1
1,94.0,6.0,1,1,0.8707152322445451,0.8012529878443658,1
1,95.0,5.0,1,1,0.8458304111242,0.8012529878443658,1
1,96.0,4.0,1,1,0.9069072709201003,0.8012529878443658,1
1,97.0,3.0,1,1,0.8652982530648031,0.8012529878443658,1
1,98.0,2.0,1,1,0.9690957396806593,0.8012529878443658,1
1,99.0,1.0,1,1,0.9501394351645999,0.8012529878443658,1
1,100.0,0.0,1,1,0.9190748408748673,0.8012529878443658,1
2,1.0,74.0,5,0,0.0047361921449043986,0.7886728961484951,0
2,2.0,73.0,5,0,0.013610687076001266,0.7886728961484951,0
2,3.0,72.0,5,0,0.03235159441433519,0.7886728961484951,0
2,4.0,71.0,5,0,0.004484330810233604,0.7886728961484951,0
2,5.0,70.0,5,0,0.004284836267405948,0.7886728961484951,0
2,6.0,69.0,5,0,0.009900767514691013,0.7886728961484951,0
2,7.0,68.0,5,0,0.03337450499220716,0.7886728961484951,0
2,8.0,67.0,5,0,0.03984009968915929,0.7886728961484951,0
2,9.0,66.0,5,0,0.0061326273326668046,0.7886728961484951,0
2,10.0,65.0,5,0,0.026447472673985287,0.7886728961484951,0
2,11.0,64.0,5,0,0.0053449693685801965,0.7886728961484951,0
2,12.0,63.0,5,0,0.003408089876037719,0.7886728961484951,0
2,13.0,62.0,5,0,0.0024729701072795218,0.7886728961484951,0
2,14.0,61.0,5,0,0.014552803263872753,0.7886728961484951,0
2,15.0,60.0,5,0,0.05332943837015378,0.7886728961484951,0
2,16.0,59.0,5,0,0.006242633184041877,0.7886728961484951,0
2,17.0,58.0,5,0,0.036942875958748074,0.7886728961484951,0
2,18.0,57.0,5,0,0.006636613995609749,0.7886728961484951,0
2,19.0,56.0,5,0,0.035305971429289394,0.7886728961484951,0
2,20.0,55.0,5,0,0.003632607731852299,0.7886728961484951,0
2,21.0,54.0,5,0,0.007797426275216345,0.7886728961484951,0
2,22.0,53.0,5,0,0.01130125275381386,0.7886728961484951,0
2,23.0,52.0,5,0,0.007330014635170066,0.7886728961484951,0
2,24.0,51.0,5,0,0.040770655481923775,0.7886728961484951,0
2,25.0,50.0,5,0,0.015298047774534852,0.7886728961484951,0
2,26.0,49.0,5,0,0.016158620319139803,0.7886728961484951,0
2,27.0,48.0,5,0,0.004595962428362092,0.7886728961484951,0
2,28.0,47.0,5,0,0.023245838076278245,0.7886728961484951,0
2,29.0,46.0,5,0,0.015203371724691845,0.7886728961484951,0
2,30.0,45.0,5,0,0.1590251603576188,0.7886728961484951,0
2,31.0,44.0,5,0,0.02559786689928319,0.7886728961484951,0
2,32.0,43.0,5,0,0.12633237841379483,0.7886728961484951,0
2,33.0,42.0,5,0,0.09733606130652833,0.7886728961484951,0
2,34.0,41.0,5,0,0.27528206125228627,0.7886728961484951,0
2,35.0,40.0,5,0,0.07815964257278354,0.7886728961484951,0
2,36.0,39.0,5,0,0.15942129531252414,0.7886728961484951,0
2,37.0,38.0,5,0,0.2714296528404782,0.7886728961484951,0
2,38.0,37.0,5,0,0.12602852407286677,0.7886728961484951,0
2,39.0,36.0,5,0,0.7214452877504814,0.7886728961484951,0
2,40.0,35.0,5,0,0.6594843053883873,0.7886728961484951,0
2,41.0,34.0,5,0,0.7450766095189163,0.7886728961484951,0
2,42.0,33.0,5,0,0.7256195654618626,0.7886728961484951,0
2,43.0,32.0,5,0,0.47989827848986505,0.7886728961484951,0
2,44.0,31.0,5,0,0.8065442002224753,0.7886728961484951,1
2,45.0,30.0,5,0,0.8582771437223543,0.7886728961484951,1
2,46.0,29.0,5,0,0.7036832936467791,0.7886728961484951,0
2,47.0,28.0,5,0,0.8478122071877794,0.7886728961484951,1
2,48.0,27.0,5,0,0.7509612786460457,0.7886728961484951,0
2,49.0,26.0,5,0,0.7882476289832078,0.7886728961484951,0
2,50.0,25.0,5,0,0.7938209060095713,0.7886728961484951,1
2,51.0,24.0,5,0,0.7176625949600454,0.7886728961484951,0
2,52.0,23.0,5,0,0.9617499650405736,0.7886728961484951,1
2,53.0,22.0,5,0,0.8415689041231368,0.7886728961484951,1
2,54.0,21.0,5,0,0.7019759246706998,0.7886728961484951,0
2,55.0,20.0,5,1,0.8453907250612939,0.7886728961484951,1
2,56.0,19.0,5,1,0.9203068188198108,0.7886728961484951,1
2,57.0,18.0,5,1,0.8127380917685785,0.7886728961484951,1
2,58.0,17.0,5,1,0.842705011036971,0.7886728961484951,1
2,59.0,16.0,5,1,0.8539520159952275,0.7886728961484951,1
2,60.0,15.0,5,1,0.8186246757983046,0.7886728961484951,1
2,61.0,14.0,5,1,0.8336136420082035,0.7886728961484951,1
2,62.0,13.0,5,1,0.7780901597914136,0.7886728961484951,0
2,63.0,12.0,5,1,0.8548925177206612,0.7886728961484951,1
2,64.0,11.0,5,1,0.7838759882954575,0.7886728961484951,0
2,65.0,10.0,5,1,0.7365535446295193,0.7886728961484951,0
2,66.0,9.0,5,1,0.7542936402517202,0.7886728961484951,0
2,67.0,8.0,5,1,0.9440153491016211,0.7886728961484951,1
2,68.0,7.0,5,1,0.667117085013885,0.7886728961484951,0
2,69.0,6.0,5,1,0.9189622609700593,0.7886728961484951,1
2,70.0,5.0,5,1,0.5238507755050681,0.7886728961484951,0
2,71.0,4.0,5,1,0.7948515657609649,0.7886728961484951,1
2,72.0,3.0,5,1,0.9003291769139103,0.7886728961484951,1
2,73.0,2.0,5,1,0.648416789702567,0.7886728961484951,0
2,74.0,1.0,5,1,0.82663749566322,0.7886728961484951,1
2,75.0,0.0,5,1,0.8837667236065869,0.7886728961484951,1
3,1.0,99.0,3,0,0.007193544792567842,0.7899421635739077,0
3,2.0,98.0,3,0,0.013511307648306343,0.7899421635739077,0
3,3.0,97.0,3,0,0.01276386713129161,0.7899421635739077,0
3,4.0,96.0,3,0,0.02492115943566316,0.7899421635739077,0
3,5.0,95.0,3,0,0.007991722705133864,0.7899421635739077,0
3,6.0,94.0,3,0,0.0037580843194499267,0.7899421635739077,0
3,7.0,93.0,3,0,0.01489580590817616,0.7899421635739077,0
3,8.0,92.0,3,0,0.0007788867258950803,0.7899421635739077,0
3,9.0,91.0,3,0,0.0020067492751621777,0.7899421635739077,0
3,10.0,90.0,3,0,0.04741690188300088,0.7899421635739077,0
3,11.0,89.0,3,0,0.013015162746196796,0.7899421635739077,0
3,12.0,88.0,3,0,0.008003239751394477,0.7899421635739077,0
3,13.0,87.0,3,0,0.015984523966826387,0.7899421635739077,0
3,14.0,86.0,3,0,0.012540064893325984,0.7899421635739077,0
3,15.0,85.0,3,0,0.01775035249044055,0.7899421635739077,0
3,16.0,84.0,3,0,0.016514820973975802,0.7899421635739077,0
3,17.0,83.0,3,0,0.005262316875138605,0.7899421635739077,0
3,18.0,82.0,3,0,0.018302331142371345,0.7899421635739077,0
3,19.0,81.0,3,0,0.0030757951002831313,0.7899421635739077,0
3,20.0,80.0,3,0,0.006673776145641113,0.7899421635739077,0
3,21.0,79.0,3,0,0.008327416017419645,0.7899421635739077,0
3,22.0,78.0,3,0,0.027975048926214087,0.7899421635739077,0
3,23.0,77.0,3,0,0.01012204312361911,0.7899421635739077,0
3,24.0,76.0,3,0,0.027569046759606825,0.7899421635739077,0
3,25.0,75.0,3,0,0.01119022175030767,0.7899421635739077,0
3,26.0,74.0,3,0,0.014890066639297761,0.7899421635739077,0
3,27.0,73.0,3,0,0.024452375856586175,0.7899421635739077,0
3,28.0,72.0,3,0,0.005277092739866345,0.7899421635739077,0
3,29.0,71.0,3,0,0.009009063841289019,0.7899421635739077,0
3,30.0,70.0,3,0,0.014352989957114504,0.7899421635739077,0
3,31.0,69.0,3,0,0.0391094924642687,0.7899421635739077,0
3,32.0,68.0,3,0,0.030519289446225235,0.7899421635739077,0
3,33.0,67.0,3,0,0.04878257903843412,0.7899421635739077,0
3,34.0,66.0,3,0,0.035601618195583246,0.7899421635739077,0
3,35.0,65.0,3,0,0.04453152012199262,0.7899421635739077,0
3,36.0,64.0,3,0,0.16747591408520132,0.7899421635739077,0
3,37.0,63.0,3,0,0.08940485859551676,0.7899421635739077,0
3,38.0,62.0,3,0,0.1737867218905936,0.7899421635739077,0
3,39.0,61.0,3,0,0.3048736054927288,0.7899421635739077,0
3,40.0,60.0,3,0,0.453134331248349,0.7899421635739077,0
3,41.0,59.0,3,0,0.46773642775311297,0.7899421635739077,0
3,42.0,58.0,3,0,0.37546252742928093,0.7899421635739077,0
3,43.0,57.0,3,0,0.24532227087855898,0.7899421635739077,0
3,44.0,56.0,3,0,0.35141288412993876,0.7899421635739077,0
3,45.0,55.0,3,0,0.44386927758949907,0.7899421635739077,0
3,46.0,54.0,3,0,0.30870946762758933,0.7899421635739077,0
3,47.0,53.0,3,0,0.733469678638031,0.7899421635739077,0
3,48.0,52.0,3,0,0.6239349549754473,0.7899421635739077,0
3,49.0,51.0,3,0,0.2961684066589464,0.7899421635739077,0
3,50.0,50.0,3,0,0.841326423549118,0.7899421635739077,1
3,51.0,49.0,3,0,0.4707203209146829,0.7899421635739077,0
3,52.0,48.0,3,0,0.46009740558481155,0.7899421635739077,0
3,53.0,47.0,3,0,0.5863896642216104,0.7899421635739077,0
3,54.0,46.0,3,0,0.8138664143299449,0.7899421635739077,1
3,55.0,45.0,3,0,0.738586673289649,0.7899421635739077,0
3,56.0,44.0,3,0,0.7105092381432971,0.7899421635739077,0
3,57.0,43.0,3,0,0.7657797428672942,0.7899421635739077,0
3,58.0,42.0,3,0,0.8322579052852213,0.7899421635739077,1
3,59.0,41.0,3,0,0.6923114683135382,0.7899421635739077,0
3,60.0,40.0,3,0,0.7522750639564653,0.7899421635739077,0
3,61.0,39.0,3,0,0.7739689801548777,0.7899421635739077,0
3,62.0,38.0,3,0,0.7695758311634524,0.7899421635739077,0
3,63.0,37.0,3,0,0.7614285636228693,0.7899421635739077,0
3,64.0,36.0,3,0,0.8259194946030748,0.7899421635739077,1
3,65.0,35.0,3,0,0.5835977632025826,0.7899421635739077,0
3,66.0,34.0,3,0,0.7598534664969635,0.7899421635739077,0
3,67.0,33.0,3,0,0.7931518612385628,0.7899421635739077,1
3,68.0,32.0,3,0,0.8182262842647476,0.7899421635739077,1
3,69.0,31.0,3,0,0.917236165192653,0.7899421635739077,1
3,70.0,30.0,3,0,0.8336630600068149,0.7899421635739077,1
3,71.0,29.0,3,0,0.8444267317038842,0.7899421635739077,1
3,72.0,28.0,3,0,0.8284871008877608,0.7899421635739077,1
3,73.0,27.0,3,0,0.8159833316734095,0.7899421635739077,1
3,74.0,26.0,3,0,0.9030688795950494,0.7899421635739077,1
3,75.0,25.0,3,0,0.9107953310133966,0.7899421635739077,1
3,76.0,24.0,3,0,0.9064321156332454,0.7899421635739077,1
3,77.0,23.0,3,0,0.7766180371328628,0.7899421635739077,0
3,78.0,22.0,3,0,0.9762695106865505,0.7899421635739077,1
3,79.0,21.0,3,0,0.9052483773251212,0.7899421635739077,1
3,80.0,20.0,3,1,0.9188139444900567,0.7899421635739077,1
3,81.0,19.0,3,1,0.9120896305000341,0.7899421635739077,1
3,82.0,18.0,3,1,0.9150074038607984,0.7899421635739077,1
3,83.0,17.0,3,1,0.9642328519015175,0.7899421635739077,1
3,84.0,16.0,3,1,0.9648086718605994,0.7899421635739077,1
3,85.0,15.0,3,1,0.9174675989224524,0.7899421635739077,1
3,86.0,14.0,3,1,0.9281735336379805,0.7899421635739077,1
3,87.0,13.0,3,1,0.9116259841719376,0.7899421635739077,1
3,88.0,12.0,3,1,0.9330173470285666,0.7899421635739077,1
3,89.0,11.0,3,1,0.9307796964502527,0.7899421635739077,1
3,90.0,10.0,3,1,0.8960592903266089,0.7899421635739077,1
3,91.0,9.0,3,1,0.925147840218497,0.7899421635739077,1
3,92.0,8.0,3,1,0.914918334538823,0.7899421635739077,1
3,93.0,7.0,3,1,0.8862258340582254,0.7899421635739077,1
3,94.0,6.0,3,1,0.9419456255592985,0.7899421635739077,1
3,95.0,5.0,3,1,0.9197937892628537,0.7899421635739077,1
3,96.0,4.0,3,1,0.9370616019866828,0.7899421635739077,1
3,97.0,3.0,3,1,0.9117364022437943,0.7899421635739077,1
3,98.0,2.0,3,1,0.9327661989836253,0.7899421635739077,1
3,99.0,1.0,3,1,0.9218844082713433,0.7899421635739077,1
3,100.0,0.0,3,1,0.9582580800711266,0.7899421635739077,1
4,1.0,94.0,5,0,0.003609442590214095,0.7886728961484951,0
4,2.0,93.0,5,0,0.0014227345269461713,0.7886728961484951,0
4,3.0,92.0,5,0,0.0009533088171765998,0.7886728961484951,0
4,4.0,91.0,5,0,0.010648247990713237,0.7886728961484951,0
4,5.0,90.0,5,0,0.007112695257830092,0.7886728961484951,0
4,6.0,89.0,5,0,0.0037819645603369926,0.7886728961484951,0
4,7.0,88.0,5,0,0.0032057684878641014,0.7886728961484951,0
4,8.0,87.0,5,0,0.00769474423948398,0.7886728961484951,0
4,9.0,86.0,5,0,0.0010575544391411733,0.7886728961484951,0
4,10.0,85.0,5,0,0.0023534892155640443,0.7886728961484951,0
4,11.0,84.0,5,0,0.00841399124689633,0.7886728961484951,0
4,12.0,83.0,5,0,0.007112695257830092,0.7886728961484951,0
4,13.0,82.0,5,0,0.0062123302153674455,0.7886728961484951,0
4,14.0,81.0,5,0,0.0014227345269461713,0.7886728961484951,0
4,15.0,80.0,5,0,0.006416767998500572,0.7886728961484951,0
4,16.0,79.0,5,0,0.005612634883047621,0.7886728961484951,0
4,17.0,78.0,5,0,0.0006273484894844226,0.7886728961484951,0
4,18.0,77.0,5,0,0.004742052696559516,0.7886728961484951,0
4,19.0,76.0,5,0,0.0004031952971304702,0.7886728961484951,0
4,20.0,75.0,5,0,0.004214875354177905,0.7886728961484951,0
4,21.0,74.0,5,0,0.006114912306710871,0.7886728961484951,0
4,22.0,73.0,5,0,0.023298338548421692,0.7886728961484951,0
4,23.0,72.0,5,0,0.000162368908081431,0.7886728961484951,0
4,24.0,71.0,5,0,0.001830629815454729,0.7886728961484951,0
4,25.0,70.0,5,0,0.009627485564430063,0.7886728961484951,0
4,26.0,69.0,5,0,0.004809501334370349,0.7886728961484951,0
4,27.0,68.0,5,0,0.0003335397959821965,0.7886728961484951,0
4,28.0,67.0,5,0,0.0020570085167252936,0.7886728961484951,0
4,29.0,66.0,5,0,0.0037819645603369926,0.7886728961484951,0
4,30.0,65.0,5,0,0.0002507978826816198,0.7886728961484951,0
4,31.0,64.0,5,0,0.00574220084085454,0.7886728961484951,0
4,32.0,63.0,5,0,0.0002507978826816198,0.7886728961484951,0
4,33.0,62.0,5,0,0.0037127989934062963,0.7886728961484951,0
4,34.0,61.0,5,0,0.023321093966289095,0.7886728961484951,0
4,35.0,60.0,5,0,0.007493301712669977,0.7886728961484951,0
4,36.0,59.0,5,0,0.009089550779152356,0.7886728961484951,0
4,37.0,58.0,5,0,0.006660257090584503,0.7886728961484951,0
4,38.0,57.0,5,0,0.010110498249358014,0.7886728961484951,0
4,39.0,56.0,5,0,0.016650844516814273,0.7886728961484951,0
4,40.0,55.0,5,0,0.000162368908081431,0.7886728961484951,0
4,41.0,54.0,5,0,0.01916198946015652,0.7886728961484951,0
4,42.0,53.0,5,0,0.010089155889571093,0.7886728961484951,0
4,43.0,52.0,5,0,0.008995912193404168,0.7886728961484951,0
4,44.0,51.0,5,0,0.08199250838297914,0.7886728961484951,0
4,45.0,50.0,5,0,0.1123948838779947,0.7886728961484951,0
4,46.0,49.0,5,0,0.0396075466360964,0.7886728961484951,0
4,47.0,48.0,5,0,0.14241054410372253,0.7886728961484951,0
4,48.0,47.0,5,0,0.15030982670078594,0.7886728961484951,0
4,49.0,46.0,5,0,0.05552721432846824,0.7886728961484951,0
4,50.0,45.0,5,0,0.21691024490155117,0.7886728961484951,0
4,51.0,44.0,5,0,0.18319129401260517,0.7886728961484951,0
4,52.0,43.0,5,0,0.13248972162476555,0.7886728961484951,0
4,53.0,42.0,5,0,0.4678033577583819,0.7886728961484951,0
4,54.0,41.0,5,0,0.35249302046044817,0.7886728961484951,0
4,55.0,40.0,5,0,0.3001191584353551,0.7886728961484951,0
4,56.0,39.0,5,0,0.3428371121344169,0.7886728961484951,0
4,57.0,38.0,5,0,0.32164228098224346,0.7886728961484951,0
4,58.0,37.0,5,0,0.26869938464402165,0.7886728961484951,0
4,59.0,36.0,5,0,0.40010045851889375,0.7886728961484951,0
4,60.0,35.0,5,0,0.47064509519657444,0.7886728961484951,0
4,61.0,34.0,5,0,0.607882048172659,0.7886728961484951,0
4,62.0,33.0,5,0,0.48902534133126163,0.7886728961484951,0
4,63.0,32.0,5,0,0.870659675833642,0.7886728961484951,1
4,64.0,31.0,5,0,0.7608890176037884,0.7886728961484951,0
4,65.0,30.0,5,0,0.6339950071461623,0.7886728961484951,0
4,66.0,29.0,5,0,0.41509486546351876,0.7886728961484951,0
4,67.0,28.0,5,0,0.7982232105664834,0.7886728961484951,1
4,68.0,27.0,5,0,0.9205292065387736,0.7886728961484951,1
4,69.0,26.0,5,0,0.45415135971243936,0.7886728961484951,0
4,70.0,25.0,5,0,0.9009589057232893,0.7886728961484951,1
4,71.0,24.0,5,0,0.6922645027641274,0.7886728961484951,0
4,72.0,23.0,5,0,0.9196303448619996,0.7886728961484951,1
4,73.0,22.0,5,0,0.92031037474367,0.7886728961484951,1
4,74.0,21.0,5,0,0.9001254004135306,0.7886728961484951,1
4,75.0,20.0,5,1,0.8010364799341624,0.7886728961484951,1
4,76.0,19.0,5,1,0.7937083607834725,0.7886728961484951,1
4,77.0,18.0,5,1,0.5269982237386975,0.7886728961484951,0
4,78.0,17.0,5,1,0.9546162371668255,0.7886728961484951,1
4,79.0,16.0,5,1,0.9651456556863337,0.7886728961484951,1
4,80.0,15.0,5,1,0.9660996012347639,0.7886728961484951,1
4,81.0,14.0,5,1,0.9038504524100132,0.7886728961484951,1
4,82.0,13.0,5,1,0.9449749930004774,0.7886728961484951,1
4,83.0,12.0,5,1,0.9478966733383101,0.7886728961484951,1
4,84.0,11.0,5,1,0.9451415872177107,0.7886728961484951,1
4,85.0,10.0,5,1,0.9261146033857982,0.7886728961484951,1
4,86.0,9.0,5,1,0.9799536970305315,0.7886728961484951,1
4,87.0,8.0,5,1,0.9314011416347296,0.7886728961484951,1
4,88.0,7.0,5,1,0.9732258851254862,0.7886728961484951,1
4,89.0,6.0,5,1,0.9540923434843378,0.7886728961484951,1
4,90.0,5.0,5,1,0.9145794012458481,0.7886728961484951,1
4,91.0,4.0,5,1,0.9375208331205869,0.7886728961484951,1
4,92.0,3.0,5,1,0.9469104841058381,0.7886728961484951,1
4,93.0,2.0,5,1,0.9109184890921437,0.7886728961484951,1
4,94.0,1.0,5,1,0.8794968267581673,0.7886728961484951,1
4,95.0,0.0,5,1,0.9030671001282103,0.7886728961484951,1
5,1.0,88.0,1,0,0.030934172318589647,0.8012529878443658,0
5,2.0,87.0,1,0,0.048957873796369074,0.8012529878443658,0
5,3.0,86.0,1,0,0.012954482943547296,0.8012529878443658,0
5,4.0,85.0,1,0,0.037720970360206246,0.8012529878443658,0
5,5.0,84.0,1,0,0.01154342957322359,0.8012529878443658,0
5,6.0,83.0,1,0,0.00560868864879682,0.8012529878443658,0
5,7.0,82.0,1,0,0.011382358410567596,0.8012529878443658,0
5,8.0,81.0,1,0,0.009550199671623974,0.8012529878443658,0
5,9.0,80.0,1,0,0.018949064771385263,0.8012529878443658,0
5,10.0,79.0,1,0,0.020855110229933135,0.8012529878443658,0
5,11.0,78.0,1,0,0.009649564781499666,0.8012529878443658,0
5,12.0,77.0,1,0,0.029483560488426208,0.8012529878443658,0
5,13.0,76.0,1,0,0.06198066958880822,0.8012529878443658,0
5,14.0,75.0,1,0,0.06802082122996207,0.8012529878443658,0
5,15.0,74.0,1,0,0.012076798938552003,0.8012529878443658,0
5,16.0,73.0,1,0,0.05752114658205101,0.8012529878443658,0
5,17.0,72.0,1,0,0.011577055330806652,0.8012529878443658,0
5,18.0,71.0,1,0,0.028198530258202945,0.8012529878443658,0
5,19.0,70.0,1,0,0.005574073685685944,0.8012529878443658,0
5,20.0,69.0,1,0,0.021697350170690806,0.8012529878443658,0
5,21.0,68.0,1,0,0.01271515540795236,0.8012529878443658,0
5,22.0,67.0,1,0,0.048526460057580545,0.8012529878443658,0
5,23.0,66.0,1,0,0.02031374544983735,0.8012529878443658,0
5,24.0,65.0,1,0,0.011648218230648176,0.8012529878443658,0
5,25.0,64.0,1,0,0.02047101884681716,0.8012529878443658,0
5,26.0,63.0,1,0,0.009797705244073921,0.8012529878443658,0
5,27.0,62.0,1,0,0.008266585149771875,0.8012529878443658,0
5,28.0,61.0,1,0,0.05631115926926493,0.8012529878443658,0
5,29.0,60.0,1,0,0.10847863526855561,0.8012529878443658,0
5,30.0,59.0,1,0,0.1488118265957878,0.8012529878443658,0
5,31.0,58.0,1,0,0.024849924018406824,0.8012529878443658,0
5,32.0,57.0,1,0,0.22488241814288673,0.8012529878443658,0
5,33.0,56.0,1,0,0.3659354125682161,0.8012529878443658,0
5,34.0,55.0,1,0,0.017732999427721483,0.8012529878443658,0
5,35.0,54.0,1,0,0.3576062209019163,0.8012529878443658,0
5,36.0,53.0,1,0,0.43043220259433834,0.8012529878443658,0
5,37.0,52.0,1,0,0.47016882892347417,0.8012529878443658,0
5,38.0,51.0,1,0,0.27392182284833194,0.8012529878443658,0
5,39.0,50.0,1,0,0.3113155616438736,0.8012529878443658,0
5,40.0,49.0,1,0,0.3425772508356386,0.8012529878443658,0
5,41.0,48.0,1,0,0.4562999975340285,0.8012529878443658,0
5,42.0,47.0,1,0,0.4719300141689185,0.8012529878443658,0
5,43.0,46.0,1,0,0.4553006885290352,0.8012529878443658,0
5,44.0,45.0,1,0,0.5820979363752171,0.8012529878443658,0
5,45.0,44.0,1,0,0.6971900015955834,0.8012529878443658,0
5,46.0,43.0,1,0,0.3775068103768277,0.8012529878443658,0
5,47.0,42.0,1,0,0.7388446776802539,0.8012529878443658,0
5,48.0,41.0,1,0,0.7085372510009295,0.8012529878443658,0
5,49.0,40.0,1,0,0.7522937324973609,0.8012529878443658,0
5,50.0,39.0,1,0,0.603965895558237,0.8012529878443658,0
5,51.0,38.0,1,0,0.43237558779901597,0.8012529878443658,0
5,52.0,37.0,1,0,0.7208871833808111,0.8012529878443658,0
5,53.0,36.0,1,0,0.8115206688688943,0.8012529878443658,1
5,54.0,35.0,1,0,0.7553359109717905,0.8012529878443658,0
5,55.0,34.0,1,0,0.6803607982061111,0.8012529878443658,0
5,56.0,33.0,1,0,0.8304365053919349,0.8012529878443658,1
5,57.0,32.0,1,0,0.8092436079692216,0.8012529878443658,1
5,58.0,31.0,1,0,0.7646862707231835,0.8012529878443658,0
5,59.0,30.0,1,0,0.7754712872155888,0.8012529878443658,0
5,60.0,29.0,1,0,0.6214825610706916,0.8012529878443658,0
5,61.0,28.0,1,0,0.8427851430669724,0.8012529878443658,1
5,62.0,27.0,1,0,0.8742408344558795,0.8012529878443658,1
5,63.0,26.0,1,0,0.8582981468173081,0.8012529878443658,1
5,64.0,25.0,1,0,0.8751602128966968,0.8012529878443658,1
5,65.0,24.0,1,0,0.710346799600406,0.8012529878443658,0
5,66.0,23.0,1,0,0.936439803533903,0.8012529878443658,1
5,67.0,22.0,1,0,0.8332226920664368,0.8012529878443658,1
5,68.0,21.0,1,0,0.8694797514337477,0.8012529878443658,1
5,69.0,20.0,1,1,0.7995816219517423,0.8012529878443658,0
5,70.0,19.0,1,1,0.9146557020724805,0.8012529878443658,1
5,71.0,18.0,1,1,0.8830445529175365,0.8012529878443658,1
5,72.0,17.0,1,1,0.7751736773873051,0.8012529878443658,0
5,73.0,16.0,1,1,0.8847819591494259,0.8012529878443658,1
5,74.0,15.0,1,1,0.9019262210149649,0.8012529878443658,1
5,75.0,14.0,1,1,0.9527855884137675,0.8012529878443658,1
5,76.0,13.0,1,1,0.9090946552080102,0.8012529878443658,1
5,77.0,12.0,1,1,0.8998227639347883,0.8012529878443658,1
5,78.0,11.0,1,1,0.926557416265538,0.8012529878443658,1
5,79.0,10.0,1,1,0.7840792495756204,0.8012529878443658,0
5,80.0,9.0,1,1,0.9525132445322572,0.8012529878443658,1
5,81.0,8.0,1,1,0.9239248610600824,0.8012529878443658,1
5,82.0,7.0,1,1,0.9875190366790524,0.8012529878443658,1
5,83.0,6.0,1,1,0.8835253708478589,0.8012529878443658,1
5,84.0,5.0,1,1,0.8342226454534755,0.8012529878443658,1
5,85.0,4.0,1,1,0.9137486430591982,0.8012529878443658,1
5,86.0,3.0,1,1,0.8739212627644785,0.8012529878443658,1
5,87.0,2.0,1,1,0.8952170152660355,0.8012529878443658,1
5,88.0,1.0,1,1,0.9212760464064091,0.8012529878443658,1
5,89.0,0.0,1,1,0.9341346177692101,0.8012529878443658,1
6,1.0,93.0,4,0,0.0124528976278263,0.7767036600253301,0
6,2.0,92.0,4,0,0.022300347277734823,0.7767036600253301,0
6,3.0,91.0,4,0,0.007466360783260728,0.7767036600253301,0
6,4.0,90.0,4,0,0.008936128638213072,0.7767036600253301,0
6,5.0,89.0,4,0,0.05838902992345795,0.7767036600253301,0
6,6.0,88.0,4,0,0.00911842142435972,0.7767036600253301,0
6,7.0,87.0,4,0,0.03922178207311092,0.7767036600253301,0
6,8.0,86.0,4,0,0.011632769965366494,0.7767036600253301,0
6,9.0,85.0,4,0,0.017411960798474093,0.7767036600253301,0
6,10.0,84.0,4,0,0.018929511311371664,0.7767036600253301,0
6,11.0,83.0,4,0,0.006350231892567462,0.7767036600253301,0
6,12.0,82.0,4,0,0.00522539725465033,0.7767036600253301,0
6,13.0,81.0,4,0,0.02799473807261372,0.7767036600253301,0
6,14.0,80.0,4,0,0.021646126660627856,0.7767036600253301,0
6,15.0,79.0,4,0,0.015655123101571897,0.7767036600253301,0
6,16.0,78.0,4,0,0.0036159467903089646,0.7767036600253301,0
6,17.0,77.0,4,0,0.008464484537205849,0.7767036600253301,0
6,18.0,76.0,4,0,0.0503651497042625,0.7767036600253301,0
6,19.0,75.0,4,0,0.026379547297429577,0.7767036600253301,0
6,20.0,74.0,4,0,0.019899415707323113,0.7767036600253301,0
6,21.0,73.0,4,0,0.016396459599656858,0.7767036600253301,0
6,22.0,72.0,4,0,0.016381092509644098,0.7767036600253301,0
6,23.0,71.0,4,0,0.0312012634507954,0.7767036600253301,0
6,24.0,70.0,4,0,0.008689864426676066,0.7767036600253301,0
6,25.0,69.0,4,0,0.009159509148120552,0.7767036600253301,0
6,26.0,68.0,4,0,0.0017194668112297665,0.7767036600253301,0
6,27.0,67.0,4,0,0.012091824163193206,0.7767036600253301,0
6,28.0,66.0,4,0,0.014014624484015402,0.7767036600253301,0
6,29.0,65.0,4,0,0.012041148174873619,0.7767036600253301,0
6,30.0,64.0,4,0,0.01978920826292554,0.7767036600253301,0
6,31.0,63.0,4,0,0.01291049948435064,0.7767036600253301,0
6,32.0,62.0,4,0,0.031528674101262824,0.7767036600253301,0
6,33.0,61.0,4,0,0.02122803138518407,0.7767036600253301,0
6,34.0,60.0,4,0,0.07706629150518522,0.7767036600253301,0
6,35.0,59.0,4,0,0.09155580390297152,0.7767036600253301,0
6,36.0,58.0,4,0,0.02985634217451258,0.7767036600253301,0
6,37.0,57.0,4,0,0.2019009804065755,0.7767036600253301,0
6,38.0,56.0,4,0,0.25512336247592776,0.7767036600253301,0
6,39.0,55.0,4,0,0.14178506718410352,0.7767036600253301,0
6,40.0,54.0,4,0,0.3643842126874066,0.7767036600253301,0
6,41.0,53.0,4,0,0.3672690968575228,0.7767036600253301,0
6,42.0,52.0,4,0,0.19345819844734974,0.7767036600253301,0
6,43.0,51.0,4,0,0.13892759703453902,0.7767036600253301,0
6,44.0,50.0,4,0,0.5631949295413714,0.7767036600253301,0
6,45.0,49.0,4,0,0.598939852932161,0.7767036600253301,0
6,46.0,48.0,4,0,0.5606740130708802,0.7767036600253301,0
6,47.0,47.0,4,0,0.6382260831154939,0.7767036600253301,0
6,48.0,46.0,4,0,0.46608427868145386,0.7767036600253301,0
6,49.0,45.0,4,0,0.4215942068268866,0.7767036600253301,0
6,50.0,44.0,4,0,0.7100741005927936,0.7767036600253301,0
6,51.0,43.0,4,0,0.6557157789098762,0.7767036600253301,0
6,52.0,42.0,4,0,0.366254733528271,0.7767036600253301,0
6,53.0,41.0,4,0,0.72741732109193,0.7767036600253301,0
6,54.0,40.0,4,0,0.5809109076797657,0.7767036600253301,0
6,55.0,39.0,4,0,0.5630254951883565,0.7767036600253301,0
6,56.0,38.0,4,0,0.6574905211676385,0.7767036600253301,0
6,57.0,37.0,4,0,0.5973262361429545,0.7767036600253301,0
6,58.0,36.0,4,0,0.841392676756354,0.7767036600253301,1
6,59.0,35.0,4,0,0.8463524187347431,0.7767036600253301,1
6,60.0,34.0,4,0,0.37659995919633205,0.7767036600253301,0
6,61.0,33.0,4,0,0.8262209520444693,0.7767036600253301,1
6,62.0,32.0,4,0,0.8084276262131468,0.7767036600253301,1
6,63.0,31.0,4,0,0.8282258685943182,0.7767036600253301,1
6,64.0,30.0,4,0,0.6481370670047802,0.7767036600253301,0
6,65.0,29.0,4,0,0.689936601148565,0.7767036600253301,0
6,66.0,28.0,4,0,0.7165448780070377,0.7767036600253301,0
6,67.0,27.0,4,0,0.6529200049114229,0.7767036600253301,0
6,68.0,26.0,4,0,0.9176417269451237,0.7767036600253301,1
6,69.0,25.0,4,0,0.8868710824996572,0.7767036600253301,1
6,70.0,24.0,4,0,0.8405809473053067,0.7767036600253301,1
6,71.0,23.0,4,0,0.8831715641259439,0.7767036600253301,1
6,72.0,22.0,4,0,0.8821711936449561,0.7767036600253301,1
6,73.0,21.0,4,0,0.8064180553956276,0.7767036600253301,1
6,74.0,20.0,4,1,0.9438816730845253,0.7767036600253301,1
6,75.0,19.0,4,1,0.8591561527453984,0.7767036600253301,1
6,76.0,18.0,4,1,0.8869642878239764,0.7767036600253301,1
6,77.0,17.0,4,1,0.8763776420035915,0.7767036600253301,1
6,78.0,16.0,4,1,0.8454518395892184,0.7767036600253301,1
6,79.0,15.0,4,1,0.8312706081670818,0.7767036600253301,1
6,80.0,14.0,4,1,0.9696221906913824,0.7767036600253301,1
6,81.0,13.0,4,1,0.8737958074676893,0.7767036600253301,1
6,82.0,12.0,4,1,0.9117318670790994,0.7767036600253301,1
6,83.0,11.0,4,1,0.8661958550246556,0.7767036600253301,1
6,84.0,10.0,4,1,0.9698675147431377,0.7767036600253301,1
6,85.0,9.0,4,1,0.9067207722548696,0.7767036600253301,1
6,86.0,8.0,4,1,0.9180237115426075,0.7767036600253301,1
6,87.0,7.0,4,1,0.8680850147943678,0.7767036600253301,1
6,88.0,6.0,4,1,0.8304520053259515,0.7767036600253301,1
6,89.0,5.0,4,1,0.9086559202044355,0.7767036600253301,1
6,90.0,4.0,4,1,0.9246117123351515,0.7767036600253301,1
6,91.0,3.0,4,1,0.901710618819085,0.7767036600253301,1
6,92.0,2.0,4,1,0.9282920425658756,0.7767036600253301,1
6,93.0,1.0,4,1,0.9701370378797343,0.7767036600253301,1
6,94.0,0.0,4,1,0.9162496532594323,0.7767036600253301,1
7,1.0,89.0,4,0,0.009332138222476909,0.7767036600253301,0
7,2.0,88.0,4,0,0.005127180445896372,0.7767036600253301,0
7,3.0,87.0,4,0,0.03724713890220041,0.7767036600253301,0
7,4.0,86.0,4,0,0.006602921273612924,0.7767036600253301,0
7,5.0,85.0,4,0,0.010692450080089367,0.7767036600253301,0
7,6.0,84.0,4,0,0.003774949676880661,0.7767036600253301,0
7,7.0,83.0,4,0,0.00858891265115962,0.7767036600253301,0
7,8.0,82.0,4,0,0.013006892748190968,0.7767036600253301,0
7,9.0,81.0,4,0,0.006696323178933823,0.7767036600253301,0
7,10.0,80.0,4,0,0.008976931245106888,0.7767036600253301,0
7,11.0,79.0,4,0,0.008345030040021191,0.7767036600253301,0
7,12.0,78.0,4,0,0.008076382172200169,0.7767036600253301,0
7,13.0,77.0,4,0,0.011965793728750155,0.7767036600253301,0
7,14.0,76.0,4,0,0.006469166919973987,0.7767036600253301,0
7,15.0,75.0,4,0,0.001763691339252333,0.7767036600253301,0
7,16.0,74.0,4,0,0.012830306145185953,0.7767036600253301,0
7,17.0,73.0,4,0,0.006470841700805491,0.7767036600253301,0
7,18.0,72.0,4,0,0.003265280266810954,0.7767036600253301,0
7,19.0,71.0,4,0,0.01415459055490055,0.7767036600253301,0
7,20.0,70.0,4,0,0.002969783275485498,0.7767036600253301,0
7,21.0,69.0,4,0,0.00564368833728402,0.7767036600253301,0
7,22.0,68.0,4,0,0.0026443506497547497,0.7767036600253301,0
7,23.0,67.0,4,0,0.014965115708545912,0.7767036600253301,0
7,24.0,66.0,4,0,0.015574987192465051,0.7767036600253301,0
7,25.0,65.0,4,0,0.012804023248822525,0.7767036600253301,0
7,26.0,64.0,4,0,0.01613520875021916,0.7767036600253301,0
7,27.0,63.0,4,0,0.009292903454238152,0.7767036600253301,0
7,28.0,62.0,4,0,0.006470841700805491,0.7767036600253301,0
7,29.0,61.0,4,0,0.010520123036170562,0.7767036600253301,0
7,30.0,60.0,4,0,0.0697157005131763,0.7767036600253301,0
7,31.0,59.0,4,0,0.008253518578398589,0.7767036600253301,0
7,32.0,58.0,4,0,0.01265882273006639,0.7767036600253301,0
7,33.0,57.0,4,0,0.01541699781706688,0.7767036600253301,0
7,34.0,56.0,4,0,0.011290381862159048,0.7767036600253301,0
7,35.0,55.0,4,0,0.012488131299684074,0.7767036600253301,0
7,36.0,54.0,4,0,0.00583094464049008,0.7767036600253301,0
7,37.0,53.0,4,0,0.008775187624150742,0.7767036600253301,0
7,38.0,52.0,4,0,0.00039394214976814156,0.7767036600253301,0
7,39.0,51.0,4,0,0.06410620164682,0.7767036600253301,0
7,40.0,50.0,4,0,0.007905495273474046,0.7767036600253301,0
7,41.0,49.0,4,0,0.03349167223953694,0.7767036600253301,0
7,42.0,48.0,4,0,0.03734616101470316,0.7767036600253301,0
7,43.0,47.0,4,0,0.011961303884801473,0.7767036600253301,0
7,44.0,46.0,4,0,0.019412344313164895,0.7767036600253301,0
7,45.0,45.0,4,0,0.11153207045535002,0.7767036600253301,0
7,46.0,44.0,4,0,0.03697866503091766,0.7767036600253301,0
7,47.0,43.0,4,0,0.020614441155301214,0.7767036600253301,0
7,48.0,42.0,4,0,0.07143495943627,0.7767036600253301,0
7,49.0,41.0,4,0,0.13582949626596683,0.7767036600253301,0
7,50.0,40.0,4,0,0.07951271534453579,0.7767036600253301,0
7,51.0,39.0,4,0,0.054243762207674025,0.7767036600253301,0
7,52.0,38.0,4,0,0.0970907323859922,0.7767036600253301,0
7,53.0,37.0,4,0,0.19629719668273476,0.7767036600253301,0
7,54.0,36.0,4,0,0.19912334774094934,0.7767036600253301,0
7,55.0,35.0,4,0,0.1964357676810049,0.7767036600253301,0
7,56.0,34.0,4,0,0.17350122953206426,0.7767036600253301,0
7,57.0,33.0,4,0,0.18874731379560358,0.7767036600253301,0
7,58.0,32.0,4,0,0.2585135533901572,0.7767036600253301,0
7,59.0,31.0,4,0,0.4120992802321677,0.7767036600253301,0
7,60.0,30.0,4,0,0.6335149152862375,0.7767036600253301,0
7,61.0,29.0,4,0,0.2636165822599475,0.7767036600253301,0
7,62.0,28.0,4,0,0.32101519328439243,0.7767036600253301,0
7,63.0,27.0,4,0,0.30706593092240225,0.7767036600253301,0
7,64.0,26.0,4,0,0.7042263344604109,0.7767036600253301,0
7,65.0,25.0,4,0,0.6742257768462724,0.7767036600253301,0
7,66.0,24.0,4,0,0.8237842342858411,0.7767036600253301,1
7,67.0,23.0,4,0,0.7605923111456314,0.7767036600253301,0
7,68.0,22.0,4,0,0.7398244833151025,0.7767036600253301,0
7,69.0,21.0,4,0,0.6855757566879241,0.7767036600253301,0
7,70.0,20.0,4,1,0.8257355291635665,0.7767036600253301,1
7,71.0,19.0,4,1,0.8921281006433391,0.7767036600253301,1
7,72.0,18.0,4,1,0.8903909048597474,0.7767036600253301,1
7,73.0,17.0,4,1,0.83781669544807,0.7767036600253301,1
7,74.0,16.0,4,1,0.8769456192086129,0.7767036600253301,1
7,75.0,15.0,4,1,0.8503660060347339,0.7767036600253301,1
7,76.0,14.0,4,1,0.8398714434407376,0.7767036600253301,1
7,77.0,13.0,4,1,0.9180857370547416,0.7767036600253301,1
7,78.0,12.0,4,1,0.9045094544247931,0.7767036600253301,1
7,79.0,11.0,4,1,0.913310025849748,0.7767036600253301,1
7,80.0,10.0,4,1,0.9725199781059329,0.7767036600253301,1
7,81.0,9.0,4,1,0.9617345563068296,0.7767036600253301,1
7,82.0,8.0,4,1,0.9529317116187195,0.7767036600253301,1
7,83.0,7.0,4,1,0.9547024862040453,0.7767036600253301,1
7,84.0,6.0,4,1,0.9824979002181568,0.7767036600253301,1
7,85.0,5.0,4,1,0.9095919423163175,0.7767036600253301,1
7,86.0,4.0,4,1,0.9435237047630574,0.7767036600253301,1
7,87.0,3.0,4,1,0.9409312106938084,0.7767036600253301,1
7,88.0,2.0,4,1,0.9163756494335459,0.7767036600253301,1
7,89.0,1.0,4,1,0.9570080219697982,0.7767036600253301,1
7,90.0,0.0,4,1,0.9573131183572371,0.7767036600253301,1
8,1.0,88.0,5,0,0.018552224670694974,0.7886728961484951,0
8,2.0,87.0,5,0,0.029329083870664997,0.7886728961484951,0
8,3.0,86.0,5,0,0.012928484555220911,0.7886728961484951,0
8,4.0,85.0,5,0,0.005438618679620687,0.7886728961484951,0
8,5.0,84.0,5,0,0.007554633866597819,0.7886728961484951,0
8,6.0,83.0,5,0,0.0064714330454082435,0.7886728961484951,0
8,7.0,82.0,5,0,0.010965291487136573,0.7886728961484951,0
8,8.0,81.0,5,0,0.012373330904090825,0.7886728961484951,0
8,9.0,80.0,5,0,0.0028074797195126095,0.7886728961484951,0
8,10.0,79.0,5,0,0.021828620460960776,0.7886728961484951,0
8,11.0,78.0,5,0,0.009034677150735162,0.7886728961484951,0
8,12.0,77.0,5,0,0.02911753089358209,0.7886728961484951,0
8,13.0,76.0,5,0,0.01151123751775994,0.7886728961484951,0
8,14.0,75.0,5,0,0.010802908687613124,0.7886728961484951,0
8,15.0,74.0,5,0,0.013696599455169734,0.7886728961484951,0
8,16.0,73.0,5,0,0.011850801383954996,0.7886728961484951,0
8,17.0,72.0,5,0,0.00964005560352497,0.7886728961484951,0
8,18.0,71.0,5,0,0.032096288183066105,0.7886728961484951,0
8,19.0,70.0,5,0,0.0359114628179513,0.7886728961484951,0
8,20.0,69.0,5,0,0.009803327056526296,0.7886728961484951,0
8,21.0,68.0,5,0,0.014392274306310526,0.7886728961484951,0
8,22.0,67.0,5,0,0.006658992671682275,0.7886728961484951,0
8,23.0,66.0,5,0,0.0077000367205735856,0.7886728961484951,0
8,24.0,65.0,5,0,0.009025641697807566,0.7886728961484951,0
8,25.0,64.0,5,0,0.005269326077626483,0.7886728961484951,0
8,26.0,63.0,5,0,0.007209344935502486,0.7886728961484951,0
8,27.0,62.0,5,0,0.008679232194143441,0.7886728961484951,0
8,28.0,61.0,5,0,0.012876085645292834,0.7886728961484951,0
8,29.0,60.0,5,0,0.017403057494120876,0.7886728961484951,0
8,30.0,59.0,5,0,0.06028956687700879,0.7886728961484951,0
8,31.0,58.0,5,0,0.12552518037415353,0.7886728961484951,0
8,32.0,57.0,5,0,0.029980356850565923,0.7886728961484951,0
8,33.0,56.0,5,0,0.07484710829176315,0.7886728961484951,0
8,34.0,55.0,5,0,0.06192591382894948,0.7886728961484951,0
8,35.0,54.0,5,0,0.050080352484797454,0.7886728961484951,0
8,36.0,53.0,5,0,0.05147171665052425,0.7886728961484951,0
8,37.0,52.0,5,0,0.14093936387941547,0.7886728961484951,0
8,38.0,51.0,5,0,0.30328558158163993,0.7886728961484951,0
8,39.0,50.0,5,0,0.40342807025094696,0.7886728961484951,0
8,40.0,49.0,5,0,0.37119432635017663,0.7886728961484951,0
8,41.0,48.0,5,0,0.5395877868334087,0.7886728961484951,0
8,42.0,47.0,5,0,0.3660319172771115,0.7886728961484951,0
8,43.0,46.0,5,0,0.6997447967169849,0.7886728961484951,0
8,44.0,45.0,5,0,0.32679132615994766,0.7886728961484951,0
8,45.0,44.0,5,0,0.11736201547631164,0.7886728961484951,0
8,46.0,43.0,5,0,0.4130811188209771,0.7886728961484951,0
8,47.0,42.0,5,0,0.5861649838855432,0.7886728961484951,0
8,48.0,41.0,5,0,0.4964097477178562,0.7886728961484951,0
8,49.0,40.0,5,0,0.5792259829712533,0.7886728961484951,0
8,50.0,39.0,5,0,0.5493675592261431,0.7886728961484951,0
8,51.0,38.0,5,0,0.6611769537792725,0.7886728961484951,0
8,52.0,37.0,5,0,0.6476441324013882,0.7886728961484951,0
8,53.0,36.0,5,0,0.6314947197633844,0.7886728961484951,0
8,54.0,35.0,5,0,0.675710733134968,0.7886728961484951,0
8,55.0,34.0,5,0,0.7390086309076719,0.7886728961484951,0
8,56.0,33.0,5,0,0.7432285646744529,0.7886728961484951,0
8,57.0,32.0,5,0,0.7490087617545819,0.7886728961484951,0
8,58.0,31.0,5,0,0.8100098058357075,0.7886728961484951,1
8,59.0,30.0,5,0,0.6926303677831253,0.7886728961484951,0
8,60.0,29.0,5,0,0.8119441651706617,0.7886728961484951,1
8,61.0,28.0,5,0,0.5658601960996116,0.7886728961484951,0
8,62.0,27.0,5,0,0.8427564023095567,0.7886728961484951,1
8,63.0,26.0,5,0,0.8548792087588096,0.7886728961484951,1
8,64.0,25.0,5,0,0.7663528693116523,0.7886728961484951,0
8,65.0,24.0,5,0,0.742726324875157,0.7886728961484951,0
8,66.0,23.0,5,0,0.8623117930965284,0.7886728961484951,1
8,67.0,22.0,5,0,0.719174936886387,0.7886728961484951,0
8,68.0,21.0,5,0,0.8777286258000323,0.7886728961484951,1
8,69.0,20.0,5,1,0.7330571418780409,0.7886728961484951,0
8,70.0,19.0,5,1,0.839301664472657,0.7886728961484951,1
8,71.0,18.0,5,1,0.7363655257003898,0.7886728961484951,0
8,72.0,17.0,5,1,0.8989388047944146,0.7886728961484951,1
8,73.0,16.0,5,1,0.8227233766179316,0.7886728961484951,1
8,74.0,15.0,5,1,0.7578322412104702,0.7886728961484951,0
8,75.0,14.0,5,1,0.9244081895694213,0.7886728961484951,1
8,76.0,13.0,5,1,0.9076924451185391,0.7886728961484951,1
8,77.0,12.0,5,1,0.8514883633953662,0.7886728961484951,1
8,78.0,11.0,5,1,0.8437052661347081,0.7886728961484951,1
8,79.0,10.0,5,1,0.9018165172672377,0.7886728961484951,1
8,80.0,9.0,5,1,0.8887261831152558,0.7886728961484951,1
8,81.0,8.0,5,1,0.9007462168186039,0.7886728961484951,1
8,82.0,7.0,5,1,0.9333205511817808,0.7886728961484951,1
8,83.0,6.0,5,1,0.8821355578079604,0.7886728961484951,1
8,84.0,5.0,5,1,0.9258187763971164,0.7886728961484951,1
8,85.0,4.0,5,1,0.8363009153459215,0.7886728961484951,1
8,86.0,3.0,5,1,0.9750113380690881,0.7886728961484951,1
8,87.0,2.0,5,1,0.8960479017918456,0.7886728961484951,1
8,88.0,1.0,5,1,0.8997619532246866,0.7886728961484951,1
8,89.0,0.0,5,1,0.9798263308587324,0.7886728961484951,1
9,1.0,79.0,2,0,0.0011952954200355843,0.7912127720003883,0
9,2.0,78.0,2,0,0.010512366100954993,0.7912127720003883,0
9,3.0,77.0,2,0,0.00031531427809732265,0.7912127720003883,0
9,4.0,76.0,2,0,0.014280865247781303,0.7912127720003883,0
9,5.0,75.0,2,0,0.0064781258076538496,0.7912127720003883,0
9,6.0,74.0,2,0,0.006704843729633945,0.7912127720003883,0
9,7.0,73.0,2,0,0.011413282438713897,0.7912127720003883,0
9,8.0,72.0,2,0,0.010342933499210174,0.7912127720003883,0
9,9.0,71.0,2,0,0.004729180731345507,0.7912127720003883,0
9,10.0,70.0,2,0,0.007429558149663782,0.7912127720003883,0
9,11.0,69.0,2,0,0.0064781258076538496,0.7912127720003883,0
9,12.0,68.0,2,0,0.006704843729633945,0.7912127720003883,0
9,13.0,67.0,2,0,0.0016438996437979836,0.7912127720003883,0
9,14.0,66.0,2,0,0.03012428474946638,0.7912127720003883,0
9,15.0,65.0,2,0,0.008390464579544966,0.7912127720003883,0
9,16.0,64.0,2,0,0.031167148140991408,0.7912127720003883,0
9,17.0,63.0,2,0,0.008135485321746502,0.7912127720003883,0
9,18.0,62.0,2,0,0.01395228117718003,0.7912127720003883,0
9,19.0,61.0,2,0,0.015995207185275497,0.7912127720003883,0
9,20.0,60.0,2,0,0.009891284407600048,0.7912127720003883,0
9,21.0,59.0,2,0,0.005800169748991509,0.7912127720003883,0
9,22.0,58.0,2,0,0.00437431427171105,0.7912127720003883,0
9,23.0,57.0,2,0,0.012174749166789739,0.7912127720003883,0
9,24.0,56.0,2,0,0.005682608519184318,0.7912127720003883,0
9,25.0,55.0,2,0,0.00437431427171105,0.7912127720003883,0
9,26.0,54.0,2,0,0.0023682274569416114,0.7912127720003883,0
9,27.0,53.0,2,0,0.005440987945523486,0.7912127720003883,0
9,28.0,52.0,2,0,0.006862428639554703,0.7912127720003883,0
9,29.0,51.0,2,0,0.020819317822079127,0.7912127720003883,0
9,30.0,50.0,2,0,0.012160359821143558,0.7912127720003883,0
9,31.0,49.0,2,0,0.0023682274569416114,0.7912127720003883,0
9,32.0,48.0,2,0,0.00805795774042696,0.7912127720003883,0
9,33.0,47.0,2,0,0.011635314812608082,0.7912127720003883,0
9,34.0,46.0,2,0,0.009240635455341865,0.7912127720003883,0
9,35.0,45.0,2,0,0.02076094984222183,0.7912127720003883,0
9,36.0,44.0,2,0,0.007762081748706042,0.7912127720003883,0
9,37.0,43.0,2,0,0.01488170339551458,0.7912127720003883,0
9,38.0,42.0,2,0,0.03274394001475945,0.7912127720003883,0
9,39.0,41.0,2,0,0.011696940492166883,0.7912127720003883,0
9,40.0,40.0,2,0,0.028573458097965326,0.7912127720003883,0
9,41.0,39.0,2,0,0.047889829272186366,0.7912127720003883,0
9,42.0,38.0,2,0,0.03123415536713349,0.7912127720003883,0
9,43.0,37.0,2,0,0.1063349656917421,0.7912127720003883,0
9,44.0,36.0,2,0,0.04366108550317067,0.7912127720003883,0
9,45.0,35.0,2,0,0.08549357029714386,0.7912127720003883,0
9,46.0,34.0,2,0,0.06638809164986899,0.7912127720003883,0
9,47.0,33.0,2,0,0.04740515560222715,0.7912127720003883,0
9,48.0,32.0,2,0,0.087165473883321,0.7912127720003883,0
9,49.0,31.0,2,0,0.13671202573478022,0.7912127720003883,0
9,50.0,30.0,2,0,0.09441816480311516,0.7912127720003883,0
9,51.0,29.0,2,0,0.09969579276116576,0.7912127720003883,0
9,52.0,28.0,2,0,0.17231021809397365,0.7912127720003883,0
9,53.0,27.0,2,0,0.24776140940604696,0.7912127720003883,0
9,54.0,26.0,2,0,0.2547737570954618,0.7912127720003883,0
9,55.0,25.0,2,0,0.22837027152060693,0.7912127720003883,0
9,56.0,24.0,2,0,0.4642858360070171,0.7912127720003883,0
9,57.0,23.0,2,0,0.4817385838151705,0.7912127720003883,0
9,58.0,22.0,2,0,0.4043449987452638,0.7912127720003883,0
9,59.0,21.0,2,0,0.42553183148471985,0.7912127720003883,0
9,60.0,20.0,2,1,0.5681390320470479,0.7912127720003883,0
9,61.0,19.0,2,1,0.5843476547422027,0.7912127720003883,0
9,62.0,18.0,2,1,0.6063620547559326,0.7912127720003883,0
9,63.0,17.0,2,1,0.645563317990709,0.7912127720003883,0
9,64.0,16.0,2,1,0.6651169523803995,0.7912127720003883,0
9,65.0,15.0,2,1,0.7732540209783892,0.7912127720003883,0
9,66.0,14.0,2,1,0.685503967970836,0.7912127720003883,0
9,67.0,13.0,2,1,0.5883237419868178,0.7912127720003883,0
9,68.0,12.0,2,1,0.6635792704884145,0.7912127720003883,0
9,69.0,11.0,2,1,0.6518398196070321,0.7912127720003883,0
9,70.0,10.0,2,1,0.6718442311242903,0.7912127720003883,0
9,71.0,9.0,2,1,0.8274432731074789,0.7912127720003883,1
9,72.0,8.0,2,1,0.8808453938020803,0.7912127720003883,1
9,73.0,7.0,2,1,0.8871404056968013,0.7912127720003883,1
9,74.0,6.0,2,1,0.9285293965930449,0.7912127720003883,1
9,75.0,5.0,2,1,0.4612965327518683,0.7912127720003883,0
9,76.0,4.0,2,1,0.9103984809246682,0.7912127720003883,1
9,77.0,3.0,2,1,0.9145396727586316,0.7912127720003883,1
9,78.0,2.0,2,1,0.880066011484325,0.7912127720003883,1
9,79.0,1.0,2,1,0.9206716972537905,0.7912127720003883,1
9,80.0,0.0,2,1,0.916441419809828,0.7912127720003883,1
10,1.0,81.0,5,0,0.012691821492359786,0.7886728961484951,0
10,2.0,80.0,5,0,0.022183114670188638,0.7886728961484951,0
10,3.0,79.0,5,0,0.006685293441228539,0.7886728961484951,0
10,4.0,78.0,5,0,0.03009781695964395,0.7886728961484951,0
10,5.0,77.0,5,0,0.01885664530115362,0.7886728961484951,0
10,6.0,76.0,5,0,0.08328899281629436,0.7886728961484951,0
10,7.0,75.0,5,0,0.014549386128489262,0.7886728961484951,0
10,8.0,74.0,5,0,0.02715970525807209,0.7886728961484951,0
10,9.0,73.0,5,0,0.009526029960572795,0.7886728961484951,0
10,10.0,72.0,5,0,0.0157606787098875,0.7886728961484951,0
10,11.0,71.0,5,0,0.005468628496556205,0.7886728961484951,0
10,12.0,70.0,5,0,0.004121560254217001,0.7886728961484951,0
10,13.0,69.0,5,0,0.0059303988592475515,0.7886728961484951,0
10,14.0,68.0,5,0,0.008544657737921272,0.7886728961484951,0
10,15.0,67.0,5,0,0.012126383866846842,0.7886728961484951,0
10,16.0,66.0,5,0,0.052256269189718166,0.7886728961484951,0
10,17.0,65.0,5,0,0.012785773632411897,0.7886728961484951,0
10,18.0,64.0,5,0,0.005824409563271606,0.7886728961484951,0
10,19.0,63.0,5,0,0.0601338907149268,0.7886728961484951,0
10,20.0,62.0,5,0,0.09466130921440406,0.7886728961484951,0
10,21.0,61.0,5,0,0.024281463452315973,0.7886728961484951,0
10,22.0,60.0,5,0,0.004410783352185856,0.7886728961484951,0
10,23.0,59.0,5,0,0.010286487266096348,0.7886728961484951,0
10,24.0,58.0,5,0,0.12253582644058653,0.7886728961484951,0
10,25.0,57.0,5,0,0.021801869047757518,0.7886728961484951,0
10,26.0,56.0,5,0,0.015641401345494754,0.7886728961484951,0
10,27.0,55.0,5,0,0.047567021109894324,0.7886728961484951,0
10,28.0,54.0,5,0,0.06275372557578009,0.7886728961484951,0
10,29.0,53.0,5,0,0.014109515606582204,0.7886728961484951,0
10,30.0,52.0,5,0,0.04437028119650488,0.7886728961484951,0
10,31.0,51.0,5,0,0.2135554482234869,0.7886728961484951,0
10,32.0,50.0,5,0,0.18550908426648843,0.7886728961484951,0
10,33.0,49.0,5,0,0.05817473568609816,0.7886728961484951,0
10,34.0,48.0,5,0,0.3651727725505409,0.7886728961484951,0
10,35.0,47.0,5,0,0.4030851743082842,0.7886728961484951,0
10,36.0,46.0,5,0,0.17497834531654607,0.7886728961484951,0
10,37.0,45.0,5,0,0.37275049968247287,0.7886728961484951,0
10,38.0,44.0,5,0,0.28631673053209133,0.7886728961484951,0
10,39.0,43.0,5,0,0.3407339024654322,0.7886728961484951,0
10,40.0,42.0,5,0,0.28076595892403106,0.7886728961484951,0
10,41.0,41.0,5,0,0.3983286598164065,0.7886728961484951,0
10,42.0,40.0,5,0,0.42770121645885284,0.7886728961484951,0
10,43.0,39.0,5,0,0.495138306295652,0.7886728961484951,0
10,44.0,38.0,5,0,0.32941418775823,0.7886728961484951,0
10,45.0,37.0,5,0,0.6392467213518945,0.7886728961484951,0
10,46.0,36.0,5,0,0.7810818837124742,0.7886728961484951,0
10,47.0,35.0,5,0,0.6612012704088214,0.7886728961484951,0
10,48.0,34.0,5,0,0.6063086735015603,0.7886728961484951,0
10,49.0,33.0,5,0,0.7741632515545637,0.7886728961484951,0
10,50.0,32.0,5,0,0.4458123919077684,0.7886728961484951,0
10,51.0,31.0,5,0,0.35534044719647534,0.7886728961484951,0
10,52.0,30.0,5,0,0.8321989422040368,0.7886728961484951,1
10,53.0,29.0,5,0,0.7572428042281655,0.7886728961484951,0
10,54.0,28.0,5,0,0.5727030723371733,0.7886728961484951,0
10,55.0,27.0,5,0,0.6594295747420719,0.7886728961484951,0
10,56.0,26.0,5,0,0.7173624990350507,0.7886728961484951,0
10,57.0,25.0,5,0,0.7966840235979319,0.7886728961484951,1
10,58.0,24.0,5,0,0.7075725756702216,0.7886728961484951,0
10,59.0,23.0,5,0,0.7087993988320479,0.7886728961484951,0
10,60.0,22.0,5,0,0.7714460769518257,0.7886728961484951,0
10,61.0,21.0,5,0,0.7894185930847057,0.7886728961484951,1
10,62.0,20.0,5,1,0.7852196762871416,0.7886728961484951,0
10,63.0,19.0,5,1,0.8417127371172934,0.7886728961484951,1
10,64.0,18.0,5,1,0.8197699264594736,0.7886728961484951,1
10,65.0,17.0,5,1,0.7306949517404799,0.7886728961484951,0
10,66.0,16.0,5,1,0.718354036227464,0.7886728961484951,0
10,67.0,15.0,5,1,0.9441478380372443,0.7886728961484951,1
10,68.0,14.0,5,1,0.7918837502267971,0.7886728961484951,1
10,69.0,13.0,5,1,0.8906860857037346,0.7886728961484951,1
10,70.0,12.0,5,1,0.8737666528271955,0.7886728961484951,1
10,71.0,11.0,5,1,0.9714724611275587,0.7886728961484951,1
10,72.0,10.0,5,1,0.8602148706598852,0.7886728961484951,1
10,73.0,9.0,5,1,0.9032728971253312,0.7886728961484951,1
10,74.0,8.0,5,1,0.9212735033967575,0.7886728961484951,1
10,75.0,7.0,5,1,0.823550465410647,0.7886728961484951,1
10,76.0,6.0,5,1,0.9465250911843162,0.7886728961484951,1
10,77.0,5.0,5,1,0.8631473968017281,0.7886728961484951,1
10,78.0,4.0,5,1,0.9731593634448673,0.7886728961484951,1
10,79.0,3.0,5,1,0.847548218759109,0.7886728961484951,1
10,80.0,2.0,5,1,0.9049659396183657,0.7886728961484951,1
10,81.0,1.0,5,1,0.944202753815966,0.7886728961484951,1
10,82.0,0.0,5,1,0.9828375449179413,0.7886728961484951,1
11,1.0,71.0,1,0,0.0028853510994559474,0.8012529878443658,0
11,2.0,70.0,1,0,0.0022209003277922656,0.8012529878443658,0
11,3.0,69.0,1,0,0.010756327436599362,0.8012529878443658,0
11,4.0,68.0,1,0,0.00470707716998693,0.8012529878443658,0
11,5.0,67.0,1,0,0.0149083470188348,0.8012529878443658,0
11,6.0,66.0,1,0,0.01636838332753474,0.8012529878443658,0
11,7.0,65.0,1,0,0.010603870950422447,0.8012529878443658,0
11,8.0,64.0,1,0,0.006795981669239839,0.8012529878443658,0
11,9.0,63.0,1,0,0.015371437213599804,0.8012529878443658,0
11,10.0,62.0,1,0,0.007841973943518214,0.8012529878443658,0
11,11.0,61.0,1,0,0.0031863144259988577,0.8012529878443658,0
11,12.0,60.0,1,0,0.02288655548213049,0.8012529878443658,0
11,13.0,59.0,1,0,0.002375170043663206,0.8012529878443658,0
11,14.0,58.0,1,0,0.018338223781597017,0.8012529878443658,0
11,15.0,57.0,1,0,0.017250757882362775,0.8012529878443658,0
11,16.0,56.0,1,0,0.015161070761293851,0.8012529878443658,0
11,17.0,55.0,1,0,0.017129330976636686,0.8012529878443658,0
11,18.0,54.0,1,0,0.019399681516266015,0.8012529878443658,0
11,19.0,53.0,1,0,0.03211133186491447,0.8012529878443658,0
11,20.0,52.0,1,0,0.009347223392175046,0.8012529878443658,0
11,21.0,51.0,1,0,5.6155676567774495e-05,0.8012529878443658,0
11,22.0,50.0,1,0,0.01834862292579048,0.8012529878443658,0
11,23.0,49.0,1,0,0.017667183340847704,0.8012529878443658,0
11,24.0,48.0,1,0,0.00818421963393663,0.8012529878443658,0
11,25.0,47.0,1,0,0.01842230824823591,0.8012529878443658,0
11,26.0,46.0,1,0,0.0022000027871144053,0.8012529878443658,0
11,27.0,45.0,1,0,0.020947569520872705,0.8012529878443658,0
11,28.0,44.0,1,0,0.008218502396451612,0.8012529878443658,0
11,29.0,43.0,1,0,0.009479095264004889,0.8012529878443658,0
11,30.0,42.0,1,0,0.024436764197613946,0.8012529878443658,0
11,31.0,41.0,1,0,0.0069992185118011195,0.8012529878443658,0
11,32.0,40.0,1,0,0.007616446833415632,0.8012529878443658,0
11,33.0,39.0,1,0,0.01275237439465166,0.8012529878443658,0
11,34.0,38.0,1,0,0.013548571533836214,0.8012529878443658,0
11,35.0,37.0,1,0,0.010414094990604994,0.8012529878443658,0
11,36.0,36.0,1,0,0.006048197622048031,0.8012529878443658,0
11,37.0,35.0,1,0,0.012888915094285566,0.8012529878443658,0
11,38.0,34.0,1,0,0.0039038806024030313,0.8012529878443658,0
11,39.0,33.0,1,0,0.00521639187434239,0.8012529878443658,0
11,40.0,32.0,1,0,0.021958467898389948,0.8012529878443658,0
11,41.0,31.0,1,0,0.09515596673095657,0.8012529878443658,0
11,42.0,30.0,1,0,0.014102870079775271,0.8012529878443658,0
11,43.0,29.0,1,0,0.02713263593646298,0.8012529878443658,0
11,44.0,28.0,1,0,0.02203516629595418,0.8012529878443658,0
11,45.0,27.0,1,0,0.012673782623944653,0.8012529878443658,0
11,46.0,26.0,1,0,0.03792791737605452,0.8012529878443658,0
11,47.0,25.0,1,0,0.06344735946096794,0.8012529878443658,0
11,48.0,24.0,1,0,0.07065401614754789,0.8012529878443658,0
11,49.0,23.0,1,0,0.09541200242445746,0.8012529878443658,0
11,50.0,22.0,1,0,0.06882438570228436,0.8012529878443658,0
11,51.0,21.0,1,0,0.3081399029054281,0.8012529878443658,0
11,52.0,20.0,1,1,0.1644206704311736,0.8012529878443658,0
11,53.0,19.0,1,1,0.21065737836585297,0.8012529878443658,0
11,54.0,18.0,1,1,0.11914725300598084,0.8012529878443658,0
11,55.0,17.0,1,1,0.3415209836928414,0.8012529878443658,0
11,56.0,16.0,1,1,0.07088464259486676,0.8012529878443658,0
11,57.0,15.0,1,1,0.39097783989856016,0.8012529878443658,0
11,58.0,14.0,1,1,0.3726683619368985,0.8012529878443658,0
11,59.0,13.0,1,1,0.19070533235584045,0.8012529878443658,0
11,60.0,12.0,1,1,0.5156247997345423,0.8012529878443658,0
11,61.0,11.0,1,1,0.6516018141714679,0.8012529878443658,0
11,62.0,10.0,1,1,0.8100420875435406,0.8012529878443658,1
11,63.0,9.0,1,1,0.7023652026434815,0.8012529878443658,0
11,64.0,8.0,1,1,0.6843387560823742,0.8012529878443658,0
11,65.0,7.0,1,1,0.7280186168000884,0.8012529878443658,0
11,66.0,6.0,1,1,0.7565417209122548,0.8012529878443658,0
11,67.0,5.0,1,1,0.5590251068422023,0.8012529878443658,0
11,68.0,4.0,1,1,0.8316282752916343,0.8012529878443658,1
11,69.0,3.0,1,1,0.6906134029022425,0.8012529878443658,0
11,70.0,2.0,1,1,0.8685639223725066,0.8012529878443658,1
11,71.0,1.0,1,1,0.8790674978677182,0.8012529878443658,1
11,72.0,0.0,1,1,0.7533721159122819,0.8012529878443658,0
12,1.0,72.0,3,0,0.009486938274843608,0.7899421635739077,0
12,2.0,71.0,3,0,0.03280135889516651,0.7899421635739077,0
12,3.0,70.0,3,0,0.009269997681944451,0.7899421635739077,0
12,4.0,69.0,3,0,0.004407287239979272,0.7899421635739077,0
12,5.0,68.0,3,0,0.00899224037365366,0.7899421635739077,0
12,6.0,67.0,3,0,0.014280053763884347,0.7899421635739077,0
12,7.0,66.0,3,0,0.004607600111416906,0.7899421635739077,0
12,8.0,65.0,3,0,0.02070943179026769,0.7899421635739077,0
12,9.0,64.0,3,0,0.004878112503622735,0.7899421635739077,0
12,10.0,63.0,3,0,0.013480390378245772,0.7899421635739077,0
12,11.0,62.0,3,0,0.011714821048667385,0.7899421635739077,0
12,12.0,61.0,3,0,0.011170573516358027,0.7899421635739077,0
12,13.0,60.0,3,0,0.01195229364296349,0.7899421635739077,0
12,14.0,59.0,3,0,0.02652006199897687,0.7899421635739077,0
12,15.0,58.0,3,0,0.02769854971788292,0.7899421635739077,0
12,16.0,57.0,3,0,0.013246186017490414,0.7899421635739077,0
12,17.0,56.0,3,0,0.06533205738339193,0.7899421635739077,0
12,18.0,55.0,3,0,0.009344954703381796,0.7899421635739077,0
12,19.0,54.0,3,0,0.0070580908791301,0.7899421635739077,0
12,20.0,53.0,3,0,0.01735228893312483,0.7899421635739077,0
12,21.0,52.0,3,0,0.006463643993674354,0.7899421635739077,0
12,22.0,51.0,3,0,0.00508777806251234,0.7899421635739077,0
12,23.0,50.0,3,0,0.014958486563771325,0.7899421635739077,0
12,24.0,49.0,3,0,0.05360110867424754,0.7899421635739077,0
12,25.0,48.0,3,0,0.003847766044137994,0.7899421635739077,0
12,26.0,47.0,3,0,0.028374755573884664,0.7899421635739077,0
12,27.0,46.0,3,0,0.0486919207339149,0.7899421635739077,0
12,28.0,45.0,3,0,0.027671620946624433,0.7899421635739077,0
12,29.0,44.0,3,0,0.01221897030122319,0.7899421635739077,0
12,30.0,43.0,3,0,0.009739053292552317,0.7899421635739077,0
12,31.0,42.0,3,0,0.025631629785824145,0.7899421635739077,0
12,32.0,41.0,3,0,0.0992160085257377,0.7899421635739077,0
12,33.0,40.0,3,0,0.02495056569296643,0.7899421635739077,0
12,34.0,39.0,3,0,0.023011328583381962,0.7899421635739077,0
12,35.0,38.0,3,0,0.04029378472230058,0.7899421635739077,0
12,36.0,37.0,3,0,0.10305193952213738,0.7899421635739077,0
12,37.0,36.0,3,0,0.09547560777488939,0.7899421635739077,0
12,38.0,35.0,3,0,0.21236327794334983,0.7899421635739077,0
12,39.0,34.0,3,0,0.3863081617505164,0.7899421635739077,0
12,40.0,33.0,3,0,0.5139369378234061,0.7899421635739077,0
12,41.0,32.0,3,0,0.03729334594565639,0.7899421635739077,0
12,42.0,31.0,3,0,0.1621811618368097,0.7899421635739077,0
12,43.0,30.0,3,0,0.40263379533501675,0.7899421635739077,0
12,44.0,29.0,3,0,0.583230542169812,0.7899421635739077,0
12,45.0,28.0,3,0,0.47899490645783566,0.7899421635739077,0
12,46.0,27.0,3,0,0.5392219249616407,0.7899421635739077,0
12,47.0,26.0,3,0,0.5858759798809681,0.7899421635739077,0
12,48.0,25.0,3,0,0.6269522119362912,0.7899421635739077,0
12,49.0,24.0,3,0,0.2472508464183581,0.7899421635739077,0
12,50.0,23.0,3,0,0.5614865405349674,0.7899421635739077,0
12,51.0,22.0,3,0,0.7165894391416612,0.7899421635739077,0
12,52.0,21.0,3,0,0.40480795880576,0.7899421635739077,0
12,53.0,20.0,3,1,0.6755015659495818,0.7899421635739077,0
12,54.0,19.0,3,1,0.6677129474783109,0.7899421635739077,0
12,55.0,18.0,3,1,0.6816525178847411,0.7899421635739077,0
12,56.0,17.0,3,1,0.6373571275448043,0.7899421635739077,0
12,57.0,16.0,3,1,0.7135227009659787,0.7899421635739077,0
12,58.0,15.0,3,1,0.719340425970272,0.7899421635739077,0
12,59.0,14.0,3,1,0.42187467211959423,0.7899421635739077,0
12,60.0,13.0,3,1,0.7024265109427256,0.7899421635739077,0
12,61.0,12.0,3,1,0.8073295391086142,0.7899421635739077,1
12,62.0,11.0,3,1,0.7835322810869149,0.7899421635739077,0
12,63.0,10.0,3,1,0.835204898236954,0.7899421635739077,1
12,64.0,9.0,3,1,0.7869480295303897,0.7899421635739077,0
12,65.0,8.0,3,1,0.880260065632229,0.7899421635739077,1
12,66.0,7.0,3,1,0.8648744600238714,0.7899421635739077,1
12,67.0,6.0,3,1,0.7189299793630984,0.7899421635739077,0
12,68.0,5.0,3,1,0.8729311159288746,0.7899421635739077,1
12,69.0,4.0,3,1,0.8807866312073993,0.7899421635739077,1
12,70.0,3.0,3,1,0.891113549156796,0.7899421635739077,1
12,71.0,2.0,3,1,0.9215245392422005,0.7899421635739077,1
12,72.0,1.0,3,1,0.8553521297926577,0.7899421635739077,1
12,73.0,0.0,3,1,0.7843041214499282,0.7899421635739077,0
13,1.0,66.0,3,0,0.034874733157004456,0.7899421635739077,0
13,2.0,65.0,3,0,0.009847123552632004,0.7899421635739077,0
13,3.0,64.0,3,0,0.009576612591950754,0.7899421635739077,0
13,4.0,63.0,3,0,0.010383025015048295,0.7899421635739077,0
13,5.0,62.0,3,0,0.10294023261906528,0.7899421635739077,0
13,6.0,61.0,3,0,0.019871549702782786,0.7899421635739077,0
13,7.0,60.0,3,0,0.008739468538871606,0.7899421635739077,0
13,8.0,59.0,3,0,0.07109729332100077,0.7899421635739077,0
13,9.0,58.0,3,0,0.011403130694525233,0.7899421635739077,0
13,10.0,57.0,3,0,0.006463643993674354,0.7899421635739077,0
13,11.0,56.0,3,0,0.008762778722056766,0.7899421635739077,0
13,12.0,55.0,3,0,0.012406340486345976,0.7899421635739077,0
13,13.0,54.0,3,0,0.007654228617214459,0.7899421635739077,0
13,14.0,53.0,3,0,0.013281820620461704,0.7899421635739077,0
13,15.0,52.0,3,0,0.016539109523312636,0.7899421635739077,0
13,16.0,51.0,3,0,0.004100342342398809,0.7899421635739077,0
13,17.0,50.0,3,0,0.010297177598705147,0.7899421635739077,0
13,18.0,49.0,3,0,0.048213181938051596,0.7899421635739077,0
13,19.0,48.0,3,0,0.03756862482539124,0.7899421635739077,0
13,20.0,47.0,3,0,0.008739468538871606,0.7899421635739077,0
13,21.0,46.0,3,0,0.04961330117091715,0.7899421635739077,0
13,22.0,45.0,3,0,0.013264516833139093,0.7899421635739077,0
13,23.0,44.0,3,0,0.005186990371598402,0.7899421635739077,0
13,24.0,43.0,3,0,0.011170573516358027,0.7899421635739077,0
13,25.0,42.0,3,0,0.0068429598219246785,0.7899421635739077,0
13,26.0,41.0,3,0,0.015871839332732365,0.7899421635739077,0
13,27.0,40.0,3,0,0.00889736419483801,0.7899421635739077,0
13,28.0,39.0,3,0,0.051223814054642956,0.7899421635739077,0
13,29.0,38.0,3,0,0.014100271917084729,0.7899421635739077,0
13,30.0,37.0,3,0,0.03195604952451985,0.7899421635739077,0
13,31.0,36.0,3,0,0.02970586849197893,0.7899421635739077,0
13,32.0,35.0,3,0,0.18152664369902194,0.7899421635739077,0
13,33.0,34.0,3,0,0.018969001988582566,0.7899421635739077,0
13,34.0,33.0,3,0,0.24666668070090156,0.7899421635739077,0
13,35.0,32.0,3,0,0.08767682701877515,0.7899421635739077,0
13,36.0,31.0,3,0,0.07045804379053427,0.7899421635739077,0
13,37.0,30.0,3,0,0.22306980166815887,0.7899421635739077,0
13,38.0,29.0,3,0,0.06586274220607274,0.7899421635739077,0
13,39.0,28.0,3,0,0.22393171050706745,0.7899421635739077,0
13,40.0,27.0,3,0,0.26940096256886886,0.7899421635739077,0
13,41.0,26.0,3,0,0.25476792445158014,0.7899421635739077,0
13,42.0,25.0,3,0,0.42299635045745343,0.7899421635739077,0
13,43.0,24.0,3,0,0.7355639210553718,0.7899421635739077,0
13,44.0,23.0,3,0,0.5440518600804266,0.7899421635739077,0
13,45.0,22.0,3,0,0.5864982694410568,0.7899421635739077,0
13,46.0,21.0,3,0,0.43866542420047555,0.7899421635739077,0
13,47.0,20.0,3,1,0.7152518390665522,0.7899421635739077,0
13,48.0,19.0,3,1,0.6785202067944264,0.7899421635739077,0
13,49.0,18.0,3,1,0.7392058075761893,0.7899421635739077,0
13,50.0,17.0,3,1,0.656678553468686,0.7899421635739077,0
13,51.0,16.0,3,1,0.7086792734225253,0.7899421635739077,0
13,52.0,15.0,3,1,0.3025297638285955,0.7899421635739077,0
13,53.0,14.0,3,1,0.6579643913604977,0.7899421635739077,0
13,54.0,13.0,3,1,0.5349769613217786,0.7899421635739077,0
13,55.0,12.0,3,1,0.4771495605690755,0.7899421635739077,0
13,56.0,11.0,3,1,0.714640001677668,0.7899421635739077,0
13,57.0,10.0,3,1,0.6705756615783663,0.7899421635739077,0
13,58.0,9.0,3,1,0.8310265237942998,0.7899421635739077,1
13,59.0,8.0,3,1,0.8013313512433562,0.7899421635739077,1
13,60.0,7.0,3,1,0.8464337294339503,0.7899421635739077,1
13,61.0,6.0,3,1,0.7924703149269593,0.7899421635739077,1
13,62.0,5.0,3,1,0.8439978960054811,0.7899421635739077,1
13,63.0,4.0,3,1,0.8447739307710548,0.7899421635739077,1
13,64.0,3.0,3,1,0.890029021462892,0.7899421635739077,1
13,65.0,2.0,3,1,0.8799971699914847,0.7899421635739077,1
13,66.0,1.0,3,1,0.865799652090275,0.7899421635739077,1
13,67.0,0.0,3,1,0.7843021366514279,0.7899421635739077,0
14,1.0,59.0,1,0,0.04911170471433683,0.8012529878443658,0
14,2.0,58.0,1,0,0.019694542104890852,0.8012529878443658,0
14,3.0,57.0,1,0,0.007299933444129687,0.8012529878443658,0
14,4.0,56.0,1,0,0.027763048127339422,0.8012529878443658,0
14,5.0,55.0,1,0,0.028985573049686405,0.8012529878443658,0
14,6.0,54.0,1,0,0.010467584462247142,0.8012529878443658,0
14,7.0,53.0,1,0,0.010104247530171567,0.8012529878443658,0
14,8.0,52.0,1,0,0.017258234720367523,0.8012529878443658,0
14,9.0,51.0,1,0,0.005943603355891556,0.8012529878443658,0
14,10.0,50.0,1,0,0.09193719275627961,0.8012529878443658,0
14,11.0,49.0,1,0,0.005321005170010112,0.8012529878443658,0
14,12.0,48.0,1,0,0.007916878621414205,0.8012529878443658,0
14,13.0,47.0,1,0,0.020524018109935198,0.8012529878443658,0
14,14.0,46.0,1,0,0.019698444059786827,0.8012529878443658,0
14,15.0,45.0,1,0,0.010956984072299142,0.8012529878443658,0
14,16.0,44.0,1,0,0.015598661490341682,0.8012529878443658,0
14,17.0,43.0,1,0,0.007299933444129687,0.8012529878443658,0
14,18.0,42.0,1,0,0.006091578329564146,0.8012529878443658,0
14,19.0,41.0,1,0,0.007134066161765911,0.8012529878443658,0
14,20.0,40.0,1,0,0.010010068254052651,0.8012529878443658,0
14,21.0,39.0,1,0,0.008062217773472397,0.8012529878443658,0
14,22.0,38.0,1,0,0.015575702150436408,0.8012529878443658,0
14,23.0,37.0,1,0,0.007079443466090918,0.8012529878443658,0
14,24.0,36.0,1,0,0.006211439862216122,0.8012529878443658,0
14,25.0,35.0,1,0,0.015057732465874656,0.8012529878443658,0
14,26.0,34.0,1,0,0.02939130747492355,0.8012529878443658,0
14,27.0,33.0,1,0,0.004903308880154962,0.8012529878443658,0
14,28.0,32.0,1,0,0.008111215464001693,0.8012529878443658,0
14,29.0,31.0,1,0,0.014350616282994678,0.8012529878443658,0
14,30.0,30.0,1,0,0.011087295774490453,0.8012529878443658,0
14,31.0,29.0,1,0,0.02210711259181998,0.8012529878443658,0
14,32.0,28.0,1,0,0.01637584734448454,0.8012529878443658,0
14,33.0,27.0,1,0,0.022052153642497536,0.8012529878443658,0
14,34.0,26.0,1,0,0.01622339784808239,0.8012529878443658,0
14,35.0,25.0,1,0,0.048629151995152754,0.8012529878443658,0
14,36.0,24.0,1,0,0.020439120942807254,0.8012529878443658,0
14,37.0,23.0,1,0,0.05776248301017265,0.8012529878443658,0
14,38.0,22.0,1,0,0.2470532025030529,0.8012529878443658,0
14,39.0,21.0,1,0,0.10772568805969589,0.8012529878443658,0
14,40.0,20.0,1,1,0.31726809098485154,0.8012529878443658,0
14,41.0,19.0,1,1,0.4432443595496634,0.8012529878443658,0
14,42.0,18.0,1,1,0.38938482954433495,0.8012529878443658,0
14,43.0,17.0,1,1,0.3018611152596045,0.8012529878443658,0
14,44.0,16.0,1,1,0.4355869827778868,0.8012529878443658,0
14,45.0,15.0,1,1,0.5027423784001291,0.8012529878443658,0
14,46.0,14.0,1,1,0.68707120277663,0.8012529878443658,0
14,47.0,13.0,1,1,0.6349270578908334,0.8012529878443658,0
14,48.0,12.0,1,1,0.41152859767661265,0.8012529878443658,0
14,49.0,11.0,1,1,0.7513315891000981,0.8012529878443658,0
14,50.0,10.0,1,1,0.5315222118285315,0.8012529878443658,0
14,51.0,9.0,1,1,0.476144211866496,0.8012529878443658,0
14,52.0,8.0,1,1,0.46209196013712506,0.8012529878443658,0
14,53.0,7.0,1,1,0.6802185434215403,0.8012529878443658,0
14,54.0,6.0,1,1,0.6332662022867677,0.8012529878443658,0
14,55.0,5.0,1,1,0.5121218860452823,0.8012529878443658,0
14,56.0,4.0,1,1,0.5434321482227308,0.8012529878443658,0
14,57.0,3.0,1,1,0.6219125382377245,0.8012529878443658,0
14,58.0,2.0,1,1,0.6678973421192023,0.8012529878443658,0
14,59.0,1.0,1,1,0.8217446197892302,0.8012529878443658,1
14,60.0,0.0,1,1,0.8169084626863562,0.8012529878443658,1
15,1.0,92.0,1,0,0.0022000027871144053,0.8012529878443658,0
15,2.0,91.0,1,0,0.017670334808331113,0.8012529878443658,0
15,3.0,90.0,1,0,0.0502829540761832,0.8012529878443658,0
15,4.0,89.0,1,0,0.009267497467861421,0.8012529878443658,0
15,5.0,88.0,1,0,0.01842230824823591,0.8012529878443658,0
15,6.0,87.0,1,0,0.0022000027871144053,0.8012529878443658,0
15,7.0,86.0,1,0,0.006420056287120008,0.8012529878443658,0
15,8.0,85.0,1,0,0.0045452006208690195,0.8012529878443658,0
15,9.0,84.0,1,0,0.00521639187434239,0.8012529878443658,0
15,10.0,83.0,1,0,0.007894836289977497,0.8012529878443658,0
15,11.0,82.0,1,0,0.0006891574969431402,0.8012529878443658,0
15,12.0,81.0,1,0,0.010973809037098523,0.8012529878443658,0
15,13.0,80.0,1,0,0.010990044469807631,0.8012529878443658,0
15,14.0,79.0,1,0,0.005270501060329191,0.8012529878443658,0
15,15.0,78.0,1,0,0.0065351880895883445,0.8012529878443658,0
15,16.0,77.0,1,0,0.004995165746002477,0.8012529878443658,0
15,17.0,76.0,1,0,0.0054849363614167335,0.8012529878443658,0
15,18.0,75.0,1,0,0.00792011603511214,0.8012529878443658,0
15,19.0,74.0,1,0,0.03128503139437576,0.8012529878443658,0
15,20.0,73.0,1,0,0.009204344777067615,0.8012529878443658,0
15,21.0,72.0,1,0,0.017580515696295894,0.8012529878443658,0
15,22.0,71.0,1,0,0.009109904948581018,0.8012529878443658,0
15,23.0,70.0,1,0,0.011951286200962316,0.8012529878443658,0
15,24.0,69.0,1,0,0.006197712841568444,0.8012529878443658,0
15,25.0,68.0,1,0,0.011064510355563878,0.8012529878443658,0
15,26.0,67.0,1,0,0.003189565678966634,0.8012529878443658,0
15,27.0,66.0,1,0,0.004853370951840641,0.8012529878443658,0
15,28.0,65.0,1,0,0.012859448383472423,0.8012529878443658,0
15,29.0,64.0,1,0,0.007011332703094629,0.8012529878443658,0
15,30.0,63.0,1,0,0.0026911914557711854,0.8012529878443658,0
15,31.0,62.0,1,0,0.002616328281339525,0.8012529878443658,0
15,32.0,61.0,1,0,0.0026911914557711854,0.8012529878443658,0
15,33.0,60.0,1,0,0.002516024199222384,0.8012529878443658,0
15,34.0,59.0,1,0,0.006924364697695648,0.8012529878443658,0
15,35.0,58.0,1,0,0.0034413277209126157,0.8012529878443658,0
15,36.0,57.0,1,0,0.012637421221264962,0.8012529878443658,0
15,37.0,56.0,1,0,0.006022083637066483,0.8012529878443658,0
15,38.0,55.0,1,0,0.017498274255995757,0.8012529878443658,0
15,39.0,54.0,1,0,0.013282446326399652,0.8012529878443658,0
15,40.0,53.0,1,0,0.008885839173776916,0.8012529878443658,0
15,41.0,52.0,1,0,0.024429624035184203,0.8012529878443658,0
15,42.0,51.0,1,0,0.012174796412816307,0.8012529878443658,0
15,43.0,50.0,1,0,0.008121392101820033,0.8012529878443658,0
15,44.0,49.0,1,0,0.017697590679514735,0.8012529878443658,0
15,45.0,48.0,1,0,0.04434768380281766,0.8012529878443658,0
15,46.0,47.0,1,0,0.0163084218735969,0.8012529878443658,0
15,47.0,46.0,1,0,0.011618437397528778,0.8012529878443658,0
15,48.0,45.0,1,0,0.038612157685058233,0.8012529878443658,0
15,49.0,44.0,1,0,0.08549546531040648,0.8012529878443658,0
15,50.0,43.0,1,0,0.05351781885604367,0.8012529878443658,0
15,51.0,42.0,1,0,0.15110875880066948,0.8012529878443658,0
15,52.0,41.0,1,0,0.5628356524552833,0.8012529878443658,0
15,53.0,40.0,1,0,0.4226683866927557,0.8012529878443658,0
15,54.0,39.0,1,0,0.5145356390054655,0.8012529878443658,0
15,55.0,38.0,1,0,0.656551431964117,0.8012529878443658,0
15,56.0,37.0,1,0,0.5941354845760987,0.8012529878443658,0
15,57.0,36.0,1,0,0.43701148124015077,0.8012529878443658,0
15,58.0,35.0,1,0,0.5246096679715727,0.8012529878443658,0
15,59.0,34.0,1,0,0.47447167833771126,0.8012529878443658,0
15,60.0,33.0,1,0,0.6600718930481966,0.8012529878443658,0
15,61.0,32.0,1,0,0.6091459663628286,0.8012529878443658,0
15,62.0,31.0,1,0,0.7676252287569538,0.8012529878443658,0
15,63.0,30.0,1,0,0.6747663049197706,0.8012529878443658,0
15,64.0,29.0,1,0,0.7206438064790278,0.8012529878443658,0
15,65.0,28.0,1,0,0.8353151907242776,0.8012529878443658,1
15,66.0,27.0,1,0,0.7376575018250081,0.8012529878443658,0
15,67.0,26.0,1,0,0.8643553852564831,0.8012529878443658,1
15,68.0,25.0,1,0,0.8441865955572903,0.8012529878443658,1
15,69.0,24.0,1,0,0.7901100650667716,0.8012529878443658,0
15,70.0,23.0,1,0,0.8701224720019148,0.8012529878443658,1
15,71.0,22.0,1,0,0.9326610629131632,0.8012529878443658,1
15,72.0,21.0,1,0,0.7407645145393639,0.8012529878443658,0
15,73.0,20.0,1,1,0.7973735276021143,0.8012529878443658,0
15,74.0,19.0,1,1,0.8782599875399133,0.8012529878443658,1
15,75.0,18.0,1,1,0.8507628739057449,0.8012529878443658,1
15,76.0,17.0,1,1,0.9053958841408565,0.8012529878443658,1
15,77.0,16.0,1,1,0.9615278852957194,0.8012529878443658,1
15,78.0,15.0,1,1,0.837541516501159,0.8012529878443658,1
15,79.0,14.0,1,1,0.9467603368630294,0.8012529878443658,1
15,80.0,13.0,1,1,0.9349750415040855,0.8012529878443658,1
15,81.0,12.0,1,1,0.9181462112746666,0.8012529878443658,1
15,82.0,11.0,1,1,0.9458137960160516,0.8012529878443658,1
15,83.0,10.0,1,1,0.9450383983977868,0.8012529878443658,1
15,84.0,9.0,1,1,0.9464741707485512,0.8012529878443658,1
15,85.0,8.0,1,1,0.8818889698369508,0.8012529878443658,1
15,86.0,7.0,1,1,0.9696314172803502,0.8012529878443658,1
15,87.0,6.0,1,1,0.933372919231588,0.8012529878443658,1
15,88.0,5.0,1,1,0.9018405375486208,0.8012529878443658,1
15,89.0,4.0,1,1,0.946842550642548,0.8012529878443658,1
15,90.0,3.0,1,1,0.9499963101429609,0.8012529878443658,1
15,91.0,2.0,1,1,0.920226547089796,0.8012529878443658,1
15,92.0,1.0,1,1,0.9750535479208348,0.8012529878443658,1
15,93.0,0.0,1,1,0.8808611726414349,0.8012529878443658,1
16,1.0,62.0,2,0,0.024480314854520676,0.7912127720003883,0
16,2.0,61.0,2,0,0.010166741662776693,0.7912127720003883,0
16,3.0,60.0,2,0,0.011335000522901297,0.7912127720003883,0
16,4.0,59.0,2,0,0.0073280059062731705,0.7912127720003883,0
16,5.0,58.0,2,0,0.01783346497652326,0.7912127720003883,0
16,6.0,57.0,2,0,0.022712223209613268,0.7912127720003883,0
16,7.0,56.0,2,0,0.08702411054597643,0.7912127720003883,0
16,8.0,55.0,2,0,0.024594003640592516,0.7912127720003883,0
16,9.0,54.0,2,0,0.00882768161288487,0.7912127720003883,0
16,10.0,53.0,2,0,0.03809326398419639,0.7912127720003883,0
16,11.0,52.0,2,0,0.01783346497652326,0.7912127720003883,0
16,12.0,51.0,2,0,0.016537519206433048,0.7912127720003883,0
16,13.0,50.0,2,0,0.0024371558661679814,0.7912127720003883,0
16,14.0,49.0,2,0,0.010027459699444708,0.7912127720003883,0
16,15.0,48.0,2,0,0.08640110916314239,0.7912127720003883,0
16,16.0,47.0,2,0,0.004355541987804068,0.7912127720003883,0
16,17.0,46.0,2,0,0.021808048523383156,0.7912127720003883,0
16,18.0,45.0,2,0,0.009453469481638952,0.7912127720003883,0
16,19.0,44.0,2,0,0.04999366333159347,0.7912127720003883,0
16,20.0,43.0,2,0,0.009016258649340221,0.7912127720003883,0
16,21.0,42.0,2,0,0.010009479650312632,0.7912127720003883,0
16,22.0,41.0,2,0,0.027691543741198425,0.7912127720003883,0
16,23.0,40.0,2,0,0.08522749301323386,0.7912127720003883,0
16,24.0,39.0,2,0,0.020197869465557055,0.7912127720003883,0
16,25.0,38.0,2,0,0.009210123651473594,0.7912127720003883,0
16,26.0,37.0,2,0,0.02864793244843227,0.7912127720003883,0
16,27.0,36.0,2,0,0.007179050562379229,0.7912127720003883,0
16,28.0,35.0,2,0,0.020426962258710383,0.7912127720003883,0
16,29.0,34.0,2,0,0.05342469696747741,0.7912127720003883,0
16,30.0,33.0,2,0,0.05347895773909573,0.7912127720003883,0
16,31.0,32.0,2,0,0.17899268474971,0.7912127720003883,0
16,32.0,31.0,2,0,0.16861294074084118,0.7912127720003883,0
16,33.0,30.0,2,0,0.28417381794713814,0.7912127720003883,0
16,34.0,29.0,2,0,0.19312486498900294,0.7912127720003883,0
16,35.0,28.0,2,0,0.2852291989513361,0.7912127720003883,0
16,36.0,27.0,2,0,0.1277503358955714,0.7912127720003883,0
16,37.0,26.0,2,0,0.2986705886799664,0.7912127720003883,0
16,38.0,25.0,2,0,0.18969164944480132,0.7912127720003883,0
16,39.0,24.0,2,0,0.41832535173795155,0.7912127720003883,0
16,40.0,23.0,2,0,0.38641646150396053,0.7912127720003883,0
16,41.0,22.0,2,0,0.5812608897101784,0.7912127720003883,0
16,42.0,21.0,2,0,0.5340174056435807,0.7912127720003883,0
16,43.0,20.0,2,1,0.4915790310886737,0.7912127720003883,0
16,44.0,19.0,2,1,0.6095479121356433,0.7912127720003883,0
16,45.0,18.0,2,1,0.6355741954522512,0.7912127720003883,0
16,46.0,17.0,2,1,0.5644542382846784,0.7912127720003883,0
16,47.0,16.0,2,1,0.5946730347654103,0.7912127720003883,0
16,48.0,15.0,2,1,0.6156438830128395,0.7912127720003883,0
16,49.0,14.0,2,1,0.5432839429490138,0.7912127720003883,0
16,50.0,13.0,2,1,0.7439154738914796,0.7912127720003883,0
16,51.0,12.0,2,1,0.7425577160541316,0.7912127720003883,0
16,52.0,11.0,2,1,0.6130348047068128,0.7912127720003883,0
16,53.0,10.0,2,1,0.661814701548992,0.7912127720003883,0
16,54.0,9.0,2,1,0.8393286224822982,0.7912127720003883,1
16,55.0,8.0,2,1,0.7198390089436401,0.7912127720003883,0
16,56.0,7.0,2,1,0.5650472375402334,0.7912127720003883,0
16,57.0,6.0,2,1,0.8152654308087824,0.7912127720003883,1
16,58.0,5.0,2,1,0.5589026742651353,0.7912127720003883,0
16,59.0,4.0,2,1,0.7110012747435409,0.7912127720003883,0
16,60.0,3.0,2,1,0.8870136753340482,0.7912127720003883,1
16,61.0,2.0,2,1,0.6378717029921406,0.7912127720003883,0
16,62.0,1.0,2,1,0.8188576520944584,0.7912127720003883,1
16,63.0,0.0,2,1,0.899151889504655,0.7912127720003883,1
17,1.0,79.0,2,0,0.01389927468403857,0.7912127720003883,0
17,2.0,78.0,2,0,0.02827338783510279,0.7912127720003883,0
17,3.0,77.0,2,0,0.023785357544590734,0.7912127720003883,0
17,4.0,76.0,2,0,0.05192395285661194,0.7912127720003883,0
17,5.0,75.0,2,0,0.007560891738900827,0.7912127720003883,0
17,6.0,74.0,2,0,0.005897110450738718,0.7912127720003883,0
17,7.0,73.0,2,0,0.023408883977802684,0.7912127720003883,0
17,8.0,72.0,2,0,0.00470245027350674,0.7912127720003883,0
17,9.0,71.0,2,0,0.00694762527491199,0.7912127720003883,0
17,10.0,70.0,2,0,0.005234909891254974,0.7912127720003883,0
17,11.0,69.0,2,0,0.04409657638483008,0.7912127720003883,0
17,12.0,68.0,2,0,0.04348337859087123,0.7912127720003883,0
17,13.0,67.0,2,0,0.006390058139285907,0.7912127720003883,0
17,14.0,66.0,2,0,0.007776865093737699,0.7912127720003883,0
17,15.0,65.0,2,0,0.00356557385133395,0.7912127720003883,0
17,16.0,64.0,2,0,0.006271458572544675,0.7912127720003883,0
17,17.0,63.0,2,0,0.007746613700063854,0.7912127720003883,0
17,18.0,62.0,2,0,0.015792064816745447,0.7912127720003883,0
17,19.0,61.0,2,0,0.00662002040925712,0.7912127720003883,0
17,20.0,60.0,2,0,0.006832359794244584,0.7912127720003883,0
17,21.0,59.0,2,0,0.006543951172561997,0.7912127720003883,0
17,22.0,58.0,2,0,0.004249366489305444,0.7912127720003883,0
17,23.0,57.0,2,0,0.007282887230822202,0.7912127720003883,0
17,24.0,56.0,2,0,0.006468557643099114,0.7912127720003883,0
17,25.0,55.0,2,0,0.05817751165250658,0.7912127720003883,0
17,26.0,54.0,2,0,0.008043555642641882,0.7912127720003883,0
17,27.0,53.0,2,0,0.005711538936580014,0.7912127720003883,0
17,28.0,52.0,2,0,0.010827840944205957,0.7912127720003883,0
17,29.0,51.0,2,0,0.0069777023224814085,0.7912127720003883,0
17,30.0,50.0,2,0,0.06321554873604367,0.7912127720003883,0
17,31.0,49.0,2,0,0.03754672446530192,0.7912127720003883,0
17,32.0,48.0,2,0,0.008826570905056588,0.7912127720003883,0
17,33.0,47.0,2,0,0.014042334847051096,0.7912127720003883,0
17,34.0,46.0,2,0,0.09691782726645136,0.7912127720003883,0
17,35.0,45.0,2,0,0.1798078958591567,0.7912127720003883,0
17,36.0,44.0,2,0,0.07508807931423515,0.7912127720003883,0
17,37.0,43.0,2,0,0.3702933391652097,0.7912127720003883,0
17,38.0,42.0,2,0,0.294764897094791,0.7912127720003883,0
17,39.0,41.0,2,0,0.3003630677513659,0.7912127720003883,0
17,40.0,40.0,2,0,0.35634007733504897,0.7912127720003883,0
17,41.0,39.0,2,0,0.4190623212181023,0.7912127720003883,0
17,42.0,38.0,2,0,0.44080080853029713,0.7912127720003883,0
17,43.0,37.0,2,0,0.15910364540128277,0.7912127720003883,0
17,44.0,36.0,2,0,0.6311615701606622,0.7912127720003883,0
17,45.0,35.0,2,0,0.5549283510517273,0.7912127720003883,0
17,46.0,34.0,2,0,0.6966402565568872,0.7912127720003883,0
17,47.0,33.0,2,0,0.6941987873081831,0.7912127720003883,0
17,48.0,32.0,2,0,0.6693562734683121,0.7912127720003883,0
17,49.0,31.0,2,0,0.44654356031866693,0.7912127720003883,0
17,50.0,30.0,2,0,0.8456961038395829,0.7912127720003883,1
17,51.0,29.0,2,0,0.700245923205979,0.7912127720003883,0
17,52.0,28.0,2,0,0.7128272824048469,0.7912127720003883,0
17,53.0,27.0,2,0,0.5406627530637101,0.7912127720003883,0
17,54.0,26.0,2,0,0.5139663742474562,0.7912127720003883,0
17,55.0,25.0,2,0,0.8004326259171773,0.7912127720003883,1
17,56.0,24.0,2,0,0.6974397136667625,0.7912127720003883,0
17,57.0,23.0,2,0,0.7682142733232594,0.7912127720003883,0
17,58.0,22.0,2,0,0.7828480123282591,0.7912127720003883,0
17,59.0,21.0,2,0,0.6800920157636624,0.7912127720003883,0
17,60.0,20.0,2,1,0.8979356331883214,0.7912127720003883,1
17,61.0,19.0,2,1,0.83943298128454,0.7912127720003883,1
17,62.0,18.0,2,1,0.8080357795634312,0.7912127720003883,1
17,63.0,17.0,2,1,0.6797687045404815,0.7912127720003883,0
17,64.0,16.0,2,1,0.7757624976911507,0.7912127720003883,0
17,65.0,15.0,2,1,0.8035034878471526,0.7912127720003883,1
17,66.0,14.0,2,1,0.7842724608397801,0.7912127720003883,0
17,67.0,13.0,2,1,0.8418049480392665,0.7912127720003883,1
17,68.0,12.0,2,1,0.8175055456506539,0.7912127720003883,1
17,69.0,11.0,2,1,0.9487376586311738,0.7912127720003883,1
17,70.0,10.0,2,1,0.8528143454947456,0.7912127720003883,1
17,71.0,9.0,2,1,0.9249822975257449,0.7912127720003883,1
17,72.0,8.0,2,1,0.8303242012607376,0.7912127720003883,1
17,73.0,7.0,2,1,0.8297573801041179,0.7912127720003883,1
17,74.0,6.0,2,1,0.7701104108526611,0.7912127720003883,0
17,75.0,5.0,2,1,0.7411629187215921,0.7912127720003883,0
17,76.0,4.0,2,1,0.9282788166547551,0.7912127720003883,1
17,77.0,3.0,2,1,0.8257938478524247,0.7912127720003883,1
17,78.0,2.0,2,1,0.8572495674390102,0.7912127720003883,1
17,79.0,1.0,2,1,0.8023552310878717,0.7912127720003883,1
17,80.0,0.0,2,1,0.8968289061457518,0.7912127720003883,1
18,1.0,70.0,5,0,0.004440916386325941,0.7886728961484951,0
18,2.0,69.0,5,0,0.004881430827378914,0.7886728961484951,0
18,3.0,68.0,5,0,0.01235442356697826,0.7886728961484951,0
18,4.0,67.0,5,0,0.002308453277087968,0.7886728961484951,0
18,5.0,66.0,5,0,0.0070766713006859315,0.7886728961484951,0
18,6.0,65.0,5,0,0.03288421203343056,0.7886728961484951,0
18,7.0,64.0,5,0,0.09603357198812669,0.7886728961484951,0
18,8.0,63.0,5,0,0.001207709498931959,0.7886728961484951,0
18,9.0,62.0,5,0,0.0032655672002611233,0.7886728961484951,0
18,10.0,61.0,5,0,0.007756551293452024,0.7886728961484951,0
18,11.0,60.0,5,0,0.03628783663558127,0.7886728961484951,0
18,12.0,59.0,5,0,0.011797217867777422,0.7886728961484951,0
18,13.0,58.0,5,0,0.011360087535304363,0.7886728961484951,0
18,14.0,57.0,5,0,0.11723553874762423,0.7886728961484951,0
18,15.0,56.0,5,0,0.004440916386325941,0.7886728961484951,0
18,16.0,55.0,5,0,0.00833343769593292,0.7886728961484951,0
18,17.0,54.0,5,0,0.015340427142539827,0.7886728961484951,0
18,18.0,53.0,5,0,0.021797333907836225,0.7886728961484951,0
18,19.0,52.0,5,0,0.12064172790770332,0.7886728961484951,0
18,20.0,51.0,5,0,0.011670185323561627,0.7886728961484951,0
18,21.0,50.0,5,0,0.030738820017146718,0.7886728961484951,0
18,22.0,49.0,5,0,0.02639397124659868,0.7886728961484951,0
18,23.0,48.0,5,0,0.01846879125146643,0.7886728961484951,0
18,24.0,47.0,5,0,0.03540222975780625,0.7886728961484951,0
18,25.0,46.0,5,0,0.005982946392830863,0.7886728961484951,0
18,26.0,45.0,5,0,0.04460448717349062,0.7886728961484951,0
18,27.0,44.0,5,0,0.12011696328410015,0.7886728961484951,0
18,28.0,43.0,5,0,0.011360087535304363,0.7886728961484951,0
18,29.0,42.0,5,0,0.006297240269718696,0.7886728961484951,0
18,30.0,41.0,5,0,0.1711145003241327,0.7886728961484951,0
18,31.0,40.0,5,0,0.22669599309731558,0.7886728961484951,0
18,32.0,39.0,5,0,0.24897960983157202,0.7886728961484951,0
18,33.0,38.0,5,0,0.268074059547584,0.7886728961484951,0
18,34.0,37.0,5,0,0.18320037718262366,0.7886728961484951,0
18,35.0,36.0,5,0,0.09283629390712045,0.7886728961484951,0
18,36.0,35.0,5,0,0.4798801225439907,0.7886728961484951,0
18,37.0,34.0,5,0,0.14666198629585175,0.7886728961484951,0
18,38.0,33.0,5,0,0.33000289468756555,0.7886728961484951,0
18,39.0,32.0,5,0,0.3521901948782772,0.7886728961484951,0
18,40.0,31.0,5,0,0.1416938139817755,0.7886728961484951,0
18,41.0,30.0,5,0,0.5480483386617118,0.7886728961484951,0
18,42.0,29.0,5,0,0.5038293178618827,0.7886728961484951,0
18,43.0,28.0,5,0,0.7452088944823385,0.7886728961484951,0
18,44.0,27.0,5,0,0.6084925882652931,0.7886728961484951,0
18,45.0,26.0,5,0,0.6299488753851157,0.7886728961484951,0
18,46.0,25.0,5,0,0.6003644278402376,0.7886728961484951,0
18,47.0,24.0,5,0,0.5176480071960518,0.7886728961484951,0
18,48.0,23.0,5,0,0.7215672799261643,0.7886728961484951,0
18,49.0,22.0,5,0,0.6063238826840355,0.7886728961484951,0
18,50.0,21.0,5,0,0.4458123919077684,0.7886728961484951,0
18,51.0,20.0,5,1,0.6773327739100239,0.7886728961484951,0
18,52.0,19.0,5,1,0.7686402010396955,0.7886728961484951,0
18,53.0,18.0,5,1,0.6375959271458997,0.7886728961484951,0
18,54.0,17.0,5,1,0.9337778435718038,0.7886728961484951,1
18,55.0,16.0,5,1,0.7873162930347067,0.7886728961484951,0
18,56.0,15.0,5,1,0.7636549857621978,0.7886728961484951,0
18,57.0,14.0,5,1,0.791682798598869,0.7886728961484951,1
18,58.0,13.0,5,1,0.8437747554721922,0.7886728961484951,1
18,59.0,12.0,5,1,0.6817298581197309,0.7886728961484951,0
18,60.0,11.0,5,1,0.9036264002010198,0.7886728961484951,1
18,61.0,10.0,5,1,0.7897028776470099,0.7886728961484951,1
18,62.0,9.0,5,1,0.8045582922665759,0.7886728961484951,1
18,63.0,8.0,5,1,0.943934685821302,0.7886728961484951,1
18,64.0,7.0,5,1,0.8637819146776753,0.7886728961484951,1
18,65.0,6.0,5,1,0.8925878554362886,0.7886728961484951,1
18,66.0,5.0,5,1,0.8568782140636877,0.7886728961484951,1
18,67.0,4.0,5,1,0.8152449325194159,0.7886728961484951,1
18,68.0,3.0,5,1,0.8810645767365718,0.7886728961484951,1
18,69.0,2.0,5,1,0.9757924230432914,0.7886728961484951,1
18,70.0,1.0,5,1,0.8487294079013972,0.7886728961484951,1
18,71.0,0.0,5,1,0.8679614720361999,0.7886728961484951,1
19,1.0,83.0,3,0,0.005017722304086096,0.7899421635739077,0
19,2.0,82.0,3,0,0.002699247009090714,0.7899421635739077,0
19,3.0,81.0,3,0,0.019242808663505778,0.7899421635739077,0
19,4.0,80.0,3,0,0.002417809883342211,0.7899421635739077,0
19,5.0,79.0,3,0,0.009930510544371203,0.7899421635739077,0
19,6.0,78.0,3,0,0.006821382019651485,0.7899421635739077,0
19,7.0,77.0,3,0,0.009144245294083963,0.7899421635739077,0
19,8.0,76.0,3,0,0.003576367371877541,0.7899421635739077,0
19,9.0,75.0,3,0,0.013407058666461876,0.7899421635739077,0
19,10.0,74.0,3,0,0.0004914208733733182,0.7899421635739077,0
19,11.0,73.0,3,0,0.007569655999652758,0.7899421635739077,0
19,12.0,72.0,3,0,0.0048643775144128175,0.7899421635739077,0
19,13.0,71.0,3,0,0.0051047400031010845,0.7899421635739077,0
19,14.0,70.0,3,0,0.007903504746407681,0.7899421635739077,0
19,15.0,69.0,3,0,0.002060634675317338,0.7899421635739077,0
19,16.0,68.0,3,0,0.005730253311537988,0.7899421635739077,0
19,17.0,67.0,3,0,0.0023573607190776474,0.7899421635739077,0
19,18.0,66.0,3,0,0.005651752756447383,0.7899421635739077,0
19,19.0,65.0,3,0,0.006192073977168076,0.7899421635739077,0
19,20.0,64.0,3,0,0.0022360117218551906,0.7899421635739077,0
19,21.0,63.0,3,0,0.0004914208733733182,0.7899421635739077,0
19,22.0,62.0,3,0,0.002456852679157422,0.7899421635739077,0
19,23.0,61.0,3,0,0.005841427612841395,0.7899421635739077,0
19,24.0,60.0,3,0,0.003600819616670312,0.7899421635739077,0
19,25.0,59.0,3,0,0.005364832363171043,0.7899421635739077,0
19,26.0,58.0,3,0,0.017030006530058553,0.7899421635739077,0
19,27.0,57.0,3,0,0.005636355354942957,0.7899421635739077,0
19,28.0,56.0,3,0,0.0023573607190776474,0.7899421635739077,0
19,29.0,55.0,3,0,0.024066986545609667,0.7899421635739077,0
19,30.0,54.0,3,0,0.030213386186462337,0.7899421635739077,0
19,31.0,53.0,3,0,0.011349136004683453,0.7899421635739077,0
19,32.0,52.0,3,0,0.0166049312034095,0.7899421635739077,0
19,33.0,51.0,3,0,0.006777372141028809,0.7899421635739077,0
19,34.0,50.0,3,0,0.003350685910242684,0.7899421635739077,0
19,35.0,49.0,3,0,0.002703587553032529,0.7899421635739077,0
19,36.0,48.0,3,0,0.005093369891554652,0.7899421635739077,0
19,37.0,47.0,3,0,0.006224100279906441,0.7899421635739077,0
19,38.0,46.0,3,0,0.005907470776519733,0.7899421635739077,0
19,39.0,45.0,3,0,0.04630364590240917,0.7899421635739077,0
19,40.0,44.0,3,0,0.010702820263604031,0.7899421635739077,0
19,41.0,43.0,3,0,0.04264027139675322,0.7899421635739077,0
19,42.0,42.0,3,0,0.027899091065154105,0.7899421635739077,0
19,43.0,41.0,3,0,0.03906480783504102,0.7899421635739077,0
19,44.0,40.0,3,0,0.024797612321604837,0.7899421635739077,0
19,45.0,39.0,3,0,0.0720498891511548,0.7899421635739077,0
19,46.0,38.0,3,0,0.03723409066658996,0.7899421635739077,0
19,47.0,37.0,3,0,0.019741225926273143,0.7899421635739077,0
19,48.0,36.0,3,0,0.0808634156605218,0.7899421635739077,0
19,49.0,35.0,3,0,0.09867451496109396,0.7899421635739077,0
19,50.0,34.0,3,0,0.05716990679156247,0.7899421635739077,0
19,51.0,33.0,3,0,0.05113751251128576,0.7899421635739077,0
19,52.0,32.0,3,0,0.10955083820399597,0.7899421635739077,0
19,53.0,31.0,3,0,0.17657819961157228,0.7899421635739077,0
19,54.0,30.0,3,0,0.2628990962455654,0.7899421635739077,0
19,55.0,29.0,3,0,0.32077488760930023,0.7899421635739077,0
19,56.0,28.0,3,0,0.25135675936707447,0.7899421635739077,0
19,57.0,27.0,3,0,0.33662665104297174,0.7899421635739077,0
19,58.0,26.0,3,0,0.38250158777906473,0.7899421635739077,0
19,59.0,25.0,3,0,0.5389793414676554,0.7899421635739077,0
19,60.0,24.0,3,0,0.6523172562939493,0.7899421635739077,0
19,61.0,23.0,3,0,0.3170765861411751,0.7899421635739077,0
19,62.0,22.0,3,0,0.4760674571198822,0.7899421635739077,0
19,63.0,21.0,3,0,0.323898828538991,0.7899421635739077,0
19,64.0,20.0,3,1,0.5258736697700207,0.7899421635739077,0
19,65.0,19.0,3,1,0.3823046624259249,0.7899421635739077,0
19,66.0,18.0,3,1,0.5305336973138907,0.7899421635739077,0
19,67.0,17.0,3,1,0.6115220757469072,0.7899421635739077,0
19,68.0,16.0,3,1,0.40579469209514935,0.7899421635739077,0
19,69.0,15.0,3,1,0.3490592107773312,0.7899421635739077,0
19,70.0,14.0,3,1,0.8034120769627703,0.7899421635739077,1
19,71.0,13.0,3,1,0.9078794477357947,0.7899421635739077,1
19,72.0,12.0,3,1,0.8831956530787239,0.7899421635739077,1
19,73.0,11.0,3,1,0.7523711032081578,0.7899421635739077,0
19,74.0,10.0,3,1,0.9199200560803481,0.7899421635739077,1
19,75.0,9.0,3,1,0.8580102090107092,0.7899421635739077,1
19,76.0,8.0,3,1,0.8685200567859754,0.7899421635739077,1
19,77.0,7.0,3,1,0.9277671969960632,0.7899421635739077,1
19,78.0,6.0,3,1,0.926334518056574,0.7899421635739077,1
19,79.0,5.0,3,1,0.9272061986249398,0.7899421635739077,1
19,80.0,4.0,3,1,0.9712070279529942,0.7899421635739077,1
19,81.0,3.0,3,1,0.9532572187953712,0.7899421635739077,1
19,82.0,2.0,3,1,0.9710311198604815,0.7899421635739077,1
19,83.0,1.0,3,1,0.9695153387906968,0.7899421635739077,1
19,84.0,0.0,3,1,0.9456491104589668,0.7899421635739077,1
20,1.0,65.0,1,0,0.007919044382207543,0.8012529878443658,0
20,2.0,64.0,1,0,0.01650890582597179,0.8012529878443658,0
20,3.0,63.0,1,0,0.023637805638176666,0.8012529878443658,0
20,4.0,62.0,1,0,0.009819785659319605,0.8012529878443658,0
20,5.0,61.0,1,0,0.028772723863827055,0.8012529878443658,0
20,6.0,60.0,1,0,0.009557587413080012,0.8012529878443658,0
20,7.0,59.0,1,0,0.01160869214618795,0.8012529878443658,0
20,8.0,58.0,1,0,0.08254534694600614,0.8012529878443658,0
20,9.0,57.0,1,0,0.033913514976480985,0.8012529878443658,0
20,10.0,56.0,1,0,0.008492164413975104,0.8012529878443658,0
20,11.0,55.0,1,0,0.03349714779833345,0.8012529878443658,0
20,12.0,54.0,1,0,0.00989693618138549,0.8012529878443658,0
20,13.0,53.0,1,0,0.014084954034552928,0.8012529878443658,0
20,14.0,52.0,1,0,0.011913625684200945,0.8012529878443658,0
20,15.0,51.0,1,0,0.010763081402420082,0.8012529878443658,0
20,16.0,50.0,1,0,0.0196366134511174,0.8012529878443658,0
20,17.0,49.0,1,0,0.012115558642920124,0.8012529878443658,0
20,18.0,48.0,1,0,0.025386471362791378,0.8012529878443658,0
20,19.0,47.0,1,0,0.027322826842065925,0.8012529878443658,0
20,20.0,46.0,1,0,0.016546156295721735,0.8012529878443658,0
20,21.0,45.0,1,0,0.013715062168152317,0.8012529878443658,0
20,22.0,44.0,1,0,0.015032366603556979,0.8012529878443658,0
20,23.0,43.0,1,0,0.03609434569736579,0.8012529878443658,0
20,24.0,42.0,1,0,0.005071101877785541,0.8012529878443658,0
20,25.0,41.0,1,0,0.010079356396645837,0.8012529878443658,0
20,26.0,40.0,1,0,0.010763081402420082,0.8012529878443658,0
20,27.0,39.0,1,0,0.005415597751269037,0.8012529878443658,0
20,28.0,38.0,1,0,0.03993226623683834,0.8012529878443658,0
20,29.0,37.0,1,0,0.011610614974547176,0.8012529878443658,0
20,30.0,36.0,1,0,0.12486288516240432,0.8012529878443658,0
20,31.0,35.0,1,0,0.4086080681840544,0.8012529878443658,0
20,32.0,34.0,1,0,0.24793639023734293,0.8012529878443658,0
20,33.0,33.0,1,0,0.017425766800538096,0.8012529878443658,0
20,34.0,32.0,1,0,0.4813995608028963,0.8012529878443658,0
20,35.0,31.0,1,0,0.29323278275918757,0.8012529878443658,0
20,36.0,30.0,1,0,0.35499739948845893,0.8012529878443658,0
20,37.0,29.0,1,0,0.03088799211870141,0.8012529878443658,0
20,38.0,28.0,1,0,0.21762005041351912,0.8012529878443658,0
20,39.0,27.0,1,0,0.2825142748216871,0.8012529878443658,0
20,40.0,26.0,1,0,0.6786093065838145,0.8012529878443658,0
20,41.0,25.0,1,0,0.6469488661030154,0.8012529878443658,0
20,42.0,24.0,1,0,0.5432816263999923,0.8012529878443658,0
20,43.0,23.0,1,0,0.6319959340764627,0.8012529878443658,0
20,44.0,22.0,1,0,0.5523385052571539,0.8012529878443658,0
20,45.0,21.0,1,0,0.6035349722705642,0.8012529878443658,0
20,46.0,20.0,1,1,0.63936950381139,0.8012529878443658,0
20,47.0,19.0,1,1,0.7035155249132964,0.8012529878443658,0
20,48.0,18.0,1,1,0.5724241814383643,0.8012529878443658,0
20,49.0,17.0,1,1,0.6679500522488621,0.8012529878443658,0
20,50.0,16.0,1,1,0.5491350115778743,0.8012529878443658,0
20,51.0,15.0,1,1,0.7951858334977585,0.8012529878443658,0
20,52.0,14.0,1,1,0.8628366592096243,0.8012529878443658,1
20,53.0,13.0,1,1,0.9235863122892022,0.8012529878443658,1
20,54.0,12.0,1,1,0.7843488728054885,0.8012529878443658,0
20,55.0,11.0,1,1,0.7097458306420628,0.8012529878443658,0
20,56.0,10.0,1,1,0.6319138309282302,0.8012529878443658,0
20,57.0,9.0,1,1,0.8641710195887312,0.8012529878443658,1
20,58.0,8.0,1,1,0.8433028778005298,0.8012529878443658,1
20,59.0,7.0,1,1,0.9277630890624045,0.8012529878443658,1
20,60.0,6.0,1,1,0.9197327621517941,0.8012529878443658,1
20,61.0,5.0,1,1,0.7666994134284172,0.8012529878443658,0
20,62.0,4.0,1,1,0.7610912684426844,0.8012529878443658,0
20,63.0,3.0,1,1,0.6807993043674245,0.8012529878443658,0
20,64.0,2.0,1,1,0.7375497790112473,0.8012529878443658,0
20,65.0,1.0,1,1,0.879367680562956,0.8012529878443658,1
20,66.0,0.0,1,1,0.8223133065288688,0.8012529878443658,1
21,1.0,58.0,4,0,0.010218135131299596,0.7767036600253301,0
21,2.0,57.0,4,0,0.10470153239780555,0.7767036600253301,0
21,3.0,56.0,4,0,0.011134579468797513,0.7767036600253301,0
21,4.0,55.0,4,0,0.017991590057479016,0.7767036600253301,0
21,5.0,54.0,4,0,0.014319643774265072,0.7767036600253301,0
21,6.0,53.0,4,0,0.03190291270018322,0.7767036600253301,0
21,7.0,52.0,4,0,0.011997006897372924,0.7767036600253301,0
21,8.0,51.0,4,0,0.026504423061360954,0.7767036600253301,0
21,9.0,50.0,4,0,0.010578119516206406,0.7767036600253301,0
21,10.0,49.0,4,0,0.012205308652383706,0.7767036600253301,0
21,11.0,48.0,4,0,0.0076098302001087175,0.7767036600253301,0
21,12.0,47.0,4,0,0.03395464091165948,0.7767036600253301,0
21,13.0,46.0,4,0,0.010190790736797909,0.7767036600253301,0
21,14.0,45.0,4,0,0.012621270261434198,0.7767036600253301,0
21,15.0,44.0,4,0,0.021573075276859355,0.7767036600253301,0
21,16.0,43.0,4,0,0.013928910719929112,0.7767036600253301,0
21,17.0,42.0,4,0,0.00813834523041474,0.7767036600253301,0
21,18.0,41.0,4,0,0.02140614561513942,0.7767036600253301,0
21,19.0,40.0,4,0,0.01348974762471122,0.7767036600253301,0
21,20.0,39.0,4,0,0.01964945841478586,0.7767036600253301,0
21,21.0,38.0,4,0,0.026103412550170603,0.7767036600253301,0
21,22.0,37.0,4,0,0.003700279266451901,0.7767036600253301,0
21,23.0,36.0,4,0,0.011997006897372924,0.7767036600253301,0
21,24.0,35.0,4,0,0.06440983549909299,0.7767036600253301,0
21,25.0,34.0,4,0,0.011565534822118376,0.7767036600253301,0
21,26.0,33.0,4,0,0.11478094696307058,0.7767036600253301,0
21,27.0,32.0,4,0,0.007122745452739166,0.7767036600253301,0
21,28.0,31.0,4,0,0.01610156949142247,0.7767036600253301,0
21,29.0,30.0,4,0,0.012229442273703825,0.7767036600253301,0
21,30.0,29.0,4,0,0.011842299812843944,0.7767036600253301,0
21,31.0,28.0,4,0,0.24413400577154135,0.7767036600253301,0
21,32.0,27.0,4,0,0.11838851489129625,0.7767036600253301,0
21,33.0,26.0,4,0,0.02685881443913252,0.7767036600253301,0
21,34.0,25.0,4,0,0.404662236176433,0.7767036600253301,0
21,35.0,24.0,4,0,0.08185822220306037,0.7767036600253301,0
21,36.0,23.0,4,0,0.47592704675853914,0.7767036600253301,0
21,37.0,22.0,4,0,0.15972444385495993,0.7767036600253301,0
21,38.0,21.0,4,0,0.20116202111651954,0.7767036600253301,0
21,39.0,20.0,4,1,0.34268136792919857,0.7767036600253301,0
21,40.0,19.0,4,1,0.3505763790544058,0.7767036600253301,0
21,41.0,18.0,4,1,0.24096880467285697,0.7767036600253301,0
21,42.0,17.0,4,1,0.355059479632477,0.7767036600253301,0
21,43.0,16.0,4,1,0.6118691346511396,0.7767036600253301,0
21,44.0,15.0,4,1,0.643237285738014,0.7767036600253301,0
21,45.0,14.0,4,1,0.47033664468158487,0.7767036600253301,0
21,46.0,13.0,4,1,0.516317993012593,0.7767036600253301,0
21,47.0,12.0,4,1,0.5693772521053225,0.7767036600253301,0
21,48.0,11.0,4,1,0.599420330604487,0.7767036600253301,0
21,49.0,10.0,4,1,0.5235133307393092,0.7767036600253301,0
21,50.0,9.0,4,1,0.5780324203221356,0.7767036600253301,0
21,51.0,8.0,4,1,0.6727688230761624,0.7767036600253301,0
21,52.0,7.0,4,1,0.5661298143882156,0.7767036600253301,0
21,53.0,6.0,4,1,0.7966307853895642,0.7767036600253301,1
21,54.0,5.0,4,1,0.6867314122870692,0.7767036600253301,0
21,55.0,4.0,4,1,0.8595349520199904,0.7767036600253301,1
21,56.0,3.0,4,1,0.6743866477842846,0.7767036600253301,0
21,57.0,2.0,4,1,0.7926176185723253,0.7767036600253301,1
21,58.0,1.0,4,1,0.8674591834758951,0.7767036600253301,1
21,59.0,0.0,4,1,0.8002087695533965,0.7767036600253301,1
22,1.0,92.0,2,0,0.003469219436228897,0.7912127720003883,0
22,2.0,91.0,2,0,0.006458736716885569,0.7912127720003883,0
22,3.0,90.0,2,0,0.014624544829061326,0.7912127720003883,0
22,4.0,89.0,2,0,0.004729180731345507,0.7912127720003883,0
22,5.0,88.0,2,0,0.005832977421230647,0.7912127720003883,0
22,6.0,87.0,2,0,0.006078830590000548,0.7912127720003883,0
22,7.0,86.0,2,0,0.030075077955709913,0.7912127720003883,0
22,8.0,85.0,2,0,0.007831404732406014,0.7912127720003883,0
22,9.0,84.0,2,0,0.015968524787064807,0.7912127720003883,0
22,10.0,83.0,2,0,0.010141515923064066,0.7912127720003883,0
22,11.0,82.0,2,0,0.0037725406425487026,0.7912127720003883,0
22,12.0,81.0,2,0,0.0021523131548403357,0.7912127720003883,0
22,13.0,80.0,2,0,0.0289357853485602,0.7912127720003883,0
22,14.0,79.0,2,0,0.02267562190813211,0.7912127720003883,0
22,15.0,78.0,2,0,0.004398208033288986,0.7912127720003883,0
22,16.0,77.0,2,0,0.003175927704559631,0.7912127720003883,0
22,17.0,76.0,2,0,0.008712146144321422,0.7912127720003883,0
22,18.0,75.0,2,0,0.0037725406425487026,0.7912127720003883,0
22,19.0,74.0,2,0,0.0032502168215207267,0.7912127720003883,0
22,20.0,73.0,2,0,0.017107603734193316,0.7912127720003883,0
22,21.0,72.0,2,0,0.004601155097531758,0.7912127720003883,0
22,22.0,71.0,2,0,0.003227785130791697,0.7912127720003883,0
22,23.0,70.0,2,0,0.015091576121649741,0.7912127720003883,0
22,24.0,69.0,2,0,0.007513380232338214,0.7912127720003883,0
22,25.0,68.0,2,0,0.0024311090162884544,0.7912127720003883,0
22,26.0,67.0,2,0,0.016070878195869505,0.7912127720003883,0
22,27.0,66.0,2,0,0.023942400331323554,0.7912127720003883,0
22,28.0,65.0,2,0,0.01049708225450674,0.7912127720003883,0
22,29.0,64.0,2,0,0.02267562190813211,0.7912127720003883,0
22,30.0,63.0,2,0,0.025294210457508882,0.7912127720003883,0
22,31.0,62.0,2,0,0.011630163649273167,0.7912127720003883,0
22,32.0,61.0,2,0,0.010013448061401965,0.7912127720003883,0
22,33.0,60.0,2,0,0.004130712567915085,0.7912127720003883,0
22,34.0,59.0,2,0,0.0054663491181159195,0.7912127720003883,0
22,35.0,58.0,2,0,0.007748048744990668,0.7912127720003883,0
22,36.0,57.0,2,0,0.031518736597120636,0.7912127720003883,0
22,37.0,56.0,2,0,0.004997828022293618,0.7912127720003883,0
22,38.0,55.0,2,0,0.007255831348918839,0.7912127720003883,0
22,39.0,54.0,2,0,0.02592021745190451,0.7912127720003883,0
22,40.0,53.0,2,0,0.007549755827379165,0.7912127720003883,0
22,41.0,52.0,2,0,0.018678050206471366,0.7912127720003883,0
22,42.0,51.0,2,0,0.006553992308556183,0.7912127720003883,0
22,43.0,50.0,2,0,0.021039575896288375,0.7912127720003883,0
22,44.0,49.0,2,0,0.022086714657659292,0.7912127720003883,0
22,45.0,48.0,2,0,0.07081237127563111,0.7912127720003883,0
22,46.0,47.0,2,0,0.02093060745847458,0.7912127720003883,0
22,47.0,46.0,2,0,0.11413456566361908,0.7912127720003883,0
22,48.0,45.0,2,0,0.09848141323862711,0.7912127720003883,0
22,49.0,44.0,2,0,0.038407886465866965,0.7912127720003883,0
22,50.0,43.0,2,0,0.15021411895970507,0.7912127720003883,0
22,51.0,42.0,2,0,0.0645013021744489,0.7912127720003883,0
22,52.0,41.0,2,0,0.3729690436088136,0.7912127720003883,0
22,53.0,40.0,2,0,0.18831440900427762,0.7912127720003883,0
22,54.0,39.0,2,0,0.2293133346474378,0.7912127720003883,0
22,55.0,38.0,2,0,0.18316025586296591,0.7912127720003883,0
22,56.0,37.0,2,0,0.42759560547406184,0.7912127720003883,0
22,57.0,36.0,2,0,0.22106141423117864,0.7912127720003883,0
22,58.0,35.0,2,0,0.23950405500154287,0.7912127720003883,0
22,59.0,34.0,2,0,0.190595833865962,0.7912127720003883,0
22,60.0,33.0,2,0,0.38958614365460764,0.7912127720003883,0
22,61.0,32.0,2,0,0.4378860624732379,0.7912127720003883,0
22,62.0,31.0,2,0,0.600014179028466,0.7912127720003883,0
22,63.0,30.0,2,0,0.5929690162212006,0.7912127720003883,0
22,64.0,29.0,2,0,0.6724307097655328,0.7912127720003883,0
22,65.0,28.0,2,0,0.6980329378227144,0.7912127720003883,0
22,66.0,27.0,2,0,0.6527621753738568,0.7912127720003883,0
22,67.0,26.0,2,0,0.4385150627072518,0.7912127720003883,0
22,68.0,25.0,2,0,0.9046638029116604,0.7912127720003883,1
22,69.0,24.0,2,0,0.779146894118152,0.7912127720003883,0
22,70.0,23.0,2,0,0.9156490161336248,0.7912127720003883,1
22,71.0,22.0,2,0,0.9091276955081036,0.7912127720003883,1
22,72.0,21.0,2,0,0.900927097608533,0.7912127720003883,1
22,73.0,20.0,2,1,0.8197395609381751,0.7912127720003883,1
22,74.0,19.0,2,1,0.8388027300616014,0.7912127720003883,1
22,75.0,18.0,2,1,0.6055898452728365,0.7912127720003883,0
22,76.0,17.0,2,1,0.8998771620616661,0.7912127720003883,1
22,77.0,16.0,2,1,0.9523531793998433,0.7912127720003883,1
22,78.0,15.0,2,1,0.8445062514472084,0.7912127720003883,1
22,79.0,14.0,2,1,0.9085938596927791,0.7912127720003883,1
22,80.0,13.0,2,1,0.8484992533124281,0.7912127720003883,1
22,81.0,12.0,2,1,0.9746254744260712,0.7912127720003883,1
22,82.0,11.0,2,1,0.8575435816438418,0.7912127720003883,1
22,83.0,10.0,2,1,0.7563473838148053,0.7912127720003883,0
22,84.0,9.0,2,1,0.9071160902985769,0.7912127720003883,1
22,85.0,8.0,2,1,0.9578646763072319,0.7912127720003883,1
22,86.0,7.0,2,1,0.9703790798557199,0.7912127720003883,1
22,87.0,6.0,2,1,0.8505661783857903,0.7912127720003883,1
22,88.0,5.0,2,1,0.9747215987683098,0.7912127720003883,1
22,89.0,4.0,2,1,0.7424631431713793,0.7912127720003883,0
22,90.0,3.0,2,1,0.8831527936895152,0.7912127720003883,1
22,91.0,2.0,2,1,0.926493866748247,0.7912127720003883,1
22,92.0,1.0,2,1,0.9449802958222797,0.7912127720003883,1
22,93.0,0.0,2,1,0.8715700918633567,0.7912127720003883,1
23,1.0,76.0,5,0,0.010150250928853976,0.7886728961484951,0
23,2.0,75.0,5,0,0.006162887704101836,0.7886728961484951,0
23,3.0,74.0,5,0,0.005567509243016737,0.7886728961484951,0
23,4.0,73.0,5,0,0.008237431286727282,0.7886728961484951,0
23,5.0,72.0,5,0,0.011088086768124552,0.7886728961484951,0
23,6.0,71.0,5,0,0.008544657737921272,0.7886728961484951,0
23,7.0,70.0,5,0,0.045819463086046106,0.7886728961484951,0
23,8.0,69.0,5,0,0.003963023424657743,0.7886728961484951,0
23,9.0,68.0,5,0,0.01514520299272936,0.7886728961484951,0
23,10.0,67.0,5,0,0.010553668734925145,0.7886728961484951,0
23,11.0,66.0,5,0,0.012641567441851203,0.7886728961484951,0
23,12.0,65.0,5,0,0.00800716708391814,0.7886728961484951,0
23,13.0,64.0,5,0,0.09535843847043991,0.7886728961484951,0
23,14.0,63.0,5,0,0.07437275468480617,0.7886728961484951,0
23,15.0,62.0,5,0,0.006957547056453205,0.7886728961484951,0
23,16.0,61.0,5,0,0.007416851497755484,0.7886728961484951,0
23,17.0,60.0,5,0,0.012757507233994311,0.7886728961484951,0
23,18.0,59.0,5,0,0.023631209959878274,0.7886728961484951,0
23,19.0,58.0,5,0,0.006647777588676995,0.7886728961484951,0
23,20.0,57.0,5,0,0.09423452397286704,0.7886728961484951,0
23,21.0,56.0,5,0,0.004121560254217001,0.7886728961484951,0
23,22.0,55.0,5,0,0.016005911467502316,0.7886728961484951,0
23,23.0,54.0,5,0,0.05970687513282452,0.7886728961484951,0
23,24.0,53.0,5,0,0.005984360554837417,0.7886728961484951,0
23,25.0,52.0,5,0,0.021641598222448554,0.7886728961484951,0
23,26.0,51.0,5,0,0.01030431538848098,0.7886728961484951,0
23,27.0,50.0,5,0,0.03033839414360167,0.7886728961484951,0
23,28.0,49.0,5,0,0.0038533572342022275,0.7886728961484951,0
23,29.0,48.0,5,0,0.010029108590586639,0.7886728961484951,0
23,30.0,47.0,5,0,0.02222902209611075,0.7886728961484951,0
23,31.0,46.0,5,0,0.23199265669557803,0.7886728961484951,0
23,32.0,45.0,5,0,0.034770774967128645,0.7886728961484951,0
23,33.0,44.0,5,0,0.03463697114765514,0.7886728961484951,0
23,34.0,43.0,5,0,0.1778245786116695,0.7886728961484951,0
23,35.0,42.0,5,0,0.16794646343402067,0.7886728961484951,0
23,36.0,41.0,5,0,0.23537166000407136,0.7886728961484951,0
23,37.0,40.0,5,0,0.43363660647517865,0.7886728961484951,0
23,38.0,39.0,5,0,0.4298179470835501,0.7886728961484951,0
23,39.0,38.0,5,0,0.5789032920904987,0.7886728961484951,0
23,40.0,37.0,5,0,0.5438427586488966,0.7886728961484951,0
23,41.0,36.0,5,0,0.6949339472596432,0.7886728961484951,0
23,42.0,35.0,5,0,0.6529868938455524,0.7886728961484951,0
23,43.0,34.0,5,0,0.43300015651308726,0.7886728961484951,0
23,44.0,33.0,5,0,0.7075344815893316,0.7886728961484951,0
23,45.0,32.0,5,0,0.4567734522703171,0.7886728961484951,0
23,46.0,31.0,5,0,0.5779957178983002,0.7886728961484951,0
23,47.0,30.0,5,0,0.4745037391912266,0.7886728961484951,0
23,48.0,29.0,5,0,0.7223840476789256,0.7886728961484951,0
23,49.0,28.0,5,0,0.669514781327105,0.7886728961484951,0
23,50.0,27.0,5,0,0.8595120528247462,0.7886728961484951,1
23,51.0,26.0,5,0,0.7850358743011703,0.7886728961484951,0
23,52.0,25.0,5,0,0.6866619847698835,0.7886728961484951,0
23,53.0,24.0,5,0,0.6511597063324178,0.7886728961484951,0
23,54.0,23.0,5,0,0.7582247721935196,0.7886728961484951,0
23,55.0,22.0,5,0,0.7787314412857486,0.7886728961484951,0
23,56.0,21.0,5,0,0.701516707407475,0.7886728961484951,0
23,57.0,20.0,5,1,0.7675556160065452,0.7886728961484951,0
23,58.0,19.0,5,1,0.7438781212461231,0.7886728961484951,0
23,59.0,18.0,5,1,0.8245829144527524,0.7886728961484951,1
23,60.0,17.0,5,1,0.9199016880743853,0.7886728961484951,1
23,61.0,16.0,5,1,0.7724337692176483,0.7886728961484951,0
23,62.0,15.0,5,1,0.773203362728416,0.7886728961484951,0
23,63.0,14.0,5,1,0.7224097939390532,0.7886728961484951,0
23,64.0,13.0,5,1,0.8137319121252452,0.7886728961484951,1
23,65.0,12.0,5,1,0.901862621352665,0.7886728961484951,1
23,66.0,11.0,5,1,0.5910235332832441,0.7886728961484951,0
23,67.0,10.0,5,1,0.8425517345141,0.7886728961484951,1
23,68.0,9.0,5,1,0.8979299021961258,0.7886728961484951,1
23,69.0,8.0,5,1,0.9687151158483628,0.7886728961484951,1
23,70.0,7.0,5,1,0.8934999645199817,0.7886728961484951,1
23,71.0,6.0,5,1,0.7823340235451033,0.7886728961484951,0
23,72.0,5.0,5,1,0.7575024141426212,0.7886728961484951,0
23,73.0,4.0,5,1,0.8960218414943308,0.7886728961484951,1
23,74.0,3.0,5,1,0.9264702039711127,0.7886728961484951,1
23,75.0,2.0,5,1,0.8790485134141456,0.7886728961484951,1
23,76.0,1.0,5,1,0.9256802807556561,0.7886728961484951,1
23,77.0,0.0,5,1,0.8602185751413297,0.7886728961484951,1
24,1.0,75.0,4,0,0.0037580355538825373,0.7767036600253301,0
24,2.0,74.0,4,0,0.007327724890415915,0.7767036600253301,0
24,3.0,73.0,4,0,0.007885795025650628,0.7767036600253301,0
24,4.0,72.0,4,0,0.0035459159540852715,0.7767036600253301,0
24,5.0,71.0,4,0,0.007403160546096441,0.7767036600253301,0
24,6.0,70.0,4,0,0.010819611424599807,0.7767036600253301,0
24,7.0,69.0,4,0,0.010997845161869897,0.7767036600253301,0
24,8.0,68.0,4,0,0.003905778595661091,0.7767036600253301,0
24,9.0,67.0,4,0,0.035718020091274234,0.7767036600253301,0
24,10.0,66.0,4,0,0.006674044033255528,0.7767036600253301,0
24,11.0,65.0,4,0,0.009993271827629371,0.7767036600253301,0
24,12.0,64.0,4,0,0.007578813548620447,0.7767036600253301,0
24,13.0,63.0,4,0,0.007724063955649401,0.7767036600253301,0
24,14.0,62.0,4,0,0.011371629207552846,0.7767036600253301,0
24,15.0,61.0,4,0,0.0041018515186326664,0.7767036600253301,0
24,16.0,60.0,4,0,0.008374197540106081,0.7767036600253301,0
24,17.0,59.0,4,0,0.007607581991479609,0.7767036600253301,0
24,18.0,58.0,4,0,0.015946614059892412,0.7767036600253301,0
24,19.0,57.0,4,0,0.06435863207635588,0.7767036600253301,0
24,20.0,56.0,4,0,0.011879633559873487,0.7767036600253301,0
24,21.0,55.0,4,0,0.005898054125622072,0.7767036600253301,0
24,22.0,54.0,4,0,0.00486660759024389,0.7767036600253301,0
24,23.0,53.0,4,0,0.009997294141258333,0.7767036600253301,0
24,24.0,52.0,4,0,0.007607581991479609,0.7767036600253301,0
24,25.0,51.0,4,0,0.007723081640610341,0.7767036600253301,0
24,26.0,50.0,4,0,0.0034346618600426863,0.7767036600253301,0
24,27.0,49.0,4,0,0.05506336345260037,0.7767036600253301,0
24,28.0,48.0,4,0,0.015946614059892412,0.7767036600253301,0
24,29.0,47.0,4,0,0.013840875624843015,0.7767036600253301,0
24,30.0,46.0,4,0,0.008014387875284969,0.7767036600253301,0
24,31.0,45.0,4,0,0.012711357496755471,0.7767036600253301,0
24,32.0,44.0,4,0,0.01424428568680476,0.7767036600253301,0
24,33.0,43.0,4,0,0.01199887974525547,0.7767036600253301,0
24,34.0,42.0,4,0,0.0020332356233034444,0.7767036600253301,0
24,35.0,41.0,4,0,0.05305238746571378,0.7767036600253301,0
24,36.0,40.0,4,0,0.007207726681209226,0.7767036600253301,0
24,37.0,39.0,4,0,0.012222082792910986,0.7767036600253301,0
24,38.0,38.0,4,0,0.016628033229191565,0.7767036600253301,0
24,39.0,37.0,4,0,0.006194485710411189,0.7767036600253301,0
24,40.0,36.0,4,0,0.020633045728011407,0.7767036600253301,0
24,41.0,35.0,4,0,0.018144685279451234,0.7767036600253301,0
24,42.0,34.0,4,0,0.014333222938975813,0.7767036600253301,0
24,43.0,33.0,4,0,0.05139696821540101,0.7767036600253301,0
24,44.0,32.0,4,0,0.02303759279233336,0.7767036600253301,0
24,45.0,31.0,4,0,0.0863968766720323,0.7767036600253301,0
24,46.0,30.0,4,0,0.02139128342718251,0.7767036600253301,0
24,47.0,29.0,4,0,0.18397494069187575,0.7767036600253301,0
24,48.0,28.0,4,0,0.08918595388052261,0.7767036600253301,0
24,49.0,27.0,4,0,0.07686685932155679,0.7767036600253301,0
24,50.0,26.0,4,0,0.07294462052021092,0.7767036600253301,0
24,51.0,25.0,4,0,0.09744418913187872,0.7767036600253301,0
24,52.0,24.0,4,0,0.16096741225189354,0.7767036600253301,0
24,53.0,23.0,4,0,0.10825684368680202,0.7767036600253301,0
24,54.0,22.0,4,0,0.20742406257327625,0.7767036600253301,0
24,55.0,21.0,4,0,0.3983666756232571,0.7767036600253301,0
24,56.0,20.0,4,1,0.4580233493272725,0.7767036600253301,0
24,57.0,19.0,4,1,0.3295438363375973,0.7767036600253301,0
24,58.0,18.0,4,1,0.6899299999024371,0.7767036600253301,0
24,59.0,17.0,4,1,0.22527950944703976,0.7767036600253301,0
24,60.0,16.0,4,1,0.5346469521869476,0.7767036600253301,0
24,61.0,15.0,4,1,0.3403073173552952,0.7767036600253301,0
24,62.0,14.0,4,1,0.8124748003592468,0.7767036600253301,1
24,63.0,13.0,4,1,0.6098291246393249,0.7767036600253301,0
24,64.0,12.0,4,1,0.8389831902691751,0.7767036600253301,1
24,65.0,11.0,4,1,0.798264219109231,0.7767036600253301,1
24,66.0,10.0,4,1,0.7396082031078915,0.7767036600253301,0
24,67.0,9.0,4,1,0.7119316565276517,0.7767036600253301,0
24,68.0,8.0,4,1,0.6807180594432525,0.7767036600253301,0
24,69.0,7.0,4,1,0.7118690833368112,0.7767036600253301,0
24,70.0,6.0,4,1,0.5796983879853911,0.7767036600253301,0
24,71.0,5.0,4,1,0.7724541048354802,0.7767036600253301,0
24,72.0,4.0,4,1,0.6515726071967542,0.7767036600253301,0
24,73.0,3.0,4,1,0.8593725707932882,0.7767036600253301,1
24,74.0,2.0,4,1,0.8962625125536822,0.7767036600253301,1
24,75.0,1.0,4,1,0.8336651631554656,0.7767036600253301,1
24,76.0,0.0,4,1,0.9167889283737156,0.7767036600253301,1
25,1.0,66.0,5,0,0.02668358784899243,0.7886728961484951,0
25,2.0,65.0,5,0,0.005600578702775868,0.7886728961484951,0
25,3.0,64.0,5,0,0.008470077101972721,0.7886728961484951,0
25,4.0,63.0,5,0,0.014166149538617435,0.7886728961484951,0
25,5.0,62.0,5,0,0.007302698616805908,0.7886728961484951,0
25,6.0,61.0,5,0,0.022803852844742522,0.7886728961484951,0
25,7.0,60.0,5,0,0.004452723761024166,0.7886728961484951,0
25,8.0,59.0,5,0,0.006883609697491755,0.7886728961484951,0
25,9.0,58.0,5,0,0.011565127459613241,0.7886728961484951,0
25,10.0,57.0,5,0,0.007257503959458747,0.7886728961484951,0
25,11.0,56.0,5,0,0.008488136528420948,0.7886728961484951,0
25,12.0,55.0,5,0,0.005293428711766436,0.7886728961484951,0
25,13.0,54.0,5,0,0.006695839826319357,0.7886728961484951,0
25,14.0,53.0,5,0,0.00617482174540533,0.7886728961484951,0
25,15.0,52.0,5,0,0.0096030219139246,0.7886728961484951,0
25,16.0,51.0,5,0,0.014995535721959427,0.7886728961484951,0
25,17.0,50.0,5,0,0.005977340403126781,0.7886728961484951,0
25,18.0,49.0,5,0,0.008373330904090825,0.7886728961484951,0
25,19.0,48.0,5,0,0.009013189851753037,0.7886728961484951,0
25,20.0,47.0,5,0,0.006772479409872649,0.7886728961484951,0
25,21.0,46.0,5,0,0.012928484555220911,0.7886728961484951,0
25,22.0,45.0,5,0,0.0060764232383272426,0.7886728961484951,0
25,23.0,44.0,5,0,0.018513611637924695,0.7886728961484951,0
25,24.0,43.0,5,0,0.037530271512671035,0.7886728961484951,0
25,25.0,42.0,5,0,0.005074783559226685,0.7886728961484951,0
25,26.0,41.0,5,0,0.012454407923140008,0.7886728961484951,0
25,27.0,40.0,5,0,0.008516772277703116,0.7886728961484951,0
25,28.0,39.0,5,0,0.04368124070047757,0.7886728961484951,0
25,29.0,38.0,5,0,0.013736034338700734,0.7886728961484951,0
25,30.0,37.0,5,0,0.025821825247556,0.7886728961484951,0
25,31.0,36.0,5,0,0.019316773486922373,0.7886728961484951,0
25,32.0,35.0,5,0,0.023081265930232436,0.7886728961484951,0
25,33.0,34.0,5,0,0.04498327786296112,0.7886728961484951,0
25,34.0,33.0,5,0,0.14423994812873497,0.7886728961484951,0
25,35.0,32.0,5,0,0.2667640810895974,0.7886728961484951,0
25,36.0,31.0,5,0,0.13023177214823375,0.7886728961484951,0
25,37.0,30.0,5,0,0.016700798865713927,0.7886728961484951,0
25,38.0,29.0,5,0,0.2122453890092211,0.7886728961484951,0
25,39.0,28.0,5,0,0.2055138083599738,0.7886728961484951,0
25,40.0,27.0,5,0,0.4204145370272756,0.7886728961484951,0
25,41.0,26.0,5,0,0.43286584323682303,0.7886728961484951,0
25,42.0,25.0,5,0,0.2184997173109271,0.7886728961484951,0
25,43.0,24.0,5,0,0.47614159444559334,0.7886728961484951,0
25,44.0,23.0,5,0,0.6717940042011794,0.7886728961484951,0
25,45.0,22.0,5,0,0.36378629413800734,0.7886728961484951,0
25,46.0,21.0,5,0,0.46000483715619683,0.7886728961484951,0
25,47.0,20.0,5,1,0.6560067439002438,0.7886728961484951,0
25,48.0,19.0,5,1,0.47219767927398515,0.7886728961484951,0
25,49.0,18.0,5,1,0.34920007220269156,0.7886728961484951,0
25,50.0,17.0,5,1,0.5162302816232207,0.7886728961484951,0
25,51.0,16.0,5,1,0.7057936108345325,0.7886728961484951,0
25,52.0,15.0,5,1,0.2622056997474767,0.7886728961484951,0
25,53.0,14.0,5,1,0.7463540283407842,0.7886728961484951,0
25,54.0,13.0,5,1,0.7043952898597959,0.7886728961484951,0
25,55.0,12.0,5,1,0.6661270917009071,0.7886728961484951,0
25,56.0,11.0,5,1,0.8059566879211952,0.7886728961484951,1
25,57.0,10.0,5,1,0.6411972252722506,0.7886728961484951,0
25,58.0,9.0,5,1,0.6152664402501655,0.7886728961484951,0
25,59.0,8.0,5,1,0.7408280803223046,0.7886728961484951,0
25,60.0,7.0,5,1,0.8848366437140748,0.7886728961484951,1
25,61.0,6.0,5,1,0.8321543391249049,0.7886728961484951,1
25,62.0,5.0,5,1,0.8194637472947769,0.7886728961484951,1
25,63.0,4.0,5,1,0.7385395119775628,0.7886728961484951,0
25,64.0,3.0,5,1,0.7705750292209169,0.7886728961484951,0
25,65.0,2.0,5,1,0.7415397579821091,0.7886728961484951,0
25,66.0,1.0,5,1,0.887282714344519,0.7886728961484951,1
25,67.0,0.0,5,1,0.7559980289382293,0.7886728961484951,0
26,1.0,86.0,2,0,0.011282412558572825,0.7912127720003883,0
26,2.0,85.0,2,0,0.016247478981659763,0.7912127720003883,0
26,3.0,84.0,2,0,0.07203861422553123,0.7912127720003883,0
26,4.0,83.0,2,0,0.0478915596374224,0.7912127720003883,0
26,5.0,82.0,2,0,0.006724787977790535,0.7912127720003883,0
26,6.0,81.0,2,0,0.006424550683615517,0.7912127720003883,0
26,7.0,80.0,2,0,0.014368583195798158,0.7912127720003883,0
26,8.0,79.0,2,0,0.009953069370080942,0.7912127720003883,0
26,9.0,78.0,2,0,0.013862607342283942,0.7912127720003883,0
26,10.0,77.0,2,0,0.00913884682452827,0.7912127720003883,0
26,11.0,76.0,2,0,0.023496282903680735,0.7912127720003883,0
26,12.0,75.0,2,0,0.011423169834742857,0.7912127720003883,0
26,13.0,74.0,2,0,0.019474062418658525,0.7912127720003883,0
26,14.0,73.0,2,0,0.04809657638483008,0.7912127720003883,0
26,15.0,72.0,2,0,0.005577438254146264,0.7912127720003883,0
26,16.0,71.0,2,0,0.0015105896250967854,0.7912127720003883,0
26,17.0,70.0,2,0,0.015033796415780525,0.7912127720003883,0
26,18.0,69.0,2,0,0.05190547301841412,0.7912127720003883,0
26,19.0,68.0,2,0,0.012058822524077632,0.7912127720003883,0
26,20.0,67.0,2,0,0.005711538936580014,0.7912127720003883,0
26,21.0,66.0,2,0,0.010226753724318863,0.7912127720003883,0
26,22.0,65.0,2,0,0.00963728101498359,0.7912127720003883,0
26,23.0,64.0,2,0,0.006948880183491319,0.7912127720003883,0
26,24.0,63.0,2,0,0.0005694512467004903,0.7912127720003883,0
26,25.0,62.0,2,0,0.0029877211531856413,0.7912127720003883,0
26,26.0,61.0,2,0,0.021828065596145776,0.7912127720003883,0
26,27.0,60.0,2,0,0.023245281568567255,0.7912127720003883,0
26,28.0,59.0,2,0,0.0017895305474213217,0.7912127720003883,0
26,29.0,58.0,2,0,0.015549984291687562,0.7912127720003883,0
26,30.0,57.0,2,0,0.015790975965578664,0.7912127720003883,0
26,31.0,56.0,2,0,0.06914692218613978,0.7912127720003883,0
26,32.0,55.0,2,0,0.02503128882397851,0.7912127720003883,0
26,33.0,54.0,2,0,0.07785482435814241,0.7912127720003883,0
26,34.0,53.0,2,0,0.24622332283207102,0.7912127720003883,0
26,35.0,52.0,2,0,0.29410017416518364,0.7912127720003883,0
26,36.0,51.0,2,0,0.07050224454676762,0.7912127720003883,0
26,37.0,50.0,2,0,0.03621934588374164,0.7912127720003883,0
26,38.0,49.0,2,0,0.15434246832905607,0.7912127720003883,0
26,39.0,48.0,2,0,0.23748878927464928,0.7912127720003883,0
26,40.0,47.0,2,0,0.15414687064294075,0.7912127720003883,0
26,41.0,46.0,2,0,0.05853988667590044,0.7912127720003883,0
26,42.0,45.0,2,0,0.33157239113202186,0.7912127720003883,0
26,43.0,44.0,2,0,0.5937911941013555,0.7912127720003883,0
26,44.0,43.0,2,0,0.6160504556935364,0.7912127720003883,0
26,45.0,42.0,2,0,0.43318358664244067,0.7912127720003883,0
26,46.0,41.0,2,0,0.7193240270956774,0.7912127720003883,0
26,47.0,40.0,2,0,0.6757836852573802,0.7912127720003883,0
26,48.0,39.0,2,0,0.5503859444367976,0.7912127720003883,0
26,49.0,38.0,2,0,0.748011737197707,0.7912127720003883,0
26,50.0,37.0,2,0,0.49796354511993074,0.7912127720003883,0
26,51.0,36.0,2,0,0.6948671788023758,0.7912127720003883,0
26,52.0,35.0,2,0,0.8461103158786795,0.7912127720003883,1
26,53.0,34.0,2,0,0.7033649475066628,0.7912127720003883,0
26,54.0,33.0,2,0,0.722344725245947,0.7912127720003883,0
26,55.0,32.0,2,0,0.7848287253854428,0.7912127720003883,0
26,56.0,31.0,2,0,0.7559677555721663,0.7912127720003883,0
26,57.0,30.0,2,0,0.5807937837823134,0.7912127720003883,0
26,58.0,29.0,2,0,0.7277316783638557,0.7912127720003883,0
26,59.0,28.0,2,0,0.8315732713042479,0.7912127720003883,1
26,60.0,27.0,2,0,0.5121582770479923,0.7912127720003883,0
26,61.0,26.0,2,0,0.5185437028306076,0.7912127720003883,0
26,62.0,25.0,2,0,0.9116810298188182,0.7912127720003883,1
26,63.0,24.0,2,0,0.769425266456002,0.7912127720003883,0
26,64.0,23.0,2,0,0.9132693789093455,0.7912127720003883,1
26,65.0,22.0,2,0,0.7513827607759962,0.7912127720003883,0
26,66.0,21.0,2,0,0.624370267423975,0.7912127720003883,0
26,67.0,20.0,2,1,0.8713119931317962,0.7912127720003883,1
26,68.0,19.0,2,1,0.7816392049265801,0.7912127720003883,0
26,69.0,18.0,2,1,0.8056277895257676,0.7912127720003883,1
26,70.0,17.0,2,1,0.7246790811212394,0.7912127720003883,0
26,71.0,16.0,2,1,0.8719563613027058,0.7912127720003883,1
26,72.0,15.0,2,1,0.7624504052527424,0.7912127720003883,0
26,73.0,14.0,2,1,0.7782766178398159,0.7912127720003883,0
26,74.0,13.0,2,1,0.9226221331080058,0.7912127720003883,1
26,75.0,12.0,2,1,0.9002520832457628,0.7912127720003883,1
26,76.0,11.0,2,1,0.9615284179988363,0.7912127720003883,1
26,77.0,10.0,2,1,0.8971214365366948,0.7912127720003883,1
26,78.0,9.0,2,1,0.8002820160968054,0.7912127720003883,1
26,79.0,8.0,2,1,0.9358863009397309,0.7912127720003883,1
26,80.0,7.0,2,1,0.9352158308635103,0.7912127720003883,1
26,81.0,6.0,2,1,0.7714598194388274,0.7912127720003883,0
26,82.0,5.0,2,1,0.9681584432762649,0.7912127720003883,1
26,83.0,4.0,2,1,0.9494008343383333,0.7912127720003883,1
26,84.0,3.0,2,1,0.9366020366043305,0.7912127720003883,1
26,85.0,2.0,2,1,0.9394036419646219,0.7912127720003883,1
26,86.0,1.0,2,1,0.8791199238223393,0.7912127720003883,1
26,87.0,0.0,2,1,0.8993530396250891,0.7912127720003883,1
27,1.0,72.0,3,0,0.014325642653674378,0.7899421635739077,0
27,2.0,71.0,3,0,0.009028284469780531,0.7899421635739077,0
27,3.0,70.0,3,0,0.002844723148480528,0.7899421635739077,0
27,4.0,69.0,3,0,0.005218638142089716,0.7899421635739077,0
27,5.0,68.0,3,0,0.01157733820183297,0.7899421635739077,0
27,6.0,67.0,3,0,0.0024289775558646517,0.7899421635739077,0
27,7.0,66.0,3,0,0.021707952092026996,0.7899421635739077,0
27,8.0,65.0,3,0,0.007219634419478909,0.7899421635739077,0
27,9.0,64.0,3,0,0.01313715167734461,0.7899421635739077,0
27,10.0,63.0,3,0,0.00788303527154808,0.7899421635739077,0
27,11.0,62.0,3,0,0.0033709083977060093,0.7899421635739077,0
27,12.0,61.0,3,0,0.009564076028050646,0.7899421635739077,0
27,13.0,60.0,3,0,0.07352567433876486,0.7899421635739077,0
27,14.0,59.0,3,0,0.01955804144715931,0.7899421635739077,0
27,15.0,58.0,3,0,0.010669933415184662,0.7899421635739077,0
27,16.0,57.0,3,0,0.03051098091884099,0.7899421635739077,0
27,17.0,56.0,3,0,0.03928753877101158,0.7899421635739077,0
27,18.0,55.0,3,0,0.0038053915771621826,0.7899421635739077,0
27,19.0,54.0,3,0,0.0402089494118075,0.7899421635739077,0
27,20.0,53.0,3,0,0.0071332634430111615,0.7899421635739077,0
27,21.0,52.0,3,0,0.013362274769300967,0.7899421635739077,0
27,22.0,51.0,3,0,0.004897133447364123,0.7899421635739077,0
27,23.0,50.0,3,0,0.015525205772118472,0.7899421635739077,0
27,24.0,49.0,3,0,0.008046295458422694,0.7899421635739077,0
27,25.0,48.0,3,0,0.011877449217117026,0.7899421635739077,0
27,26.0,47.0,3,0,0.004137857391584527,0.7899421635739077,0
27,27.0,46.0,3,0,0.07967055886461066,0.7899421635739077,0
27,28.0,45.0,3,0,0.042289346941953326,0.7899421635739077,0
27,29.0,44.0,3,0,0.11160592557636034,0.7899421635739077,0
27,30.0,43.0,3,0,0.18548936039737088,0.7899421635739077,0
27,31.0,42.0,3,0,0.2629325245602696,0.7899421635739077,0
27,32.0,41.0,3,0,0.10177316415160104,0.7899421635739077,0
27,33.0,40.0,3,0,0.13736336292576792,0.7899421635739077,0
27,34.0,39.0,3,0,0.4714624975773344,0.7899421635739077,0
27,35.0,38.0,3,0,0.3012061703951952,0.7899421635739077,0
27,36.0,37.0,3,0,0.33433557613445153,0.7899421635739077,0
27,37.0,36.0,3,0,0.2949917141804283,0.7899421635739077,0
27,38.0,35.0,3,0,0.43201982997801985,0.7899421635739077,0
27,39.0,34.0,3,0,0.5757332236690338,0.7899421635739077,0
27,40.0,33.0,3,0,0.4085332938770161,0.7899421635739077,0
27,41.0,32.0,3,0,0.31147429652365927,0.7899421635739077,0
27,42.0,31.0,3,0,0.31076572476944114,0.7899421635739077,0
27,43.0,30.0,3,0,0.3528496871582664,0.7899421635739077,0
27,44.0,29.0,3,0,0.42775643274310504,0.7899421635739077,0
27,45.0,28.0,3,0,0.6668053634560182,0.7899421635739077,0
27,46.0,27.0,3,0,0.6965493386374496,0.7899421635739077,0
27,47.0,26.0,3,0,0.6066592995977546,0.7899421635739077,0
27,48.0,25.0,3,0,0.5080201701286278,0.7899421635739077,0
27,49.0,24.0,3,0,0.6226775079611548,0.7899421635739077,0
27,50.0,23.0,3,0,0.6053567444632941,0.7899421635739077,0
27,51.0,22.0,3,0,0.48899385738500023,0.7899421635739077,0
27,52.0,21.0,3,0,0.6403949268233096,0.7899421635739077,0
27,53.0,20.0,3,1,0.5788676469102182,0.7899421635739077,0
27,54.0,19.0,3,1,0.8285339921691871,0.7899421635739077,1
27,55.0,18.0,3,1,0.6631683229610785,0.7899421635739077,0
27,56.0,17.0,3,1,0.7250781824500131,0.7899421635739077,0
27,57.0,16.0,3,1,0.765837257217107,0.7899421635739077,0
27,58.0,15.0,3,1,0.7405642927894762,0.7899421635739077,0
27,59.0,14.0,3,1,0.7587622481875883,0.7899421635739077,0
27,60.0,13.0,3,1,0.7372856786567467,0.7899421635739077,0
27,61.0,12.0,3,1,0.9276026995830302,0.7899421635739077,1
27,62.0,11.0,3,1,0.7775783323821607,0.7899421635739077,0
27,63.0,10.0,3,1,0.8427590780468631,0.7899421635739077,1
27,64.0,9.0,3,1,0.8745459983423641,0.7899421635739077,1
27,65.0,8.0,3,1,0.8245672312827078,0.7899421635739077,1
27,66.0,7.0,3,1,0.8444020682602855,0.7899421635739077,1
27,67.0,6.0,3,1,0.930207899577813,0.7899421635739077,1
27,68.0,5.0,3,1,0.9092772789252127,0.7899421635739077,1
27,69.0,4.0,3,1,0.913725759397634,0.7899421635739077,1
27,70.0,3.0,3,1,0.8958410421852352,0.7899421635739077,1
27,71.0,2.0,3,1,0.8778172205764819,0.7899421635739077,1
27,72.0,1.0,3,1,0.899437630532422,0.7899421635739077,1
27,73.0,0.0,3,1,0.8683703425434001,0.7899421635739077,1
28,1.0,99.0,2,0,0.0028645933016975284,0.7912127720003883,0
28,2.0,98.0,2,0,0.014057872793034217,0.7912127720003883,0
28,3.0,97.0,2,0,0.006287154240604395,0.7912127720003883,0
28,4.0,96.0,2,0,0.006339757733066185,0.7912127720003883,0
28,5.0,95.0,2,0,0.0017895305474213217,0.7912127720003883,0
28,6.0,94.0,2,0,0.06114902519278737,0.7912127720003883,0
28,7.0,93.0,2,0,0.0040644609362222184,0.7912127720003883,0
28,8.0,92.0,2,0,0.012215175531043704,0.7912127720003883,0
28,9.0,91.0,2,0,0.006953757766282546,0.7912127720003883,0
28,10.0,90.0,2,0,0.013740757744483236,0.7912127720003883,0
28,11.0,89.0,2,0,0.0231883348011745,0.7912127720003883,0
28,12.0,88.0,2,0,0.005537676868119163,0.7912127720003883,0
28,13.0,87.0,2,0,0.0014929680367716642,0.7912127720003883,0
28,14.0,86.0,2,0,0.014487065658122125,0.7912127720003883,0
28,15.0,85.0,2,0,0.007282887230822202,0.7912127720003883,0
28,16.0,84.0,2,0,0.02969138076529834,0.7912127720003883,0
28,17.0,83.0,2,0,0.017027606198662667,0.7912127720003883,0
28,18.0,82.0,2,0,0.006339757733066185,0.7912127720003883,0
28,19.0,81.0,2,0,0.009530882067753673,0.7912127720003883,0
28,20.0,80.0,2,0,0.006964890130643891,0.7912127720003883,0
28,21.0,79.0,2,0,0.019749580705699394,0.7912127720003883,0
28,22.0,78.0,2,0,0.007411665668587124,0.7912127720003883,0
28,23.0,77.0,2,0,0.017604025163422854,0.7912127720003883,0
28,24.0,76.0,2,0,0.038362598320325444,0.7912127720003883,0
28,25.0,75.0,2,0,0.008776802539735609,0.7912127720003883,0
28,26.0,74.0,2,0,0.0037434108731311476,0.7912127720003883,0
28,27.0,73.0,2,0,0.002834511487664345,0.7912127720003883,0
28,28.0,72.0,2,0,0.005141992755774105,0.7912127720003883,0
28,29.0,71.0,2,0,0.00993687563102513,0.7912127720003883,0
28,30.0,70.0,2,0,0.03279220035439827,0.7912127720003883,0
28,31.0,69.0,2,0,0.026881863187320432,0.7912127720003883,0
28,32.0,68.0,2,0,0.13195729496563646,0.7912127720003883,0
28,33.0,67.0,2,0,0.03221529164355074,0.7912127720003883,0
28,34.0,66.0,2,0,0.07700613526871919,0.7912127720003883,0
28,35.0,65.0,2,0,0.10011660665448942,0.7912127720003883,0
28,36.0,64.0,2,0,0.03315537507093674,0.7912127720003883,0
28,37.0,63.0,2,0,0.1821015973607218,0.7912127720003883,0
28,38.0,62.0,2,0,0.12771592530700923,0.7912127720003883,0
28,39.0,61.0,2,0,0.20975651597415879,0.7912127720003883,0
28,40.0,60.0,2,0,0.35284844857378395,0.7912127720003883,0
28,41.0,59.0,2,0,0.3765518839207249,0.7912127720003883,0
28,42.0,58.0,2,0,0.41569316281736945,0.7912127720003883,0
28,43.0,57.0,2,0,0.5514056823153998,0.7912127720003883,0
28,44.0,56.0,2,0,0.12101132549259475,0.7912127720003883,0
28,45.0,55.0,2,0,0.6342014552224178,0.7912127720003883,0
28,46.0,54.0,2,0,0.7842143027459992,0.7912127720003883,0
28,47.0,53.0,2,0,0.6618432284566065,0.7912127720003883,0
28,48.0,52.0,2,0,0.5227162627023287,0.7912127720003883,0
28,49.0,51.0,2,0,0.748401776598001,0.7912127720003883,0
28,50.0,50.0,2,0,0.670733676404278,0.7912127720003883,0
28,51.0,49.0,2,0,0.6359582410123619,0.7912127720003883,0
28,52.0,48.0,2,0,0.5812719602150894,0.7912127720003883,0
28,53.0,47.0,2,0,0.5976218577392479,0.7912127720003883,0
28,54.0,46.0,2,0,0.48809351353704905,0.7912127720003883,0
28,55.0,45.0,2,0,0.7263420216208714,0.7912127720003883,0
28,56.0,44.0,2,0,0.8412380698676396,0.7912127720003883,1
28,57.0,43.0,2,0,0.6182323893484308,0.7912127720003883,0
28,58.0,42.0,2,0,0.636449026950227,0.7912127720003883,0
28,59.0,41.0,2,0,0.7722866147458038,0.7912127720003883,0
28,60.0,40.0,2,0,0.5551538717499566,0.7912127720003883,0
28,61.0,39.0,2,0,0.844569673926717,0.7912127720003883,1
28,62.0,38.0,2,0,0.5830680453631394,0.7912127720003883,0
28,63.0,37.0,2,0,0.6632896598418438,0.7912127720003883,0
28,64.0,36.0,2,0,0.9266585858809233,0.7912127720003883,1
28,65.0,35.0,2,0,0.7626818184378291,0.7912127720003883,0
28,66.0,34.0,2,0,0.9060771155761653,0.7912127720003883,1
28,67.0,33.0,2,0,0.9082778590507036,0.7912127720003883,1
28,68.0,32.0,2,0,0.844681086522269,0.7912127720003883,1
28,69.0,31.0,2,0,0.7055944922015699,0.7912127720003883,0
28,70.0,30.0,2,0,0.7466026886217583,0.7912127720003883,0
28,71.0,29.0,2,0,0.8763159455744861,0.7912127720003883,1
28,72.0,28.0,2,0,0.720967593791866,0.7912127720003883,0
28,73.0,27.0,2,0,0.934741274593381,0.7912127720003883,1
28,74.0,26.0,2,0,0.8089836423531755,0.7912127720003883,1
28,75.0,25.0,2,0,0.9160020187290503,0.7912127720003883,1
28,76.0,24.0,2,0,0.8786519982119452,0.7912127720003883,1
28,77.0,23.0,2,0,0.8820053308320899,0.7912127720003883,1
28,78.0,22.0,2,0,0.8971651200261106,0.7912127720003883,1
28,79.0,21.0,2,0,0.9058346694889212,0.7912127720003883,1
28,80.0,20.0,2,1,0.9181567863212211,0.7912127720003883,1
28,81.0,19.0,2,1,0.9118650294060379,0.7912127720003883,1
28,82.0,18.0,2,1,0.9329736591165585,0.7912127720003883,1
28,83.0,17.0,2,1,0.897131778625028,0.7912127720003883,1
28,84.0,16.0,2,1,0.942772872398095,0.7912127720003883,1
28,85.0,15.0,2,1,0.9382285469229013,0.7912127720003883,1
28,86.0,14.0,2,1,0.9770513400395977,0.7912127720003883,1
28,87.0,13.0,2,1,0.9301285328110686,0.7912127720003883,1
28,88.0,12.0,2,1,0.9338209249344231,0.7912127720003883,1
28,89.0,11.0,2,1,0.8973836482914281,0.7912127720003883,1
28,90.0,10.0,2,1,0.8969924215335441,0.7912127720003883,1
28,91.0,9.0,2,1,0.9264946086281236,0.7912127720003883,1
28,92.0,8.0,2,1,0.8844112762187322,0.7912127720003883,1
28,93.0,7.0,2,1,0.9551507517320393,0.7912127720003883,1
28,94.0,6.0,2,1,0.9259696673817315,0.7912127720003883,1
28,95.0,5.0,2,1,0.919673156410768,0.7912127720003883,1
28,96.0,4.0,2,1,0.9417942580627165,0.7912127720003883,1
28,97.0,3.0,2,1,0.9598092937582353,0.7912127720003883,1
28,98.0,2.0,2,1,0.9411239594659019,0.7912127720003883,1
28,99.0,1.0,2,1,0.9149502916826792,0.7912127720003883,1
28,100.0,0.0,2,1,0.8845410598694801,0.7912127720003883,1
29,1.0,68.0,1,0,0.03693965463877781,0.8012529878443658,0
29,2.0,67.0,1,0,0.01278644992692189,0.8012529878443658,0
29,3.0,66.0,1,0,0.009863356913856512,0.8012529878443658,0
29,4.0,65.0,1,0,0.01518368152570738,0.8012529878443658,0
29,5.0,64.0,1,0,0.021697350170690806,0.8012529878443658,0
29,6.0,63.0,1,0,0.012022668480905448,0.8012529878443658,0
29,7.0,62.0,1,0,0.012218069415276126,0.8012529878443658,0
29,8.0,61.0,1,0,0.009895447377155513,0.8012529878443658,0
29,9.0,60.0,1,0,0.017393994529082267,0.8012529878443658,0
29,10.0,59.0,1,0,0.010735844017208193,0.8012529878443658,0
29,11.0,58.0,1,0,0.025972606605669548,0.8012529878443658,0
29,12.0,57.0,1,0,0.019001307434596784,0.8012529878443658,0
29,13.0,56.0,1,0,0.0144470629467787,0.8012529878443658,0
29,14.0,55.0,1,0,0.06269858683264773,0.8012529878443658,0
29,15.0,54.0,1,0,0.03095699565308476,0.8012529878443658,0
29,16.0,53.0,1,0,0.014744008542432796,0.8012529878443658,0
29,17.0,52.0,1,0,0.01518368152570738,0.8012529878443658,0
29,18.0,51.0,1,0,0.008729559931042985,0.8012529878443658,0
29,19.0,50.0,1,0,0.01816094357400303,0.8012529878443658,0
29,20.0,49.0,1,0,0.03314524049375733,0.8012529878443658,0
29,21.0,48.0,1,0,0.0072411776186536965,0.8012529878443658,0
29,22.0,47.0,1,0,0.018734318326038897,0.8012529878443658,0
29,23.0,46.0,1,0,0.018110933297360958,0.8012529878443658,0
29,24.0,45.0,1,0,0.03502939130212245,0.8012529878443658,0
29,25.0,44.0,1,0,0.06145907637126655,0.8012529878443658,0
29,26.0,43.0,1,0,0.03252820342520395,0.8012529878443658,0
29,27.0,42.0,1,0,0.04600631983205647,0.8012529878443658,0
29,28.0,41.0,1,0,0.23716502831116135,0.8012529878443658,0
29,29.0,40.0,1,0,0.004698181631538976,0.8012529878443658,0
29,30.0,39.0,1,0,0.15918264538303484,0.8012529878443658,0
29,31.0,38.0,1,0,0.022336724175789933,0.8012529878443658,0
29,32.0,37.0,1,0,0.17013788434135885,0.8012529878443658,0
29,33.0,36.0,1,0,0.2012474486446283,0.8012529878443658,0
29,34.0,35.0,1,0,0.029502978938614113,0.8012529878443658,0
29,35.0,34.0,1,0,0.2619645134984836,0.8012529878443658,0
29,36.0,33.0,1,0,0.33495188950222077,0.8012529878443658,0
29,37.0,32.0,1,0,0.20019329868867763,0.8012529878443658,0
29,38.0,31.0,1,0,0.21940815481626047,0.8012529878443658,0
29,39.0,30.0,1,0,0.4366229805032516,0.8012529878443658,0
29,40.0,29.0,1,0,0.31792859066099405,0.8012529878443658,0
29,41.0,28.0,1,0,0.5782308733440482,0.8012529878443658,0
29,42.0,27.0,1,0,0.5961634266402515,0.8012529878443658,0
29,43.0,26.0,1,0,0.5769342847092698,0.8012529878443658,0
29,44.0,25.0,1,0,0.6156639755179768,0.8012529878443658,0
29,45.0,24.0,1,0,0.6089198279734575,0.8012529878443658,0
29,46.0,23.0,1,0,0.48038755092209046,0.8012529878443658,0
29,47.0,22.0,1,0,0.43849708605100246,0.8012529878443658,0
29,48.0,21.0,1,0,0.7485742354847098,0.8012529878443658,0
29,49.0,20.0,1,1,0.7051925885345941,0.8012529878443658,0
29,50.0,19.0,1,1,0.44785402755166565,0.8012529878443658,0
29,51.0,18.0,1,1,0.5836648483992468,0.8012529878443658,0
29,52.0,17.0,1,1,0.7627779038092705,0.8012529878443658,0
29,53.0,16.0,1,1,0.7877869230133697,0.8012529878443658,0
29,54.0,15.0,1,1,0.7536161594281989,0.8012529878443658,0
29,55.0,14.0,1,1,0.847899400632596,0.8012529878443658,1
29,56.0,13.0,1,1,0.6710771342472633,0.8012529878443658,0
29,57.0,12.0,1,1,0.7500587006028554,0.8012529878443658,0
29,58.0,11.0,1,1,0.8634580826722961,0.8012529878443658,1
29,59.0,10.0,1,1,0.8138823494691397,0.8012529878443658,1
29,60.0,9.0,1,1,0.7094035741453305,0.8012529878443658,0
29,61.0,8.0,1,1,0.797439138182266,0.8012529878443658,0
29,62.0,7.0,1,1,0.8339600013192678,0.8012529878443658,1
29,63.0,6.0,1,1,0.7318199529543856,0.8012529878443658,0
29,64.0,5.0,1,1,0.8788903016698687,0.8012529878443658,1
29,65.0,4.0,1,1,0.889835629781395,0.8012529878443658,1
29,66.0,3.0,1,1,0.8606192596639587,0.8012529878443658,1
29,67.0,2.0,1,1,0.8932808515084639,0.8012529878443658,1
29,68.0,1.0,1,1,0.8857210665646938,0.8012529878443658,1
29,69.0,0.0,1,1,0.9076706072834493,0.8012529878443658,1
30,1.0,99.0,5,0,0.008497624536634203,0.7886728961484951,0
30,2.0,98.0,5,0,0.007225930244064339,0.7886728961484951,0
30,3.0,97.0,5,0,0.03569673229532213,0.7886728961484951,0
30,4.0,96.0,5,0,0.004440916386325941,0.7886728961484951,0
30,5.0,95.0,5,0,0.028283277373702148,0.7886728961484951,0
30,6.0,94.0,5,0,0.0030993092892291725,0.7886728961484951,0
30,7.0,93.0,5,0,0.00998303996353395,0.7886728961484951,0
30,8.0,92.0,5,0,0.028052752383068175,0.7886728961484951,0
30,9.0,91.0,5,0,0.044140655470903165,0.7886728961484951,0
30,10.0,90.0,5,0,0.01609051069367057,0.7886728961484951,0
30,11.0,89.0,5,0,0.011397880703363677,0.7886728961484951,0
30,12.0,88.0,5,0,0.02134928110840234,0.7886728961484951,0
30,13.0,87.0,5,0,0.027126529701608882,0.7886728961484951,0
30,14.0,86.0,5,0,0.014012840624059901,0.7886728961484951,0
30,15.0,85.0,5,0,0.02546027855687586,0.7886728961484951,0
30,16.0,84.0,5,0,0.02594340446163956,0.7886728961484951,0
30,17.0,83.0,5,0,0.020590948285638545,0.7886728961484951,0
30,18.0,82.0,5,0,0.005824409563271606,0.7886728961484951,0
30,19.0,81.0,5,0,0.004847139099740997,0.7886728961484951,0
30,20.0,80.0,5,0,0.010857212166165807,0.7886728961484951,0
30,21.0,79.0,5,0,0.011839023836779152,0.7886728961484951,0
30,22.0,78.0,5,0,0.034051428142776355,0.7886728961484951,0
30,23.0,77.0,5,0,0.020507197682461644,0.7886728961484951,0
30,24.0,76.0,5,0,0.01425784155159411,0.7886728961484951,0
30,25.0,75.0,5,0,0.0005804218191506857,0.7886728961484951,0
30,26.0,74.0,5,0,0.006566793848064221,0.7886728961484951,0
30,27.0,73.0,5,0,0.019637279595912466,0.7886728961484951,0
30,28.0,72.0,5,0,0.03313836534984602,0.7886728961484951,0
30,29.0,71.0,5,0,0.07797333537363937,0.7886728961484951,0
30,30.0,70.0,5,0,0.14954983447130088,0.7886728961484951,0
30,31.0,69.0,5,0,0.03097846706051612,0.7886728961484951,0
30,32.0,68.0,5,0,0.4671469316299623,0.7886728961484951,0
30,33.0,67.0,5,0,0.14469772544103685,0.7886728961484951,0
30,34.0,66.0,5,0,0.10553547481329513,0.7886728961484951,0
30,35.0,65.0,5,0,0.3072529385172766,0.7886728961484951,0
30,36.0,64.0,5,0,0.16206704496279975,0.7886728961484951,0
30,37.0,63.0,5,0,0.2492201341172278,0.7886728961484951,0
30,38.0,62.0,5,0,0.4204228029075532,0.7886728961484951,0
30,39.0,61.0,5,0,0.2624995825219207,0.7886728961484951,0
30,40.0,60.0,5,0,0.6887601787262694,0.7886728961484951,0
30,41.0,59.0,5,0,0.33677045919230164,0.7886728961484951,0
30,42.0,58.0,5,0,0.09756955864713471,0.7886728961484951,0
30,43.0,57.0,5,0,0.2885383493538047,0.7886728961484951,0
30,44.0,56.0,5,0,0.18837425160639146,0.7886728961484951,0
30,45.0,55.0,5,0,0.7314819437103761,0.7886728961484951,0
30,46.0,54.0,5,0,0.6861516923549607,0.7886728961484951,0
30,47.0,53.0,5,0,0.623487135202462,0.7886728961484951,0
30,48.0,52.0,5,0,0.4830788941473732,0.7886728961484951,0
30,49.0,51.0,5,0,0.7653314426509402,0.7886728961484951,0
30,50.0,50.0,5,0,0.8418980742201632,0.7886728961484951,1
30,51.0,49.0,5,0,0.7450167855069445,0.7886728961484951,0
30,52.0,48.0,5,0,0.7569709421883698,0.7886728961484951,0
30,53.0,47.0,5,0,0.7962178411911665,0.7886728961484951,1
30,54.0,46.0,5,0,0.8346816321000452,0.7886728961484951,1
30,55.0,45.0,5,0,0.86566544484286,0.7886728961484951,1
30,56.0,44.0,5,0,0.7810057654324409,0.7886728961484951,0
30,57.0,43.0,5,0,0.6888869496660025,0.7886728961484951,0
30,58.0,42.0,5,0,0.8667111576412228,0.7886728961484951,1
30,59.0,41.0,5,0,0.83428226036825,0.7886728961484951,1
30,60.0,40.0,5,0,0.8813237345532833,0.7886728961484951,1
30,61.0,39.0,5,0,0.6306380133715382,0.7886728961484951,0
30,62.0,38.0,5,0,0.7849693964348057,0.7886728961484951,0
30,63.0,37.0,5,0,0.9025316543469987,0.7886728961484951,1
30,64.0,36.0,5,0,0.9441663079174153,0.7886728961484951,1
30,65.0,35.0,5,0,0.8294948900368705,0.7886728961484951,1
30,66.0,34.0,5,0,0.9110828054690154,0.7886728961484951,1
30,67.0,33.0,5,0,0.843036257369323,0.7886728961484951,1
30,68.0,32.0,5,0,0.8780307363811459,0.7886728961484951,1
30,69.0,31.0,5,0,0.776025814684563,0.7886728961484951,0
30,70.0,30.0,5,0,0.7743575964221353,0.7886728961484951,0
30,71.0,29.0,5,0,0.880288915887843,0.7886728961484951,1
30,72.0,28.0,5,0,0.750068410468764,0.7886728961484951,0
30,73.0,27.0,5,0,0.837013074593268,0.7886728961484951,1
30,74.0,26.0,5,0,0.8882582019672016,0.7886728961484951,1
30,75.0,25.0,5,0,0.9535424319991899,0.7886728961484951,1
30,76.0,24.0,5,0,0.9295973777542716,0.7886728961484951,1
30,77.0,23.0,5,0,0.8364248526988156,0.7886728961484951,1
30,78.0,22.0,5,0,0.8982424852170544,0.7886728961484951,1
30,79.0,21.0,5,0,0.9005645606418047,0.7886728961484951,1
30,80.0,20.0,5,1,0.9749320350150772,0.7886728961484951,1
30,81.0,19.0,5,1,0.9787895435865464,0.7886728961484951,1
30,82.0,18.0,5,1,0.898220474600519,0.7886728961484951,1
30,83.0,17.0,5,1,0.9666482101705347,0.7886728961484951,1
30,84.0,16.0,5,1,0.9440395024785496,0.7886728961484951,1
30,85.0,15.0,5,1,0.9445463721105517,0.7886728961484951,1
30,86.0,14.0,5,1,0.9100235682728964,0.7886728961484951,1
30,87.0,13.0,5,1,0.9567877661231452,0.7886728961484951,1
30,88.0,12.0,5,1,0.9287888861504587,0.7886728961484951,1
30,89.0,11.0,5,1,0.8571772427013226,0.7886728961484951,1
30,90.0,10.0,5,1,0.9432756477710216,0.7886728961484951,1
30,91.0,9.0,5,1,0.9626100721160572,0.7886728961484951,1
30,92.0,8.0,5,1,0.8689590925341705,0.7886728961484951,1
30,93.0,7.0,5,1,0.9698447016638172,0.7886728961484951,1
30,94.0,6.0,5,1,0.9252309794225028,0.7886728961484951,1
30,95.0,5.0,5,1,0.9817512327071751,0.7886728961484951,1
30,96.0,4.0,5,1,0.7484362357459008,0.7886728961484951,0
30,97.0,3.0,5,1,0.9543353507360789,0.7886728961484951,1
30,98.0,2.0,5,1,0.9609846135559253,0.7886728961484951,1
30,99.0,1.0,5,1,0.8844762873407305,0.7886728961484951,1
30,100.0,0.0,5,1,0.9584032629391258,0.7886728961484951,1
31,1.0,82.0,4,0,0.011035493453877774,0.7767036600253301,0
31,2.0,81.0,4,0,0.02086216554917795,0.7767036600253301,0
31,3.0,80.0,4,0,0.008054014427815729,0.7767036600253301,0
31,4.0,79.0,4,0,0.010600853019784263,0.7767036600253301,0
31,5.0,78.0,4,0,0.002911323829913241,0.7767036600253301,0
31,6.0,77.0,4,0,0.015206280302953928,0.7767036600253301,0
31,7.0,76.0,4,0,0.017324531879330297,0.7767036600253301,0
31,8.0,75.0,4,0,0.005853087250474869,0.7767036600253301,0
31,9.0,74.0,4,0,0.01979826423461966,0.7767036600253301,0
31,10.0,73.0,4,0,0.10801983911306602,0.7767036600253301,0
31,11.0,72.0,4,0,0.02486216554917795,0.7767036600253301,0
31,12.0,71.0,4,0,0.013029752835118322,0.7767036600253301,0
31,13.0,70.0,4,0,0.018364687012987834,0.7767036600253301,0
31,14.0,69.0,4,0,0.02172314261270888,0.7767036600253301,0
31,15.0,68.0,4,0,0.012623934331135211,0.7767036600253301,0
31,16.0,67.0,4,0,0.11035322284896126,0.7767036600253301,0
31,17.0,66.0,4,0,0.007681702095703968,0.7767036600253301,0
31,18.0,65.0,4,0,0.007442744325363352,0.7767036600253301,0
31,19.0,64.0,4,0,0.005853087250474869,0.7767036600253301,0
31,20.0,63.0,4,0,0.0065913148319172825,0.7767036600253301,0
31,21.0,62.0,4,0,0.03273835096207466,0.7767036600253301,0
31,22.0,61.0,4,0,0.012407334189061257,0.7767036600253301,0
31,23.0,60.0,4,0,0.014696180382830605,0.7767036600253301,0
31,24.0,59.0,4,0,0.011969966287708089,0.7767036600253301,0
31,25.0,58.0,4,0,0.009550040309914748,0.7767036600253301,0
31,26.0,57.0,4,0,0.010214363016401832,0.7767036600253301,0
31,27.0,56.0,4,0,0.016288593862519622,0.7767036600253301,0
31,28.0,55.0,4,0,0.04038890112152318,0.7767036600253301,0
31,29.0,54.0,4,0,0.010428134340587194,0.7767036600253301,0
31,30.0,53.0,4,0,0.007860776079949488,0.7767036600253301,0
31,31.0,52.0,4,0,0.05917531635465696,0.7767036600253301,0
31,32.0,51.0,4,0,0.051699451556552846,0.7767036600253301,0
31,33.0,50.0,4,0,0.0715191828888337,0.7767036600253301,0
31,34.0,49.0,4,0,0.45862193883245267,0.7767036600253301,0
31,35.0,48.0,4,0,0.437031229368905,0.7767036600253301,0
31,36.0,47.0,4,0,0.31735317594729795,0.7767036600253301,0
31,37.0,46.0,4,0,0.37835765284401274,0.7767036600253301,0
31,38.0,45.0,4,0,0.36309298554622205,0.7767036600253301,0
31,39.0,44.0,4,0,0.3036941246072196,0.7767036600253301,0
31,40.0,43.0,4,0,0.3287060325163698,0.7767036600253301,0
31,41.0,42.0,4,0,0.3790112894841342,0.7767036600253301,0
31,42.0,41.0,4,0,0.6056328187559487,0.7767036600253301,0
31,43.0,40.0,4,0,0.2553580783870952,0.7767036600253301,0
31,44.0,39.0,4,0,0.28644408102940694,0.7767036600253301,0
31,45.0,38.0,4,0,0.4360306578894279,0.7767036600253301,0
31,46.0,37.0,4,0,0.4968556485488196,0.7767036600253301,0
31,47.0,36.0,4,0,0.7174535215155484,0.7767036600253301,0
31,48.0,35.0,4,0,0.6020892440381919,0.7767036600253301,0
31,49.0,34.0,4,0,0.5768189069174845,0.7767036600253301,0
31,50.0,33.0,4,0,0.61849469641187,0.7767036600253301,0
31,51.0,32.0,4,0,0.6439593671091921,0.7767036600253301,0
31,52.0,31.0,4,0,0.7052997295774467,0.7767036600253301,0
31,53.0,30.0,4,0,0.5557770236682411,0.7767036600253301,0
31,54.0,29.0,4,0,0.558155990722059,0.7767036600253301,0
31,55.0,28.0,4,0,0.6561388766423815,0.7767036600253301,0
31,56.0,27.0,4,0,0.5143384800552062,0.7767036600253301,0
31,57.0,26.0,4,0,0.7871802984947858,0.7767036600253301,1
31,58.0,25.0,4,0,0.604976233561653,0.7767036600253301,0
31,59.0,24.0,4,0,0.7912652125748122,0.7767036600253301,1
31,60.0,23.0,4,0,0.838653245997695,0.7767036600253301,1
31,61.0,22.0,4,0,0.8527567832283213,0.7767036600253301,1
31,62.0,21.0,4,0,0.8620558112127426,0.7767036600253301,1
31,63.0,20.0,4,1,0.828761937495901,0.7767036600253301,1
31,64.0,19.0,4,1,0.6613727534108116,0.7767036600253301,0
31,65.0,18.0,4,1,0.9504313629715068,0.7767036600253301,1
31,66.0,17.0,4,1,0.8663950848350136,0.7767036600253301,1
31,67.0,16.0,4,1,0.6614861225435189,0.7767036600253301,0
31,68.0,15.0,4,1,0.8116600979293337,0.7767036600253301,1
31,69.0,14.0,4,1,0.8964760738367665,0.7767036600253301,1
31,70.0,13.0,4,1,0.807388909700784,0.7767036600253301,1
31,71.0,12.0,4,1,0.8315907144636713,0.7767036600253301,1
31,72.0,11.0,4,1,0.8625236978367871,0.7767036600253301,1
31,73.0,10.0,4,1,0.903962414497373,0.7767036600253301,1
31,74.0,9.0,4,1,0.8614749538252526,0.7767036600253301,1
31,75.0,8.0,4,1,0.910347527828386,0.7767036600253301,1
31,76.0,7.0,4,1,0.9484373708015194,0.7767036600253301,1
31,77.0,6.0,4,1,0.8550115556110787,0.7767036600253301,1
31,78.0,5.0,4,1,0.954675683456194,0.7767036600253301,1
31,79.0,4.0,4,1,0.8591193099627367,0.7767036600253301,1
31,80.0,3.0,4,1,0.9056434477230852,0.7767036600253301,1
31,81.0,2.0,4,1,0.9562911652121793,0.7767036600253301,1
31,82.0,1.0,4,1,0.9088087560254483,0.7767036600253301,1
31,83.0,0.0,4,1,0.9542643554013012,0.7767036600253301,1
32,1.0,86.0,2,0,0.020623626320330803,0.7912127720003883,0
32,2.0,85.0,2,0,0.013965132258353748,0.7912127720003883,0
32,3.0,84.0,2,0,0.016948166268422715,0.7912127720003883,0
32,4.0,83.0,2,0,0.004383083147852101,0.7912127720003883,0
32,5.0,82.0,2,0,0.01965760971822599,0.7912127720003883,0
32,6.0,81.0,2,0,0.005224831615841411,0.7912127720003883,0
32,7.0,80.0,2,0,0.0014859563005306022,0.7912127720003883,0
32,8.0,79.0,2,0,0.0037264277492502305,0.7912127720003883,0
32,9.0,78.0,2,0,0.005897110450738718,0.7912127720003883,0
32,10.0,77.0,2,0,0.015033796415780525,0.7912127720003883,0
32,11.0,76.0,2,0,0.009164551577410057,0.7912127720003883,0
32,12.0,75.0,2,0,0.0029641575380428063,0.7912127720003883,0
32,13.0,74.0,2,0,0.05169149879967671,0.7912127720003883,0
32,14.0,73.0,2,0,0.003494198607249599,0.7912127720003883,0
32,15.0,72.0,2,0,0.005375052028204885,0.7912127720003883,0
32,16.0,71.0,2,0,0.01739867356193844,0.7912127720003883,0
32,17.0,70.0,2,0,0.0015105896250967854,0.7912127720003883,0
32,18.0,69.0,2,0,0.009953069370080942,0.7912127720003883,0
32,19.0,68.0,2,0,0.030727248914388904,0.7912127720003883,0
32,20.0,67.0,2,0,0.017202874878114296,0.7912127720003883,0
32,21.0,66.0,2,0,0.058084608950974705,0.7912127720003883,0
32,22.0,65.0,2,0,0.04071414253010936,0.7912127720003883,0
32,23.0,64.0,2,0,0.008678563800162681,0.7912127720003883,0
32,24.0,63.0,2,0,0.015919642761202675,0.7912127720003883,0
32,25.0,62.0,2,0,0.008384390474019227,0.7912127720003883,0
32,26.0,61.0,2,0,0.0680780510550647,0.7912127720003883,0
32,27.0,60.0,2,0,0.0035273064195509357,0.7912127720003883,0
32,28.0,59.0,2,0,0.010612774004976323,0.7912127720003883,0
32,29.0,58.0,2,0,0.055379734804866944,0.7912127720003883,0
32,30.0,57.0,2,0,0.023408883977802684,0.7912127720003883,0
32,31.0,56.0,2,0,0.022291012389896444,0.7912127720003883,0
32,32.0,55.0,2,0,0.08602262631626399,0.7912127720003883,0
32,33.0,54.0,2,0,0.23248665724672934,0.7912127720003883,0
32,34.0,53.0,2,0,0.06298925030284461,0.7912127720003883,0
32,35.0,52.0,2,0,0.0931997093019885,0.7912127720003883,0
32,36.0,51.0,2,0,0.08564073216536566,0.7912127720003883,0
32,37.0,50.0,2,0,0.016493762010253134,0.7912127720003883,0
32,38.0,49.0,2,0,0.23600815876855183,0.7912127720003883,0
32,39.0,48.0,2,0,0.3950494615887228,0.7912127720003883,0
32,40.0,47.0,2,0,0.4258018421260798,0.7912127720003883,0
32,41.0,46.0,2,0,0.387251225658312,0.7912127720003883,0
32,42.0,45.0,2,0,0.3900666214385677,0.7912127720003883,0
32,43.0,44.0,2,0,0.6899331578209721,0.7912127720003883,0
32,44.0,43.0,2,0,0.5823128859346633,0.7912127720003883,0
32,45.0,42.0,2,0,0.41868411436310027,0.7912127720003883,0
32,46.0,41.0,2,0,0.6810913238180788,0.7912127720003883,0
32,47.0,40.0,2,0,0.7114032539961286,0.7912127720003883,0
32,48.0,39.0,2,0,0.6709185361525288,0.7912127720003883,0
32,49.0,38.0,2,0,0.3150455062507452,0.7912127720003883,0
32,50.0,37.0,2,0,0.7495001399034656,0.7912127720003883,0
32,51.0,36.0,2,0,0.7601256672635595,0.7912127720003883,0
32,52.0,35.0,2,0,0.4086898565738231,0.7912127720003883,0
32,53.0,34.0,2,0,0.652262501459277,0.7912127720003883,0
32,54.0,33.0,2,0,0.7909274502066718,0.7912127720003883,0
32,55.0,32.0,2,0,0.8460326860499726,0.7912127720003883,1
32,56.0,31.0,2,0,0.6714988044075378,0.7912127720003883,0
32,57.0,30.0,2,0,0.8466755222839331,0.7912127720003883,1
32,58.0,29.0,2,0,0.7870949636629562,0.7912127720003883,0
32,59.0,28.0,2,0,0.5864597069285479,0.7912127720003883,0
32,60.0,27.0,2,0,0.8926211196803921,0.7912127720003883,1
32,61.0,26.0,2,0,0.6914728986589493,0.7912127720003883,0
32,62.0,25.0,2,0,0.7897238401603566,0.7912127720003883,0
32,63.0,24.0,2,0,0.8688755262895446,0.7912127720003883,1
32,64.0,23.0,2,0,0.6710400553933884,0.7912127720003883,0
32,65.0,22.0,2,0,0.8357215895696706,0.7912127720003883,1
32,66.0,21.0,2,0,0.7729489058328542,0.7912127720003883,0
32,67.0,20.0,2,1,0.8033260082387563,0.7912127720003883,1
32,68.0,19.0,2,1,0.9092295927797679,0.7912127720003883,1
32,69.0,18.0,2,1,0.8635269084201423,0.7912127720003883,1
32,70.0,17.0,2,1,0.8279724331526793,0.7912127720003883,1
32,71.0,16.0,2,1,0.743302771710692,0.7912127720003883,0
32,72.0,15.0,2,1,0.8725054134717641,0.7912127720003883,1
32,73.0,14.0,2,1,0.832644933716328,0.7912127720003883,1
32,74.0,13.0,2,1,0.7903695235559187,0.7912127720003883,0
32,75.0,12.0,2,1,0.8630511071983399,0.7912127720003883,1
32,76.0,11.0,2,1,0.7967095539628921,0.7912127720003883,1
32,77.0,10.0,2,1,0.9171784487942903,0.7912127720003883,1
32,78.0,9.0,2,1,0.9119246227517749,0.7912127720003883,1
32,79.0,8.0,2,1,0.9052705869132309,0.7912127720003883,1
32,80.0,7.0,2,1,0.9465841125218774,0.7912127720003883,1
32,81.0,6.0,2,1,0.9373486208430666,0.7912127720003883,1
32,82.0,5.0,2,1,0.9705613929191862,0.7912127720003883,1
32,83.0,4.0,2,1,0.9375250495353861,0.7912127720003883,1
32,84.0,3.0,2,1,0.9647668960967195,0.7912127720003883,1
32,85.0,2.0,2,1,0.9004235032898527,0.7912127720003883,1
32,86.0,1.0,2,1,0.9173060150454231,0.7912127720003883,1
32,87.0,0.0,2,1,0.9629791997791384,0.7912127720003883,1
33,1.0,98.0,3,0,0.008327416017419645,0.7899421635739077,0
33,2.0,97.0,3,0,0.019530284868217698,0.7899421635739077,0
33,3.0,96.0,3,0,0.01101135059986122,0.7899421635739077,0
33,4.0,95.0,3,0,0.06237876887678672,0.7899421635739077,0
33,5.0,94.0,3,0,0.018989687494985984,0.7899421635739077,0
33,6.0,93.0,3,0,0.015016589023930244,0.7899421635739077,0
33,7.0,92.0,3,0,0.04179390169259186,0.7899421635739077,0
33,8.0,91.0,3,0,0.03461184787296489,0.7899421635739077,0
33,9.0,90.0,3,0,0.02789494048128169,0.7899421635739077,0
33,10.0,89.0,3,0,0.006281863456537381,0.7899421635739077,0
33,11.0,88.0,3,0,0.01170187505639222,0.7899421635739077,0
33,12.0,87.0,3,0,0.008883115951330959,0.7899421635739077,0
33,13.0,86.0,3,0,0.027921633855550663,0.7899421635739077,0
33,14.0,85.0,3,0,0.007309567166210938,0.7899421635739077,0
33,15.0,84.0,3,0,0.028066168210116812,0.7899421635739077,0
33,16.0,83.0,3,0,0.009766386484669641,0.7899421635739077,0
33,17.0,82.0,3,0,0.0023905309119766002,0.7899421635739077,0
33,18.0,81.0,3,0,0.015984523966826387,0.7899421635739077,0
33,19.0,80.0,3,0,0.018989687494985984,0.7899421635739077,0
33,20.0,79.0,3,0,0.02673910108020737,0.7899421635739077,0
33,21.0,78.0,3,0,0.012892220746692365,0.7899421635739077,0
33,22.0,77.0,3,0,0.02745648964189092,0.7899421635739077,0
33,23.0,76.0,3,0,0.011384799878876552,0.7899421635739077,0
33,24.0,75.0,3,0,0.013493963297492476,0.7899421635739077,0
33,25.0,74.0,3,0,0.016513060232388414,0.7899421635739077,0
33,26.0,73.0,3,0,0.013249180182462265,0.7899421635739077,0
33,27.0,72.0,3,0,0.006053203532201398,0.7899421635739077,0
33,28.0,71.0,3,0,0.005301301600084959,0.7899421635739077,0
33,29.0,70.0,3,0,0.007067406183184689,0.7899421635739077,0
33,30.0,69.0,3,0,0.0416060988491911,0.7899421635739077,0
33,31.0,68.0,3,0,0.032768836255057214,0.7899421635739077,0
33,32.0,67.0,3,0,0.09140760254248351,0.7899421635739077,0
33,33.0,66.0,3,0,0.01110951738569776,0.7899421635739077,0
33,34.0,65.0,3,0,0.12724047997704246,0.7899421635739077,0
33,35.0,64.0,3,0,0.0343245774870802,0.7899421635739077,0
33,36.0,63.0,3,0,0.1593765948779455,0.7899421635739077,0
33,37.0,62.0,3,0,0.1013210808954027,0.7899421635739077,0
33,38.0,61.0,3,0,0.023397111857266128,0.7899421635739077,0
33,39.0,60.0,3,0,0.34657376931132944,0.7899421635739077,0
33,40.0,59.0,3,0,0.6182157225379923,0.7899421635739077,0
33,41.0,58.0,3,0,0.4732408254036504,0.7899421635739077,0
33,42.0,57.0,3,0,0.4209397404112961,0.7899421635739077,0
33,43.0,56.0,3,0,0.24400860628228566,0.7899421635739077,0
33,44.0,55.0,3,0,0.16005680948852133,0.7899421635739077,0
33,45.0,54.0,3,0,0.6919961790554477,0.7899421635739077,0
33,46.0,53.0,3,0,0.33010448384300434,0.7899421635739077,0
33,47.0,52.0,3,0,0.5115173854999402,0.7899421635739077,0
33,48.0,51.0,3,0,0.2960164807047284,0.7899421635739077,0
33,49.0,50.0,3,0,0.4256004232092503,0.7899421635739077,0
33,50.0,49.0,3,0,0.6516185803216089,0.7899421635739077,0
33,51.0,48.0,3,0,0.7179318699321949,0.7899421635739077,0
33,52.0,47.0,3,0,0.6155063546956714,0.7899421635739077,0
33,53.0,46.0,3,0,0.5413368994727529,0.7899421635739077,0
33,54.0,45.0,3,0,0.6789854023263977,0.7899421635739077,0
33,55.0,44.0,3,0,0.49929848392164583,0.7899421635739077,0
33,56.0,43.0,3,0,0.568771098855069,0.7899421635739077,0
33,57.0,42.0,3,0,0.6803429804887657,0.7899421635739077,0
33,58.0,41.0,3,0,0.6201866213160142,0.7899421635739077,0
33,59.0,40.0,3,0,0.44940208499249773,0.7899421635739077,0
33,60.0,39.0,3,0,0.7469457008383831,0.7899421635739077,0
33,61.0,38.0,3,0,0.4457445787598222,0.7899421635739077,0
33,62.0,37.0,3,0,0.7089394606856146,0.7899421635739077,0
33,63.0,36.0,3,0,0.7148646893697427,0.7899421635739077,0
33,64.0,35.0,3,0,0.7627822915377593,0.7899421635739077,0
33,65.0,34.0,3,0,0.7875170993236302,0.7899421635739077,0
33,66.0,33.0,3,0,0.8855570029884949,0.7899421635739077,1
33,67.0,32.0,3,0,0.9067155208280948,0.7899421635739077,1
33,68.0,31.0,3,0,0.8907870335262972,0.7899421635739077,1
33,69.0,30.0,3,0,0.9381031490891608,0.7899421635739077,1
33,70.0,29.0,3,0,0.8559028026289603,0.7899421635739077,1
33,71.0,28.0,3,0,0.8617335126468857,0.7899421635739077,1
33,72.0,27.0,3,0,0.9177038905887132,0.7899421635739077,1
33,73.0,26.0,3,0,0.8048613368760889,0.7899421635739077,1
33,74.0,25.0,3,0,0.9551722023569954,0.7899421635739077,1
33,75.0,24.0,3,0,0.7540135225245642,0.7899421635739077,0
33,76.0,23.0,3,0,0.9336743081621323,0.7899421635739077,1
33,77.0,22.0,3,0,0.8168463987814013,0.7899421635739077,1
33,78.0,21.0,3,0,0.923103056191318,0.7899421635739077,1
33,79.0,20.0,3,1,0.8612799160370292,0.7899421635739077,1
33,80.0,19.0,3,1,0.911866762571532,0.7899421635739077,1
33,81.0,18.0,3,1,0.9317112642064055,0.7899421635739077,1
33,82.0,17.0,3,1,0.8339409740138415,0.7899421635739077,1
33,83.0,16.0,3,1,0.9224306135834707,0.7899421635739077,1
33,84.0,15.0,3,1,0.9649315897717021,0.7899421635739077,1
33,85.0,14.0,3,1,0.899698112937922,0.7899421635739077,1
33,86.0,13.0,3,1,0.8348530929597086,0.7899421635739077,1
33,87.0,12.0,3,1,0.9172800246024378,0.7899421635739077,1
33,88.0,11.0,3,1,0.9254676167692352,0.7899421635739077,1
33,89.0,10.0,3,1,0.8662717722542117,0.7899421635739077,1
33,90.0,9.0,3,1,0.9377893319832271,0.7899421635739077,1
33,91.0,8.0,3,1,0.9561937079463837,0.7899421635739077,1
33,92.0,7.0,3,1,0.8727221842963282,0.7899421635739077,1
33,93.0,6.0,3,1,0.9077662433978899,0.7899421635739077,1
33,94.0,5.0,3,1,0.9255617647702828,0.7899421635739077,1
33,95.0,4.0,3,1,0.9187269357748222,0.7899421635739077,1
33,96.0,3.0,3,1,0.9742518850620542,0.7899421635739077,1
33,97.0,2.0,3,1,0.9406880895626669,0.7899421635739077,1
33,98.0,1.0,3,1,0.9445923334349382,0.7899421635739077,1
33,99.0,0.0,3,1,0.755837417639257,0.7899421635739077,0
34,1.0,72.0,2,0,0.019587643815505183,0.7912127720003883,0
34,2.0,71.0,2,0,0.05520959682877923,0.7912127720003883,0
34,3.0,70.0,2,0,0.009086782758677093,0.7912127720003883,0
34,4.0,69.0,2,0,0.004912233866367113,0.7912127720003883,0
34,5.0,68.0,2,0,0.014083506270758666,0.7912127720003883,0
34,6.0,67.0,2,0,0.06526490427246531,0.7912127720003883,0
34,7.0,66.0,2,0,0.00480576320919482,0.7912127720003883,0
34,8.0,65.0,2,0,0.010481600447038468,0.7912127720003883,0
34,9.0,64.0,2,0,0.029393551030718893,0.7912127720003883,0
34,10.0,63.0,2,0,0.04922264478144682,0.7912127720003883,0
34,11.0,62.0,2,0,0.012037140498546438,0.7912127720003883,0
34,12.0,61.0,2,0,0.010072507072387717,0.7912127720003883,0
34,13.0,60.0,2,0,0.006736982115123103,0.7912127720003883,0
34,14.0,59.0,2,0,0.0028738532703006412,0.7912127720003883,0
34,15.0,58.0,2,0,0.022172522379552095,0.7912127720003883,0
34,16.0,57.0,2,0,0.0064905842116633845,0.7912127720003883,0
34,17.0,56.0,2,0,0.01728424697774958,0.7912127720003883,0
34,18.0,55.0,2,0,0.04991357637619883,0.7912127720003883,0
34,19.0,54.0,2,0,0.0231883348011745,0.7912127720003883,0
34,20.0,53.0,2,0,0.014057872793034217,0.7912127720003883,0
34,21.0,52.0,2,0,0.012215175531043704,0.7912127720003883,0
34,22.0,51.0,2,0,0.018643382845009406,0.7912127720003883,0
34,23.0,50.0,2,0,0.016649281199201005,0.7912127720003883,0
34,24.0,49.0,2,0,0.0006661102614681395,0.7912127720003883,0
34,25.0,48.0,2,0,0.017604025163422854,0.7912127720003883,0
34,26.0,47.0,2,0,0.010196687540074254,0.7912127720003883,0
34,27.0,46.0,2,0,0.005745126526461574,0.7912127720003883,0
34,28.0,45.0,2,0,0.010930230980843166,0.7912127720003883,0
34,29.0,44.0,2,0,0.008078217408659704,0.7912127720003883,0
34,30.0,43.0,2,0,0.023887726623641442,0.7912127720003883,0
34,31.0,42.0,2,0,0.0503958230824598,0.7912127720003883,0
34,32.0,41.0,2,0,0.040916040951169456,0.7912127720003883,0
34,33.0,40.0,2,0,0.05332150013519625,0.7912127720003883,0
34,34.0,39.0,2,0,0.034624998242921534,0.7912127720003883,0
34,35.0,38.0,2,0,0.18828515044796354,0.7912127720003883,0
34,36.0,37.0,2,0,0.12341652630973715,0.7912127720003883,0
34,37.0,36.0,2,0,0.1598818444600526,0.7912127720003883,0
34,38.0,35.0,2,0,0.36586345419953814,0.7912127720003883,0
34,39.0,34.0,2,0,0.2830614850151884,0.7912127720003883,0
34,40.0,33.0,2,0,0.35576412663622164,0.7912127720003883,0
34,41.0,32.0,2,0,0.3698324955378446,0.7912127720003883,0
34,42.0,31.0,2,0,0.7013663394913501,0.7912127720003883,0
34,43.0,30.0,2,0,0.7076304742497416,0.7912127720003883,0
34,44.0,29.0,2,0,0.5020900198902722,0.7912127720003883,0
34,45.0,28.0,2,0,0.613284749216184,0.7912127720003883,0
34,46.0,27.0,2,0,0.6532026182783053,0.7912127720003883,0
34,47.0,26.0,2,0,0.6136827523558823,0.7912127720003883,0
34,48.0,25.0,2,0,0.6170158204888005,0.7912127720003883,0
34,49.0,24.0,2,0,0.5297506901991541,0.7912127720003883,0
34,50.0,23.0,2,0,0.6769167603689439,0.7912127720003883,0
34,51.0,22.0,2,0,0.3551025453990963,0.7912127720003883,0
34,52.0,21.0,2,0,0.7121363297324868,0.7912127720003883,0
34,53.0,20.0,2,1,0.5519167833312666,0.7912127720003883,0
34,54.0,19.0,2,1,0.43455179953465134,0.7912127720003883,0
34,55.0,18.0,2,1,0.7221600897387667,0.7912127720003883,0
34,56.0,17.0,2,1,0.788962537708498,0.7912127720003883,0
34,57.0,16.0,2,1,0.8812544218068666,0.7912127720003883,1
34,58.0,15.0,2,1,0.744978038911518,0.7912127720003883,0
34,59.0,14.0,2,1,0.745431422421015,0.7912127720003883,0
34,60.0,13.0,2,1,0.822408181625552,0.7912127720003883,1
34,61.0,12.0,2,1,0.6812952331607633,0.7912127720003883,0
34,62.0,11.0,2,1,0.9427906442375008,0.7912127720003883,1
34,63.0,10.0,2,1,0.803242808245712,0.7912127720003883,1
34,64.0,9.0,2,1,0.861521668192541,0.7912127720003883,1
34,65.0,8.0,2,1,0.839008166742651,0.7912127720003883,1
34,66.0,7.0,2,1,0.6953647220943464,0.7912127720003883,0
34,67.0,6.0,2,1,0.923305471438979,0.7912127720003883,1
34,68.0,5.0,2,1,0.801316904999647,0.7912127720003883,1
34,69.0,4.0,2,1,0.7012819286076711,0.7912127720003883,0
34,70.0,3.0,2,1,0.8903771718404252,0.7912127720003883,1
34,71.0,2.0,2,1,0.8001078435518251,0.7912127720003883,1
34,72.0,1.0,2,1,0.8931427220374889,0.7912127720003883,1
34,73.0,0.0,2,1,0.7319399321448793,0.7912127720003883,0
35,1.0,84.0,1,0,0.013647169771921777,0.8012529878443658,0
35,2.0,83.0,1,0,0.009656884075387537,0.8012529878443658,0
35,3.0,82.0,1,0,0.008729559931042985,0.8012529878443658,0
35,4.0,81.0,1,0,0.033350580276326584,0.8012529878443658,0
35,5.0,80.0,1,0,0.007824386761154628,0.8012529878443658,0
35,6.0,79.0,1,0,0.009359602931083694,0.8012529878443658,0
35,7.0,78.0,1,0,0.007590286412634414,0.8012529878443658,0
35,8.0,77.0,1,0,0.006308374698788161,0.8012529878443658,0
35,9.0,76.0,1,0,0.017871416386510325,0.8012529878443658,0
35,10.0,75.0,1,0,0.014642003540702754,0.8012529878443658,0
35,11.0,74.0,1,0,0.030304105769500878,0.8012529878443658,0
35,12.0,73.0,1,0,0.033350580276326584,0.8012529878443658,0
35,13.0,72.0,1,0,0.05463932094549595,0.8012529878443658,0
35,14.0,71.0,1,0,0.022003975066516458,0.8012529878443658,0
35,15.0,70.0,1,0,0.03222786264630866,0.8012529878443658,0
35,16.0,69.0,1,0,0.006308374698788161,0.8012529878443658,0
35,17.0,68.0,1,0,0.08667129234013174,0.8012529878443658,0
35,18.0,67.0,1,0,0.014397703237464215,0.8012529878443658,0
35,19.0,66.0,1,0,0.022003975066516458,0.8012529878443658,0
35,20.0,65.0,1,0,0.011553759140122319,0.8012529878443658,0
35,21.0,64.0,1,0,0.03580032720210597,0.8012529878443658,0
35,22.0,63.0,1,0,0.016546156295721735,0.8012529878443658,0
35,23.0,62.0,1,0,0.008425670830238863,0.8012529878443658,0
35,24.0,61.0,1,0,0.021318655942885324,0.8012529878443658,0
35,25.0,60.0,1,0,0.03976195915968764,0.8012529878443658,0
35,26.0,59.0,1,0,0.07647519556187692,0.8012529878443658,0
35,27.0,58.0,1,0,0.018917826035054226,0.8012529878443658,0
35,28.0,57.0,1,0,0.019823426867926666,0.8012529878443658,0
35,29.0,56.0,1,0,0.059556156105092774,0.8012529878443658,0
35,30.0,55.0,1,0,0.14223655360257997,0.8012529878443658,0
35,31.0,54.0,1,0,0.24600574090597543,0.8012529878443658,0
35,32.0,53.0,1,0,0.5924504059647872,0.8012529878443658,0
35,33.0,52.0,1,0,0.132986254570199,0.8012529878443658,0
35,34.0,51.0,1,0,0.642550354434025,0.8012529878443658,0
35,35.0,50.0,1,0,0.3040926151255456,0.8012529878443658,0
35,36.0,49.0,1,0,0.15619993814840358,0.8012529878443658,0
35,37.0,48.0,1,0,0.4215148934697368,0.8012529878443658,0
35,38.0,47.0,1,0,0.2422926110207181,0.8012529878443658,0
35,39.0,46.0,1,0,0.3009701151262827,0.8012529878443658,0
35,40.0,45.0,1,0,0.39626906251999744,0.8012529878443658,0
35,41.0,44.0,1,0,0.46576434408442424,0.8012529878443658,0
35,42.0,43.0,1,0,0.27615139140571615,0.8012529878443658,0
35,43.0,42.0,1,0,0.775821882743164,0.8012529878443658,0
35,44.0,41.0,1,0,0.5600853390379678,0.8012529878443658,0
35,45.0,40.0,1,0,0.6885127498275911,0.8012529878443658,0
35,46.0,39.0,1,0,0.444453593778179,0.8012529878443658,0
35,47.0,38.0,1,0,0.7653953206059382,0.8012529878443658,0
35,48.0,37.0,1,0,0.7058082028343737,0.8012529878443658,0
35,49.0,36.0,1,0,0.7683744736285134,0.8012529878443658,0
35,50.0,35.0,1,0,0.6358291358120601,0.8012529878443658,0
35,51.0,34.0,1,0,0.3527541109422994,0.8012529878443658,0
35,52.0,33.0,1,0,0.6892991567907386,0.8012529878443658,0
35,53.0,32.0,1,0,0.8197921916630799,0.8012529878443658,1
35,54.0,31.0,1,0,0.8128149055325716,0.8012529878443658,1
35,55.0,30.0,1,0,0.7656679836277974,0.8012529878443658,0
35,56.0,29.0,1,0,0.7627418680774684,0.8012529878443658,0
35,57.0,28.0,1,0,0.7996080021126896,0.8012529878443658,0
35,58.0,27.0,1,0,0.703798659326252,0.8012529878443658,0
35,59.0,26.0,1,0,0.7825825791278995,0.8012529878443658,0
35,60.0,25.0,1,0,0.7731203412945303,0.8012529878443658,0
35,61.0,24.0,1,0,0.8526190386783463,0.8012529878443658,1
35,62.0,23.0,1,0,0.8823040671309181,0.8012529878443658,1
35,63.0,22.0,1,0,0.7972656619948442,0.8012529878443658,0
35,64.0,21.0,1,0,0.6863012257256753,0.8012529878443658,0
35,65.0,20.0,1,1,0.8155551279546065,0.8012529878443658,1
35,66.0,19.0,1,1,0.8824191414893616,0.8012529878443658,1
35,67.0,18.0,1,1,0.8740988950564847,0.8012529878443658,1
35,68.0,17.0,1,1,0.9066190173098901,0.8012529878443658,1
35,69.0,16.0,1,1,0.8823395758777152,0.8012529878443658,1
35,70.0,15.0,1,1,0.9240153979777489,0.8012529878443658,1
35,71.0,14.0,1,1,0.8753118547401967,0.8012529878443658,1
35,72.0,13.0,1,1,0.9378761569874526,0.8012529878443658,1
35,73.0,12.0,1,1,0.9104929633486404,0.8012529878443658,1
35,74.0,11.0,1,1,0.7708778160274433,0.8012529878443658,0
35,75.0,10.0,1,1,0.8649014048007851,0.8012529878443658,1
35,76.0,9.0,1,1,0.9663151432803453,0.8012529878443658,1
35,77.0,8.0,1,1,0.9093511420349132,0.8012529878443658,1
35,78.0,7.0,1,1,0.8697699630291607,0.8012529878443658,1
35,79.0,6.0,1,1,0.9336435306234149,0.8012529878443658,1
35,80.0,5.0,1,1,0.9620402029146545,0.8012529878443658,1
35,81.0,4.0,1,1,0.8902300420128059,0.8012529878443658,1
35,82.0,3.0,1,1,0.9694219324146675,0.8012529878443658,1
35,83.0,2.0,1,1,0.9504566052533381,0.8012529878443658,1
35,84.0,1.0,1,1,0.8997567857091178,0.8012529878443658,1
35,85.0,0.0,1,1,0.9219864191465372,0.8012529878443658,1
36,1.0,79.0,5,0,0.003927529111362439,0.7886728961484951,0
36,2.0,78.0,5,0,0.003645221968626693,0.7886728961484951,0
36,3.0,77.0,5,0,0.006703471687724039,0.7886728961484951,0
36,4.0,76.0,5,0,0.006689941389663215,0.7886728961484951,0
36,5.0,75.0,5,0,0.005833652398720912,0.7886728961484951,0
36,6.0,74.0,5,0,0.006656358347488462,0.7886728961484951,0
36,7.0,73.0,5,0,0.005977340403126781,0.7886728961484951,0
36,8.0,72.0,5,0,0.0070426766229998855,0.7886728961484951,0
36,9.0,71.0,5,0,0.005833652398720912,0.7886728961484951,0
36,10.0,70.0,5,0,0.006282102080454889,0.7886728961484951,0
36,11.0,69.0,5,0,0.005455909614991476,0.7886728961484951,0
36,12.0,68.0,5,0,0.005225661332647505,0.7886728961484951,0
36,13.0,67.0,5,0,0.026065581761418124,0.7886728961484951,0
36,14.0,66.0,5,0,0.010345037679444091,0.7886728961484951,0
36,15.0,65.0,5,0,0.00608696217673076,0.7886728961484951,0
36,16.0,64.0,5,0,0.00974351498144315,0.7886728961484951,0
36,17.0,63.0,5,0,0.04130918898920376,0.7886728961484951,0
36,18.0,62.0,5,0,0.007506382279421799,0.7886728961484951,0
36,19.0,61.0,5,0,0.006883609697491755,0.7886728961484951,0
36,20.0,60.0,5,0,0.014842201042461504,0.7886728961484951,0
36,21.0,59.0,5,0,0.003338207283832417,0.7886728961484951,0
36,22.0,58.0,5,0,0.00161022805241741,0.7886728961484951,0
36,23.0,57.0,5,0,0.004540196647290382,0.7886728961484951,0
36,24.0,56.0,5,0,0.011476001461932719,0.7886728961484951,0
36,25.0,55.0,5,0,0.017655924142037503,0.7886728961484951,0
36,26.0,54.0,5,0,0.0025883844560085066,0.7886728961484951,0
36,27.0,53.0,5,0,0.004083365471048533,0.7886728961484951,0
36,28.0,52.0,5,0,0.006549321058034554,0.7886728961484951,0
36,29.0,51.0,5,0,0.0113348486263557,0.7886728961484951,0
36,30.0,50.0,5,0,0.006513839814218953,0.7886728961484951,0
36,31.0,49.0,5,0,0.0061837070332036205,0.7886728961484951,0
36,32.0,48.0,5,0,0.01906678950052507,0.7886728961484951,0
36,33.0,47.0,5,0,0.02038727239413004,0.7886728961484951,0
36,34.0,46.0,5,0,0.09842973335721107,0.7886728961484951,0
36,35.0,45.0,5,0,0.019815345975120528,0.7886728961484951,0
36,36.0,44.0,5,0,0.01195685651754716,0.7886728961484951,0
36,37.0,43.0,5,0,0.08373556490000915,0.7886728961484951,0
36,38.0,42.0,5,0,0.019426448087919115,0.7886728961484951,0
36,39.0,41.0,5,0,0.15724344344336538,0.7886728961484951,0
36,40.0,40.0,5,0,0.16258545965145718,0.7886728961484951,0
36,41.0,39.0,5,0,0.012042615203868937,0.7886728961484951,0
36,42.0,38.0,5,0,0.216919885378154,0.7886728961484951,0
36,43.0,37.0,5,0,0.11574070347885697,0.7886728961484951,0
36,44.0,36.0,5,0,0.3170963709984418,0.7886728961484951,0
36,45.0,35.0,5,0,0.2984233678457171,0.7886728961484951,0
36,46.0,34.0,5,0,0.35526535924409486,0.7886728961484951,0
36,47.0,33.0,5,0,0.6513951709495792,0.7886728961484951,0
36,48.0,32.0,5,0,0.6624709242771035,0.7886728961484951,0
36,49.0,31.0,5,0,0.5153764908320165,0.7886728961484951,0
36,50.0,30.0,5,0,0.5635767578047137,0.7886728961484951,0
36,51.0,29.0,5,0,0.5733990167143996,0.7886728961484951,0
36,52.0,28.0,5,0,0.7057729036114456,0.7886728961484951,0
36,53.0,27.0,5,0,0.694530044627001,0.7886728961484951,0
36,54.0,26.0,5,0,0.6956920403060126,0.7886728961484951,0
36,55.0,25.0,5,0,0.5859823306064114,0.7886728961484951,0
36,56.0,24.0,5,0,0.7522896641050092,0.7886728961484951,0
36,57.0,23.0,5,0,0.7558888472284312,0.7886728961484951,0
36,58.0,22.0,5,0,0.8452242846139515,0.7886728961484951,1
36,59.0,21.0,5,0,0.8913299698240774,0.7886728961484951,1
36,60.0,20.0,5,1,0.8313315851469898,0.7886728961484951,1
36,61.0,19.0,5,1,0.8506090964007696,0.7886728961484951,1
36,62.0,18.0,5,1,0.8527716075729067,0.7886728961484951,1
36,63.0,17.0,5,1,0.9376719612381252,0.7886728961484951,1
36,64.0,16.0,5,1,0.9018603743106417,0.7886728961484951,1
36,65.0,15.0,5,1,0.9110759982969876,0.7886728961484951,1
36,66.0,14.0,5,1,0.8611986552142,0.7886728961484951,1
36,67.0,13.0,5,1,0.92870808364576,0.7886728961484951,1
36,68.0,12.0,5,1,0.8994869595299971,0.7886728961484951,1
36,69.0,11.0,5,1,0.7928967033729015,0.7886728961484951,1
36,70.0,10.0,5,1,0.9440154508352218,0.7886728961484951,1
36,71.0,9.0,5,1,0.7875449473595643,0.7886728961484951,0
36,72.0,8.0,5,1,0.8693542294766323,0.7886728961484951,1
36,73.0,7.0,5,1,0.935891809371474,0.7886728961484951,1
36,74.0,6.0,5,1,0.8853325714937994,0.7886728961484951,1
36,75.0,5.0,5,1,0.9292838682770859,0.7886728961484951,1
36,76.0,4.0,5,1,0.9503736336648035,0.7886728961484951,1
36,77.0,3.0,5,1,0.9235637388633309,0.7886728961484951,1
36,78.0,2.0,5,1,0.9501202195766204,0.7886728961484951,1
36,79.0,1.0,5,1,0.9293838174589519,0.7886728961484951,1
36,80.0,0.0,5,1,0.9614684397879437,0.7886728961484951,1
37,1.0,79.0,1,0,0.01268504644339004,0.8012529878443658,0
37,2.0,78.0,1,0,0.011654335912800748,0.8012529878443658,0
37,3.0,77.0,1,0,0.02437718311815661,0.8012529878443658,0
37,4.0,76.0,1,0,0.029296458578805074,0.8012529878443658,0
37,5.0,75.0,1,0,0.0139690305404478,0.8012529878443658,0
37,6.0,74.0,1,0,0.025126871304960746,0.8012529878443658,0
37,7.0,73.0,1,0,0.016802524567813202,0.8012529878443658,0
37,8.0,72.0,1,0,0.011577055330806652,0.8012529878443658,0
37,9.0,71.0,1,0,0.011952102504780278,0.8012529878443658,0
37,10.0,70.0,1,0,0.023049132199839787,0.8012529878443658,0
37,11.0,69.0,1,0,0.014152773858827947,0.8012529878443658,0
37,12.0,68.0,1,0,0.016188514412978357,0.8012529878443658,0
37,13.0,67.0,1,0,0.013645368125773187,0.8012529878443658,0
37,14.0,66.0,1,0,0.017207168844135402,0.8012529878443658,0
37,15.0,65.0,1,0,0.02131936330375551,0.8012529878443658,0
37,16.0,64.0,1,0,0.011843457267281523,0.8012529878443658,0
37,17.0,63.0,1,0,0.01331453219275197,0.8012529878443658,0
37,18.0,62.0,1,0,0.002361293579675394,0.8012529878443658,0
37,19.0,61.0,1,0,0.007290695751613528,0.8012529878443658,0
37,20.0,60.0,1,0,0.018646968900239615,0.8012529878443658,0
37,21.0,59.0,1,0,0.048221161705236944,0.8012529878443658,0
37,22.0,58.0,1,0,0.016573184063930498,0.8012529878443658,0
37,23.0,57.0,1,0,0.0203765808795359,0.8012529878443658,0
37,24.0,56.0,1,0,0.010912662959608986,0.8012529878443658,0
37,25.0,55.0,1,0,0.0314610408662566,0.8012529878443658,0
37,26.0,54.0,1,0,0.020320071323618523,0.8012529878443658,0
37,27.0,53.0,1,0,0.021889927334850044,0.8012529878443658,0
37,28.0,52.0,1,0,0.0139690305404478,0.8012529878443658,0
37,29.0,51.0,1,0,0.033888998414630306,0.8012529878443658,0
37,30.0,50.0,1,0,0.14066345037208372,0.8012529878443658,0
37,31.0,49.0,1,0,0.047826062413797006,0.8012529878443658,0
37,32.0,48.0,1,0,0.03235696882678249,0.8012529878443658,0
37,33.0,47.0,1,0,0.07544290191214646,0.8012529878443658,0
37,34.0,46.0,1,0,0.03446365295020637,0.8012529878443658,0
37,35.0,45.0,1,0,0.17423911679721427,0.8012529878443658,0
37,36.0,44.0,1,0,0.13847041897255954,0.8012529878443658,0
37,37.0,43.0,1,0,0.18421374474208294,0.8012529878443658,0
37,38.0,42.0,1,0,0.23000954655132902,0.8012529878443658,0
37,39.0,41.0,1,0,0.1654206782225212,0.8012529878443658,0
37,40.0,40.0,1,0,0.22180166011591693,0.8012529878443658,0
37,41.0,39.0,1,0,0.3455189993901493,0.8012529878443658,0
37,42.0,38.0,1,0,0.31899023202602295,0.8012529878443658,0
37,43.0,37.0,1,0,0.3318246842485198,0.8012529878443658,0
37,44.0,36.0,1,0,0.23905106907329202,0.8012529878443658,0
37,45.0,35.0,1,0,0.33189355129751297,0.8012529878443658,0
37,46.0,34.0,1,0,0.3773792302104993,0.8012529878443658,0
37,47.0,33.0,1,0,0.29371235344070895,0.8012529878443658,0
37,48.0,32.0,1,0,0.2918487344484856,0.8012529878443658,0
37,49.0,31.0,1,0,0.4670533755868394,0.8012529878443658,0
37,50.0,30.0,1,0,0.2094846816526543,0.8012529878443658,0
37,51.0,29.0,1,0,0.4566836745408301,0.8012529878443658,0
37,52.0,28.0,1,0,0.3659507984333852,0.8012529878443658,0
37,53.0,27.0,1,0,0.6368455546367495,0.8012529878443658,0
37,54.0,26.0,1,0,0.3676959663292076,0.8012529878443658,0
37,55.0,25.0,1,0,0.6295897382272858,0.8012529878443658,0
37,56.0,24.0,1,0,0.3966915380563824,0.8012529878443658,0
37,57.0,23.0,1,0,0.4988497428684313,0.8012529878443658,0
37,58.0,22.0,1,0,0.816020546469805,0.8012529878443658,1
37,59.0,21.0,1,0,0.6894190229665882,0.8012529878443658,0
37,60.0,20.0,1,1,0.6967855821040325,0.8012529878443658,0
37,61.0,19.0,1,1,0.7690995130106885,0.8012529878443658,0
37,62.0,18.0,1,1,0.7728380057390697,0.8012529878443658,0
37,63.0,17.0,1,1,0.7764523311735063,0.8012529878443658,0
37,64.0,16.0,1,1,0.8570848891891103,0.8012529878443658,1
37,65.0,15.0,1,1,0.9070529701693096,0.8012529878443658,1
37,66.0,14.0,1,1,0.9361460705477015,0.8012529878443658,1
37,67.0,13.0,1,1,0.8874834102426735,0.8012529878443658,1
37,68.0,12.0,1,1,0.9339339938643477,0.8012529878443658,1
37,69.0,11.0,1,1,0.9187954398684931,0.8012529878443658,1
37,70.0,10.0,1,1,0.9069239582552929,0.8012529878443658,1
37,71.0,9.0,1,1,0.9177393204427065,0.8012529878443658,1
37,72.0,8.0,1,1,0.9796544331023341,0.8012529878443658,1
37,73.0,7.0,1,1,0.9521054924713331,0.8012529878443658,1
37,74.0,6.0,1,1,0.8837908184313136,0.8012529878443658,1
37,75.0,5.0,1,1,0.9377089039647917,0.8012529878443658,1
37,76.0,4.0,1,1,0.9014695565693904,0.8012529878443658,1
37,77.0,3.0,1,1,0.9360289092707327,0.8012529878443658,1
37,78.0,2.0,1,1,0.9334610059279874,0.8012529878443658,1
37,79.0,1.0,1,1,0.8550727115418302,0.8012529878443658,1
37,80.0,0.0,1,1,0.9457054245643753,0.8012529878443658,1
38,1.0,64.0,5,0,0.00668335298380434,0.7886728961484951,0
38,2.0,63.0,5,0,0.00970830830825447,0.7886728961484951,0
38,3.0,62.0,5,0,0.01335779924594992,0.7886728961484951,0
38,4.0,61.0,5,0,0.017182032919586226,0.7886728961484951,0
38,5.0,60.0,5,0,0.00018117687790556616,0.7886728961484951,0
38,6.0,59.0,5,0,0.005604790745230207,0.7886728961484951,0
38,7.0,58.0,5,0,0.007414318312185844,0.7886728961484951,0
38,8.0,57.0,5,0,0.0075586802532552145,0.7886728961484951,0
38,9.0,56.0,5,0,0.017726289330435536,0.7886728961484951,0
38,10.0,55.0,5,0,5.079708186976494e-05,0.7886728961484951,0
38,11.0,54.0,5,0,0.006109628087270617,0.7886728961484951,0
38,12.0,53.0,5,0,0.005245796907871737,0.7886728961484951,0
38,13.0,52.0,5,0,0.00974900027623103,0.7886728961484951,0
38,14.0,51.0,5,0,0.0062614190672229154,0.7886728961484951,0
38,15.0,50.0,5,0,0.011522947123886233,0.7886728961484951,0
38,16.0,49.0,5,0,0.006841555181153186,0.7886728961484951,0
38,17.0,48.0,5,0,0.006498808915534027,0.7886728961484951,0
38,18.0,47.0,5,0,0.0059590291990827115,0.7886728961484951,0
38,19.0,46.0,5,0,0.034204244041515286,0.7886728961484951,0
38,20.0,45.0,5,0,0.00520387357459432,0.7886728961484951,0
38,21.0,44.0,5,0,0.0015945764937061579,0.7886728961484951,0
38,22.0,43.0,5,0,0.00659341787035444,0.7886728961484951,0
38,23.0,42.0,5,0,0.03921647240002844,0.7886728961484951,0
38,24.0,41.0,5,0,0.008446186020279576,0.7886728961484951,0
38,25.0,40.0,5,0,0.018726003322100872,0.7886728961484951,0
38,26.0,39.0,5,0,0.013276837878950294,0.7886728961484951,0
38,27.0,38.0,5,0,0.029413242080964287,0.7886728961484951,0
38,28.0,37.0,5,0,0.006137640446993569,0.7886728961484951,0
38,29.0,36.0,5,0,0.004853444696972362,0.7886728961484951,0
38,30.0,35.0,5,0,0.01133490230320237,0.7886728961484951,0
38,31.0,34.0,5,0,0.02061343229699267,0.7886728961484951,0
38,32.0,33.0,5,0,0.029808852525812977,0.7886728961484951,0
38,33.0,32.0,5,0,0.022585219380367547,0.7886728961484951,0
38,34.0,31.0,5,0,0.031939183800551434,0.7886728961484951,0
38,35.0,30.0,5,0,0.028474490628099453,0.7886728961484951,0
38,36.0,29.0,5,0,0.06977067799449796,0.7886728961484951,0
38,37.0,28.0,5,0,0.14291943339371133,0.7886728961484951,0
38,38.0,27.0,5,0,0.13920708230219517,0.7886728961484951,0
38,39.0,26.0,5,0,0.1012607005449617,0.7886728961484951,0
38,40.0,25.0,5,0,0.19423119770955308,0.7886728961484951,0
38,41.0,24.0,5,0,0.07047428400913033,0.7886728961484951,0
38,42.0,23.0,5,0,0.22856015956857997,0.7886728961484951,0
38,43.0,22.0,5,0,0.025021408319400616,0.7886728961484951,0
38,44.0,21.0,5,0,0.33692730600799675,0.7886728961484951,0
38,45.0,20.0,5,1,0.5319196316261183,0.7886728961484951,0
38,46.0,19.0,5,1,0.5805158618055157,0.7886728961484951,0
38,47.0,18.0,5,1,0.5597778386399548,0.7886728961484951,0
38,48.0,17.0,5,1,0.5158266134153348,0.7886728961484951,0
38,49.0,16.0,5,1,0.6220881998731724,0.7886728961484951,0
38,50.0,15.0,5,1,0.7122351511054354,0.7886728961484951,0
38,51.0,14.0,5,1,0.5947700048668587,0.7886728961484951,0
38,52.0,13.0,5,1,0.6532139239892955,0.7886728961484951,0
38,53.0,12.0,5,1,0.6682054728743648,0.7886728961484951,0
38,54.0,11.0,5,1,0.6956410221035096,0.7886728961484951,0
38,55.0,10.0,5,1,0.7256361164538178,0.7886728961484951,0
38,56.0,9.0,5,1,0.7503233722521586,0.7886728961484951,0
38,57.0,8.0,5,1,0.52831675277107,0.7886728961484951,0
38,58.0,7.0,5,1,0.8572896880852022,0.7886728961484951,1
38,59.0,6.0,5,1,0.863806912127236,0.7886728961484951,1
38,60.0,5.0,5,1,0.9088072042870302,0.7886728961484951,1
38,61.0,4.0,5,1,0.8420723095411814,0.7886728961484951,1
38,62.0,3.0,5,1,0.9161818351652729,0.7886728961484951,1
38,63.0,2.0,5,1,0.928479819353351,0.7886728961484951,1
38,64.0,1.0,5,1,0.8997399584326775,0.7886728961484951,1
38,65.0,0.0,5,1,0.8872251482361423,0.7886728961484951,1
39,1.0,98.0,2,0,0.0077070153466980654,0.7912127720003883,0
39,2.0,97.0,2,0,0.0016438996437979836,0.7912127720003883,0
39,3.0,96.0,2,0,0.009395060712060303,0.7912127720003883,0
39,4.0,95.0,2,0,0.006635005142746629,0.7912127720003883,0
39,5.0,94.0,2,0,0.019910183722525576,0.7912127720003883,0
39,6.0,93.0,2,0,0.006152178470117034,0.7912127720003883,0
39,7.0,92.0,2,0,0.003469219436228897,0.7912127720003883,0
39,8.0,91.0,2,0,0.01019468177644504,0.7912127720003883,0
39,9.0,90.0,2,0,0.005280309499458437,0.7912127720003883,0
39,10.0,89.0,2,0,0.004441760657675039,0.7912127720003883,0
39,11.0,88.0,2,0,0.00908653013668088,0.7912127720003883,0
39,12.0,87.0,2,0,0.009805782910267121,0.7912127720003883,0
39,13.0,86.0,2,0,0.006422649721253183,0.7912127720003883,0
39,14.0,85.0,2,0,0.026122803052761503,0.7912127720003883,0
39,15.0,84.0,2,0,0.009904118526906282,0.7912127720003883,0
39,16.0,83.0,2,0,0.022512814953508067,0.7912127720003883,0
39,17.0,82.0,2,0,0.009245384270174488,0.7912127720003883,0
39,18.0,81.0,2,0,0.005017252391054968,0.7912127720003883,0
39,19.0,80.0,2,0,0.0065311086870432295,0.7912127720003883,0
39,20.0,79.0,2,0,0.04299280326016197,0.7912127720003883,0
39,21.0,78.0,2,0,0.007190901766049198,0.7912127720003883,0
39,22.0,77.0,2,0,0.02563977572450656,0.7912127720003883,0
39,23.0,76.0,2,0,0.007876171500059294,0.7912127720003883,0
39,24.0,75.0,2,0,0.006476633640724601,0.7912127720003883,0
39,25.0,74.0,2,0,0.0020110820226591714,0.7912127720003883,0
39,26.0,73.0,2,0,0.00031531427809732265,0.7912127720003883,0
39,27.0,72.0,2,0,0.007519852659496455,0.7912127720003883,0
39,28.0,71.0,2,0,0.013932218616203626,0.7912127720003883,0
39,29.0,70.0,2,0,0.008628102031162519,0.7912127720003883,0
39,30.0,69.0,2,0,0.004060355831260484,0.7912127720003883,0
39,31.0,68.0,2,0,0.009654054048651184,0.7912127720003883,0
39,32.0,67.0,2,0,0.005397493482768924,0.7912127720003883,0
39,33.0,66.0,2,0,0.01043790454273409,0.7912127720003883,0
39,34.0,65.0,2,0,0.028725944958417682,0.7912127720003883,0
39,35.0,64.0,2,0,0.018482705987190196,0.7912127720003883,0
39,36.0,63.0,2,0,0.013587486780920586,0.7912127720003883,0
39,37.0,62.0,2,0,0.009233565591464174,0.7912127720003883,0
39,38.0,61.0,2,0,0.053038210898046924,0.7912127720003883,0
39,39.0,60.0,2,0,0.0061008713800546205,0.7912127720003883,0
39,40.0,59.0,2,0,0.021136696554010473,0.7912127720003883,0
39,41.0,58.0,2,0,0.005783721625910599,0.7912127720003883,0
39,42.0,57.0,2,0,0.01532585692811811,0.7912127720003883,0
39,43.0,56.0,2,0,0.01737949897273198,0.7912127720003883,0
39,44.0,55.0,2,0,0.03345613305576887,0.7912127720003883,0
39,45.0,54.0,2,0,0.08014533887589773,0.7912127720003883,0
39,46.0,53.0,2,0,0.056649404856035555,0.7912127720003883,0
39,47.0,52.0,2,0,0.0373094117067819,0.7912127720003883,0
39,48.0,51.0,2,0,0.06018892688894648,0.7912127720003883,0
39,49.0,50.0,2,0,0.06955751932881503,0.7912127720003883,0
39,50.0,49.0,2,0,0.044748367638899736,0.7912127720003883,0
39,51.0,48.0,2,0,0.09967928048815332,0.7912127720003883,0
39,52.0,47.0,2,0,0.07584056625881934,0.7912127720003883,0
39,53.0,46.0,2,0,0.15982202874954476,0.7912127720003883,0
39,54.0,45.0,2,0,0.15490105181863126,0.7912127720003883,0
39,55.0,44.0,2,0,0.23861101764759277,0.7912127720003883,0
39,56.0,43.0,2,0,0.18407641169746636,0.7912127720003883,0
39,57.0,42.0,2,0,0.17921061606568645,0.7912127720003883,0
39,58.0,41.0,2,0,0.28207623955431416,0.7912127720003883,0
39,59.0,40.0,2,0,0.3524425686677118,0.7912127720003883,0
39,60.0,39.0,2,0,0.685000481049811,0.7912127720003883,0
39,61.0,38.0,2,0,0.5906220184521167,0.7912127720003883,0
39,62.0,37.0,2,0,0.5623183789361644,0.7912127720003883,0
39,63.0,36.0,2,0,0.7340538394966208,0.7912127720003883,0
39,64.0,35.0,2,0,0.66387603798853,0.7912127720003883,0
39,65.0,34.0,2,0,0.7041075929696191,0.7912127720003883,0
39,66.0,33.0,2,0,0.5477583272421656,0.7912127720003883,0
39,67.0,32.0,2,0,0.9145928492428065,0.7912127720003883,1
39,68.0,31.0,2,0,0.8601515167987437,0.7912127720003883,1
39,69.0,30.0,2,0,0.9064654450200775,0.7912127720003883,1
39,70.0,29.0,2,0,0.9154061937133973,0.7912127720003883,1
39,71.0,28.0,2,0,0.9425634848746632,0.7912127720003883,1
39,72.0,27.0,2,0,0.8891703237606097,0.7912127720003883,1
39,73.0,26.0,2,0,0.9274786439884167,0.7912127720003883,1
39,74.0,25.0,2,0,0.9483131851862905,0.7912127720003883,1
39,75.0,24.0,2,0,0.8733178602581876,0.7912127720003883,1
39,76.0,23.0,2,0,0.9573167285631731,0.7912127720003883,1
39,77.0,22.0,2,0,0.9799204064284612,0.7912127720003883,1
39,78.0,21.0,2,0,0.9581936268118146,0.7912127720003883,1
39,79.0,20.0,2,1,0.9644729385294157,0.7912127720003883,1
39,80.0,19.0,2,1,0.8896970136782213,0.7912127720003883,1
39,81.0,18.0,2,1,0.9554350163207945,0.7912127720003883,1
39,82.0,17.0,2,1,0.8252791870839251,0.7912127720003883,1
39,83.0,16.0,2,1,0.9169834645746986,0.7912127720003883,1
39,84.0,15.0,2,1,0.9702442278060109,0.7912127720003883,1
39,85.0,14.0,2,1,0.9077181069358252,0.7912127720003883,1
39,86.0,13.0,2,1,0.9171482071850898,0.7912127720003883,1
39,87.0,12.0,2,1,0.9437755446075775,0.7912127720003883,1
39,88.0,11.0,2,1,0.8667890102256308,0.7912127720003883,1
39,89.0,10.0,2,1,0.944259272533947,0.7912127720003883,1
39,90.0,9.0,2,1,0.8584128224663841,0.7912127720003883,1
39,91.0,8.0,2,1,0.9240242929160961,0.7912127720003883,1
39,92.0,7.0,2,1,0.8984319691850134,0.7912127720003883,1
39,93.0,6.0,2,1,0.9304064257771437,0.7912127720003883,1
39,94.0,5.0,2,1,0.9284825337923605,0.7912127720003883,1
39,95.0,4.0,2,1,0.9888085149963723,0.7912127720003883,1
39,96.0,3.0,2,1,0.9370784509598575,0.7912127720003883,1
39,97.0,2.0,2,1,0.8945561486655951,0.7912127720003883,1
39,98.0,1.0,2,1,0.9284241193535591,0.7912127720003883,1
39,99.0,0.0,2,1,0.8277950248006597,0.7912127720003883,1
40,1.0,99.0,4,0,0.00906199461382618,0.7767036600253301,0
40,2.0,98.0,4,0,0.006116345223808395,0.7767036600253301,0
40,3.0,97.0,4,0,0.01908171891806871,0.7767036600253301,0
40,4.0,96.0,4,0,0.006602921273612924,0.7767036600253301,0
40,5.0,95.0,4,0,0.007871111085481823,0.7767036600253301,0
40,6.0,94.0,4,0,0.00040873498406579636,0.7767036600253301,0
40,7.0,93.0,4,0,0.008975448703219023,0.7767036600253301,0
40,8.0,92.0,4,0,0.008306924988995726,0.7767036600253301,0
40,9.0,91.0,4,0,0.011636789786568985,0.7767036600253301,0
40,10.0,90.0,4,0,0.008280372145150755,0.7767036600253301,0
40,11.0,89.0,4,0,0.0038894432065514828,0.7767036600253301,0
40,12.0,88.0,4,0,0.0050153142515800934,0.7767036600253301,0
40,13.0,87.0,4,0,0.010855112120436461,0.7767036600253301,0
40,14.0,86.0,4,0,0.006517893741134448,0.7767036600253301,0
40,15.0,85.0,4,0,0.006454255685196161,0.7767036600253301,0
40,16.0,84.0,4,0,0.01575079780664171,0.7767036600253301,0
40,17.0,83.0,4,0,0.007122436501984264,0.7767036600253301,0
40,18.0,82.0,4,0,0.0077288680723390825,0.7767036600253301,0
40,19.0,81.0,4,0,0.0046879070008424,0.7767036600253301,0
40,20.0,80.0,4,0,0.011162472441260615,0.7767036600253301,0
40,21.0,79.0,4,0,0.007014913180336183,0.7767036600253301,0
40,22.0,78.0,4,0,0.003931944643011097,0.7767036600253301,0
40,23.0,77.0,4,0,0.004029000388442066,0.7767036600253301,0
40,24.0,76.0,4,0,0.009411525524051832,0.7767036600253301,0
40,25.0,75.0,4,0,0.0043973688993154784,0.7767036600253301,0
40,26.0,74.0,4,0,0.009993271827629371,0.7767036600253301,0
40,27.0,73.0,4,0,0.005346088496176816,0.7767036600253301,0
40,28.0,72.0,4,0,0.0350967308826654,0.7767036600253301,0
40,29.0,71.0,4,0,0.007022350826222043,0.7767036600253301,0
40,30.0,70.0,4,0,0.012312695404903096,0.7767036600253301,0
40,31.0,69.0,4,0,0.00564368833728402,0.7767036600253301,0
40,32.0,68.0,4,0,0.00039394214976814156,0.7767036600253301,0
40,33.0,67.0,4,0,0.005568425379232821,0.7767036600253301,0
40,34.0,66.0,4,0,0.007648293646466632,0.7767036600253301,0
40,35.0,65.0,4,0,0.009988304896249661,0.7767036600253301,0
40,36.0,64.0,4,0,0.005442351510884193,0.7767036600253301,0
40,37.0,63.0,4,0,0.010662882626430803,0.7767036600253301,0
40,38.0,62.0,4,0,0.005742866948667752,0.7767036600253301,0
40,39.0,61.0,4,0,0.003313038565114093,0.7767036600253301,0
40,40.0,60.0,4,0,0.008024626433237404,0.7767036600253301,0
40,41.0,59.0,4,0,0.021199309245529235,0.7767036600253301,0
40,42.0,58.0,4,0,0.019114432859883686,0.7767036600253301,0
40,43.0,57.0,4,0,0.01691305379451478,0.7767036600253301,0
40,44.0,56.0,4,0,0.02303759279233336,0.7767036600253301,0
40,45.0,55.0,4,0,0.04860520328332833,0.7767036600253301,0
40,46.0,54.0,4,0,0.06549388514442216,0.7767036600253301,0
40,47.0,53.0,4,0,0.04013163088001763,0.7767036600253301,0
40,48.0,52.0,4,0,0.03919522196241511,0.7767036600253301,0
40,49.0,51.0,4,0,0.10415085551562399,0.7767036600253301,0
40,50.0,50.0,4,0,0.014977146676717748,0.7767036600253301,0
40,51.0,49.0,4,0,0.17081002758783964,0.7767036600253301,0
40,52.0,48.0,4,0,0.13985725467663282,0.7767036600253301,0
40,53.0,47.0,4,0,0.14978786377590203,0.7767036600253301,0
40,54.0,46.0,4,0,0.12156798792680527,0.7767036600253301,0
40,55.0,45.0,4,0,0.22267183535910462,0.7767036600253301,0
40,56.0,44.0,4,0,0.13162264480549138,0.7767036600253301,0
40,57.0,43.0,4,0,0.15140135651217693,0.7767036600253301,0
40,58.0,42.0,4,0,0.2565360295416955,0.7767036600253301,0
40,59.0,41.0,4,0,0.14016758498510118,0.7767036600253301,0
40,60.0,40.0,4,0,0.1904464588071896,0.7767036600253301,0
40,61.0,39.0,4,0,0.2423322126668518,0.7767036600253301,0
40,62.0,38.0,4,0,0.21237009415213398,0.7767036600253301,0
40,63.0,37.0,4,0,0.30498836569128823,0.7767036600253301,0
40,64.0,36.0,4,0,0.34975622979696397,0.7767036600253301,0
40,65.0,35.0,4,0,0.780739060470694,0.7767036600253301,1
40,66.0,34.0,4,0,0.6455262517404501,0.7767036600253301,0
40,67.0,33.0,4,0,0.6904621379630204,0.7767036600253301,0
40,68.0,32.0,4,0,0.7019798674006477,0.7767036600253301,0
40,69.0,31.0,4,0,0.6855202689092608,0.7767036600253301,0
40,70.0,30.0,4,0,0.6557488280327737,0.7767036600253301,0
40,71.0,29.0,4,0,0.6699192359285109,0.7767036600253301,0
40,72.0,28.0,4,0,0.7449086989649516,0.7767036600253301,0
40,73.0,27.0,4,0,0.831528226968883,0.7767036600253301,1
40,74.0,26.0,4,0,0.7655338621522311,0.7767036600253301,0
40,75.0,25.0,4,0,0.7236925881074336,0.7767036600253301,0
40,76.0,24.0,4,0,0.8070161670653985,0.7767036600253301,1
40,77.0,23.0,4,0,0.7643951359453431,0.7767036600253301,0
40,78.0,22.0,4,0,0.8640424864435093,0.7767036600253301,1
40,79.0,21.0,4,0,0.9445658440342236,0.7767036600253301,1
40,80.0,20.0,4,1,0.9619626453073896,0.7767036600253301,1
40,81.0,19.0,4,1,0.9456290444983867,0.7767036600253301,1
40,82.0,18.0,4,1,0.9584191889103412,0.7767036600253301,1
40,83.0,17.0,4,1,0.9790897679762333,0.7767036600253301,1
40,84.0,16.0,4,1,0.9817500023812251,0.7767036600253301,1
40,85.0,15.0,4,1,0.980603245692761,0.7767036600253301,1
40,86.0,14.0,4,1,0.9689501516830913,0.7767036600253301,1
40,87.0,13.0,4,1,0.9641999412807583,0.7767036600253301,1
40,88.0,12.0,4,1,0.9497624549759184,0.7767036600253301,1
40,89.0,11.0,4,1,0.9766201770892647,0.7767036600253301,1
40,90.0,10.0,4,1,0.9643998851263704,0.7767036600253301,1
40,91.0,9.0,4,1,0.9373552137297176,0.7767036600253301,1
40,92.0,8.0,4,1,0.9298981672102905,0.7767036600253301,1
40,93.0,7.0,4,1,0.962966494270729,0.7767036600253301,1
40,94.0,6.0,4,1,0.9591377340454554,0.7767036600253301,1
40,95.0,5.0,4,1,0.8891101138803429,0.7767036600253301,1
40,96.0,4.0,4,1,0.9673199247621174,0.7767036600253301,1
40,97.0,3.0,4,1,0.9325259442797559,0.7767036600253301,1
40,98.0,2.0,4,1,0.964866155098269,0.7767036600253301,1
40,99.0,1.0,4,1,0.9240419598102045,0.7767036600253301,1
40,100.0,0.0,4,1,0.9204447600698759,0.7767036600253301,1
41,1.0,66.0,4,0,0.007090126677682618,0.7767036600253301,0
41,2.0,65.0,4,0,0.09971185690488507,0.7767036600253301,0
41,3.0,64.0,4,0,0.01288553540876654,0.7767036600253301,0
41,4.0,63.0,4,0,0.009845354498493608,0.7767036600253301,0
41,5.0,62.0,4,0,0.013281752117309451,0.7767036600253301,0
41,6.0,61.0,4,0,0.015665735702703135,0.7767036600253301,0
41,7.0,60.0,4,0,0.009461848026660693,0.7767036600253301,0
41,8.0,59.0,4,0,0.014111268331389863,0.7767036600253301,0
41,9.0,58.0,4,0,0.010549823999944032,0.7767036600253301,0
41,10.0,57.0,4,0,0.01782849292744257,0.7767036600253301,0
41,11.0,56.0,4,0,0.017612250521622987,0.7767036600253301,0
41,12.0,55.0,4,0,0.01665662593171299,0.7767036600253301,0
41,13.0,54.0,4,0,0.006730577296290289,0.7767036600253301,0
41,14.0,53.0,4,0,0.00864600836595464,0.7767036600253301,0
41,15.0,52.0,4,0,0.013189142742439413,0.7767036600253301,0
41,16.0,51.0,4,0,0.007120157999544072,0.7767036600253301,0
41,17.0,50.0,4,0,0.04508362365067419,0.7767036600253301,0
41,18.0,49.0,4,0,0.02527050997582254,0.7767036600253301,0
41,19.0,48.0,4,0,0.02208358405537149,0.7767036600253301,0
41,20.0,47.0,4,0,0.017147246258809604,0.7767036600253301,0
41,21.0,46.0,4,0,0.008511293196294546,0.7767036600253301,0
41,22.0,45.0,4,0,0.009847824239019825,0.7767036600253301,0
41,23.0,44.0,4,0,0.009664301189097191,0.7767036600253301,0
41,24.0,43.0,4,0,0.04138928803103583,0.7767036600253301,0
41,25.0,42.0,4,0,0.008823915733383871,0.7767036600253301,0
41,26.0,41.0,4,0,0.024225430945960975,0.7767036600253301,0
41,27.0,40.0,4,0,0.021190974206577638,0.7767036600253301,0
41,28.0,39.0,4,0,0.011736905382532579,0.7767036600253301,0
41,29.0,38.0,4,0,0.00974060260865404,0.7767036600253301,0
41,30.0,37.0,4,0,0.021574539618497205,0.7767036600253301,0
41,31.0,36.0,4,0,0.031990687185318153,0.7767036600253301,0
41,32.0,35.0,4,0,0.022197120817138597,0.7767036600253301,0
41,33.0,34.0,4,0,0.18405538501986496,0.7767036600253301,0
41,34.0,33.0,4,0,0.030514332570655292,0.7767036600253301,0
41,35.0,32.0,4,0,0.11382616722964925,0.7767036600253301,0
41,36.0,31.0,4,0,0.027951210591090243,0.7767036600253301,0
41,37.0,30.0,4,0,0.07810748733064475,0.7767036600253301,0
41,38.0,29.0,4,0,0.30669395212837314,0.7767036600253301,0
41,39.0,28.0,4,0,0.4249976832135956,0.7767036600253301,0
41,40.0,27.0,4,0,0.20010850992350576,0.7767036600253301,0
41,41.0,26.0,4,0,0.24916921605391532,0.7767036600253301,0
41,42.0,25.0,4,0,0.3683838475420456,0.7767036600253301,0
41,43.0,24.0,4,0,0.26511368650165723,0.7767036600253301,0
41,44.0,23.0,4,0,0.22183367047972508,0.7767036600253301,0
41,45.0,22.0,4,0,0.27288524181217294,0.7767036600253301,0
41,46.0,21.0,4,0,0.529413787521544,0.7767036600253301,0
41,47.0,20.0,4,1,0.44209921258406504,0.7767036600253301,0
41,48.0,19.0,4,1,0.7333337623380052,0.7767036600253301,0
41,49.0,18.0,4,1,0.7003185114632257,0.7767036600253301,0
41,50.0,17.0,4,1,0.6793000843181891,0.7767036600253301,0
41,51.0,16.0,4,1,0.6462286999781857,0.7767036600253301,0
41,52.0,15.0,4,1,0.662453258973235,0.7767036600253301,0
41,53.0,14.0,4,1,0.6822392346320892,0.7767036600253301,0
41,54.0,13.0,4,1,0.814595836752199,0.7767036600253301,1
41,55.0,12.0,4,1,0.8859453683773068,0.7767036600253301,1
41,56.0,11.0,4,1,0.8794942980903495,0.7767036600253301,1
41,57.0,10.0,4,1,0.8502922958816586,0.7767036600253301,1
41,58.0,9.0,4,1,0.9488755246202901,0.7767036600253301,1
41,59.0,8.0,4,1,0.8654496206172692,0.7767036600253301,1
41,60.0,7.0,4,1,0.8498764633122453,0.7767036600253301,1
41,61.0,6.0,4,1,0.8830242005118967,0.7767036600253301,1
41,62.0,5.0,4,1,0.9249402867892177,0.7767036600253301,1
41,63.0,4.0,4,1,0.9191219215861729,0.7767036600253301,1
41,64.0,3.0,4,1,0.970514029071166,0.7767036600253301,1
41,65.0,2.0,4,1,0.8330823334831479,0.7767036600253301,1
41,66.0,1.0,4,1,0.9366993973001165,0.7767036600253301,1
41,67.0,0.0,4,1,0.9621095517294843,0.7767036600253301,1
42,1.0,84.0,2,0,0.008542120819566736,0.7912127720003883,0
42,2.0,83.0,2,0,0.013852862308720305,0.7912127720003883,0
42,3.0,82.0,2,0,0.00836422555144026,0.7912127720003883,0
42,4.0,81.0,2,0,0.011402632285962673,0.7912127720003883,0
42,5.0,80.0,2,0,0.01498108757684142,0.7912127720003883,0
42,6.0,79.0,2,0,0.005643401805428225,0.7912127720003883,0
42,7.0,78.0,2,0,0.0018277618419271144,0.7912127720003883,0
42,8.0,77.0,2,0,0.009351654015599549,0.7912127720003883,0
42,9.0,76.0,2,0,0.008249366489305444,0.7912127720003883,0
42,10.0,75.0,2,0,0.004796820167392073,0.7912127720003883,0
42,11.0,74.0,2,0,0.006536509018138591,0.7912127720003883,0
42,12.0,73.0,2,0,0.008811999113085214,0.7912127720003883,0
42,13.0,72.0,2,0,0.00447315919404405,0.7912127720003883,0
42,14.0,71.0,2,0,0.015195224759328321,0.7912127720003883,0
42,15.0,70.0,2,0,0.010217261546778772,0.7912127720003883,0
42,16.0,69.0,2,0,0.07542101375503923,0.7912127720003883,0
42,17.0,68.0,2,0,0.00913884682452827,0.7912127720003883,0
42,18.0,67.0,2,0,0.0065970943895640385,0.7912127720003883,0
42,19.0,66.0,2,0,0.031941289879295,0.7912127720003883,0
42,20.0,65.0,2,0,0.002491436297865041,0.7912127720003883,0
42,21.0,64.0,2,0,0.02395040358612926,0.7912127720003883,0
42,22.0,63.0,2,0,0.009109481450767423,0.7912127720003883,0
42,23.0,62.0,2,0,0.00460195753380363,0.7912127720003883,0
42,24.0,61.0,2,0,0.002419910306566332,0.7912127720003883,0
42,25.0,60.0,2,0,0.0031572840653470817,0.7912127720003883,0
42,26.0,59.0,2,0,0.005507066229330225,0.7912127720003883,0
42,27.0,58.0,2,0,0.0018344659184282403,0.7912127720003883,0
42,28.0,57.0,2,0,0.0010796126618106009,0.7912127720003883,0
42,29.0,56.0,2,0,0.011963569077831585,0.7912127720003883,0
42,30.0,55.0,2,0,0.0015706746622261266,0.7912127720003883,0
42,31.0,54.0,2,0,0.01632136420412909,0.7912127720003883,0
42,32.0,53.0,2,0,0.016426193580241184,0.7912127720003883,0
42,33.0,52.0,2,0,0.021428711310219138,0.7912127720003883,0
42,34.0,51.0,2,0,0.10718063440745142,0.7912127720003883,0
42,35.0,50.0,2,0,0.024297850411419974,0.7912127720003883,0
42,36.0,49.0,2,0,0.01608231239980288,0.7912127720003883,0
42,37.0,48.0,2,0,0.01255840107661491,0.7912127720003883,0
42,38.0,47.0,2,0,0.11008650615851953,0.7912127720003883,0
42,39.0,46.0,2,0,0.18695402512139705,0.7912127720003883,0
42,40.0,45.0,2,0,0.05342829149962517,0.7912127720003883,0
42,41.0,44.0,2,0,0.03522936419538983,0.7912127720003883,0
42,42.0,43.0,2,0,0.32666202593458177,0.7912127720003883,0
42,43.0,42.0,2,0,0.10998185210014216,0.7912127720003883,0
42,44.0,41.0,2,0,0.14597891215379796,0.7912127720003883,0
42,45.0,40.0,2,0,0.14225733038027216,0.7912127720003883,0
42,46.0,39.0,2,0,0.433322237402369,0.7912127720003883,0
42,47.0,38.0,2,0,0.3709211951977083,0.7912127720003883,0
42,48.0,37.0,2,0,0.3275564039997536,0.7912127720003883,0
42,49.0,36.0,2,0,0.4853156977899145,0.7912127720003883,0
42,50.0,35.0,2,0,0.5741932471497062,0.7912127720003883,0
42,51.0,34.0,2,0,0.4422025402885664,0.7912127720003883,0
42,52.0,33.0,2,0,0.3335252101246743,0.7912127720003883,0
42,53.0,32.0,2,0,0.5475966543721462,0.7912127720003883,0
42,54.0,31.0,2,0,0.4071941365356844,0.7912127720003883,0
42,55.0,30.0,2,0,0.5118396642005212,0.7912127720003883,0
42,56.0,29.0,2,0,0.5451433444478071,0.7912127720003883,0
42,57.0,28.0,2,0,0.41858906019729536,0.7912127720003883,0
42,58.0,27.0,2,0,0.8175499059328232,0.7912127720003883,1
42,59.0,26.0,2,0,0.7955895171414578,0.7912127720003883,1
42,60.0,25.0,2,0,0.9034693381940576,0.7912127720003883,1
42,61.0,24.0,2,0,0.7815582943934554,0.7912127720003883,0
42,62.0,23.0,2,0,0.8745409795671247,0.7912127720003883,1
42,63.0,22.0,2,0,0.8990875605944411,0.7912127720003883,1
42,64.0,21.0,2,0,0.8746025953857078,0.7912127720003883,1
42,65.0,20.0,2,1,0.8243883807475163,0.7912127720003883,1
42,66.0,19.0,2,1,0.8713992201651013,0.7912127720003883,1
42,67.0,18.0,2,1,0.9037198399878669,0.7912127720003883,1
42,68.0,17.0,2,1,0.9357567349666365,0.7912127720003883,1
42,69.0,16.0,2,1,0.9352191500655734,0.7912127720003883,1
42,70.0,15.0,2,1,0.8836699713808316,0.7912127720003883,1
42,71.0,14.0,2,1,0.8867987138359419,0.7912127720003883,1
42,72.0,13.0,2,1,0.9106112529707334,0.7912127720003883,1
42,73.0,12.0,2,1,0.9662279112898517,0.7912127720003883,1
42,74.0,11.0,2,1,0.9386127672732429,0.7912127720003883,1
42,75.0,10.0,2,1,0.9758193047291727,0.7912127720003883,1
42,76.0,9.0,2,1,0.9718662670356876,0.7912127720003883,1
42,77.0,8.0,2,1,0.967147400342466,0.7912127720003883,1
42,78.0,7.0,2,1,0.9474411912845675,0.7912127720003883,1
42,79.0,6.0,2,1,0.899854298150991,0.7912127720003883,1
42,80.0,5.0,2,1,0.9577600946349911,0.7912127720003883,1
42,81.0,4.0,2,1,0.9366020366043305,0.7912127720003883,1
42,82.0,3.0,2,1,0.9552394398071034,0.7912127720003883,1
42,83.0,2.0,2,1,0.9446577776888427,0.7912127720003883,1
42,84.0,1.0,2,1,0.8845071536475536,0.7912127720003883,1
42,85.0,0.0,2,1,0.9210012580202772,0.7912127720003883,1
43,1.0,90.0,3,0,0.006338415230204005,0.7899421635739077,0
43,2.0,89.0,3,0,0.012508179587554479,0.7899421635739077,0
43,3.0,88.0,3,0,0.014452822567628408,0.7899421635739077,0
43,4.0,87.0,3,0,0.01205877936454399,0.7899421635739077,0
43,5.0,86.0,3,0,0.0051047400031010845,0.7899421635739077,0
43,6.0,85.0,3,0,0.007209286144683647,0.7899421635739077,0
43,7.0,84.0,3,0,0.013171436738919424,0.7899421635739077,0
43,8.0,83.0,3,0,0.005944895390823957,0.7899421635739077,0
43,9.0,82.0,3,0,0.004934084666897365,0.7899421635739077,0
43,10.0,81.0,3,0,0.006761830953658569,0.7899421635739077,0
43,11.0,80.0,3,0,0.008519198539649851,0.7899421635739077,0
43,12.0,79.0,3,0,0.004915986002414946,0.7899421635739077,0
43,13.0,78.0,3,0,0.010821382019651484,0.7899421635739077,0
43,14.0,77.0,3,0,0.0004914208733733182,0.7899421635739077,0
43,15.0,76.0,3,0,0.002591406986068017,0.7899421635739077,0
43,16.0,75.0,3,0,0.0055681144794251765,0.7899421635739077,0
43,17.0,74.0,3,0,0.0037977416888941547,0.7899421635739077,0
43,18.0,73.0,3,0,0.00482117772138427,0.7899421635739077,0
43,19.0,72.0,3,0,0.0026577652909955717,0.7899421635739077,0
43,20.0,71.0,3,0,0.004721912920121278,0.7899421635739077,0
43,21.0,70.0,3,0,0.004934084666897365,0.7899421635739077,0
43,22.0,69.0,3,0,0.008264086438853756,0.7899421635739077,0
43,23.0,68.0,3,0,0.0023617022988695873,0.7899421635739077,0
43,24.0,67.0,3,0,0.012816027985346055,0.7899421635739077,0
43,25.0,66.0,3,0,0.009446106484342657,0.7899421635739077,0
43,26.0,65.0,3,0,0.004915986002414946,0.7899421635739077,0
43,27.0,64.0,3,0,0.005591487518316631,0.7899421635739077,0
43,28.0,63.0,3,0,0.0075314672454311485,0.7899421635739077,0
43,29.0,62.0,3,0,0.01502565268552256,0.7899421635739077,0
43,30.0,61.0,3,0,0.003160168264689007,0.7899421635739077,0
43,31.0,60.0,3,0,0.002703587553032529,0.7899421635739077,0
43,32.0,59.0,3,0,0.014397223486664446,0.7899421635739077,0
43,33.0,58.0,3,0,0.002703587553032529,0.7899421635739077,0
43,34.0,57.0,3,0,0.02072008686278912,0.7899421635739077,0
43,35.0,56.0,3,0,0.004988635859148974,0.7899421635739077,0
43,36.0,55.0,3,0,0.005176897603974656,0.7899421635739077,0
43,37.0,54.0,3,0,0.005069275842883146,0.7899421635739077,0
43,38.0,53.0,3,0,0.022830038284274087,0.7899421635739077,0
43,39.0,52.0,3,0,0.009950115748194979,0.7899421635739077,0
43,40.0,51.0,3,0,0.022147623591412924,0.7899421635739077,0
43,41.0,50.0,3,0,0.008031954447925206,0.7899421635739077,0
43,42.0,49.0,3,0,0.00690973127019088,0.7899421635739077,0
43,43.0,48.0,3,0,0.0257995202193834,0.7899421635739077,0
43,44.0,47.0,3,0,0.0052646098218164,0.7899421635739077,0
43,45.0,46.0,3,0,0.039513250086808845,0.7899421635739077,0
43,46.0,45.0,3,0,0.08976457268768456,0.7899421635739077,0
43,47.0,44.0,3,0,0.10247333716620628,0.7899421635739077,0
43,48.0,43.0,3,0,0.14381288852266375,0.7899421635739077,0
43,49.0,42.0,3,0,0.05981737293137367,0.7899421635739077,0
43,50.0,41.0,3,0,0.1521988994839418,0.7899421635739077,0
43,51.0,40.0,3,0,0.10805581691979943,0.7899421635739077,0
43,52.0,39.0,3,0,0.3024558627899446,0.7899421635739077,0
43,53.0,38.0,3,0,0.17146674744150067,0.7899421635739077,0
43,54.0,37.0,3,0,0.2318772864360554,0.7899421635739077,0
43,55.0,36.0,3,0,0.2369511612079212,0.7899421635739077,0
43,56.0,35.0,3,0,0.2223156529759681,0.7899421635739077,0
43,57.0,34.0,3,0,0.33928889507147286,0.7899421635739077,0
43,58.0,33.0,3,0,0.273177334896873,0.7899421635739077,0
43,59.0,32.0,3,0,0.22897828532148334,0.7899421635739077,0
43,60.0,31.0,3,0,0.42446985878655,0.7899421635739077,0
43,61.0,30.0,3,0,0.27121120482527794,0.7899421635739077,0
43,62.0,29.0,3,0,0.3646114844433155,0.7899421635739077,0
43,63.0,28.0,3,0,0.6526065628804625,0.7899421635739077,0
43,64.0,27.0,3,0,0.7955739288664677,0.7899421635739077,1
43,65.0,26.0,3,0,0.7245038774179506,0.7899421635739077,0
43,66.0,25.0,3,0,0.7798856984385946,0.7899421635739077,0
43,67.0,24.0,3,0,0.8162622837469493,0.7899421635739077,1
43,68.0,23.0,3,0,0.8948176809573375,0.7899421635739077,1
43,69.0,22.0,3,0,0.8389470085939006,0.7899421635739077,1
43,70.0,21.0,3,0,0.869506049980826,0.7899421635739077,1
43,71.0,20.0,3,1,0.8123210720957227,0.7899421635739077,1
43,72.0,19.0,3,1,0.8991724074265759,0.7899421635739077,1
43,73.0,18.0,3,1,0.8004797552972441,0.7899421635739077,1
43,74.0,17.0,3,1,0.8805205979817912,0.7899421635739077,1
43,75.0,16.0,3,1,0.9250008456391828,0.7899421635739077,1
43,76.0,15.0,3,1,0.9198954693699525,0.7899421635739077,1
43,77.0,14.0,3,1,0.9058304196773765,0.7899421635739077,1
43,78.0,13.0,3,1,0.9349418534250039,0.7899421635739077,1
43,79.0,12.0,3,1,0.9276607592020035,0.7899421635739077,1
43,80.0,11.0,3,1,0.9603862098257419,0.7899421635739077,1
43,81.0,10.0,3,1,0.9756360129042237,0.7899421635739077,1
43,82.0,9.0,3,1,0.8929440586603641,0.7899421635739077,1
43,83.0,8.0,3,1,0.943312398321153,0.7899421635739077,1
43,84.0,7.0,3,1,0.9645482169439269,0.7899421635739077,1
43,85.0,6.0,3,1,0.9570846025695454,0.7899421635739077,1
43,86.0,5.0,3,1,0.731627239191394,0.7899421635739077,0
43,87.0,4.0,3,1,0.8774863294749494,0.7899421635739077,1
43,88.0,3.0,3,1,0.9560734618759592,0.7899421635739077,1
43,89.0,2.0,3,1,0.9172910362539382,0.7899421635739077,1
43,90.0,1.0,3,1,0.9543748067038073,0.7899421635739077,1
43,91.0,0.0,3,1,0.9252631266420591,0.7899421635739077,1
44,1.0,68.0,4,0,0.003964596405908271,0.7767036600253301,0
44,2.0,67.0,4,0,0.014111268331389863,0.7767036600253301,0
44,3.0,66.0,4,0,0.014515739997287896,0.7767036600253301,0
44,4.0,65.0,4,0,0.029626987940427056,0.7767036600253301,0
44,5.0,64.0,4,0,0.04813888770928335,0.7767036600253301,0
44,6.0,63.0,4,0,0.012058091252309038,0.7767036600253301,0
44,7.0,62.0,4,0,0.022935363899975608,0.7767036600253301,0
44,8.0,61.0,4,0,0.06544628559628785,0.7767036600253301,0
44,9.0,60.0,4,0,0.023962117343408206,0.7767036600253301,0
44,10.0,59.0,4,0,0.010577886344451297,0.7767036600253301,0
44,11.0,58.0,4,0,0.005641644414027994,0.7767036600253301,0
44,12.0,57.0,4,0,0.021209174624135796,0.7767036600253301,0
44,13.0,56.0,4,0,0.010874048927811682,0.7767036600253301,0
44,14.0,55.0,4,0,0.011468582386776918,0.7767036600253301,0
44,15.0,54.0,4,0,0.004216562703061216,0.7767036600253301,0
44,16.0,53.0,4,0,0.02560699468117694,0.7767036600253301,0
44,17.0,52.0,4,0,0.02072378343383107,0.7767036600253301,0
44,18.0,51.0,4,0,0.007154701352353292,0.7767036600253301,0
44,19.0,50.0,4,0,0.0935573445415739,0.7767036600253301,0
44,20.0,49.0,4,0,0.035855828771209845,0.7767036600253301,0
44,21.0,48.0,4,0,0.005766618482279073,0.7767036600253301,0
44,22.0,47.0,4,0,0.010023096485934841,0.7767036600253301,0
44,23.0,46.0,4,0,0.01629832403691655,0.7767036600253301,0
44,24.0,45.0,4,0,0.04009682524292553,0.7767036600253301,0
44,25.0,44.0,4,0,0.038163214154135476,0.7767036600253301,0
44,26.0,43.0,4,0,0.011862790406912597,0.7767036600253301,0
44,27.0,42.0,4,0,0.007118869250500548,0.7767036600253301,0
44,28.0,41.0,4,0,0.0047942259672274275,0.7767036600253301,0
44,29.0,40.0,4,0,0.008511925962859986,0.7767036600253301,0
44,30.0,39.0,4,0,0.011986951954174782,0.7767036600253301,0
44,31.0,38.0,4,0,0.05431581206445573,0.7767036600253301,0
44,32.0,37.0,4,0,0.1467053115639321,0.7767036600253301,0
44,33.0,36.0,4,0,0.16125023037255573,0.7767036600253301,0
44,34.0,35.0,4,0,0.09816923306453544,0.7767036600253301,0
44,35.0,34.0,4,0,0.15817221405972468,0.7767036600253301,0
44,36.0,33.0,4,0,0.4557478896869813,0.7767036600253301,0
44,37.0,32.0,4,0,0.22080653787502896,0.7767036600253301,0
44,38.0,31.0,4,0,0.3341445215516964,0.7767036600253301,0
44,39.0,30.0,4,0,0.19863109445252758,0.7767036600253301,0
44,40.0,29.0,4,0,0.4639860306489951,0.7767036600253301,0
44,41.0,28.0,4,0,0.24625446310325377,0.7767036600253301,0
44,42.0,27.0,4,0,0.41257273017307305,0.7767036600253301,0
44,43.0,26.0,4,0,0.5827111603253635,0.7767036600253301,0
44,44.0,25.0,4,0,0.5522729992982004,0.7767036600253301,0
44,45.0,24.0,4,0,0.3257618941564288,0.7767036600253301,0
44,46.0,23.0,4,0,0.5327426604873118,0.7767036600253301,0
44,47.0,22.0,4,0,0.4633455871469288,0.7767036600253301,0
44,48.0,21.0,4,0,0.5570329539542189,0.7767036600253301,0
44,49.0,20.0,4,1,0.748333042945906,0.7767036600253301,0
44,50.0,19.0,4,1,0.9030603507875546,0.7767036600253301,1
44,51.0,18.0,4,1,0.8552880917625346,0.7767036600253301,1
44,52.0,17.0,4,1,0.7453177512671533,0.7767036600253301,0
44,53.0,16.0,4,1,0.7008133493233512,0.7767036600253301,0
44,54.0,15.0,4,1,0.8071741384751504,0.7767036600253301,1
44,55.0,14.0,4,1,0.8744037405354677,0.7767036600253301,1
44,56.0,13.0,4,1,0.829527133335461,0.7767036600253301,1
44,57.0,12.0,4,1,0.7414386247635559,0.7767036600253301,0
44,58.0,11.0,4,1,0.8599083122893181,0.7767036600253301,1
44,59.0,10.0,4,1,0.8777125767868532,0.7767036600253301,1
44,60.0,9.0,4,1,0.8253487416463513,0.7767036600253301,1
44,61.0,8.0,4,1,0.8952945918338416,0.7767036600253301,1
44,62.0,7.0,4,1,0.9326112945815783,0.7767036600253301,1
44,63.0,6.0,4,1,0.9030711825907859,0.7767036600253301,1
44,64.0,5.0,4,1,0.8188700351732441,0.7767036600253301,1
44,65.0,4.0,4,1,0.9547072222236558,0.7767036600253301,1
44,66.0,3.0,4,1,0.9437216859500526,0.7767036600253301,1
44,67.0,2.0,4,1,0.9228104502013473,0.7767036600253301,1
44,68.0,1.0,4,1,0.919162391031211,0.7767036600253301,1
44,69.0,0.0,4,1,0.913932942413332,0.7767036600253301,1
45,1.0,81.0,4,0,0.004353574567277238,0.7767036600253301,0
45,2.0,80.0,4,0,0.002860864562347226,0.7767036600253301,0
45,3.0,79.0,4,0,0.014047198518149607,0.7767036600253301,0
45,4.0,78.0,4,0,0.013103477523513504,0.7767036600253301,0
45,5.0,77.0,4,0,0.003634696898399284,0.7767036600253301,0
45,6.0,76.0,4,0,0.006907881051224262,0.7767036600253301,0
45,7.0,75.0,4,0,0.009883861279289917,0.7767036600253301,0
45,8.0,74.0,4,0,0.01512355539077093,0.7767036600253301,0
45,9.0,73.0,4,0,0.005554208437639735,0.7767036600253301,0
45,10.0,72.0,4,0,0.011475113343016059,0.7767036600253301,0
45,11.0,71.0,4,0,0.005900005947589016,0.7767036600253301,0
45,12.0,70.0,4,0,0.013782109107584482,0.7767036600253301,0
45,13.0,69.0,4,0,0.010128619571732266,0.7767036600253301,0
45,14.0,68.0,4,0,0.012474792724107356,0.7767036600253301,0
45,15.0,67.0,4,0,0.006393454063073577,0.7767036600253301,0
45,16.0,66.0,4,0,0.014327090682706328,0.7767036600253301,0
45,17.0,65.0,4,0,0.003724063955649402,0.7767036600253301,0
45,18.0,64.0,4,0,0.028916412529503818,0.7767036600253301,0
45,19.0,63.0,4,0,0.00425664330075676,0.7767036600253301,0
45,20.0,62.0,4,0,0.019200891773783653,0.7767036600253301,0
45,21.0,61.0,4,0,0.007009078955839566,0.7767036600253301,0
45,22.0,60.0,4,0,0.009695372613454963,0.7767036600253301,0
45,23.0,59.0,4,0,0.012885652100780135,0.7767036600253301,0
45,24.0,58.0,4,0,0.008254541042295324,0.7767036600253301,0
45,25.0,57.0,4,0,0.009876612467466928,0.7767036600253301,0
45,26.0,56.0,4,0,0.008187322063471506,0.7767036600253301,0
45,27.0,55.0,4,0,0.007907418877071774,0.7767036600253301,0
45,28.0,54.0,4,0,0.011792545760663607,0.7767036600253301,0
45,29.0,53.0,4,0,0.008280372145150755,0.7767036600253301,0
45,30.0,52.0,4,0,0.004577913686499636,0.7767036600253301,0
45,31.0,51.0,4,0,0.003357278832072128,0.7767036600253301,0
45,32.0,50.0,4,0,0.010990517636599854,0.7767036600253301,0
45,33.0,49.0,4,0,0.008702153427143438,0.7767036600253301,0
45,34.0,48.0,4,0,0.02431932609393016,0.7767036600253301,0
45,35.0,47.0,4,0,0.016628033229191565,0.7767036600253301,0
45,36.0,46.0,4,0,0.0072151943632453594,0.7767036600253301,0
45,37.0,45.0,4,0,0.010166716934455927,0.7767036600253301,0
45,38.0,44.0,4,0,0.020279789745549753,0.7767036600253301,0
45,39.0,43.0,4,0,0.030412830268395304,0.7767036600253301,0
45,40.0,42.0,4,0,0.006243192288447507,0.7767036600253301,0
45,41.0,41.0,4,0,0.009533869349055382,0.7767036600253301,0
45,42.0,40.0,4,0,0.017812279571829404,0.7767036600253301,0
45,43.0,39.0,4,0,0.02294314452781125,0.7767036600253301,0
45,44.0,38.0,4,0,0.010675393789977432,0.7767036600253301,0
45,45.0,37.0,4,0,0.026054019240399868,0.7767036600253301,0
45,46.0,36.0,4,0,0.05755987881365711,0.7767036600253301,0
45,47.0,35.0,4,0,0.035119600328396415,0.7767036600253301,0
45,48.0,34.0,4,0,0.11277109126514273,0.7767036600253301,0
45,49.0,33.0,4,0,0.14947307714553704,0.7767036600253301,0
45,50.0,32.0,4,0,0.04918256764809686,0.7767036600253301,0
45,51.0,31.0,4,0,0.13404037535436011,0.7767036600253301,0
45,52.0,30.0,4,0,0.15565698113348297,0.7767036600253301,0
45,53.0,29.0,4,0,0.1508684331052794,0.7767036600253301,0
45,54.0,28.0,4,0,0.1366480760514734,0.7767036600253301,0
45,55.0,27.0,4,0,0.18537007968040237,0.7767036600253301,0
45,56.0,26.0,4,0,0.17456070984051417,0.7767036600253301,0
45,57.0,25.0,4,0,0.525530478406229,0.7767036600253301,0
45,58.0,24.0,4,0,0.1419761011978802,0.7767036600253301,0
45,59.0,23.0,4,0,0.3710645750322436,0.7767036600253301,0
45,60.0,22.0,4,0,0.21994217708181887,0.7767036600253301,0
45,61.0,21.0,4,0,0.3717908274227603,0.7767036600253301,0
45,62.0,20.0,4,1,0.829223818972002,0.7767036600253301,1
45,63.0,19.0,4,1,0.5955634107251838,0.7767036600253301,0
45,64.0,18.0,4,1,0.6492467799070165,0.7767036600253301,0
45,65.0,17.0,4,1,0.8152966210361011,0.7767036600253301,1
45,66.0,16.0,4,1,0.7953964084658773,0.7767036600253301,1
45,67.0,15.0,4,1,0.811993495257656,0.7767036600253301,1
45,68.0,14.0,4,1,0.8510791563868411,0.7767036600253301,1
45,69.0,13.0,4,1,0.7108553903715469,0.7767036600253301,0
45,70.0,12.0,4,1,0.7807175231727951,0.7767036600253301,1
45,71.0,11.0,4,1,0.8294650346998679,0.7767036600253301,1
45,72.0,10.0,4,1,0.8883253426380346,0.7767036600253301,1
45,73.0,9.0,4,1,0.8014925419974163,0.7767036600253301,1
45,74.0,8.0,4,1,0.9091261722500336,0.7767036600253301,1
45,75.0,7.0,4,1,0.9259546632263412,0.7767036600253301,1
45,76.0,6.0,4,1,0.861957102482491,0.7767036600253301,1
45,77.0,5.0,4,1,0.9061918729509817,0.7767036600253301,1
45,78.0,4.0,4,1,0.8537234083580494,0.7767036600253301,1
45,79.0,3.0,4,1,0.8458803294424657,0.7767036600253301,1
45,80.0,2.0,4,1,0.9604844604510013,0.7767036600253301,1
45,81.0,1.0,4,1,0.97922379317848,0.7767036600253301,1
45,82.0,0.0,4,1,0.9493938775100162,0.7767036600253301,1
46,1.0,77.0,3,0,0.008680895276237784,0.7899421635739077,0
46,2.0,76.0,3,0,0.007498407092045952,0.7899421635739077,0
46,3.0,75.0,3,0,0.0067808967166139685,0.7899421635739077,0
46,4.0,74.0,3,0,0.009988099149739858,0.7899421635739077,0
46,5.0,73.0,3,0,0.009314300849108904,0.7899421635739077,0
46,6.0,72.0,3,0,0.007007971820698899,0.7899421635739077,0
46,7.0,71.0,3,0,0.004194915324549945,0.7899421635739077,0
46,8.0,70.0,3,0,0.005877993839750326,0.7899421635739077,0
46,9.0,69.0,3,0,0.011962188173052566,0.7899421635739077,0
46,10.0,68.0,3,0,0.005371964892328121,0.7899421635739077,0
46,11.0,67.0,3,0,0.0016126424522583658,0.7899421635739077,0
46,12.0,66.0,3,0,0.004076133482180196,0.7899421635739077,0
46,13.0,65.0,3,0,0.010154164791163486,0.7899421635739077,0
46,14.0,64.0,3,0,0.004947554339422961,0.7899421635739077,0
46,15.0,63.0,3,0,0.0070580908791301,0.7899421635739077,0
46,16.0,62.0,3,0,0.007193544792567842,0.7899421635739077,0
46,17.0,61.0,3,0,0.036349613164116,0.7899421635739077,0
46,18.0,60.0,3,0,0.006308815061383047,0.7899421635739077,0
46,19.0,59.0,3,0,0.01750442522622064,0.7899421635739077,0
46,20.0,58.0,3,0,0.020564137245891838,0.7899421635739077,0
46,21.0,57.0,3,0,0.010247042503107623,0.7899421635739077,0
46,22.0,56.0,3,0,0.007797743858065342,0.7899421635739077,0
46,23.0,55.0,3,0,0.01526401364996726,0.7899421635739077,0
46,24.0,54.0,3,0,0.011660919946151215,0.7899421635739077,0
46,25.0,53.0,3,0,0.012179227711444574,0.7899421635739077,0
46,26.0,52.0,3,0,0.00619617044245272,0.7899421635739077,0
46,27.0,51.0,3,0,0.014700153452356922,0.7899421635739077,0
46,28.0,50.0,3,0,0.008086864506883992,0.7899421635739077,0
46,29.0,49.0,3,0,0.009624521475748786,0.7899421635739077,0
46,30.0,48.0,3,0,0.02070068644712418,0.7899421635739077,0
46,31.0,47.0,3,0,0.012056609678268089,0.7899421635739077,0
46,32.0,46.0,3,0,0.013379799284540491,0.7899421635739077,0
46,33.0,45.0,3,0,0.009594786953612797,0.7899421635739077,0
46,34.0,44.0,3,0,0.06159962500633612,0.7899421635739077,0
46,35.0,43.0,3,0,0.02110903718751681,0.7899421635739077,0
46,36.0,42.0,3,0,0.023503707591923582,0.7899421635739077,0
46,37.0,41.0,3,0,0.09751327275146492,0.7899421635739077,0
46,38.0,40.0,3,0,0.016682883410781616,0.7899421635739077,0
46,39.0,39.0,3,0,0.20017761949999377,0.7899421635739077,0
46,40.0,38.0,3,0,0.17931848801958392,0.7899421635739077,0
46,41.0,37.0,3,0,0.026204721043441806,0.7899421635739077,0
46,42.0,36.0,3,0,0.24106248699451913,0.7899421635739077,0
46,43.0,35.0,3,0,0.13628979225354979,0.7899421635739077,0
46,44.0,34.0,3,0,0.2623903240779571,0.7899421635739077,0
46,45.0,33.0,3,0,0.35777725188267434,0.7899421635739077,0
46,46.0,32.0,3,0,0.3677505438527383,0.7899421635739077,0
46,47.0,31.0,3,0,0.6654326628312898,0.7899421635739077,0
46,48.0,30.0,3,0,0.5987068459470859,0.7899421635739077,0
46,49.0,29.0,3,0,0.5802581913182002,0.7899421635739077,0
46,50.0,28.0,3,0,0.5720731277601548,0.7899421635739077,0
46,51.0,27.0,3,0,0.5891461580657539,0.7899421635739077,0
46,52.0,26.0,3,0,0.7400583730575464,0.7899421635739077,0
46,53.0,25.0,3,0,0.6971488758258884,0.7899421635739077,0
46,54.0,24.0,3,0,0.6950015418220834,0.7899421635739077,0
46,55.0,23.0,3,0,0.6499865426467367,0.7899421635739077,0
46,56.0,22.0,3,0,0.7357622609615455,0.7899421635739077,0
46,57.0,21.0,3,0,0.771310038155065,0.7899421635739077,0
46,58.0,20.0,3,1,0.7539127704494659,0.7899421635739077,0
46,59.0,19.0,3,1,0.7252555341911815,0.7899421635739077,0
46,60.0,18.0,3,1,0.8593304914481017,0.7899421635739077,1
46,61.0,17.0,3,1,0.8681238068207533,0.7899421635739077,1
46,62.0,16.0,3,1,0.8188542106018363,0.7899421635739077,1
46,63.0,15.0,3,1,0.9408006790797305,0.7899421635739077,1
46,64.0,14.0,3,1,0.9198834883921407,0.7899421635739077,1
46,65.0,13.0,3,1,0.880260065632229,0.7899421635739077,1
46,66.0,12.0,3,1,0.8982333732135108,0.7899421635739077,1
46,67.0,11.0,3,1,0.9360318883651648,0.7899421635739077,1
46,68.0,10.0,3,1,0.9299314418431672,0.7899421635739077,1
46,69.0,9.0,3,1,0.8492513292838842,0.7899421635739077,1
46,70.0,8.0,3,1,0.9304792235382142,0.7899421635739077,1
46,71.0,7.0,3,1,0.8625578968312216,0.7899421635739077,1
46,72.0,6.0,3,1,0.9406807469406383,0.7899421635739077,1
46,73.0,5.0,3,1,0.9541251689894655,0.7899421635739077,1
46,74.0,4.0,3,1,0.8899881184498788,0.7899421635739077,1
46,75.0,3.0,3,1,0.9498939886854257,0.7899421635739077,1
46,76.0,2.0,3,1,0.9685797083316999,0.7899421635739077,1
46,77.0,1.0,3,1,0.9222189231718366,0.7899421635739077,1
46,78.0,0.0,3,1,0.9678401783355318,0.7899421635739077,1
47,1.0,77.0,2,0,0.007716329207672349,0.7912127720003883,0
47,2.0,76.0,2,0,0.010963772855271708,0.7912127720003883,0
47,3.0,75.0,2,0,0.008815680189011863,0.7912127720003883,0
47,4.0,74.0,2,0,0.009789819571617021,0.7912127720003883,0
47,5.0,73.0,2,0,0.009999632948417011,0.7912127720003883,0
47,6.0,72.0,2,0,0.009656473903093698,0.7912127720003883,0
47,7.0,71.0,2,0,0.026801411461892695,0.7912127720003883,0
47,8.0,70.0,2,0,0.005898486369545527,0.7912127720003883,0
47,9.0,69.0,2,0,0.0029582329162880193,0.7912127720003883,0
47,10.0,68.0,2,0,0.012338311381093694,0.7912127720003883,0
47,11.0,67.0,2,0,0.006747988509505199,0.7912127720003883,0
47,12.0,66.0,2,0,0.008120053080020291,0.7912127720003883,0
47,13.0,65.0,2,0,0.008245995321985299,0.7912127720003883,0
47,14.0,64.0,2,0,0.016647405155681562,0.7912127720003883,0
47,15.0,63.0,2,0,0.008753928093653185,0.7912127720003883,0
47,16.0,62.0,2,0,0.012193116103525735,0.7912127720003883,0
47,17.0,61.0,2,0,0.0051784702846737855,0.7912127720003883,0
47,18.0,60.0,2,0,0.004689233809434148,0.7912127720003883,0
47,19.0,59.0,2,0,0.0073280059062731705,0.7912127720003883,0
47,20.0,58.0,2,0,0.0094671875318611,0.7912127720003883,0
47,21.0,57.0,2,0,0.047541403827316114,0.7912127720003883,0
47,22.0,56.0,2,0,0.006747988509505199,0.7912127720003883,0
47,23.0,55.0,2,0,0.010333709029725274,0.7912127720003883,0
47,24.0,54.0,2,0,0.006724796727985896,0.7912127720003883,0
47,25.0,53.0,2,0,0.00819143254976425,0.7912127720003883,0
47,26.0,52.0,2,0,0.0049118429164679836,0.7912127720003883,0
47,27.0,51.0,2,0,0.017213926773182887,0.7912127720003883,0
47,28.0,50.0,2,0,0.014805233729921407,0.7912127720003883,0
47,29.0,49.0,2,0,0.041027068147336074,0.7912127720003883,0
47,30.0,48.0,2,0,0.03758440810297659,0.7912127720003883,0
47,31.0,47.0,2,0,0.05814416451794496,0.7912127720003883,0
47,32.0,46.0,2,0,0.05563953504269075,0.7912127720003883,0
47,33.0,45.0,2,0,0.10380107935190976,0.7912127720003883,0
47,34.0,44.0,2,0,0.021345046483947926,0.7912127720003883,0
47,35.0,43.0,2,0,0.16539330921145748,0.7912127720003883,0
47,36.0,42.0,2,0,0.134219522412261,0.7912127720003883,0
47,37.0,41.0,2,0,0.05100844371870894,0.7912127720003883,0
47,38.0,40.0,2,0,0.1736239035968019,0.7912127720003883,0
47,39.0,39.0,2,0,0.15711050704342988,0.7912127720003883,0
47,40.0,38.0,2,0,0.2576374078405053,0.7912127720003883,0
47,41.0,37.0,2,0,0.3079756036340448,0.7912127720003883,0
47,42.0,36.0,2,0,0.2805474759347881,0.7912127720003883,0
47,43.0,35.0,2,0,0.3081060521386595,0.7912127720003883,0
47,44.0,34.0,2,0,0.27213155837286723,0.7912127720003883,0
47,45.0,33.0,2,0,0.271996887755183,0.7912127720003883,0
47,46.0,32.0,2,0,0.3404650113876567,0.7912127720003883,0
47,47.0,31.0,2,0,0.32128760546070145,0.7912127720003883,0
47,48.0,30.0,2,0,0.396478554789211,0.7912127720003883,0
47,49.0,29.0,2,0,0.4958832246210101,0.7912127720003883,0
47,50.0,28.0,2,0,0.2649204575822143,0.7912127720003883,0
47,51.0,27.0,2,0,0.5373089348228732,0.7912127720003883,0
47,52.0,26.0,2,0,0.43907126699029225,0.7912127720003883,0
47,53.0,25.0,2,0,0.5382295527602039,0.7912127720003883,0
47,54.0,24.0,2,0,0.3408033770537258,0.7912127720003883,0
47,55.0,23.0,2,0,0.6422892967169029,0.7912127720003883,0
47,56.0,22.0,2,0,0.3813358929586407,0.7912127720003883,0
47,57.0,21.0,2,0,0.536183266324954,0.7912127720003883,0
47,58.0,20.0,2,1,0.593748287006862,0.7912127720003883,0
47,59.0,19.0,2,1,0.5236568825299179,0.7912127720003883,0
47,60.0,18.0,2,1,0.7190369670304669,0.7912127720003883,0
47,61.0,17.0,2,1,0.7183057124545026,0.7912127720003883,0
47,62.0,16.0,2,1,0.7307787264182031,0.7912127720003883,0
47,63.0,15.0,2,1,0.7862265514684048,0.7912127720003883,0
47,64.0,14.0,2,1,0.8409046831403402,0.7912127720003883,1
47,65.0,13.0,2,1,0.9018414421495018,0.7912127720003883,1
47,66.0,12.0,2,1,0.94247686783592,0.7912127720003883,1
47,67.0,11.0,2,1,0.881795793518861,0.7912127720003883,1
47,68.0,10.0,2,1,0.9443263347094694,0.7912127720003883,1
47,69.0,9.0,2,1,0.8863257847907462,0.7912127720003883,1
47,70.0,8.0,2,1,0.8869185210051886,0.7912127720003883,1
47,71.0,7.0,2,1,0.9141915833292955,0.7912127720003883,1
47,72.0,6.0,2,1,0.9774286046670385,0.7912127720003883,1
47,73.0,5.0,2,1,0.9573595835083281,0.7912127720003883,1
47,74.0,4.0,2,1,0.8597758972348964,0.7912127720003883,1
47,75.0,3.0,2,1,0.9494644005955735,0.7912127720003883,1
47,76.0,2.0,2,1,0.9379380004512609,0.7912127720003883,1
47,77.0,1.0,2,1,0.9438222048511848,0.7912127720003883,1
47,78.0,0.0,2,1,0.9095525809112657,0.7912127720003883,1
48,1.0,64.0,3,0,0.010745732138706488,0.7899421635739077,0
48,2.0,63.0,3,0,0.003965499419890361,0.7899421635739077,0
48,3.0,62.0,3,0,0.013246186017490414,0.7899421635739077,0
48,4.0,61.0,3,0,0.04740337885484218,0.7899421635739077,0
48,5.0,60.0,3,0,0.015249046609808675,0.7899421635739077,0
48,6.0,59.0,3,0,0.004116615118149535,0.7899421635739077,0
48,7.0,58.0,3,0,0.01272427080291495,0.7899421635739077,0
48,8.0,57.0,3,0,0.0018359671510229404,0.7899421635739077,0
48,9.0,56.0,3,0,0.00899224037365366,0.7899421635739077,0
48,10.0,55.0,3,0,0.001572294437629979,0.7899421635739077,0
48,11.0,54.0,3,0,0.016848874661635396,0.7899421635739077,0
48,12.0,53.0,3,0,0.00973465080914095,0.7899421635739077,0
48,13.0,52.0,3,0,0.010892544932755776,0.7899421635739077,0
48,14.0,51.0,3,0,0.006885905249197845,0.7899421635739077,0
48,15.0,50.0,3,0,0.03575324653296063,0.7899421635739077,0
48,16.0,49.0,3,0,0.005465665264706036,0.7899421635739077,0
48,17.0,48.0,3,0,0.011494927249001278,0.7899421635739077,0
48,18.0,47.0,3,0,0.013291749497442632,0.7899421635739077,0
48,19.0,46.0,3,0,0.04288642886489044,0.7899421635739077,0
48,20.0,45.0,3,0,0.0036823694382098187,0.7899421635739077,0
48,21.0,44.0,3,0,0.0014772117155896856,0.7899421635739077,0
48,22.0,43.0,3,0,0.007483089089713682,0.7899421635739077,0
48,23.0,42.0,3,0,0.03160417623863233,0.7899421635739077,0
48,24.0,41.0,3,0,0.007951019232053852,0.7899421635739077,0
48,25.0,40.0,3,0,0.028066168210116812,0.7899421635739077,0
48,26.0,39.0,3,0,0.0054599439631617735,0.7899421635739077,0
48,27.0,38.0,3,0,0.05536071838923483,0.7899421635739077,0
48,28.0,37.0,3,0,0.0048591007352723915,0.7899421635739077,0
48,29.0,36.0,3,0,0.003863500357189334,0.7899421635739077,0
48,30.0,35.0,3,0,0.009426528462013244,0.7899421635739077,0
48,31.0,34.0,3,0,0.0227041474130448,0.7899421635739077,0
48,32.0,33.0,3,0,0.0353711187880836,0.7899421635739077,0
48,33.0,32.0,3,0,0.03054640909093104,0.7899421635739077,0
48,34.0,31.0,3,0,0.023689628005349628,0.7899421635739077,0
48,35.0,30.0,3,0,0.014897114913828849,0.7899421635739077,0
48,36.0,29.0,3,0,0.11990467617328433,0.7899421635739077,0
48,37.0,28.0,3,0,0.13482954370888797,0.7899421635739077,0
48,38.0,27.0,3,0,0.12478803530914499,0.7899421635739077,0
48,39.0,26.0,3,0,0.12928145967270127,0.7899421635739077,0
48,40.0,25.0,3,0,0.16449185153688076,0.7899421635739077,0
48,41.0,24.0,3,0,0.03497573683244562,0.7899421635739077,0
48,42.0,23.0,3,0,0.23446307931358665,0.7899421635739077,0
48,43.0,22.0,3,0,0.07671212199024463,0.7899421635739077,0
48,44.0,21.0,3,0,0.2672386294869252,0.7899421635739077,0
48,45.0,20.0,3,1,0.4718482476407414,0.7899421635739077,0
48,46.0,19.0,3,1,0.515735273923273,0.7899421635739077,0
48,47.0,18.0,3,1,0.6337633238680467,0.7899421635739077,0
48,48.0,17.0,3,1,0.4446871039316024,0.7899421635739077,0
48,49.0,16.0,3,1,0.6518188169655976,0.7899421635739077,0
48,50.0,15.0,3,1,0.7198121630934287,0.7899421635739077,0
48,51.0,14.0,3,1,0.6021846187741194,0.7899421635739077,0
48,52.0,13.0,3,1,0.6836738691582281,0.7899421635739077,0
48,53.0,12.0,3,1,0.6445279216475545,0.7899421635739077,0
48,54.0,11.0,3,1,0.7011948105882164,0.7899421635739077,0
48,55.0,10.0,3,1,0.7050216260212192,0.7899421635739077,0
48,56.0,9.0,3,1,0.7167186903291182,0.7899421635739077,0
48,57.0,8.0,3,1,0.594487703121934,0.7899421635739077,0
48,58.0,7.0,3,1,0.8377054428291848,0.7899421635739077,1
48,59.0,6.0,3,1,0.8484472570787033,0.7899421635739077,1
48,60.0,5.0,3,1,0.9057603094975446,0.7899421635739077,1
48,61.0,4.0,3,1,0.8594096324637148,0.7899421635739077,1
48,62.0,3.0,3,1,0.9169733465532923,0.7899421635739077,1
48,63.0,2.0,3,1,0.9290068372252518,0.7899421635739077,1
48,64.0,1.0,3,1,0.8851929769254935,0.7899421635739077,1
48,65.0,0.0,3,1,0.932548423693392,0.7899421635739077,1
49,1.0,86.0,5,0,0.0002507978826816198,0.7886728961484951,0
49,2.0,85.0,5,0,0.002672019663984329,0.7886728961484951,0
49,3.0,84.0,5,0,0.003601196141120262,0.7886728961484951,0
49,4.0,83.0,5,0,0.006114912306710871,0.7886728961484951,0
49,5.0,82.0,5,0,0.012168077581187965,0.7886728961484951,0
49,6.0,81.0,5,0,0.0037819645603369926,0.7886728961484951,0
49,7.0,80.0,5,0,0.0003131114391947121,0.7886728961484951,0
49,8.0,79.0,5,0,0.0021744975778085736,0.7886728961484951,0
49,9.0,78.0,5,0,0.0031375195518302855,0.7886728961484951,0
49,10.0,77.0,5,0,0.0011751341769123274,0.7886728961484951,0
49,11.0,76.0,5,0,0.0034572066017607944,0.7886728961484951,0
49,12.0,75.0,5,0,0.0006092940146668949,0.7886728961484951,0
49,13.0,74.0,5,0,0.018511515065604403,0.7886728961484951,0
49,14.0,73.0,5,0,0.029577871156750313,0.7886728961484951,0
49,15.0,72.0,5,0,0.0006092940146668949,0.7886728961484951,0
49,16.0,71.0,5,0,0.006453820177054663,0.7886728961484951,0
49,17.0,70.0,5,0,8.842897460018879e-05,0.7886728961484951,0
49,18.0,69.0,5,0,0.004367234825940705,0.7886728961484951,0
49,19.0,68.0,5,0,0.0003131114391947121,0.7886728961484951,0
49,20.0,67.0,5,0,0.025057419854298924,0.7886728961484951,0
49,21.0,66.0,5,0,0.0031988892236076197,0.7886728961484951,0
49,22.0,65.0,5,0,0.006329546252955414,0.7886728961484951,0
49,23.0,64.0,5,0,0.010146376580693221,0.7886728961484951,0
49,24.0,63.0,5,0,0.007513346998387613,0.7886728961484951,0
49,25.0,62.0,5,0,0.00014380452688295763,0.7886728961484951,0
49,26.0,61.0,5,0,0.0003335397959821965,0.7886728961484951,0
49,27.0,60.0,5,0,0.0020570085167252936,0.7886728961484951,0
49,28.0,59.0,5,0,0.008617453392839277,0.7886728961484951,0
49,29.0,58.0,5,0,0.003997468162973353,0.7886728961484951,0
49,30.0,57.0,5,0,0.004367234825940705,0.7886728961484951,0
49,31.0,56.0,5,0,0.00030617343496438864,0.7886728961484951,0
49,32.0,55.0,5,0,0.003519656181792115,0.7886728961484951,0
49,33.0,54.0,5,0,0.001623060656404247,0.7886728961484951,0
49,34.0,53.0,5,0,0.03480971119255211,0.7886728961484951,0
49,35.0,52.0,5,0,0.0006092940146668949,0.7886728961484951,0
49,36.0,51.0,5,0,0.012391982367540941,0.7886728961484951,0
49,37.0,50.0,5,0,0.004028945712192112,0.7886728961484951,0
49,38.0,49.0,5,0,0.03598230013828181,0.7886728961484951,0
49,39.0,48.0,5,0,0.004262300734033137,0.7886728961484951,0
49,40.0,47.0,5,0,0.00876860538374211,0.7886728961484951,0
49,41.0,46.0,5,0,0.0003131114391947121,0.7886728961484951,0
49,42.0,45.0,5,0,0.0027524308912098582,0.7886728961484951,0
49,43.0,44.0,5,0,0.009800657744734355,0.7886728961484951,0
49,44.0,43.0,5,0,0.013026418386036843,0.7886728961484951,0
49,45.0,42.0,5,0,0.07889397107704055,0.7886728961484951,0
49,46.0,41.0,5,0,0.08194870053471914,0.7886728961484951,0
49,47.0,40.0,5,0,0.03464316576167322,0.7886728961484951,0
49,48.0,39.0,5,0,0.08462540406113356,0.7886728961484951,0
49,49.0,38.0,5,0,0.0969186800479799,0.7886728961484951,0
49,50.0,37.0,5,0,0.07491996831607875,0.7886728961484951,0
49,51.0,36.0,5,0,0.04947106172372489,0.7886728961484951,0
49,52.0,35.0,5,0,0.05911226130261041,0.7886728961484951,0
49,53.0,34.0,5,0,0.1603706919360941,0.7886728961484951,0
49,54.0,33.0,5,0,0.10372940843129584,0.7886728961484951,0
49,55.0,32.0,5,0,0.2926371880235909,0.7886728961484951,0
49,56.0,31.0,5,0,0.15860414323460864,0.7886728961484951,0
49,57.0,30.0,5,0,0.16619784005781948,0.7886728961484951,0
49,58.0,29.0,5,0,0.2895464258871722,0.7886728961484951,0
49,59.0,28.0,5,0,0.3381661835580993,0.7886728961484951,0
49,60.0,27.0,5,0,0.6583864538647988,0.7886728961484951,0
49,61.0,26.0,5,0,0.6077546611921909,0.7886728961484951,0
49,62.0,25.0,5,0,0.6511674816288302,0.7886728961484951,0
49,63.0,24.0,5,0,0.7521067869102291,0.7886728961484951,0
49,64.0,23.0,5,0,0.6676000399298264,0.7886728961484951,0
49,65.0,22.0,5,0,0.7491968572041654,0.7886728961484951,0
49,66.0,21.0,5,0,0.6353160898422041,0.7886728961484951,0
49,67.0,20.0,5,1,0.7687778754098062,0.7886728961484951,0
49,68.0,19.0,5,1,0.8182037043892334,0.7886728961484951,1
49,69.0,18.0,5,1,0.820515956302681,0.7886728961484951,1
49,70.0,17.0,5,1,0.6329346839251708,0.7886728961484951,0
49,71.0,16.0,5,1,0.7503756754589649,0.7886728961484951,0
49,72.0,15.0,5,1,0.694420634012301,0.7886728961484951,0
49,73.0,14.0,5,1,0.7817168050932355,0.7886728961484951,0
49,74.0,13.0,5,1,0.7801456525827888,0.7886728961484951,0
49,75.0,12.0,5,1,0.7325084730589932,0.7886728961484951,0
49,76.0,11.0,5,1,0.8506271265740908,0.7886728961484951,1
49,77.0,10.0,5,1,0.8049673112093912,0.7886728961484951,1
49,78.0,9.0,5,1,0.7979194058797587,0.7886728961484951,1
49,79.0,8.0,5,1,0.950080143706677,0.7886728961484951,1
49,80.0,7.0,5,1,0.8197439631586727,0.7886728961484951,1
49,81.0,6.0,5,1,0.9839361368410231,0.7886728961484951,1
49,82.0,5.0,5,1,0.8831317831025721,0.7886728961484951,1
49,83.0,4.0,5,1,0.9515787852043043,0.7886728961484951,1
49,84.0,3.0,5,1,0.9743597851120962,0.7886728961484951,1
49,85.0,2.0,5,1,0.932285109846643,0.7886728961484951,1
49,86.0,1.0,5,1,0.953973715420198,0.7886728961484951,1
49,87.0,0.0,5,1,0.9546262359891154,0.7886728961484951,1
50,1.0,98.0,1,0,0.006619070436738741,0.8012529878443658,0
50,2.0,97.0,1,0,0.008323654224273508,0.8012529878443658,0
50,3.0,96.0,1,0,0.018507297318119585,0.8012529878443658,0
50,4.0,95.0,1,0,0.002373102575224184,0.8012529878443658,0
50,5.0,94.0,1,0,0.016739951921038995,0.8012529878443658,0
50,6.0,93.0,1,0,7.281961657421304e-05,0.8012529878443658,0
50,7.0,92.0,1,0,0.006099806937391478,0.8012529878443658,0
50,8.0,91.0,1,0,0.009112291335208751,0.8012529878443658,0
50,9.0,90.0,1,0,0.014014099962084152,0.8012529878443658,0
50,10.0,89.0,1,0,0.0022036728554750856,0.8012529878443658,0
50,11.0,88.0,1,0,0.007448988710559954,0.8012529878443658,0
50,12.0,87.0,1,0,0.00257043054447865,0.8012529878443658,0
50,13.0,86.0,1,0,0.030715609324125225,0.8012529878443658,0
50,14.0,85.0,1,0,0.009250757882362778,0.8012529878443658,0
50,15.0,84.0,1,0,0.010193436261630143,0.8012529878443658,0
50,16.0,83.0,1,0,0.004091982544283109,0.8012529878443658,0
50,17.0,82.0,1,0,0.00470707716998693,0.8012529878443658,0
50,18.0,81.0,1,0,0.009367481466661031,0.8012529878443658,0
50,19.0,80.0,1,0,0.005270501060329191,0.8012529878443658,0
50,20.0,79.0,1,0,0.0029310884469440648,0.8012529878443658,0
50,21.0,78.0,1,0,0.011110607177547051,0.8012529878443658,0
50,22.0,77.0,1,0,0.007688777465933378,0.8012529878443658,0
50,23.0,76.0,1,0,0.006359688079897469,0.8012529878443658,0
50,24.0,75.0,1,0,0.014179490031181251,0.8012529878443658,0
50,25.0,74.0,1,0,0.011635836809344432,0.8012529878443658,0
50,26.0,73.0,1,0,0.006714900673778619,0.8012529878443658,0
50,27.0,72.0,1,0,0.004430869670221804,0.8012529878443658,0
50,28.0,71.0,1,0,0.007268310848959252,0.8012529878443658,0
50,29.0,70.0,1,0,0.019599650010897397,0.8012529878443658,0
50,30.0,69.0,1,0,0.004253023129111904,0.8012529878443658,0
50,31.0,68.0,1,0,0.005290292717179812,0.8012529878443658,0
50,32.0,67.0,1,0,0.00580561940720998,0.8012529878443658,0
50,33.0,66.0,1,0,0.005802604769735085,0.8012529878443658,0
50,34.0,65.0,1,0,0.00818421963393663,0.8012529878443658,0
50,35.0,64.0,1,0,0.01170374375505031,0.8012529878443658,0
50,36.0,63.0,1,0,0.0069741391416591305,0.8012529878443658,0
50,37.0,62.0,1,0,0.018941499240174183,0.8012529878443658,0
50,38.0,61.0,1,0,0.012888915094285566,0.8012529878443658,0
50,39.0,60.0,1,0,0.01976542391226202,0.8012529878443658,0
50,40.0,59.0,1,0,0.011787856986795006,0.8012529878443658,0
50,41.0,58.0,1,0,0.030815974425070742,0.8012529878443658,0
50,42.0,57.0,1,0,0.0056415801497024815,0.8012529878443658,0
50,43.0,56.0,1,0,0.018951524685100578,0.8012529878443658,0
50,44.0,55.0,1,0,0.012344258228231098,0.8012529878443658,0
50,45.0,54.0,1,0,0.037202781619216786,0.8012529878443658,0
50,46.0,53.0,1,0,0.021995592503772084,0.8012529878443658,0
50,47.0,52.0,1,0,0.038791305879061835,0.8012529878443658,0
50,48.0,51.0,1,0,0.043468166634086466,0.8012529878443658,0
50,49.0,50.0,1,0,0.15892190561508981,0.8012529878443658,0
50,50.0,49.0,1,0,0.06046097893613386,0.8012529878443658,0
50,51.0,48.0,1,0,0.1860999250527975,0.8012529878443658,0
50,52.0,47.0,1,0,0.2144605506491242,0.8012529878443658,0
50,53.0,46.0,1,0,0.2973819461655803,0.8012529878443658,0
50,54.0,45.0,1,0,0.17181146756254773,0.8012529878443658,0
50,55.0,44.0,1,0,0.2021685686352765,0.8012529878443658,0
50,56.0,43.0,1,0,0.3037736627430247,0.8012529878443658,0
50,57.0,42.0,1,0,0.19604764751547385,0.8012529878443658,0
50,58.0,41.0,1,0,0.19131963911736924,0.8012529878443658,0
50,59.0,40.0,1,0,0.24243065045729215,0.8012529878443658,0
50,60.0,39.0,1,0,0.23664831376918333,0.8012529878443658,0
50,61.0,38.0,1,0,0.375058168516591,0.8012529878443658,0
50,62.0,37.0,1,0,0.29740931422647493,0.8012529878443658,0
50,63.0,36.0,1,0,0.5412148966909783,0.8012529878443658,0
50,64.0,35.0,1,0,0.5237313857839547,0.8012529878443658,0
50,65.0,34.0,1,0,0.6818375393911702,0.8012529878443658,0
50,66.0,33.0,1,0,0.6088643514155931,0.8012529878443658,0
50,67.0,32.0,1,0,0.7214756647309077,0.8012529878443658,0
50,68.0,31.0,1,0,0.627593206648396,0.8012529878443658,0
50,69.0,30.0,1,0,0.6135316430583545,0.8012529878443658,0
50,70.0,29.0,1,0,0.583804243213373,0.8012529878443658,0
50,71.0,28.0,1,0,0.6408986355343805,0.8012529878443658,0
50,72.0,27.0,1,0,0.7407645145393639,0.8012529878443658,0
50,73.0,26.0,1,0,0.7256620014475723,0.8012529878443658,0
50,74.0,25.0,1,0,0.6687284278142442,0.8012529878443658,0
50,75.0,24.0,1,0,0.6905774624607411,0.8012529878443658,0
50,76.0,23.0,1,0,0.7599676155642756,0.8012529878443658,0
50,77.0,22.0,1,0,0.7601167630731587,0.8012529878443658,0
50,78.0,21.0,1,0,0.7209085859194825,0.8012529878443658,0
50,79.0,20.0,1,1,0.7629954017251013,0.8012529878443658,0
50,80.0,19.0,1,1,0.9578845923657698,0.8012529878443658,1
50,81.0,18.0,1,1,0.9082912162029143,0.8012529878443658,1
50,82.0,17.0,1,1,0.8854007754200521,0.8012529878443658,1
50,83.0,16.0,1,1,0.9535710792188464,0.8012529878443658,1
50,84.0,15.0,1,1,0.9402299688757594,0.8012529878443658,1
50,85.0,14.0,1,1,0.9457456021512118,0.8012529878443658,1
50,86.0,13.0,1,1,0.9695802994440955,0.8012529878443658,1
50,87.0,12.0,1,1,0.9329361863333702,0.8012529878443658,1
50,88.0,11.0,1,1,0.9582304804910848,0.8012529878443658,1
50,89.0,10.0,1,1,0.9339616784300706,0.8012529878443658,1
50,90.0,9.0,1,1,0.9257284102699025,0.8012529878443658,1
50,91.0,8.0,1,1,0.94522078628199,0.8012529878443658,1
50,92.0,7.0,1,1,0.9414023413262594,0.8012529878443658,1
50,93.0,6.0,1,1,0.9668464206076715,0.8012529878443658,1
50,94.0,5.0,1,1,0.9501528318307009,0.8012529878443658,1
50,95.0,4.0,1,1,0.9193790268734873,0.8012529878443658,1
50,96.0,3.0,1,1,0.9730750240586183,0.8012529878443658,1
50,97.0,2.0,1,1,0.9513234622321775,0.8012529878443658,1
50,98.0,1.0,1,1,0.9504380269620164,0.8012529878443658,1
50,99.0,0.0,1,1,0.9211483765407098,0.8012529878443658,1
51,1.0,67.0,1,0,0.009347607319535607,0.8012529878443658,0
51,2.0,66.0,1,0,0.17698060904403815,0.8012529878443658,0
51,3.0,65.0,1,0,0.00893225909720984,0.8012529878443658,0
51,4.0,64.0,1,0,0.009869916157952234,0.8012529878443658,0
51,5.0,63.0,1,0,0.008744631760034375,0.8012529878443658,0
51,6.0,62.0,1,0,0.011594799587077962,0.8012529878443658,0
51,7.0,61.0,1,0,0.01987489687686008,0.8012529878443658,0
51,8.0,60.0,1,0,0.011130746340130431,0.8012529878443658,0
51,9.0,59.0,1,0,0.013645368125773187,0.8012529878443658,0
51,10.0,58.0,1,0,0.013402592783404213,0.8012529878443658,0
51,11.0,57.0,1,0,0.012025721253958786,0.8012529878443658,0
51,12.0,56.0,1,0,0.016546156295721735,0.8012529878443658,0
51,13.0,55.0,1,0,0.06415203735521376,0.8012529878443658,0
51,14.0,54.0,1,0,0.008261053951138637,0.8012529878443658,0
51,15.0,53.0,1,0,0.01672367615063631,0.8012529878443658,0
51,16.0,52.0,1,0,0.012490595016704225,0.8012529878443658,0
51,17.0,51.0,1,0,0.04864911601741352,0.8012529878443658,0
51,18.0,50.0,1,0,0.027138170223445078,0.8012529878443658,0
51,19.0,49.0,1,0,0.029325152235736274,0.8012529878443658,0
51,20.0,48.0,1,0,0.005253865764356768,0.8012529878443658,0
51,21.0,47.0,1,0,0.009139222892044977,0.8012529878443658,0
51,22.0,46.0,1,0,0.008680007918447644,0.8012529878443658,0
51,23.0,45.0,1,0,0.003270123739086255,0.8012529878443658,0
51,24.0,44.0,1,0,0.01269354282160714,0.8012529878443658,0
51,25.0,43.0,1,0,0.009963208531213017,0.8012529878443658,0
51,26.0,42.0,1,0,0.013038515987636336,0.8012529878443658,0
51,27.0,41.0,1,0,0.02134894793287507,0.8012529878443658,0
51,28.0,40.0,1,0,0.024667557127858467,0.8012529878443658,0
51,29.0,39.0,1,0,0.04726698571929528,0.8012529878443658,0
51,30.0,38.0,1,0,0.03328886619889573,0.8012529878443658,0
51,31.0,37.0,1,0,0.06261574486647498,0.8012529878443658,0
51,32.0,36.0,1,0,0.04060568740663477,0.8012529878443658,0
51,33.0,35.0,1,0,0.16295252242910602,0.8012529878443658,0
51,34.0,34.0,1,0,0.03446365295020637,0.8012529878443658,0
51,35.0,33.0,1,0,0.0985763974039501,0.8012529878443658,0
51,36.0,32.0,1,0,0.05583942248400884,0.8012529878443658,0
51,37.0,31.0,1,0,0.044247791134623904,0.8012529878443658,0
51,38.0,30.0,1,0,0.46142802456036985,0.8012529878443658,0
51,39.0,29.0,1,0,0.4288773639429978,0.8012529878443658,0
51,40.0,28.0,1,0,0.1997142056017864,0.8012529878443658,0
51,41.0,27.0,1,0,0.33010308695276636,0.8012529878443658,0
51,42.0,26.0,1,0,0.39532499681338523,0.8012529878443658,0
51,43.0,25.0,1,0,0.20519903911089452,0.8012529878443658,0
51,44.0,24.0,1,0,0.4928914612717569,0.8012529878443658,0
51,45.0,23.0,1,0,0.37206102568416666,0.8012529878443658,0
51,46.0,22.0,1,0,0.43544445452550706,0.8012529878443658,0
51,47.0,21.0,1,0,0.7290431241074828,0.8012529878443658,0
51,48.0,20.0,1,1,0.6776388877155369,0.8012529878443658,0
51,49.0,19.0,1,1,0.7453676681995647,0.8012529878443658,0
51,50.0,18.0,1,1,0.7195246994600462,0.8012529878443658,0
51,51.0,17.0,1,1,0.5440226678779132,0.8012529878443658,0
51,52.0,16.0,1,1,0.6785598454280599,0.8012529878443658,0
51,53.0,15.0,1,1,0.7527973968240007,0.8012529878443658,0
51,54.0,14.0,1,1,0.8335739273568401,0.8012529878443658,1
51,55.0,13.0,1,1,0.8578569596104932,0.8012529878443658,1
51,56.0,12.0,1,1,0.8770278178685093,0.8012529878443658,1
51,57.0,11.0,1,1,0.8943368525082576,0.8012529878443658,1
51,58.0,10.0,1,1,0.925278807236805,0.8012529878443658,1
51,59.0,9.0,1,1,0.8653952352396539,0.8012529878443658,1
51,60.0,8.0,1,1,0.8721851777255636,0.8012529878443658,1
51,61.0,7.0,1,1,0.8553022447839598,0.8012529878443658,1
51,62.0,6.0,1,1,0.8994994333137801,0.8012529878443658,1
51,63.0,5.0,1,1,0.8623805788666912,0.8012529878443658,1
51,64.0,4.0,1,1,0.9519118554509018,0.8012529878443658,1
51,65.0,3.0,1,1,0.9314219307791871,0.8012529878443658,1
51,66.0,2.0,1,1,0.9320984495968198,0.8012529878443658,1
51,67.0,1.0,1,1,0.941835202812995,0.8012529878443658,1
51,68.0,0.0,1,1,0.8679326510805825,0.8012529878443658,1
52,1.0,79.0,1,0,0.010095274882557313,0.8012529878443658,0
52,2.0,78.0,1,0,0.007733339170246424,0.8012529878443658,0
52,3.0,77.0,1,0,0.0025307656635155796,0.8012529878443658,0
52,4.0,76.0,1,0,0.009375745519019783,0.8012529878443658,0
52,5.0,75.0,1,0,0.01539385309541799,0.8012529878443658,0
52,6.0,74.0,1,0,0.005110077366806486,0.8012529878443658,0
52,7.0,73.0,1,0,0.015643628676396144,0.8012529878443658,0
52,8.0,72.0,1,0,0.013885657535119578,0.8012529878443658,0
52,9.0,71.0,1,0,0.012247687635745765,0.8012529878443658,0
52,10.0,70.0,1,0,0.0027832463234506418,0.8012529878443658,0
52,11.0,69.0,1,0,0.012458280471386562,0.8012529878443658,0
52,12.0,68.0,1,0,0.00703721061129427,0.8012529878443658,0
52,13.0,67.0,1,0,0.0022874995271403554,0.8012529878443658,0
52,14.0,66.0,1,0,0.016923532978262903,0.8012529878443658,0
52,15.0,65.0,1,0,0.014488025011317768,0.8012529878443658,0
52,16.0,64.0,1,0,0.026953342289581152,0.8012529878443658,0
52,17.0,63.0,1,0,0.008948367795433277,0.8012529878443658,0
52,18.0,62.0,1,0,0.004580467519771583,0.8012529878443658,0
52,19.0,61.0,1,0,0.05494972049421555,0.8012529878443658,0
52,20.0,60.0,1,0,0.0026400480830675644,0.8012529878443658,0
52,21.0,59.0,1,0,0.014421211376533566,0.8012529878443658,0
52,22.0,58.0,1,0,0.016032237318336324,0.8012529878443658,0
52,23.0,57.0,1,0,0.006602259551614956,0.8012529878443658,0
52,24.0,56.0,1,0,0.004007461687004371,0.8012529878443658,0
52,25.0,55.0,1,0,0.00839373285633594,0.8012529878443658,0
52,26.0,54.0,1,0,0.00788438130293698,0.8012529878443658,0
52,27.0,53.0,1,0,0.0034334180160529525,0.8012529878443658,0
52,28.0,52.0,1,0,0.013610708166643507,0.8012529878443658,0
52,29.0,51.0,1,0,0.018257259347673093,0.8012529878443658,0
52,30.0,50.0,1,0,0.008582628324625205,0.8012529878443658,0
52,31.0,49.0,1,0,0.008224199435959902,0.8012529878443658,0
52,32.0,48.0,1,0,0.013509410795207065,0.8012529878443658,0
52,33.0,47.0,1,0,0.016649246974981352,0.8012529878443658,0
52,34.0,46.0,1,0,0.13523203318068294,0.8012529878443658,0
52,35.0,45.0,1,0,0.04631683813076248,0.8012529878443658,0
52,36.0,44.0,1,0,0.02489157441905929,0.8012529878443658,0
52,37.0,43.0,1,0,0.11438737166652516,0.8012529878443658,0
52,38.0,42.0,1,0,0.17769323375515125,0.8012529878443658,0
52,39.0,41.0,1,0,0.26236563639643345,0.8012529878443658,0
52,40.0,40.0,1,0,0.023622143825611595,0.8012529878443658,0
52,41.0,39.0,1,0,0.08547554416957995,0.8012529878443658,0
52,42.0,38.0,1,0,0.3577095208656362,0.8012529878443658,0
52,43.0,37.0,1,0,0.14013380225304503,0.8012529878443658,0
52,44.0,36.0,1,0,0.09439500415797508,0.8012529878443658,0
52,45.0,35.0,1,0,0.16248008244858955,0.8012529878443658,0
52,46.0,34.0,1,0,0.4368085644414122,0.8012529878443658,0
52,47.0,33.0,1,0,0.39696445465001545,0.8012529878443658,0
52,48.0,32.0,1,0,0.24310592230414504,0.8012529878443658,0
52,49.0,31.0,1,0,0.5380267330731723,0.8012529878443658,0
52,50.0,30.0,1,0,0.5474552490674593,0.8012529878443658,0
52,51.0,29.0,1,0,0.43170742551604874,0.8012529878443658,0
52,52.0,28.0,1,0,0.33085093407996446,0.8012529878443658,0
52,53.0,27.0,1,0,0.5040164082367393,0.8012529878443658,0
52,54.0,26.0,1,0,0.448255115167263,0.8012529878443658,0
52,55.0,25.0,1,0,0.5408155630540189,0.8012529878443658,0
52,56.0,24.0,1,0,0.6216297527340615,0.8012529878443658,0
52,57.0,23.0,1,0,0.5930820304152699,0.8012529878443658,0
52,58.0,22.0,1,0,0.778911206696817,0.8012529878443658,0
52,59.0,21.0,1,0,0.7288384047094724,0.8012529878443658,0
52,60.0,20.0,1,1,0.7361360271834846,0.8012529878443658,0
52,61.0,19.0,1,1,0.2654930418904222,0.8012529878443658,0
52,62.0,18.0,1,1,0.6239892833768855,0.8012529878443658,0
52,63.0,17.0,1,1,0.6544144908787258,0.8012529878443658,0
52,64.0,16.0,1,1,0.5511786487959685,0.8012529878443658,0
52,65.0,15.0,1,1,0.7454510501434143,0.8012529878443658,0
52,66.0,14.0,1,1,0.7989309865136832,0.8012529878443658,0
52,67.0,13.0,1,1,0.8701036692513715,0.8012529878443658,1
52,68.0,12.0,1,1,0.8545091598870751,0.8012529878443658,1
52,69.0,11.0,1,1,0.9297946148754469,0.8012529878443658,1
52,70.0,10.0,1,1,0.7802606120558729,0.8012529878443658,0
52,71.0,9.0,1,1,0.8499154061067593,0.8012529878443658,1
52,72.0,8.0,1,1,0.9105442247519451,0.8012529878443658,1
52,73.0,7.0,1,1,0.9480971189668788,0.8012529878443658,1
52,74.0,6.0,1,1,0.9060686662165681,0.8012529878443658,1
52,75.0,5.0,1,1,0.9296486930036142,0.8012529878443658,1
52,76.0,4.0,1,1,0.9501043421696863,0.8012529878443658,1
52,77.0,3.0,1,1,0.9428961707232856,0.8012529878443658,1
52,78.0,2.0,1,1,0.9417895531145051,0.8012529878443658,1
52,79.0,1.0,1,1,0.9074860620726003,0.8012529878443658,1
52,80.0,0.0,1,1,0.9494699038556804,0.8012529878443658,1
53,1.0,90.0,3,0,0.006338415230204005,0.7899421635739077,0
53,2.0,89.0,3,0,0.012508179587554479,0.7899421635739077,0
53,3.0,88.0,3,0,0.014452822567628408,0.7899421635739077,0
53,4.0,87.0,3,0,0.01205877936454399,0.7899421635739077,0
53,5.0,86.0,3,0,0.0051047400031010845,0.7899421635739077,0
53,6.0,85.0,3,0,0.007209286144683647,0.7899421635739077,0
53,7.0,84.0,3,0,0.013171436738919424,0.7899421635739077,0
53,8.0,83.0,3,0,0.005944895390823957,0.7899421635739077,0
53,9.0,82.0,3,0,0.004934084666897365,0.7899421635739077,0
53,10.0,81.0,3,0,0.006761830953658569,0.7899421635739077,0
53,11.0,80.0,3,0,0.008519198539649851,0.7899421635739077,0
53,12.0,79.0,3,0,0.004915986002414946,0.7899421635739077,0
53,13.0,78.0,3,0,0.010821382019651484,0.7899421635739077,0
53,14.0,77.0,3,0,0.0004914208733733182,0.7899421635739077,0
53,15.0,76.0,3,0,0.002591406986068017,0.7899421635739077,0
53,16.0,75.0,3,0,0.0055681144794251765,0.7899421635739077,0
53,17.0,74.0,3,0,0.0037977416888941547,0.7899421635739077,0
53,18.0,73.0,3,0,0.00482117772138427,0.7899421635739077,0
53,19.0,72.0,3,0,0.0026577652909955717,0.7899421635739077,0
53,20.0,71.0,3,0,0.004721912920121278,0.7899421635739077,0
53,21.0,70.0,3,0,0.004934084666897365,0.7899421635739077,0
53,22.0,69.0,3,0,0.008264086438853756,0.7899421635739077,0
53,23.0,68.0,3,0,0.0023617022988695873,0.7899421635739077,0
53,24.0,67.0,3,0,0.012816027985346055,0.7899421635739077,0
53,25.0,66.0,3,0,0.009446106484342657,0.7899421635739077,0
53,26.0,65.0,3,0,0.004915986002414946,0.7899421635739077,0
53,27.0,64.0,3,0,0.005591487518316631,0.7899421635739077,0
53,28.0,63.0,3,0,0.0075314672454311485,0.7899421635739077,0
53,29.0,62.0,3,0,0.01502565268552256,0.7899421635739077,0
53,30.0,61.0,3,0,0.003160168264689007,0.7899421635739077,0
53,31.0,60.0,3,0,0.002703587553032529,0.7899421635739077,0
53,32.0,59.0,3,0,0.014397223486664446,0.7899421635739077,0
53,33.0,58.0,3,0,0.002703587553032529,0.7899421635739077,0
53,34.0,57.0,3,0,0.02072008686278912,0.7899421635739077,0
53,35.0,56.0,3,0,0.004988635859148974,0.7899421635739077,0
53,36.0,55.0,3,0,0.005176897603974656,0.7899421635739077,0
53,37.0,54.0,3,0,0.005069275842883146,0.7899421635739077,0
53,38.0,53.0,3,0,0.022830038284274087,0.7899421635739077,0
53,39.0,52.0,3,0,0.009950115748194979,0.7899421635739077,0
53,40.0,51.0,3,0,0.022147623591412924,0.7899421635739077,0
53,41.0,50.0,3,0,0.008031954447925206,0.7899421635739077,0
53,42.0,49.0,3,0,0.00690973127019088,0.7899421635739077,0
53,43.0,48.0,3,0,0.0257995202193834,0.7899421635739077,0
53,44.0,47.0,3,0,0.0052646098218164,0.7899421635739077,0
53,45.0,46.0,3,0,0.039513250086808845,0.7899421635739077,0
53,46.0,45.0,3,0,0.08976457268768456,0.7899421635739077,0
53,47.0,44.0,3,0,0.10247333716620628,0.7899421635739077,0
53,48.0,43.0,3,0,0.14381288852266375,0.7899421635739077,0
53,49.0,42.0,3,0,0.05981737293137367,0.7899421635739077,0
53,50.0,41.0,3,0,0.1521988994839418,0.7899421635739077,0
53,51.0,40.0,3,0,0.10805581691979943,0.7899421635739077,0
53,52.0,39.0,3,0,0.3024558627899446,0.7899421635739077,0
53,53.0,38.0,3,0,0.17146674744150067,0.7899421635739077,0
53,54.0,37.0,3,0,0.2318772864360554,0.7899421635739077,0
53,55.0,36.0,3,0,0.2369511612079212,0.7899421635739077,0
53,56.0,35.0,3,0,0.2223156529759681,0.7899421635739077,0
53,57.0,34.0,3,0,0.33928889507147286,0.7899421635739077,0
53,58.0,33.0,3,0,0.273177334896873,0.7899421635739077,0
53,59.0,32.0,3,0,0.22897828532148334,0.7899421635739077,0
53,60.0,31.0,3,0,0.42446985878655,0.7899421635739077,0
53,61.0,30.0,3,0,0.27121120482527794,0.7899421635739077,0
53,62.0,29.0,3,0,0.3646114844433155,0.7899421635739077,0
53,63.0,28.0,3,0,0.6526065628804625,0.7899421635739077,0
53,64.0,27.0,3,0,0.7955739288664677,0.7899421635739077,1
53,65.0,26.0,3,0,0.7245038774179506,0.7899421635739077,0
53,66.0,25.0,3,0,0.7798856984385946,0.7899421635739077,0
53,67.0,24.0,3,0,0.8162622837469493,0.7899421635739077,1
53,68.0,23.0,3,0,0.8948176809573375,0.7899421635739077,1
53,69.0,22.0,3,0,0.8389470085939006,0.7899421635739077,1
53,70.0,21.0,3,0,0.869506049980826,0.7899421635739077,1
53,71.0,20.0,3,1,0.8123210720957227,0.7899421635739077,1
53,72.0,19.0,3,1,0.8991724074265759,0.7899421635739077,1
53,73.0,18.0,3,1,0.8004797552972441,0.7899421635739077,1
53,74.0,17.0,3,1,0.8805205979817912,0.7899421635739077,1
53,75.0,16.0,3,1,0.9250008456391828,0.7899421635739077,1
53,76.0,15.0,3,1,0.9198954693699525,0.7899421635739077,1
53,77.0,14.0,3,1,0.9058304196773765,0.7899421635739077,1
53,78.0,13.0,3,1,0.9349418534250039,0.7899421635739077,1
53,79.0,12.0,3,1,0.9276607592020035,0.7899421635739077,1
53,80.0,11.0,3,1,0.9603862098257419,0.7899421635739077,1
53,81.0,10.0,3,1,0.9756360129042237,0.7899421635739077,1
53,82.0,9.0,3,1,0.8929440586603641,0.7899421635739077,1
53,83.0,8.0,3,1,0.943312398321153,0.7899421635739077,1
53,84.0,7.0,3,1,0.9645482169439269,0.7899421635739077,1
53,85.0,6.0,3,1,0.9570846025695454,0.7899421635739077,1
53,86.0,5.0,3,1,0.731627239191394,0.7899421635739077,0
53,87.0,4.0,3,1,0.8774863294749494,0.7899421635739077,1
53,88.0,3.0,3,1,0.9560734618759592,0.7899421635739077,1
53,89.0,2.0,3,1,0.9172910362539382,0.7899421635739077,1
53,90.0,1.0,3,1,0.9543748067038073,0.7899421635739077,1
53,91.0,0.0,3,1,0.9252631266420591,0.7899421635739077,1
54,1.0,68.0,2,0,0.018796414715311103,0.7912127720003883,0
54,2.0,67.0,2,0,0.00938917841463904,0.7912127720003883,0
54,3.0,66.0,2,0,0.00518315718228054,0.7912127720003883,0
54,4.0,65.0,2,0,0.04742167710941391,0.7912127720003883,0
54,5.0,64.0,2,0,0.006805466434058704,0.7912127720003883,0
54,6.0,63.0,2,0,0.006517070031250568,0.7912127720003883,0
54,7.0,62.0,2,0,0.019487350712233904,0.7912127720003883,0
54,8.0,61.0,2,0,0.02490645292859052,0.7912127720003883,0
54,9.0,60.0,2,0,0.0045237271823702855,0.7912127720003883,0
54,10.0,59.0,2,0,0.007166334218078998,0.7912127720003883,0
54,11.0,58.0,2,0,0.005304948079465136,0.7912127720003883,0
54,12.0,57.0,2,0,0.0544414738643933,0.7912127720003883,0
54,13.0,56.0,2,0,0.005193496765641019,0.7912127720003883,0
54,14.0,55.0,2,0,0.008162001232986184,0.7912127720003883,0
54,15.0,54.0,2,0,0.009226428741563743,0.7912127720003883,0
54,16.0,53.0,2,0,0.012749301381797046,0.7912127720003883,0
54,17.0,52.0,2,0,0.01230070238339821,0.7912127720003883,0
54,18.0,51.0,2,0,0.013956755708380668,0.7912127720003883,0
54,19.0,50.0,2,0,0.0363507885930998,0.7912127720003883,0
54,20.0,49.0,2,0,0.023726720864129018,0.7912127720003883,0
54,21.0,48.0,2,0,0.005473358127762967,0.7912127720003883,0
54,22.0,47.0,2,0,0.004689233809434148,0.7912127720003883,0
54,23.0,46.0,2,0,0.0,0.7912127720003883,0
54,24.0,45.0,2,0,0.09026375669161227,0.7912127720003883,0
54,25.0,44.0,2,0,0.03722892631747512,0.7912127720003883,0
54,26.0,43.0,2,0,0.003542953199284585,0.7912127720003883,0
54,27.0,42.0,2,0,0.01646701652228749,0.7912127720003883,0
54,28.0,41.0,2,0,0.022352440676627443,0.7912127720003883,0
54,29.0,40.0,2,0,0.01382894232890899,0.7912127720003883,0
54,30.0,39.0,2,0,0.007626673656909108,0.7912127720003883,0
54,31.0,38.0,2,0,0.04378402674651851,0.7912127720003883,0
54,32.0,37.0,2,0,0.09754362451818098,0.7912127720003883,0
54,33.0,36.0,2,0,0.11052994570734043,0.7912127720003883,0
54,34.0,35.0,2,0,0.0900674949059555,0.7912127720003883,0
54,35.0,34.0,2,0,0.0762623399536696,0.7912127720003883,0
54,36.0,33.0,2,0,0.30354351941227087,0.7912127720003883,0
54,37.0,32.0,2,0,0.14157633428137228,0.7912127720003883,0
54,38.0,31.0,2,0,0.220052335730927,0.7912127720003883,0
54,39.0,30.0,2,0,0.2657494376018438,0.7912127720003883,0
54,40.0,29.0,2,0,0.36193389958508837,0.7912127720003883,0
54,41.0,28.0,2,0,0.20451728819889486,0.7912127720003883,0
54,42.0,27.0,2,0,0.34803159157090807,0.7912127720003883,0
54,43.0,26.0,2,0,0.4531960863274443,0.7912127720003883,0
54,44.0,25.0,2,0,0.3886301459398118,0.7912127720003883,0
54,45.0,24.0,2,0,0.27137272898588705,0.7912127720003883,0
54,46.0,23.0,2,0,0.376099381592157,0.7912127720003883,0
54,47.0,22.0,2,0,0.32798367524292876,0.7912127720003883,0
54,48.0,21.0,2,0,0.43608182514794497,0.7912127720003883,0
54,49.0,20.0,2,1,0.5784594817429272,0.7912127720003883,0
54,50.0,19.0,2,1,0.8162559597899833,0.7912127720003883,1
54,51.0,18.0,2,1,0.6567178485955371,0.7912127720003883,0
54,52.0,17.0,2,1,0.7095864592290383,0.7912127720003883,0
54,53.0,16.0,2,1,0.6290732412377895,0.7912127720003883,0
54,54.0,15.0,2,1,0.7122699516161323,0.7912127720003883,0
54,55.0,14.0,2,1,0.6116056486782784,0.7912127720003883,0
54,56.0,13.0,2,1,0.7404352650035932,0.7912127720003883,0
54,57.0,12.0,2,1,0.621469700714485,0.7912127720003883,0
54,58.0,11.0,2,1,0.743624529535906,0.7912127720003883,0
54,59.0,10.0,2,1,0.7646113255459809,0.7912127720003883,0
54,60.0,9.0,2,1,0.6370111845542381,0.7912127720003883,0
54,61.0,8.0,2,1,0.7306240339293081,0.7912127720003883,0
54,62.0,7.0,2,1,0.7847384805343998,0.7912127720003883,0
54,63.0,6.0,2,1,0.7731724957255707,0.7912127720003883,0
54,64.0,5.0,2,1,0.7153256246869368,0.7912127720003883,0
54,65.0,4.0,2,1,0.8000852529151642,0.7912127720003883,1
54,66.0,3.0,2,1,0.8096718458337346,0.7912127720003883,1
54,67.0,2.0,2,1,0.7146523532530059,0.7912127720003883,0
54,68.0,1.0,2,1,0.8108226816324653,0.7912127720003883,1
54,69.0,0.0,2,1,0.7687831802297465,0.7912127720003883,0
55,1.0,81.0,3,0,0.005970297324734626,0.7899421635739077,0
55,2.0,80.0,3,0,0.00018610413817835039,0.7899421635739077,0
55,3.0,79.0,3,0,0.0059105197713273236,0.7899421635739077,0
55,4.0,78.0,3,0,0.003576367371877541,0.7899421635739077,0
55,5.0,77.0,3,0,0.004827560782287349,0.7899421635739077,0
55,6.0,76.0,3,0,0.002699247009090714,0.7899421635739077,0
55,7.0,75.0,3,0,0.0033689232637680072,0.7899421635739077,0
55,8.0,74.0,3,0,0.008621444436132695,0.7899421635739077,0
55,9.0,73.0,3,0,0.005945764529398406,0.7899421635739077,0
55,10.0,72.0,3,0,0.0051903188935396565,0.7899421635739077,0
55,11.0,71.0,3,0,0.01688009718998467,0.7899421635739077,0
55,12.0,70.0,3,0,0.0051903188935396565,0.7899421635739077,0
55,13.0,69.0,3,0,0.0046829733674231076,0.7899421635739077,0
55,14.0,68.0,3,0,0.0035793552484260924,0.7899421635739077,0
55,15.0,67.0,3,0,0.00302579758201358,0.7899421635739077,0
55,16.0,66.0,3,0,0.02545141650331433,0.7899421635739077,0
55,17.0,65.0,3,0,0.0023617022988695873,0.7899421635739077,0
55,18.0,64.0,3,0,0.009144245294083963,0.7899421635739077,0
55,19.0,63.0,3,0,0.005512693182151218,0.7899421635739077,0
55,20.0,62.0,3,0,0.00951869325129421,0.7899421635739077,0
55,21.0,61.0,3,0,0.008401213952424595,0.7899421635739077,0
55,22.0,60.0,3,0,0.007311046576415864,0.7899421635739077,0
55,23.0,59.0,3,0,0.00851921992472808,0.7899421635739077,0
55,24.0,58.0,3,0,0.01585035485946524,0.7899421635739077,0
55,25.0,57.0,3,0,0.004493207605558007,0.7899421635739077,0
55,26.0,56.0,3,0,0.005910360446704913,0.7899421635739077,0
55,27.0,55.0,3,0,0.0031125133807034092,0.7899421635739077,0
55,28.0,54.0,3,0,0.0056266930571980504,0.7899421635739077,0
55,29.0,53.0,3,0,0.002699247009090714,0.7899421635739077,0
55,30.0,52.0,3,0,0.0023266401448788425,0.7899421635739077,0
55,31.0,51.0,3,0,0.002457638350992975,0.7899421635739077,0
55,32.0,50.0,3,0,0.004325416606509861,0.7899421635739077,0
55,33.0,49.0,3,0,0.0068060578048045,0.7899421635739077,0
55,34.0,48.0,3,0,0.022482122959577026,0.7899421635739077,0
55,35.0,47.0,3,0,0.004514450220479652,0.7899421635739077,0
55,36.0,46.0,3,0,0.013120982238602565,0.7899421635739077,0
55,37.0,45.0,3,0,0.002595729859106881,0.7899421635739077,0
55,38.0,44.0,3,0,0.016397693459125163,0.7899421635739077,0
55,39.0,43.0,3,0,0.006297305943100452,0.7899421635739077,0
55,40.0,42.0,3,0,0.008758917029072912,0.7899421635739077,0
55,41.0,41.0,3,0,0.0031650021494389127,0.7899421635739077,0
55,42.0,40.0,3,0,0.017068416778882368,0.7899421635739077,0
55,43.0,39.0,3,0,0.004775486456925167,0.7899421635739077,0
55,44.0,38.0,3,0,0.0013202873300356556,0.7899421635739077,0
55,45.0,37.0,3,0,0.018774410059973812,0.7899421635739077,0
55,46.0,36.0,3,0,0.05474007756795765,0.7899421635739077,0
55,47.0,35.0,3,0,0.043931336658667,0.7899421635739077,0
55,48.0,34.0,3,0,0.08335184578227095,0.7899421635739077,0
55,49.0,33.0,3,0,0.12291763999182782,0.7899421635739077,0
55,50.0,32.0,3,0,0.028625737258914676,0.7899421635739077,0
55,51.0,31.0,3,0,0.08550597618790341,0.7899421635739077,0
55,52.0,30.0,3,0,0.13594872636052907,0.7899421635739077,0
55,53.0,29.0,3,0,0.14324413126559893,0.7899421635739077,0
55,54.0,28.0,3,0,0.1010994397018969,0.7899421635739077,0
55,55.0,27.0,3,0,0.23284948552354942,0.7899421635739077,0
55,56.0,26.0,3,0,0.21532812759033226,0.7899421635739077,0
55,57.0,25.0,3,0,0.4155790150135063,0.7899421635739077,0
55,58.0,24.0,3,0,0.17424550063052963,0.7899421635739077,0
55,59.0,23.0,3,0,0.15366795994007115,0.7899421635739077,0
55,60.0,22.0,3,0,0.22620927275610972,0.7899421635739077,0
55,61.0,21.0,3,0,0.32497946982460785,0.7899421635739077,0
55,62.0,20.0,3,1,0.7233801407771219,0.7899421635739077,0
55,63.0,19.0,3,1,0.5622652298305829,0.7899421635739077,0
55,64.0,18.0,3,1,0.6014428859124528,0.7899421635739077,0
55,65.0,17.0,3,1,0.7746437149598014,0.7899421635739077,0
55,66.0,16.0,3,1,0.7147296066073164,0.7899421635739077,0
55,67.0,15.0,3,1,0.8922111499560201,0.7899421635739077,1
55,68.0,14.0,3,1,0.8994830065146519,0.7899421635739077,1
55,69.0,13.0,3,1,0.8246617800648972,0.7899421635739077,1
55,70.0,12.0,3,1,0.8588538477129598,0.7899421635739077,1
55,71.0,11.0,3,1,0.9385197137212403,0.7899421635739077,1
55,72.0,10.0,3,1,0.8864179289794871,0.7899421635739077,1
55,73.0,9.0,3,1,0.8803905420262128,0.7899421635739077,1
55,74.0,8.0,3,1,0.9628156401040022,0.7899421635739077,1
55,75.0,7.0,3,1,0.9269801077429412,0.7899421635739077,1
55,76.0,6.0,3,1,0.9488796686728008,0.7899421635739077,1
55,77.0,5.0,3,1,0.9367186913744691,0.7899421635739077,1
55,78.0,4.0,3,1,0.9635547549302865,0.7899421635739077,1
55,79.0,3.0,3,1,0.8978135148033476,0.7899421635739077,1
55,80.0,2.0,3,1,0.9654520188593768,0.7899421635739077,1
55,81.0,1.0,3,1,0.9757908884927005,0.7899421635739077,1
55,82.0,0.0,3,1,0.9705450250028895,0.7899421635739077,1
56,1.0,66.0,4,0,0.00936106828580465,0.7767036600253301,0
56,2.0,65.0,4,0,0.006887316796308923,0.7767036600253301,0
56,3.0,64.0,4,0,0.006056609699879337,0.7767036600253301,0
56,4.0,63.0,4,0,0.007655066504233763,0.7767036600253301,0
56,5.0,62.0,4,0,0.01406621573583101,0.7767036600253301,0
56,6.0,61.0,4,0,0.00702830489975215,0.7767036600253301,0
56,7.0,60.0,4,0,0.005863124064706526,0.7767036600253301,0
56,8.0,59.0,4,0,0.008988720201880147,0.7767036600253301,0
56,9.0,58.0,4,0,0.011173705206623906,0.7767036600253301,0
56,10.0,57.0,4,0,0.010294477560909074,0.7767036600253301,0
56,11.0,56.0,4,0,0.006601157151251027,0.7767036600253301,0
56,12.0,55.0,4,0,0.009751800096957667,0.7767036600253301,0
56,13.0,54.0,4,0,0.010228030945238824,0.7767036600253301,0
56,14.0,53.0,4,0,0.009349440250737041,0.7767036600253301,0
56,15.0,52.0,4,0,0.005695715000099837,0.7767036600253301,0
56,16.0,51.0,4,0,0.00522539725465033,0.7767036600253301,0
56,17.0,50.0,4,0,0.021169928382376503,0.7767036600253301,0
56,18.0,49.0,4,0,0.00528393582967938,0.7767036600253301,0
56,19.0,48.0,4,0,0.020569387325931644,0.7767036600253301,0
56,20.0,47.0,4,0,0.009765437688850905,0.7767036600253301,0
56,21.0,46.0,4,0,0.008630646379772492,0.7767036600253301,0
56,22.0,45.0,4,0,0.0061274740974498155,0.7767036600253301,0
56,23.0,44.0,4,0,0.0037176335589296167,0.7767036600253301,0
56,24.0,43.0,4,0,0.008953667859668803,0.7767036600253301,0
56,25.0,42.0,4,0,0.012091824163193206,0.7767036600253301,0
56,26.0,41.0,4,0,0.005392525147717238,0.7767036600253301,0
56,27.0,40.0,4,0,0.008505071976087901,0.7767036600253301,0
56,28.0,39.0,4,0,0.008999610128302464,0.7767036600253301,0
56,29.0,38.0,4,0,0.0037393300624978375,0.7767036600253301,0
56,30.0,37.0,4,0,0.011037732198676809,0.7767036600253301,0
56,31.0,36.0,4,0,0.010633056793015176,0.7767036600253301,0
56,32.0,35.0,4,0,0.006760634849063186,0.7767036600253301,0
56,33.0,34.0,4,0,0.029376977476898394,0.7767036600253301,0
56,34.0,33.0,4,0,0.06794348681225337,0.7767036600253301,0
56,35.0,32.0,4,0,0.08136799682211139,0.7767036600253301,0
56,36.0,31.0,4,0,0.009196471691866707,0.7767036600253301,0
56,37.0,30.0,4,0,0.12460892596450251,0.7767036600253301,0
56,38.0,29.0,4,0,0.026219338626703635,0.7767036600253301,0
56,39.0,28.0,4,0,0.18287919292762517,0.7767036600253301,0
56,40.0,27.0,4,0,0.15688821930238014,0.7767036600253301,0
56,41.0,26.0,4,0,0.01941971135450865,0.7767036600253301,0
56,42.0,25.0,4,0,0.2999875536633463,0.7767036600253301,0
56,43.0,24.0,4,0,0.10616312109265667,0.7767036600253301,0
56,44.0,23.0,4,0,0.26725657467922886,0.7767036600253301,0
56,45.0,22.0,4,0,0.43115440098359115,0.7767036600253301,0
56,46.0,21.0,4,0,0.36134289463842173,0.7767036600253301,0
56,47.0,20.0,4,1,0.47783244238910455,0.7767036600253301,0
56,48.0,19.0,4,1,0.44502747319249547,0.7767036600253301,0
56,49.0,18.0,4,1,0.3968191626392443,0.7767036600253301,0
56,50.0,17.0,4,1,0.2130446205808155,0.7767036600253301,0
56,51.0,16.0,4,1,0.24203978147710783,0.7767036600253301,0
56,52.0,15.0,4,1,0.5296479463778532,0.7767036600253301,0
56,53.0,14.0,4,1,0.5612745295024102,0.7767036600253301,0
56,54.0,13.0,4,1,0.4545134778527579,0.7767036600253301,0
56,55.0,12.0,4,1,0.32766194239891416,0.7767036600253301,0
56,56.0,11.0,4,1,0.629797196010987,0.7767036600253301,0
56,57.0,10.0,4,1,0.5259277881671112,0.7767036600253301,0
56,58.0,9.0,4,1,0.7823941405194974,0.7767036600253301,1
56,59.0,8.0,4,1,0.7579925517961189,0.7767036600253301,0
56,60.0,7.0,4,1,0.8682577232648852,0.7767036600253301,1
56,61.0,6.0,4,1,0.8766597463224264,0.7767036600253301,1
56,62.0,5.0,4,1,0.8689052184061201,0.7767036600253301,1
56,63.0,4.0,4,1,0.946881046849087,0.7767036600253301,1
56,64.0,3.0,4,1,0.9165168059187891,0.7767036600253301,1
56,65.0,2.0,4,1,0.9198357180863252,0.7767036600253301,1
56,66.0,1.0,4,1,0.9107768082445464,0.7767036600253301,1
56,67.0,0.0,4,1,0.9268845398350779,0.7767036600253301,1
57,1.0,84.0,3,0,0.007209758401133908,0.7899421635739077,0
57,2.0,83.0,3,0,0.025776007278647185,0.7899421635739077,0
57,3.0,82.0,3,0,0.0038053915771621826,0.7899421635739077,0
57,4.0,81.0,3,0,0.01881166002272413,0.7899421635739077,0
57,5.0,80.0,3,0,0.011290259391391796,0.7899421635739077,0
57,6.0,79.0,3,0,0.023806680617431627,0.7899421635739077,0
57,7.0,78.0,3,0,0.013007134966855663,0.7899421635739077,0
57,8.0,77.0,3,0,0.005651548090146564,0.7899421635739077,0
57,9.0,76.0,3,0,0.0071332634430111615,0.7899421635739077,0
57,10.0,75.0,3,0,0.011924533817949206,0.7899421635739077,0
57,11.0,74.0,3,0,0.012031196285630612,0.7899421635739077,0
57,12.0,73.0,3,0,0.026427134725471216,0.7899421635739077,0
57,13.0,72.0,3,0,0.008384534697715667,0.7899421635739077,0
57,14.0,71.0,3,0,0.006364560235208666,0.7899421635739077,0
57,15.0,70.0,3,0,0.01887517283761232,0.7899421635739077,0
57,16.0,69.0,3,0,0.008480296843734898,0.7899421635739077,0
57,17.0,68.0,3,0,0.01677837361699625,0.7899421635739077,0
57,18.0,67.0,3,0,0.0038053915771621826,0.7899421635739077,0
57,19.0,66.0,3,0,0.007337710878785789,0.7899421635739077,0
57,20.0,65.0,3,0,0.007939333116629121,0.7899421635739077,0
57,21.0,64.0,3,0,0.03972964571963782,0.7899421635739077,0
57,22.0,63.0,3,0,0.014923503977938304,0.7899421635739077,0
57,23.0,62.0,3,0,0.024290040172905095,0.7899421635739077,0
57,24.0,61.0,3,0,0.002352555806739879,0.7899421635739077,0
57,25.0,60.0,3,0,0.027642312084222614,0.7899421635739077,0
57,26.0,59.0,3,0,0.011358496510762437,0.7899421635739077,0
57,27.0,58.0,3,0,0.009825965880560958,0.7899421635739077,0
57,28.0,57.0,3,0,0.017296819430582342,0.7899421635739077,0
57,29.0,56.0,3,0,0.03776793626169541,0.7899421635739077,0
57,30.0,55.0,3,0,0.12608632847613993,0.7899421635739077,0
57,31.0,54.0,3,0,0.04806855467800592,0.7899421635739077,0
57,32.0,53.0,3,0,0.05901777661849366,0.7899421635739077,0
57,33.0,52.0,3,0,0.07221969177014974,0.7899421635739077,0
57,34.0,51.0,3,0,0.024480906118543262,0.7899421635739077,0
57,35.0,50.0,3,0,0.15201198042866995,0.7899421635739077,0
57,36.0,49.0,3,0,0.19444581635834032,0.7899421635739077,0
57,37.0,48.0,3,0,0.1977853376491103,0.7899421635739077,0
57,38.0,47.0,3,0,0.19691328679633827,0.7899421635739077,0
57,39.0,46.0,3,0,0.17037948498163336,0.7899421635739077,0
57,40.0,45.0,3,0,0.24711327637624073,0.7899421635739077,0
57,41.0,44.0,3,0,0.3921398480059824,0.7899421635739077,0
57,42.0,43.0,3,0,0.2630905576174276,0.7899421635739077,0
57,43.0,42.0,3,0,0.2772092549378316,0.7899421635739077,0
57,44.0,41.0,3,0,0.24358113812274088,0.7899421635739077,0
57,45.0,40.0,3,0,0.3212835178252014,0.7899421635739077,0
57,46.0,39.0,3,0,0.3714544854901959,0.7899421635739077,0
57,47.0,38.0,3,0,0.4262478826584046,0.7899421635739077,0
57,48.0,37.0,3,0,0.37740617764840373,0.7899421635739077,0
57,49.0,36.0,3,0,0.5060878482688258,0.7899421635739077,0
57,50.0,35.0,3,0,0.27116907693022313,0.7899421635739077,0
57,51.0,34.0,3,0,0.4827712650548945,0.7899421635739077,0
57,52.0,33.0,3,0,0.48101033994702813,0.7899421635739077,0
57,53.0,32.0,3,0,0.571360919559569,0.7899421635739077,0
57,54.0,31.0,3,0,0.29066833431916617,0.7899421635739077,0
57,55.0,30.0,3,0,0.6638501142939115,0.7899421635739077,0
57,56.0,29.0,3,0,0.4557351246661283,0.7899421635739077,0
57,57.0,28.0,3,0,0.5443745187793226,0.7899421635739077,0
57,58.0,27.0,3,0,0.767958496766622,0.7899421635739077,0
57,59.0,26.0,3,0,0.6976018981833751,0.7899421635739077,0
57,60.0,25.0,3,0,0.8761819255101344,0.7899421635739077,1
57,61.0,24.0,3,0,0.8572575398268514,0.7899421635739077,1
57,62.0,23.0,3,0,0.8745715358314008,0.7899421635739077,1
57,63.0,22.0,3,0,0.8943578590014134,0.7899421635739077,1
57,64.0,21.0,3,0,0.9115481609038245,0.7899421635739077,1
57,65.0,20.0,3,1,0.9098891427773464,0.7899421635739077,1
57,66.0,19.0,3,1,0.9533302057089147,0.7899421635739077,1
57,67.0,18.0,3,1,0.8945604527724726,0.7899421635739077,1
57,68.0,17.0,3,1,0.942944363451828,0.7899421635739077,1
57,69.0,16.0,3,1,0.91988087731042,0.7899421635739077,1
57,70.0,15.0,3,1,0.9187026377156926,0.7899421635739077,1
57,71.0,14.0,3,1,0.9554452422681691,0.7899421635739077,1
57,72.0,13.0,3,1,0.9692536746246808,0.7899421635739077,1
57,73.0,12.0,3,1,0.9497881450810836,0.7899421635739077,1
57,74.0,11.0,3,1,0.9391870037667063,0.7899421635739077,1
57,75.0,10.0,3,1,0.9566865785293013,0.7899421635739077,1
57,76.0,9.0,3,1,0.9556024529413173,0.7899421635739077,1
57,77.0,8.0,3,1,0.9423052357561793,0.7899421635739077,1
57,78.0,7.0,3,1,0.9264378123323337,0.7899421635739077,1
57,79.0,6.0,3,1,0.9185751465062775,0.7899421635739077,1
57,80.0,5.0,3,1,0.9385599566038225,0.7899421635739077,1
57,81.0,4.0,3,1,0.9306148103197313,0.7899421635739077,1
57,82.0,3.0,3,1,0.9161173762578273,0.7899421635739077,1
57,83.0,2.0,3,1,0.841850153618659,0.7899421635739077,1
57,84.0,1.0,3,1,0.8601100562288214,0.7899421635739077,1
57,85.0,0.0,3,1,0.8193626906321475,0.7899421635739077,1
58,1.0,77.0,4,0,0.019754491115793034,0.7767036600253301,0
58,2.0,76.0,4,0,0.004666529580843087,0.7767036600253301,0
58,3.0,75.0,4,0,0.005971897729927661,0.7767036600253301,0
58,4.0,74.0,4,0,0.05619561994253097,0.7767036600253301,0
58,5.0,73.0,4,0,0.014484278137274573,0.7767036600253301,0
58,6.0,72.0,4,0,0.010513007596029385,0.7767036600253301,0
58,7.0,71.0,4,0,0.013855684306106914,0.7767036600253301,0
58,8.0,70.0,4,0,0.008891007186117406,0.7767036600253301,0
58,9.0,69.0,4,0,0.007438057095284435,0.7767036600253301,0
58,10.0,68.0,4,0,0.005299777596113691,0.7767036600253301,0
58,11.0,67.0,4,0,0.01861227892028234,0.7767036600253301,0
58,12.0,66.0,4,0,0.003997940458482848,0.7767036600253301,0
58,13.0,65.0,4,0,0.014651223820708846,0.7767036600253301,0
58,14.0,64.0,4,0,0.008999610128302464,0.7767036600253301,0
58,15.0,63.0,4,0,0.008974868453638332,0.7767036600253301,0
58,16.0,62.0,4,0,0.004464002166354601,0.7767036600253301,0
58,17.0,61.0,4,0,0.009574688112962153,0.7767036600253301,0
58,18.0,60.0,4,0,0.013874967350925452,0.7767036600253301,0
58,19.0,59.0,4,0,0.05016483856241317,0.7767036600253301,0
58,20.0,58.0,4,0,0.002865803084720408,0.7767036600253301,0
58,21.0,57.0,4,0,0.0017194668112297665,0.7767036600253301,0
58,22.0,56.0,4,0,0.010083576037317115,0.7767036600253301,0
58,23.0,55.0,4,0,0.029239388563076354,0.7767036600253301,0
58,24.0,54.0,4,0,0.013271256045360507,0.7767036600253301,0
58,25.0,53.0,4,0,0.01212150172573379,0.7767036600253301,0
58,26.0,52.0,4,0,0.012691056102508376,0.7767036600253301,0
58,27.0,51.0,4,0,0.05525757478868047,0.7767036600253301,0
58,28.0,50.0,4,0,0.002063755832256832,0.7767036600253301,0
58,29.0,49.0,4,0,0.005309313531994428,0.7767036600253301,0
58,30.0,48.0,4,0,0.01878005263820005,0.7767036600253301,0
58,31.0,47.0,4,0,0.01720897663985076,0.7767036600253301,0
58,32.0,46.0,4,0,0.01717675467945413,0.7767036600253301,0
58,33.0,45.0,4,0,0.05026184023423713,0.7767036600253301,0
58,34.0,44.0,4,0,0.04537946685554199,0.7767036600253301,0
58,35.0,43.0,4,0,0.03790320874920159,0.7767036600253301,0
58,36.0,42.0,4,0,0.10853347623073413,0.7767036600253301,0
58,37.0,41.0,4,0,0.09513355762850499,0.7767036600253301,0
58,38.0,40.0,4,0,0.12219940182441787,0.7767036600253301,0
58,39.0,39.0,4,0,0.12152816010876759,0.7767036600253301,0
58,40.0,38.0,4,0,0.2416650275980486,0.7767036600253301,0
58,41.0,37.0,4,0,0.04232750050012751,0.7767036600253301,0
58,42.0,36.0,4,0,0.28309713001416953,0.7767036600253301,0
58,43.0,35.0,4,0,0.06090668563544412,0.7767036600253301,0
58,44.0,34.0,4,0,0.33112685780610457,0.7767036600253301,0
58,45.0,33.0,4,0,0.6837653215022753,0.7767036600253301,0
58,46.0,32.0,4,0,0.7198040536760794,0.7767036600253301,0
58,47.0,31.0,4,0,0.7677069207311343,0.7767036600253301,0
58,48.0,30.0,4,0,0.7467432786235587,0.7767036600253301,0
58,49.0,29.0,4,0,0.896670262170042,0.7767036600253301,1
58,50.0,28.0,4,0,0.8146021740571278,0.7767036600253301,1
58,51.0,27.0,4,0,0.9053385415876328,0.7767036600253301,1
58,52.0,26.0,4,0,0.852612335402022,0.7767036600253301,1
58,53.0,25.0,4,0,0.7450012298058909,0.7767036600253301,0
58,54.0,24.0,4,0,0.8734260653553858,0.7767036600253301,1
58,55.0,23.0,4,0,0.8663353550318816,0.7767036600253301,1
58,56.0,22.0,4,0,0.8832225392851446,0.7767036600253301,1
58,57.0,21.0,4,0,0.7766790773394586,0.7767036600253301,0
58,58.0,20.0,4,1,0.8970682898031451,0.7767036600253301,1
58,59.0,19.0,4,1,0.8858903139806034,0.7767036600253301,1
58,60.0,18.0,4,1,0.9173123655829981,0.7767036600253301,1
58,61.0,17.0,4,1,0.8778156971021471,0.7767036600253301,1
58,62.0,16.0,4,1,0.9429520556083207,0.7767036600253301,1
58,63.0,15.0,4,1,0.9171132864279423,0.7767036600253301,1
58,64.0,14.0,4,1,0.8692081317062831,0.7767036600253301,1
58,65.0,13.0,4,1,0.909635706439885,0.7767036600253301,1
58,66.0,12.0,4,1,0.7994392264088404,0.7767036600253301,1
58,67.0,11.0,4,1,0.7327017589129392,0.7767036600253301,0
58,68.0,10.0,4,1,0.6748771899701775,0.7767036600253301,0
58,69.0,9.0,4,1,0.9141526415365442,0.7767036600253301,1
58,70.0,8.0,4,1,0.8645233540184312,0.7767036600253301,1
58,71.0,7.0,4,1,0.8052772725398463,0.7767036600253301,1
58,72.0,6.0,4,1,0.9009413824702178,0.7767036600253301,1
58,73.0,5.0,4,1,0.943680700734706,0.7767036600253301,1
58,74.0,4.0,4,1,0.8635252196457525,0.7767036600253301,1
58,75.0,3.0,4,1,0.8627024337395682,0.7767036600253301,1
58,76.0,2.0,4,1,0.8926904575233531,0.7767036600253301,1
58,77.0,1.0,4,1,0.8794835836253898,0.7767036600253301,1
58,78.0,0.0,4,1,0.8421813030850401,0.7767036600253301,1
59,1.0,78.0,3,0,0.0022921193063278143,0.7899421635739077,0
59,2.0,77.0,3,0,0.0010314897583588402,0.7899421635739077,0
59,3.0,76.0,3,0,0.0025162922037669103,0.7899421635739077,0
59,4.0,75.0,3,0,0.015048382434816113,0.7899421635739077,0
59,5.0,74.0,3,0,0.01376054238797168,0.7899421635739077,0
59,6.0,73.0,3,0,0.002060634675317338,0.7899421635739077,0
59,7.0,72.0,3,0,0.002456852679157422,0.7899421635739077,0
59,8.0,71.0,3,0,0.002456852679157422,0.7899421635739077,0
59,9.0,70.0,3,0,0.005844990719978101,0.7899421635739077,0
59,10.0,69.0,3,0,0.005289477244203812,0.7899421635739077,0
59,11.0,68.0,3,0,0.006839269060406798,0.7899421635739077,0
59,12.0,67.0,3,0,0.007529176399689515,0.7899421635739077,0
59,13.0,66.0,3,0,0.010586747729882632,0.7899421635739077,0
59,14.0,65.0,3,0,0.019364739562268096,0.7899421635739077,0
59,15.0,64.0,3,0,0.0068500219977628354,0.7899421635739077,0
59,16.0,63.0,3,0,0.007486878095610223,0.7899421635739077,0
59,17.0,62.0,3,0,0.014524738590145189,0.7899421635739077,0
59,18.0,61.0,3,0,0.01034061649129362,0.7899421635739077,0
59,19.0,60.0,3,0,0.006456852679157422,0.7899421635739077,0
59,20.0,59.0,3,0,0.03278156580298241,0.7899421635739077,0
59,21.0,58.0,3,0,0.0035218790381876543,0.7899421635739077,0
59,22.0,57.0,3,0,0.0232505819429982,0.7899421635739077,0
59,23.0,56.0,3,0,0.00538286109393428,0.7899421635739077,0
59,24.0,55.0,3,0,0.007475866001869571,0.7899421635739077,0
59,25.0,54.0,3,0,0.00033066961814302555,0.7899421635739077,0
59,26.0,53.0,3,0,0.011243798798816275,0.7899421635739077,0
59,27.0,52.0,3,0,0.004210681422894661,0.7899421635739077,0
59,28.0,51.0,3,0,0.0019419300253222958,0.7899421635739077,0
59,29.0,50.0,3,0,0.007720870335990677,0.7899421635739077,0
59,30.0,49.0,3,0,0.013520454469650434,0.7899421635739077,0
59,31.0,48.0,3,0,0.0045010719628190456,0.7899421635739077,0
59,32.0,47.0,3,0,0.01115783698080836,0.7899421635739077,0
59,33.0,46.0,3,0,0.0055681144794251765,0.7899421635739077,0
59,34.0,45.0,3,0,0.045021059271346774,0.7899421635739077,0
59,35.0,44.0,3,0,0.007529176399689515,0.7899421635739077,0
59,36.0,43.0,3,0,0.010231757310393651,0.7899421635739077,0
59,37.0,42.0,3,0,0.0038158436546283,0.7899421635739077,0
59,38.0,41.0,3,0,0.03758275221917112,0.7899421635739077,0
59,39.0,40.0,3,0,0.005274252972184137,0.7899421635739077,0
59,40.0,39.0,3,0,0.011552332391962896,0.7899421635739077,0
59,41.0,38.0,3,0,0.007125995960430263,0.7899421635739077,0
59,42.0,37.0,3,0,0.00690973127019088,0.7899421635739077,0
59,43.0,36.0,3,0,0.0257995202193834,0.7899421635739077,0
59,44.0,35.0,3,0,0.011427436316905487,0.7899421635739077,0
59,45.0,34.0,3,0,0.05873149550837477,0.7899421635739077,0
59,46.0,33.0,3,0,0.054614460427096,0.7899421635739077,0
59,47.0,32.0,3,0,0.041839082642838164,0.7899421635739077,0
59,48.0,31.0,3,0,0.09414637313316042,0.7899421635739077,0
59,49.0,30.0,3,0,0.06940926888985806,0.7899421635739077,0
59,50.0,29.0,3,0,0.04155188086044854,0.7899421635739077,0
59,51.0,28.0,3,0,0.05802809725895564,0.7899421635739077,0
59,52.0,27.0,3,0,0.09246484115224105,0.7899421635739077,0
59,53.0,26.0,3,0,0.18097107577055743,0.7899421635739077,0
59,54.0,25.0,3,0,0.10550810068828852,0.7899421635739077,0
59,55.0,24.0,3,0,0.21524534556718888,0.7899421635739077,0
59,56.0,23.0,3,0,0.2417808542814299,0.7899421635739077,0
59,57.0,22.0,3,0,0.1877300758120853,0.7899421635739077,0
59,58.0,21.0,3,0,0.2861088175988546,0.7899421635739077,0
59,59.0,20.0,3,1,0.15366795994007115,0.7899421635739077,0
59,60.0,19.0,3,1,0.3787407712264802,0.7899421635739077,0
59,61.0,18.0,3,1,0.30422535408293044,0.7899421635739077,0
59,62.0,17.0,3,1,0.3937613499766335,0.7899421635739077,0
59,63.0,16.0,3,1,0.5223795270874247,0.7899421635739077,0
59,64.0,15.0,3,1,0.3495045581176355,0.7899421635739077,0
59,65.0,14.0,3,1,0.4135542696462842,0.7899421635739077,0
59,66.0,13.0,3,1,0.19366300279604187,0.7899421635739077,0
59,67.0,12.0,3,1,0.790398814548209,0.7899421635739077,1
59,68.0,11.0,3,1,0.7205668370568029,0.7899421635739077,0
59,69.0,10.0,3,1,0.7451185845482918,0.7899421635739077,0
59,70.0,9.0,3,1,0.7139849753431714,0.7899421635739077,0
59,71.0,8.0,3,1,0.7394288278116627,0.7899421635739077,0
59,72.0,7.0,3,1,0.7799160827590306,0.7899421635739077,0
59,73.0,6.0,3,1,0.7479936807348004,0.7899421635739077,0
59,74.0,5.0,3,1,0.7831011033024416,0.7899421635739077,0
59,75.0,4.0,3,1,0.7635066853965384,0.7899421635739077,0
59,76.0,3.0,3,1,0.8264892432772426,0.7899421635739077,1
59,77.0,2.0,3,1,0.8451640503871115,0.7899421635739077,1
59,78.0,1.0,3,1,0.8309901860797029,0.7899421635739077,1
59,79.0,0.0,3,1,0.950862517557425,0.7899421635739077,1
60,1.0,84.0,1,0,0.006619070436738741,0.8012529878443658,0
60,2.0,83.0,1,0,0.008323654224273508,0.8012529878443658,0
60,3.0,82.0,1,0,0.018507297318119585,0.8012529878443658,0
60,4.0,81.0,1,0,0.002373102575224184,0.8012529878443658,0
60,5.0,80.0,1,0,0.016739951921038995,0.8012529878443658,0
60,6.0,79.0,1,0,7.281961657421304e-05,0.8012529878443658,0
60,7.0,78.0,1,0,0.006099806937391478,0.8012529878443658,0
60,8.0,77.0,1,0,0.009112291335208751,0.8012529878443658,0
60,9.0,76.0,1,0,0.014014099962084152,0.8012529878443658,0
60,10.0,75.0,1,0,0.0022036728554750856,0.8012529878443658,0
60,11.0,74.0,1,0,0.007448988710559954,0.8012529878443658,0
60,12.0,73.0,1,0,0.00257043054447865,0.8012529878443658,0
60,13.0,72.0,1,0,0.030715609324125225,0.8012529878443658,0
60,14.0,71.0,1,0,0.009250757882362778,0.8012529878443658,0
60,15.0,70.0,1,0,0.010193436261630143,0.8012529878443658,0
60,16.0,69.0,1,0,0.004091982544283109,0.8012529878443658,0
60,17.0,68.0,1,0,0.00470707716998693,0.8012529878443658,0
60,18.0,67.0,1,0,0.009367481466661031,0.8012529878443658,0
60,19.0,66.0,1,0,0.005270501060329191,0.8012529878443658,0
60,20.0,65.0,1,0,0.0029310884469440648,0.8012529878443658,0
60,21.0,64.0,1,0,0.011110607177547051,0.8012529878443658,0
60,22.0,63.0,1,0,0.007688777465933378,0.8012529878443658,0
60,23.0,62.0,1,0,0.006359688079897469,0.8012529878443658,0
60,24.0,61.0,1,0,0.014179490031181251,0.8012529878443658,0
60,25.0,60.0,1,0,0.011635836809344432,0.8012529878443658,0
60,26.0,59.0,1,0,0.006714900673778619,0.8012529878443658,0
60,27.0,58.0,1,0,0.004430869670221804,0.8012529878443658,0
60,28.0,57.0,1,0,0.007268310848959252,0.8012529878443658,0
60,29.0,56.0,1,0,0.019599650010897397,0.8012529878443658,0
60,30.0,55.0,1,0,0.004253023129111904,0.8012529878443658,0
60,31.0,54.0,1,0,0.005290292717179812,0.8012529878443658,0
60,32.0,53.0,1,0,0.00580561940720998,0.8012529878443658,0
60,33.0,52.0,1,0,0.005802604769735085,0.8012529878443658,0
60,34.0,51.0,1,0,0.00818421963393663,0.8012529878443658,0
60,35.0,50.0,1,0,0.01170374375505031,0.8012529878443658,0
60,36.0,49.0,1,0,0.0069741391416591305,0.8012529878443658,0
60,37.0,48.0,1,0,0.018941499240174183,0.8012529878443658,0
60,38.0,47.0,1,0,0.012888915094285566,0.8012529878443658,0
60,39.0,46.0,1,0,0.01976542391226202,0.8012529878443658,0
60,40.0,45.0,1,0,0.011787856986795006,0.8012529878443658,0
60,41.0,44.0,1,0,0.030815974425070742,0.8012529878443658,0
60,42.0,43.0,1,0,0.0056415801497024815,0.8012529878443658,0
60,43.0,42.0,1,0,0.018951524685100578,0.8012529878443658,0
60,44.0,41.0,1,0,0.012344258228231098,0.8012529878443658,0
60,45.0,40.0,1,0,0.037202781619216786,0.8012529878443658,0
60,46.0,39.0,1,0,0.021995592503772084,0.8012529878443658,0
60,47.0,38.0,1,0,0.038791305879061835,0.8012529878443658,0
60,48.0,37.0,1,0,0.043468166634086466,0.8012529878443658,0
60,49.0,36.0,1,0,0.15892190561508981,0.8012529878443658,0
60,50.0,35.0,1,0,0.06046097893613386,0.8012529878443658,0
60,51.0,34.0,1,0,0.1860999250527975,0.8012529878443658,0
60,52.0,33.0,1,0,0.2144605506491242,0.8012529878443658,0
60,53.0,32.0,1,0,0.2973819461655803,0.8012529878443658,0
60,54.0,31.0,1,0,0.17181146756254773,0.8012529878443658,0
60,55.0,30.0,1,0,0.2021685686352765,0.8012529878443658,0
60,56.0,29.0,1,0,0.3037736627430247,0.8012529878443658,0
60,57.0,28.0,1,0,0.19604764751547385,0.8012529878443658,0
60,58.0,27.0,1,0,0.19131963911736924,0.8012529878443658,0
60,59.0,26.0,1,0,0.24243065045729215,0.8012529878443658,0
60,60.0,25.0,1,0,0.23664831376918333,0.8012529878443658,0
60,61.0,24.0,1,0,0.375058168516591,0.8012529878443658,0
60,62.0,23.0,1,0,0.29740931422647493,0.8012529878443658,0
60,63.0,22.0,1,0,0.5412148966909783,0.8012529878443658,0
60,64.0,21.0,1,0,0.5237313857839547,0.8012529878443658,0
60,65.0,20.0,1,1,0.6818375393911702,0.8012529878443658,0
60,66.0,19.0,1,1,0.6088643514155931,0.8012529878443658,0
60,67.0,18.0,1,1,0.7214756647309077,0.8012529878443658,0
60,68.0,17.0,1,1,0.627593206648396,0.8012529878443658,0
60,69.0,16.0,1,1,0.6135316430583545,0.8012529878443658,0
60,70.0,15.0,1,1,0.583804243213373,0.8012529878443658,0
60,71.0,14.0,1,1,0.6408986355343805,0.8012529878443658,0
60,72.0,13.0,1,1,0.7407645145393639,0.8012529878443658,0
60,73.0,12.0,1,1,0.7256620014475723,0.8012529878443658,0
60,74.0,11.0,1,1,0.6687284278142442,0.8012529878443658,0
60,75.0,10.0,1,1,0.6905774624607411,0.8012529878443658,0
60,76.0,9.0,1,1,0.7599676155642756,0.8012529878443658,0
60,77.0,8.0,1,1,0.7601167630731587,0.8012529878443658,0
60,78.0,7.0,1,1,0.7209085859194825,0.8012529878443658,0
60,79.0,6.0,1,1,0.7629954017251013,0.8012529878443658,0
60,80.0,5.0,1,1,0.9578845923657698,0.8012529878443658,1
60,81.0,4.0,1,1,0.9082912162029143,0.8012529878443658,1
60,82.0,3.0,1,1,0.8854007754200521,0.8012529878443658,1
60,83.0,2.0,1,1,0.9535710792188464,0.8012529878443658,1
60,84.0,1.0,1,1,0.9402299688757594,0.8012529878443658,1
60,85.0,0.0,1,1,0.9457456021512118,0.8012529878443658,1
61,1.0,73.0,2,0,0.005483948156462721,0.7912127720003883,0
61,2.0,72.0,2,0,0.1882339646559825,0.7912127720003883,0
61,3.0,71.0,2,0,0.006450043291813039,0.7912127720003883,0
61,4.0,70.0,2,0,0.014092406439590954,0.7912127720003883,0
61,5.0,69.0,2,0,0.005760844624043293,0.7912127720003883,0
61,6.0,68.0,2,0,0.010248105865847686,0.7912127720003883,0
61,7.0,67.0,2,0,0.0038701657898038244,0.7912127720003883,0
61,8.0,66.0,2,0,0.00938917841463904,0.7912127720003883,0
61,9.0,65.0,2,0,0.008245995321985299,0.7912127720003883,0
61,10.0,64.0,2,0,0.014915469350414204,0.7912127720003883,0
61,11.0,63.0,2,0,0.015404613338608672,0.7912127720003883,0
61,12.0,62.0,2,0,0.011121421101043324,0.7912127720003883,0
61,13.0,61.0,2,0,0.06443742482607204,0.7912127720003883,0
61,14.0,60.0,2,0,0.005166874039767734,0.7912127720003883,0
61,15.0,59.0,2,0,0.009002272967573265,0.7912127720003883,0
61,16.0,58.0,2,0,0.013717089944191678,0.7912127720003883,0
61,17.0,57.0,2,0,0.07374666417565563,0.7912127720003883,0
61,18.0,56.0,2,0,0.008249385918452593,0.7912127720003883,0
61,19.0,55.0,2,0,0.02242741545518525,0.7912127720003883,0
61,20.0,54.0,2,0,0.009260967109094059,0.7912127720003883,0
61,21.0,53.0,2,0,0.007869758091998578,0.7912127720003883,0
61,22.0,52.0,2,0,0.011589311583085743,0.7912127720003883,0
61,23.0,51.0,2,0,0.0018633352302047262,0.7912127720003883,0
61,24.0,50.0,2,0,0.028160460254971768,0.7912127720003883,0
61,25.0,49.0,2,0,0.004375569225979323,0.7912127720003883,0
61,26.0,48.0,2,0,0.018289075229787108,0.7912127720003883,0
61,27.0,47.0,2,0,0.018090434424268373,0.7912127720003883,0
61,28.0,46.0,2,0,0.010864437047039705,0.7912127720003883,0
61,29.0,45.0,2,0,0.019411896868756714,0.7912127720003883,0
61,30.0,44.0,2,0,0.03233187680846821,0.7912127720003883,0
61,31.0,43.0,2,0,0.043196700684205044,0.7912127720003883,0
61,32.0,42.0,2,0,0.027439739883765087,0.7912127720003883,0
61,33.0,41.0,2,0,0.19692178068060118,0.7912127720003883,0
61,34.0,40.0,2,0,0.021345046483947926,0.7912127720003883,0
61,35.0,39.0,2,0,0.1000738409913814,0.7912127720003883,0
61,36.0,38.0,2,0,0.05984086144924243,0.7912127720003883,0
61,37.0,37.0,2,0,0.09386275535290202,0.7912127720003883,0
61,38.0,36.0,2,0,0.4086448000330009,0.7912127720003883,0
61,39.0,35.0,2,0,0.3380304447170107,0.7912127720003883,0
61,40.0,34.0,2,0,0.2112599054540874,0.7912127720003883,0
61,41.0,33.0,2,0,0.3519958162723551,0.7912127720003883,0
61,42.0,32.0,2,0,0.42996288253673093,0.7912127720003883,0
61,43.0,31.0,2,0,0.21788366540516452,0.7912127720003883,0
61,44.0,30.0,2,0,0.420319631972083,0.7912127720003883,0
61,45.0,29.0,2,0,0.32493398243565647,0.7912127720003883,0
61,46.0,28.0,2,0,0.41818783806755727,0.7912127720003883,0
61,47.0,27.0,2,0,0.6652066153348535,0.7912127720003883,0
61,48.0,26.0,2,0,0.7636848153450149,0.7912127720003883,0
61,49.0,25.0,2,0,0.8726812633764617,0.7912127720003883,1
61,50.0,24.0,2,0,0.7724595793231818,0.7912127720003883,0
61,51.0,23.0,2,0,0.7801668491346905,0.7912127720003883,0
61,52.0,22.0,2,0,0.7821907708670919,0.7912127720003883,0
61,53.0,21.0,2,0,0.7991571578706299,0.7912127720003883,1
61,54.0,20.0,2,1,0.7972151672729616,0.7912127720003883,1
61,55.0,19.0,2,1,0.8754922633055898,0.7912127720003883,1
61,56.0,18.0,2,1,0.8484173524663498,0.7912127720003883,1
61,57.0,17.0,2,1,0.7982528393981029,0.7912127720003883,1
61,58.0,16.0,2,1,0.9150666826068302,0.7912127720003883,1
61,59.0,15.0,2,1,0.8642910098281639,0.7912127720003883,1
61,60.0,14.0,2,1,0.8513430360356001,0.7912127720003883,1
61,61.0,13.0,2,1,0.8609667840469817,0.7912127720003883,1
61,62.0,12.0,2,1,0.9212787275430822,0.7912127720003883,1
61,63.0,11.0,2,1,0.8933240719540086,0.7912127720003883,1
61,64.0,10.0,2,1,0.9519310976452257,0.7912127720003883,1
61,65.0,9.0,2,1,0.8523365562121662,0.7912127720003883,1
61,66.0,8.0,2,1,0.9029885637979568,0.7912127720003883,1
61,67.0,7.0,2,1,0.9505326383933389,0.7912127720003883,1
61,68.0,6.0,2,1,0.8562285476319604,0.7912127720003883,1
61,69.0,5.0,2,1,0.8032687389109237,0.7912127720003883,1
61,70.0,4.0,2,1,0.8868485608376911,0.7912127720003883,1
61,71.0,3.0,2,1,0.8976883929474696,0.7912127720003883,1
61,72.0,2.0,2,1,0.9454993690621385,0.7912127720003883,1
61,73.0,1.0,2,1,0.8635810113044349,0.7912127720003883,1
61,74.0,0.0,2,1,0.9695021357951163,0.7912127720003883,1
62,1.0,77.0,1,0,0.010095274882557313,0.8012529878443658,0
62,2.0,76.0,1,0,0.007733339170246424,0.8012529878443658,0
62,3.0,75.0,1,0,0.0025307656635155796,0.8012529878443658,0
62,4.0,74.0,1,0,0.009375745519019783,0.8012529878443658,0
62,5.0,73.0,1,0,0.01539385309541799,0.8012529878443658,0
62,6.0,72.0,1,0,0.005110077366806486,0.8012529878443658,0
62,7.0,71.0,1,0,0.015643628676396144,0.8012529878443658,0
62,8.0,70.0,1,0,0.013885657535119578,0.8012529878443658,0
62,9.0,69.0,1,0,0.012247687635745765,0.8012529878443658,0
62,10.0,68.0,1,0,0.0027832463234506418,0.8012529878443658,0
62,11.0,67.0,1,0,0.012458280471386562,0.8012529878443658,0
62,12.0,66.0,1,0,0.00703721061129427,0.8012529878443658,0
62,13.0,65.0,1,0,0.0022874995271403554,0.8012529878443658,0
62,14.0,64.0,1,0,0.016923532978262903,0.8012529878443658,0
62,15.0,63.0,1,0,0.014488025011317768,0.8012529878443658,0
62,16.0,62.0,1,0,0.026953342289581152,0.8012529878443658,0
62,17.0,61.0,1,0,0.008948367795433277,0.8012529878443658,0
62,18.0,60.0,1,0,0.004580467519771583,0.8012529878443658,0
62,19.0,59.0,1,0,0.05494972049421555,0.8012529878443658,0
62,20.0,58.0,1,0,0.0026400480830675644,0.8012529878443658,0
62,21.0,57.0,1,0,0.014421211376533566,0.8012529878443658,0
62,22.0,56.0,1,0,0.016032237318336324,0.8012529878443658,0
62,23.0,55.0,1,0,0.006602259551614956,0.8012529878443658,0
62,24.0,54.0,1,0,0.004007461687004371,0.8012529878443658,0
62,25.0,53.0,1,0,0.00839373285633594,0.8012529878443658,0
62,26.0,52.0,1,0,0.00788438130293698,0.8012529878443658,0
62,27.0,51.0,1,0,0.0034334180160529525,0.8012529878443658,0
62,28.0,50.0,1,0,0.013610708166643507,0.8012529878443658,0
62,29.0,49.0,1,0,0.018257259347673093,0.8012529878443658,0
62,30.0,48.0,1,0,0.008582628324625205,0.8012529878443658,0
62,31.0,47.0,1,0,0.008224199435959902,0.8012529878443658,0
62,32.0,46.0,1,0,0.013509410795207065,0.8012529878443658,0
62,33.0,45.0,1,0,0.016649246974981352,0.8012529878443658,0
62,34.0,44.0,1,0,0.13523203318068294,0.8012529878443658,0
62,35.0,43.0,1,0,0.04631683813076248,0.8012529878443658,0
62,36.0,42.0,1,0,0.02489157441905929,0.8012529878443658,0
62,37.0,41.0,1,0,0.11438737166652516,0.8012529878443658,0
62,38.0,40.0,1,0,0.17769323375515125,0.8012529878443658,0
62,39.0,39.0,1,0,0.26236563639643345,0.8012529878443658,0
62,40.0,38.0,1,0,0.023622143825611595,0.8012529878443658,0
62,41.0,37.0,1,0,0.08547554416957995,0.8012529878443658,0
62,42.0,36.0,1,0,0.3577095208656362,0.8012529878443658,0
62,43.0,35.0,1,0,0.14013380225304503,0.8012529878443658,0
62,44.0,34.0,1,0,0.09439500415797508,0.8012529878443658,0
62,45.0,33.0,1,0,0.16248008244858955,0.8012529878443658,0
62,46.0,32.0,1,0,0.4368085644414122,0.8012529878443658,0
62,47.0,31.0,1,0,0.39696445465001545,0.8012529878443658,0
62,48.0,30.0,1,0,0.24310592230414504,0.8012529878443658,0
62,49.0,29.0,1,0,0.5380267330731723,0.8012529878443658,0
62,50.0,28.0,1,0,0.5474552490674593,0.8012529878443658,0
62,51.0,27.0,1,0,0.43170742551604874,0.8012529878443658,0
62,52.0,26.0,1,0,0.33085093407996446,0.8012529878443658,0
62,53.0,25.0,1,0,0.5040164082367393,0.8012529878443658,0
62,54.0,24.0,1,0,0.448255115167263,0.8012529878443658,0
62,55.0,23.0,1,0,0.5408155630540189,0.8012529878443658,0
62,56.0,22.0,1,0,0.6216297527340615,0.8012529878443658,0
62,57.0,21.0,1,0,0.5930820304152699,0.8012529878443658,0
62,58.0,20.0,1,1,0.778911206696817,0.8012529878443658,0
62,59.0,19.0,1,1,0.7288384047094724,0.8012529878443658,0
62,60.0,18.0,1,1,0.7361360271834846,0.8012529878443658,0
62,61.0,17.0,1,1,0.2654930418904222,0.8012529878443658,0
62,62.0,16.0,1,1,0.6239892833768855,0.8012529878443658,0
62,63.0,15.0,1,1,0.6544144908787258,0.8012529878443658,0
62,64.0,14.0,1,1,0.5511786487959685,0.8012529878443658,0
62,65.0,13.0,1,1,0.7454510501434143,0.8012529878443658,0
62,66.0,12.0,1,1,0.7989309865136832,0.8012529878443658,0
62,67.0,11.0,1,1,0.8701036692513715,0.8012529878443658,1
62,68.0,10.0,1,1,0.8545091598870751,0.8012529878443658,1
62,69.0,9.0,1,1,0.9297946148754469,0.8012529878443658,1
62,70.0,8.0,1,1,0.7802606120558729,0.8012529878443658,0
62,71.0,7.0,1,1,0.8499154061067593,0.8012529878443658,1
62,72.0,6.0,1,1,0.9105442247519451,0.8012529878443658,1
62,73.0,5.0,1,1,0.9480971189668788,0.8012529878443658,1
62,74.0,4.0,1,1,0.9060686662165681,0.8012529878443658,1
62,75.0,3.0,1,1,0.9296486930036142,0.8012529878443658,1
62,76.0,2.0,1,1,0.9501043421696863,0.8012529878443658,1
62,77.0,1.0,1,1,0.9428961707232856,0.8012529878443658,1
62,78.0,0.0,1,1,0.9417895531145051,0.8012529878443658,1
63,1.0,82.0,5,0,0.003609442590214095,0.7886728961484951,0
63,2.0,81.0,5,0,0.006898685206625282,0.7886728961484951,0
63,3.0,80.0,5,0,0.007513346998387613,0.7886728961484951,0
63,4.0,79.0,5,0,0.004997258986013243,0.7886728961484951,0
63,5.0,78.0,5,0,0.008577681905225032,0.7886728961484951,0
63,6.0,77.0,5,0,0.004148668792649263,0.7886728961484951,0
63,7.0,76.0,5,0,0.0035224183418889254,0.7886728961484951,0
63,8.0,75.0,5,0,0.0054258307231572975,0.7886728961484951,0
63,9.0,74.0,5,0,0.001972516607907559,0.7886728961484951,0
63,10.0,73.0,5,0,0.0008724593108664304,0.7886728961484951,0
63,11.0,72.0,5,0,0.0054511966389886625,0.7886728961484951,0
63,12.0,71.0,5,0,0.005056848389753474,0.7886728961484951,0
63,13.0,70.0,5,0,0.0006646695669496638,0.7886728961484951,0
63,14.0,69.0,5,0,0.00024349043441865848,0.7886728961484951,0
63,15.0,68.0,5,0,0.0014299147755477413,0.7886728961484951,0
63,16.0,67.0,5,0,0.001623060656404247,0.7886728961484951,0
63,17.0,66.0,5,0,0.004460480300782632,0.7886728961484951,0
63,18.0,65.0,5,0,0.0002507978826816198,0.7886728961484951,0
63,19.0,64.0,5,0,0.0007897173975658537,0.7886728961484951,0
63,20.0,63.0,5,0,0.007670254296337569,0.7886728961484951,0
63,21.0,62.0,5,0,0.00039268467513445,0.7886728961484951,0
63,22.0,61.0,5,0,0.010648247990713237,0.7886728961484951,0
63,23.0,60.0,5,0,0.0027549661096854363,0.7886728961484951,0
63,24.0,59.0,5,0,0.011433259530857469,0.7886728961484951,0
63,25.0,58.0,5,0,0.003682025089873546,0.7886728961484951,0
63,26.0,57.0,5,0,0.005056848389753474,0.7886728961484951,0
63,27.0,56.0,5,0,0.0014227345269461713,0.7886728961484951,0
63,28.0,55.0,5,0,0.004609175204912272,0.7886728961484951,0
63,29.0,54.0,5,0,0.010710302352264306,0.7886728961484951,0
63,30.0,53.0,5,0,0.0007200963927898001,0.7886728961484951,0
63,31.0,52.0,5,0,0.0012888176123800705,0.7886728961484951,0
63,32.0,51.0,5,0,0.0019236996951269537,0.7886728961484951,0
63,33.0,50.0,5,0,0.0012888176123800705,0.7886728961484951,0
63,34.0,49.0,5,0,0.009583163206404975,0.7886728961484951,0
63,35.0,48.0,5,0,0.003671183265481227,0.7886728961484951,0
63,36.0,47.0,5,0,0.004483126949656357,0.7886728961484951,0
63,37.0,46.0,5,0,0.007218369058140455,0.7886728961484951,0
63,38.0,45.0,5,0,0.011805629450233559,0.7886728961484951,0
63,39.0,44.0,5,0,0.0002507978826816198,0.7886728961484951,0
63,40.0,43.0,5,0,0.0036633162921072453,0.7886728961484951,0
63,41.0,42.0,5,0,0.007045978605573185,0.7886728961484951,0
63,42.0,41.0,5,0,0.0027524308912098582,0.7886728961484951,0
63,43.0,40.0,5,0,0.009800657744734355,0.7886728961484951,0
63,44.0,39.0,5,0,0.003282870816085442,0.7886728961484951,0
63,45.0,38.0,5,0,0.033315716887002876,0.7886728961484951,0
63,46.0,37.0,5,0,0.11626534105761986,0.7886728961484951,0
63,47.0,36.0,5,0,0.07639347437003781,0.7886728961484951,0
63,48.0,35.0,5,0,0.04902871909890503,0.7886728961484951,0
63,49.0,34.0,5,0,0.04995363628323122,0.7886728961484951,0
63,50.0,33.0,5,0,0.09315020966257234,0.7886728961484951,0
63,51.0,32.0,5,0,0.04832589684006726,0.7886728961484951,0
63,52.0,31.0,5,0,0.15222759331137284,0.7886728961484951,0
63,53.0,30.0,5,0,0.17382738523959498,0.7886728961484951,0
63,54.0,29.0,5,0,0.18311309697854986,0.7886728961484951,0
63,55.0,28.0,5,0,0.16922871576258505,0.7886728961484951,0
63,56.0,27.0,5,0,0.17108971233489945,0.7886728961484951,0
63,57.0,26.0,5,0,0.16756801399713583,0.7886728961484951,0
63,58.0,25.0,5,0,0.24040011368641512,0.7886728961484951,0
63,59.0,24.0,5,0,0.2416408055585329,0.7886728961484951,0
63,60.0,23.0,5,0,0.4010416916836657,0.7886728961484951,0
63,61.0,22.0,5,0,0.19537681669519577,0.7886728961484951,0
63,62.0,21.0,5,0,0.2718185376267541,0.7886728961484951,0
63,63.0,20.0,5,1,0.22976270657167577,0.7886728961484951,0
63,64.0,19.0,5,1,0.44262207209034476,0.7886728961484951,0
63,65.0,18.0,5,1,0.369510000009301,0.7886728961484951,0
63,66.0,17.0,5,1,0.3698254262480934,0.7886728961484951,0
63,67.0,16.0,5,1,0.4796688543600078,0.7886728961484951,0
63,68.0,15.0,5,1,0.6832221134111633,0.7886728961484951,0
63,69.0,14.0,5,1,0.4256983718866892,0.7886728961484951,0
63,70.0,13.0,5,1,0.48938707902327644,0.7886728961484951,0
63,71.0,12.0,5,1,0.9467902030632529,0.7886728961484951,1
63,72.0,11.0,5,1,0.9079073858194238,0.7886728961484951,1
63,73.0,10.0,5,1,0.8603965365085946,0.7886728961484951,1
63,74.0,9.0,5,1,0.9557939680597329,0.7886728961484951,1
63,75.0,8.0,5,1,0.9559461778853834,0.7886728961484951,1
63,76.0,7.0,5,1,0.9605007048966641,0.7886728961484951,1
63,77.0,6.0,5,1,0.9107027847196482,0.7886728961484951,1
63,78.0,5.0,5,1,0.9471302465698052,0.7886728961484951,1
63,79.0,4.0,5,1,0.9768799563384716,0.7886728961484951,1
63,80.0,3.0,5,1,0.9730753949706996,0.7886728961484951,1
63,81.0,2.0,5,1,0.9757050833230606,0.7886728961484951,1
63,82.0,1.0,5,1,0.948522807222671,0.7886728961484951,1
63,83.0,0.0,5,1,0.9798792303344425,0.7886728961484951,1
64,1.0,95.0,4,0,0.003964596405908271,0.7767036600253301,0
64,2.0,94.0,4,0,0.014111268331389863,0.7767036600253301,0
64,3.0,93.0,4,0,0.014515739997287896,0.7767036600253301,0
64,4.0,92.0,4,0,0.029626987940427056,0.7767036600253301,0
64,5.0,91.0,4,0,0.04813888770928335,0.7767036600253301,0
64,6.0,90.0,4,0,0.012058091252309038,0.7767036600253301,0
64,7.0,89.0,4,0,0.022935363899975608,0.7767036600253301,0
64,8.0,88.0,4,0,0.06544628559628785,0.7767036600253301,0
64,9.0,87.0,4,0,0.023962117343408206,0.7767036600253301,0
64,10.0,86.0,4,0,0.010577886344451297,0.7767036600253301,0
64,11.0,85.0,4,0,0.005641644414027994,0.7767036600253301,0
64,12.0,84.0,4,0,0.021209174624135796,0.7767036600253301,0
64,13.0,83.0,4,0,0.010874048927811682,0.7767036600253301,0
64,14.0,82.0,4,0,0.011468582386776918,0.7767036600253301,0
64,15.0,81.0,4,0,0.004216562703061216,0.7767036600253301,0
64,16.0,80.0,4,0,0.02560699468117694,0.7767036600253301,0
64,17.0,79.0,4,0,0.02072378343383107,0.7767036600253301,0
64,18.0,78.0,4,0,0.007154701352353292,0.7767036600253301,0
64,19.0,77.0,4,0,0.0935573445415739,0.7767036600253301,0
64,20.0,76.0,4,0,0.035855828771209845,0.7767036600253301,0
64,21.0,75.0,4,0,0.005766618482279073,0.7767036600253301,0
64,22.0,74.0,4,0,0.010023096485934841,0.7767036600253301,0
64,23.0,73.0,4,0,0.01629832403691655,0.7767036600253301,0
64,24.0,72.0,4,0,0.04009682524292553,0.7767036600253301,0
64,25.0,71.0,4,0,0.038163214154135476,0.7767036600253301,0
64,26.0,70.0,4,0,0.011862790406912597,0.7767036600253301,0
64,27.0,69.0,4,0,0.007118869250500548,0.7767036600253301,0
64,28.0,68.0,4,0,0.0047942259672274275,0.7767036600253301,0
64,29.0,67.0,4,0,0.008511925962859986,0.7767036600253301,0
64,30.0,66.0,4,0,0.011986951954174782,0.7767036600253301,0
64,31.0,65.0,4,0,0.05431581206445573,0.7767036600253301,0
64,32.0,64.0,4,0,0.1467053115639321,0.7767036600253301,0
64,33.0,63.0,4,0,0.16125023037255573,0.7767036600253301,0
64,34.0,62.0,4,0,0.09816923306453544,0.7767036600253301,0
64,35.0,61.0,4,0,0.15817221405972468,0.7767036600253301,0
64,36.0,60.0,4,0,0.4557478896869813,0.7767036600253301,0
64,37.0,59.0,4,0,0.22080653787502896,0.7767036600253301,0
64,38.0,58.0,4,0,0.3341445215516964,0.7767036600253301,0
64,39.0,57.0,4,0,0.19863109445252758,0.7767036600253301,0
64,40.0,56.0,4,0,0.4639860306489951,0.7767036600253301,0
64,41.0,55.0,4,0,0.24625446310325377,0.7767036600253301,0
64,42.0,54.0,4,0,0.41257273017307305,0.7767036600253301,0
64,43.0,53.0,4,0,0.5827111603253635,0.7767036600253301,0
64,44.0,52.0,4,0,0.5522729992982004,0.7767036600253301,0
64,45.0,51.0,4,0,0.3257618941564288,0.7767036600253301,0
64,46.0,50.0,4,0,0.5327426604873118,0.7767036600253301,0
64,47.0,49.0,4,0,0.4633455871469288,0.7767036600253301,0
64,48.0,48.0,4,0,0.5570329539542189,0.7767036600253301,0
64,49.0,47.0,4,0,0.748333042945906,0.7767036600253301,0
64,50.0,46.0,4,0,0.9030603507875546,0.7767036600253301,1
64,51.0,45.0,4,0,0.8552880917625346,0.7767036600253301,1
64,52.0,44.0,4,0,0.7453177512671533,0.7767036600253301,0
64,53.0,43.0,4,0,0.7008133493233512,0.7767036600253301,0
64,54.0,42.0,4,0,0.8071741384751504,0.7767036600253301,1
64,55.0,41.0,4,0,0.8744037405354677,0.7767036600253301,1
64,56.0,40.0,4,0,0.829527133335461,0.7767036600253301,1
64,57.0,39.0,4,0,0.7414386247635559,0.7767036600253301,0
64,58.0,38.0,4,0,0.8599083122893181,0.7767036600253301,1
64,59.0,37.0,4,0,0.8777125767868532,0.7767036600253301,1
64,60.0,36.0,4,0,0.8253487416463513,0.7767036600253301,1
64,61.0,35.0,4,0,0.8952945918338416,0.7767036600253301,1
64,62.0,34.0,4,0,0.9326112945815783,0.7767036600253301,1
64,63.0,33.0,4,0,0.9030711825907859,0.7767036600253301,1
64,64.0,32.0,4,0,0.8188700351732441,0.7767036600253301,1
64,65.0,31.0,4,0,0.9547072222236558,0.7767036600253301,1
64,66.0,30.0,4,0,0.9437216859500526,0.7767036600253301,1
64,67.0,29.0,4,0,0.9228104502013473,0.7767036600253301,1
64,68.0,28.0,4,0,0.919162391031211,0.7767036600253301,1
64,69.0,27.0,4,0,0.913932942413332,0.7767036600253301,1
64,70.0,26.0,4,0,0.879252016710816,0.7767036600253301,1
64,71.0,25.0,4,0,0.911359161222764,0.7767036600253301,1
64,72.0,24.0,4,0,0.943373224675026,0.7767036600253301,1
64,73.0,23.0,4,0,0.8989740436178904,0.7767036600253301,1
64,74.0,22.0,4,0,0.9189315910094259,0.7767036600253301,1
64,75.0,21.0,4,0,0.8168868979752799,0.7767036600253301,1
64,76.0,20.0,4,1,0.8710953779104851,0.7767036600253301,1
64,77.0,19.0,4,1,0.9121196053971431,0.7767036600253301,1
64,78.0,18.0,4,1,0.9021805727236814,0.7767036600253301,1
64,79.0,17.0,4,1,0.7394227452616482,0.7767036600253301,0
64,80.0,16.0,4,1,0.9814873731874899,0.7767036600253301,1
64,81.0,15.0,4,1,0.9369574331256157,0.7767036600253301,1
64,82.0,14.0,4,1,0.9298125265219849,0.7767036600253301,1
64,83.0,13.0,4,1,0.9841537833261322,0.7767036600253301,1
64,84.0,12.0,4,1,0.9087632883782906,0.7767036600253301,1
64,85.0,11.0,4,1,0.9444852677040593,0.7767036600253301,1
64,86.0,10.0,4,1,0.9375481553169958,0.7767036600253301,1
64,87.0,9.0,4,1,0.9704714440721147,0.7767036600253301,1
64,88.0,8.0,4,1,0.8790143362538765,0.7767036600253301,1
64,89.0,7.0,4,1,0.8684543721396561,0.7767036600253301,1
64,90.0,6.0,4,1,0.8964101831744543,0.7767036600253301,1
64,91.0,5.0,4,1,0.9137902057540073,0.7767036600253301,1
64,92.0,4.0,4,1,0.9163411653851997,0.7767036600253301,1
64,93.0,3.0,4,1,0.938714976133513,0.7767036600253301,1
64,94.0,2.0,4,1,0.8001273041037948,0.7767036600253301,1
64,95.0,1.0,4,1,0.9152948405595202,0.7767036600253301,1
64,96.0,0.0,4,1,0.9638876960606997,0.7767036600253301,1
65,1.0,86.0,4,0,0.004353574567277238,0.7767036600253301,0
65,2.0,85.0,4,0,0.002860864562347226,0.7767036600253301,0
65,3.0,84.0,4,0,0.014047198518149607,0.7767036600253301,0
65,4.0,83.0,4,0,0.013103477523513504,0.7767036600253301,0
65,5.0,82.0,4,0,0.003634696898399284,0.7767036600253301,0
65,6.0,81.0,4,0,0.006907881051224262,0.7767036600253301,0
65,7.0,80.0,4,0,0.009883861279289917,0.7767036600253301,0
65,8.0,79.0,4,0,0.01512355539077093,0.7767036600253301,0
65,9.0,78.0,4,0,0.005554208437639735,0.7767036600253301,0
65,10.0,77.0,4,0,0.011475113343016059,0.7767036600253301,0
65,11.0,76.0,4,0,0.005900005947589016,0.7767036600253301,0
65,12.0,75.0,4,0,0.013782109107584482,0.7767036600253301,0
65,13.0,74.0,4,0,0.010128619571732266,0.7767036600253301,0
65,14.0,73.0,4,0,0.012474792724107356,0.7767036600253301,0
65,15.0,72.0,4,0,0.006393454063073577,0.7767036600253301,0
65,16.0,71.0,4,0,0.014327090682706328,0.7767036600253301,0
65,17.0,70.0,4,0,0.003724063955649402,0.7767036600253301,0
65,18.0,69.0,4,0,0.028916412529503818,0.7767036600253301,0
65,19.0,68.0,4,0,0.00425664330075676,0.7767036600253301,0
65,20.0,67.0,4,0,0.019200891773783653,0.7767036600253301,0
65,21.0,66.0,4,0,0.007009078955839566,0.7767036600253301,0
65,22.0,65.0,4,0,0.009695372613454963,0.7767036600253301,0
65,23.0,64.0,4,0,0.012885652100780135,0.7767036600253301,0
65,24.0,63.0,4,0,0.008254541042295324,0.7767036600253301,0
65,25.0,62.0,4,0,0.009876612467466928,0.7767036600253301,0
65,26.0,61.0,4,0,0.008187322063471506,0.7767036600253301,0
65,27.0,60.0,4,0,0.007907418877071774,0.7767036600253301,0
65,28.0,59.0,4,0,0.011792545760663607,0.7767036600253301,0
65,29.0,58.0,4,0,0.008280372145150755,0.7767036600253301,0
65,30.0,57.0,4,0,0.004577913686499636,0.7767036600253301,0
65,31.0,56.0,4,0,0.003357278832072128,0.7767036600253301,0
65,32.0,55.0,4,0,0.010990517636599854,0.7767036600253301,0
65,33.0,54.0,4,0,0.008702153427143438,0.7767036600253301,0
65,34.0,53.0,4,0,0.02431932609393016,0.7767036600253301,0
65,35.0,52.0,4,0,0.016628033229191565,0.7767036600253301,0
65,36.0,51.0,4,0,0.0072151943632453594,0.7767036600253301,0
65,37.0,50.0,4,0,0.010166716934455927,0.7767036600253301,0
65,38.0,49.0,4,0,0.020279789745549753,0.7767036600253301,0
65,39.0,48.0,4,0,0.030412830268395304,0.7767036600253301,0
65,40.0,47.0,4,0,0.006243192288447507,0.7767036600253301,0
65,41.0,46.0,4,0,0.009533869349055382,0.7767036600253301,0
65,42.0,45.0,4,0,0.017812279571829404,0.7767036600253301,0
65,43.0,44.0,4,0,0.02294314452781125,0.7767036600253301,0
65,44.0,43.0,4,0,0.010675393789977432,0.7767036600253301,0
65,45.0,42.0,4,0,0.026054019240399868,0.7767036600253301,0
65,46.0,41.0,4,0,0.05755987881365711,0.7767036600253301,0
65,47.0,40.0,4,0,0.035119600328396415,0.7767036600253301,0
65,48.0,39.0,4,0,0.11277109126514273,0.7767036600253301,0
65,49.0,38.0,4,0,0.14947307714553704,0.7767036600253301,0
65,50.0,37.0,4,0,0.04918256764809686,0.7767036600253301,0
65,51.0,36.0,4,0,0.13404037535436011,0.7767036600253301,0
65,52.0,35.0,4,0,0.15565698113348297,0.7767036600253301,0
65,53.0,34.0,4,0,0.1508684331052794,0.7767036600253301,0
65,54.0,33.0,4,0,0.1366480760514734,0.7767036600253301,0
65,55.0,32.0,4,0,0.18537007968040237,0.7767036600253301,0
65,56.0,31.0,4,0,0.17456070984051417,0.7767036600253301,0
65,57.0,30.0,4,0,0.525530478406229,0.7767036600253301,0
65,58.0,29.0,4,0,0.1419761011978802,0.7767036600253301,0
65,59.0,28.0,4,0,0.3710645750322436,0.7767036600253301,0
65,60.0,27.0,4,0,0.21994217708181887,0.7767036600253301,0
65,61.0,26.0,4,0,0.3717908274227603,0.7767036600253301,0
65,62.0,25.0,4,0,0.829223818972002,0.7767036600253301,1
65,63.0,24.0,4,0,0.5955634107251838,0.7767036600253301,0
65,64.0,23.0,4,0,0.6492467799070165,0.7767036600253301,0
65,65.0,22.0,4,0,0.8152966210361011,0.7767036600253301,1
65,66.0,21.0,4,0,0.7953964084658773,0.7767036600253301,1
65,67.0,20.0,4,1,0.811993495257656,0.7767036600253301,1
65,68.0,19.0,4,1,0.8510791563868411,0.7767036600253301,1
65,69.0,18.0,4,1,0.7108553903715469,0.7767036600253301,0
65,70.0,17.0,4,1,0.7807175231727951,0.7767036600253301,1
65,71.0,16.0,4,1,0.8294650346998679,0.7767036600253301,1
65,72.0,15.0,4,1,0.8883253426380346,0.7767036600253301,1
65,73.0,14.0,4,1,0.8014925419974163,0.7767036600253301,1
65,74.0,13.0,4,1,0.9091261722500336,0.7767036600253301,1
65,75.0,12.0,4,1,0.9259546632263412,0.7767036600253301,1
65,76.0,11.0,4,1,0.861957102482491,0.7767036600253301,1
65,77.0,10.0,4,1,0.9061918729509817,0.7767036600253301,1
65,78.0,9.0,4,1,0.8537234083580494,0.7767036600253301,1
65,79.0,8.0,4,1,0.8458803294424657,0.7767036600253301,1
65,80.0,7.0,4,1,0.9604844604510013,0.7767036600253301,1
65,81.0,6.0,4,1,0.97922379317848,0.7767036600253301,1
65,82.0,5.0,4,1,0.9493938775100162,0.7767036600253301,1
65,83.0,4.0,4,1,0.9067970642677234,0.7767036600253301,1
65,84.0,3.0,4,1,0.8426310927218122,0.7767036600253301,1
65,85.0,2.0,4,1,0.9400819765316282,0.7767036600253301,1
65,86.0,1.0,4,1,0.9276664067453703,0.7767036600253301,1
65,87.0,0.0,4,1,0.9536909427675245,0.7767036600253301,1
66,1.0,71.0,4,0,0.01169236293657871,0.7767036600253301,0
66,2.0,70.0,4,0,0.03724713890220041,0.7767036600253301,0
66,3.0,69.0,4,0,0.008372334714624353,0.7767036600253301,0
66,4.0,68.0,4,0,0.004959618155531659,0.7767036600253301,0
66,5.0,67.0,4,0,0.011163648997515143,0.7767036600253301,0
66,6.0,66.0,4,0,0.011472012826826255,0.7767036600253301,0
66,7.0,65.0,4,0,0.022762951655563586,0.7767036600253301,0
66,8.0,64.0,4,0,0.00975210059461963,0.7767036600253301,0
66,9.0,63.0,4,0,0.003265280266810954,0.7767036600253301,0
66,10.0,62.0,4,0,0.012830306145185953,0.7767036600253301,0
66,11.0,61.0,4,0,0.015293851465350691,0.7767036600253301,0
66,12.0,60.0,4,0,0.010166327448407824,0.7767036600253301,0
66,13.0,59.0,4,0,0.01379044550072197,0.7767036600253301,0
66,14.0,58.0,4,0,0.012827724951638675,0.7767036600253301,0
66,15.0,57.0,4,0,0.03534671957389353,0.7767036600253301,0
66,16.0,56.0,4,0,0.038655669131193955,0.7767036600253301,0
66,17.0,55.0,4,0,0.00795125941060697,0.7767036600253301,0
66,18.0,54.0,4,0,0.024768543692756616,0.7767036600253301,0
66,19.0,53.0,4,0,0.005094724867720466,0.7767036600253301,0
66,20.0,52.0,4,0,0.007151950064707752,0.7767036600253301,0
66,21.0,51.0,4,0,0.019141688107119973,0.7767036600253301,0
66,22.0,50.0,4,0,0.008254541042295324,0.7767036600253301,0
66,23.0,49.0,4,0,0.004116956236626899,0.7767036600253301,0
66,24.0,48.0,4,0,0.06539053884678835,0.7767036600253301,0
66,25.0,47.0,4,0,0.008280372145150755,0.7767036600253301,0
66,26.0,46.0,4,0,0.004577913686499636,0.7767036600253301,0
66,27.0,45.0,4,0,0.01244741964469705,0.7767036600253301,0
66,28.0,44.0,4,0,0.005770764228434186,0.7767036600253301,0
66,29.0,43.0,4,0,0.004168244378860986,0.7767036600253301,0
66,30.0,42.0,4,0,0.010524354526447193,0.7767036600253301,0
66,31.0,41.0,4,0,0.0798021305882572,0.7767036600253301,0
66,32.0,40.0,4,0,0.00842151773986912,0.7767036600253301,0
66,33.0,39.0,4,0,0.009701184362269627,0.7767036600253301,0
66,34.0,38.0,4,0,0.05305238746571378,0.7767036600253301,0
66,35.0,37.0,4,0,0.018364741252453562,0.7767036600253301,0
66,36.0,36.0,4,0,0.017135626583046966,0.7767036600253301,0
66,37.0,35.0,4,0,0.01993612714953235,0.7767036600253301,0
66,38.0,34.0,4,0,0.02820864873814935,0.7767036600253301,0
66,39.0,33.0,4,0,0.05513180259546182,0.7767036600253301,0
66,40.0,32.0,4,0,0.028748085198812008,0.7767036600253301,0
66,41.0,31.0,4,0,0.020021606574658946,0.7767036600253301,0
66,42.0,30.0,4,0,0.01327465043557953,0.7767036600253301,0
66,43.0,29.0,4,0,0.0839652465780258,0.7767036600253301,0
66,44.0,28.0,4,0,0.04898829019487308,0.7767036600253301,0
66,45.0,27.0,4,0,0.040627738790340255,0.7767036600253301,0
66,46.0,26.0,4,0,0.18875086845337635,0.7767036600253301,0
66,47.0,25.0,4,0,0.02937755221908743,0.7767036600253301,0
66,48.0,24.0,4,0,0.016789247490195506,0.7767036600253301,0
66,49.0,23.0,4,0,0.09249021384404676,0.7767036600253301,0
66,50.0,22.0,4,0,0.10898019867462079,0.7767036600253301,0
66,51.0,21.0,4,0,0.10919990026492457,0.7767036600253301,0
66,52.0,20.0,4,1,0.29171593194140266,0.7767036600253301,0
66,53.0,19.0,4,1,0.12699252872274797,0.7767036600253301,0
66,54.0,18.0,4,1,0.10039960337016142,0.7767036600253301,0
66,55.0,17.0,4,1,0.04065579197684735,0.7767036600253301,0
66,56.0,16.0,4,1,0.07985655750764037,0.7767036600253301,0
66,57.0,15.0,4,1,0.24987057917477315,0.7767036600253301,0
66,58.0,14.0,4,1,0.4608556541489934,0.7767036600253301,0
66,59.0,13.0,4,1,0.5928074757315098,0.7767036600253301,0
66,60.0,12.0,4,1,0.32238081813992536,0.7767036600253301,0
66,61.0,11.0,4,1,0.33723221408540144,0.7767036600253301,0
66,62.0,10.0,4,1,0.6105697626417358,0.7767036600253301,0
66,63.0,9.0,4,1,0.6329869045837578,0.7767036600253301,0
66,64.0,8.0,4,1,0.6633035159821815,0.7767036600253301,0
66,65.0,7.0,4,1,0.828486291798534,0.7767036600253301,1
66,66.0,6.0,4,1,0.7313402957100004,0.7767036600253301,0
66,67.0,5.0,4,1,0.7399308560732282,0.7767036600253301,0
66,68.0,4.0,4,1,0.4928314027661728,0.7767036600253301,0
66,69.0,3.0,4,1,0.6630667076686563,0.7767036600253301,0
66,70.0,2.0,4,1,0.8316766871922519,0.7767036600253301,1
66,71.0,1.0,4,1,0.7157776563603582,0.7767036600253301,0
66,72.0,0.0,4,1,0.7903045743461193,0.7767036600253301,1
67,1.0,50.0,1,0,0.014412872248316914,0.8012529878443658,0
67,2.0,49.0,1,0,0.020484283582899936,0.8012529878443658,0
67,3.0,48.0,1,0,0.04116308040632613,0.8012529878443658,0
67,4.0,47.0,1,0,0.03967605522670864,0.8012529878443658,0
67,5.0,46.0,1,0,0.012954482943547296,0.8012529878443658,0
67,6.0,45.0,1,0,0.005415597751269037,0.8012529878443658,0
67,7.0,44.0,1,0,0.007715626276483587,0.8012529878443658,0
67,8.0,43.0,1,0,0.019734166412441877,0.8012529878443658,0
67,9.0,42.0,1,0,0.009052155520313963,0.8012529878443658,0
67,10.0,41.0,1,0,0.023733587045812743,0.8012529878443658,0
67,11.0,40.0,1,0,0.014468199831046243,0.8012529878443658,0
67,12.0,39.0,1,0,0.007702822652030637,0.8012529878443658,0
67,13.0,38.0,1,0,0.016670959570413587,0.8012529878443658,0
67,14.0,37.0,1,0,0.10424966497864448,0.8012529878443658,0
67,15.0,36.0,1,0,0.018774983793312907,0.8012529878443658,0
67,16.0,35.0,1,0,0.031234794160564242,0.8012529878443658,0
67,17.0,34.0,1,0,0.05896286051362493,0.8012529878443658,0
67,18.0,33.0,1,0,0.057011069456524746,0.8012529878443658,0
67,19.0,32.0,1,0,0.01574308261610984,0.8012529878443658,0
67,20.0,31.0,1,0,0.014645779320924864,0.8012529878443658,0
67,21.0,30.0,1,0,0.006783322302936275,0.8012529878443658,0
67,22.0,29.0,1,0,0.033350580276326584,0.8012529878443658,0
67,23.0,28.0,1,0,0.017133318142724605,0.8012529878443658,0
67,24.0,27.0,1,0,0.03464731735465215,0.8012529878443658,0
67,25.0,26.0,1,0,0.004570094119116811,0.8012529878443658,0
67,26.0,25.0,1,0,0.009976692675691548,0.8012529878443658,0
67,27.0,24.0,1,0,0.008729559931042985,0.8012529878443658,0
67,28.0,23.0,1,0,0.0314945485625309,0.8012529878443658,0
67,29.0,22.0,1,0,0.050573490992156855,0.8012529878443658,0
67,30.0,21.0,1,0,0.09218136589679027,0.8012529878443658,0
67,31.0,20.0,1,1,0.19455364543640005,0.8012529878443658,0
67,32.0,19.0,1,1,0.029419456282908138,0.8012529878443658,0
67,33.0,18.0,1,1,0.4672863706331167,0.8012529878443658,0
67,34.0,17.0,1,1,0.16621833074917464,0.8012529878443658,0
67,35.0,16.0,1,1,0.5229007297236161,0.8012529878443658,0
67,36.0,15.0,1,1,0.5177329126117123,0.8012529878443658,0
67,37.0,14.0,1,1,0.30998163775270027,0.8012529878443658,0
67,38.0,13.0,1,1,0.48438676547954446,0.8012529878443658,0
67,39.0,12.0,1,1,0.3204103812524956,0.8012529878443658,0
67,40.0,11.0,1,1,0.21634153770596704,0.8012529878443658,0
67,41.0,10.0,1,1,0.6312636339662623,0.8012529878443658,0
67,42.0,9.0,1,1,0.7870850814382614,0.8012529878443658,0
67,43.0,8.0,1,1,0.5201369059060093,0.8012529878443658,0
67,44.0,7.0,1,1,0.5983185777161397,0.8012529878443658,0
67,45.0,6.0,1,1,0.6014694866579797,0.8012529878443658,0
67,46.0,5.0,1,1,0.4953446597237878,0.8012529878443658,0
67,47.0,4.0,1,1,0.6143069660912576,0.8012529878443658,0
67,48.0,3.0,1,1,0.6846122680101011,0.8012529878443658,0
67,49.0,2.0,1,1,0.7530267768627972,0.8012529878443658,0
67,50.0,1.0,1,1,0.8439472502587846,0.8012529878443658,1
67,51.0,0.0,1,1,0.6932705884990614,0.8012529878443658,0
68,1.0,74.0,1,0,0.012594807766210329,0.8012529878443658,0
68,2.0,73.0,1,0,0.00649160553285161,0.8012529878443658,0
68,3.0,72.0,1,0,0.006081220979465862,0.8012529878443658,0
68,4.0,71.0,1,0,0.0040561556765677746,0.8012529878443658,0
68,5.0,70.0,1,0,0.005455916988748192,0.8012529878443658,0
68,6.0,69.0,1,0,0.003979184212174389,0.8012529878443658,0
68,7.0,68.0,1,0,0.018051206187368374,0.8012529878443658,0
68,8.0,67.0,1,0,0.006619142717066796,0.8012529878443658,0
68,9.0,66.0,1,0,0.010295130933122518,0.8012529878443658,0
68,10.0,65.0,1,0,0.007030397659535534,0.8012529878443658,0
68,11.0,64.0,1,0,0.006023507199501641,0.8012529878443658,0
68,12.0,63.0,1,0,0.020503775576118096,0.8012529878443658,0
68,13.0,62.0,1,0,0.010150809270078946,0.8012529878443658,0
68,14.0,61.0,1,0,0.016739951921038995,0.8012529878443658,0
68,15.0,60.0,1,0,0.008563563274301985,0.8012529878443658,0
68,16.0,59.0,1,0,0.005672190804418361,0.8012529878443658,0
68,17.0,58.0,1,0,0.006099806937391478,0.8012529878443658,0
68,18.0,57.0,1,0,0.014588926980831338,0.8012529878443658,0
68,19.0,56.0,1,0,0.004546177904552351,0.8012529878443658,0
68,20.0,55.0,1,0,0.005310190217923842,0.8012529878443658,0
68,21.0,54.0,1,0,0.007851672569071835,0.8012529878443658,0
68,22.0,53.0,1,0,0.00687576693976514,0.8012529878443658,0
68,23.0,52.0,1,0,0.002616328281339525,0.8012529878443658,0
68,24.0,51.0,1,0,0.021250757882362775,0.8012529878443658,0
68,25.0,50.0,1,0,0.01728332407531146,0.8012529878443658,0
68,26.0,49.0,1,0,0.023587176051038442,0.8012529878443658,0
68,27.0,48.0,1,0,0.0022000027871144053,0.8012529878443658,0
68,28.0,47.0,1,0,0.019935146169685294,0.8012529878443658,0
68,29.0,46.0,1,0,0.011916864997099524,0.8012529878443658,0
68,30.0,45.0,1,0,0.01749022544930551,0.8012529878443658,0
68,31.0,44.0,1,0,0.011017634965045472,0.8012529878443658,0
68,32.0,43.0,1,0,0.02012345218023064,0.8012529878443658,0
68,33.0,42.0,1,0,0.01162254018692067,0.8012529878443658,0
68,34.0,41.0,1,0,0.0026911914557711854,0.8012529878443658,0
68,35.0,40.0,1,0,0.0063770439790495365,0.8012529878443658,0
68,36.0,39.0,1,0,0.0034413277209126157,0.8012529878443658,0
68,37.0,38.0,1,0,0.0008446914220434658,0.8012529878443658,0
68,38.0,37.0,1,0,0.012375889715408876,0.8012529878443658,0
68,39.0,36.0,1,0,0.00747801620525636,0.8012529878443658,0
68,40.0,35.0,1,0,0.003039596109586022,0.8012529878443658,0
68,41.0,34.0,1,0,0.03162285375458102,0.8012529878443658,0
68,42.0,33.0,1,0,0.023121457614361237,0.8012529878443658,0
68,43.0,32.0,1,0,0.0380827240346221,0.8012529878443658,0
68,44.0,31.0,1,0,0.026621480623443355,0.8012529878443658,0
68,45.0,30.0,1,0,0.052493418943586403,0.8012529878443658,0
68,46.0,29.0,1,0,0.02726220338175881,0.8012529878443658,0
68,47.0,28.0,1,0,0.079147568103707,0.8012529878443658,0
68,48.0,27.0,1,0,0.02271435843667896,0.8012529878443658,0
68,49.0,26.0,1,0,0.046126482684402066,0.8012529878443658,0
68,50.0,25.0,1,0,0.06525364694200018,0.8012529878443658,0
68,51.0,24.0,1,0,0.15880767945385166,0.8012529878443658,0
68,52.0,23.0,1,0,0.19779150993632322,0.8012529878443658,0
68,53.0,22.0,1,0,0.18151175241751666,0.8012529878443658,0
68,54.0,21.0,1,0,0.11046886128813369,0.8012529878443658,0
68,55.0,20.0,1,1,0.39562891774173176,0.8012529878443658,0
68,56.0,19.0,1,1,0.19712617251005826,0.8012529878443658,0
68,57.0,18.0,1,1,0.39239335025976846,0.8012529878443658,0
68,58.0,17.0,1,1,0.16028735354154425,0.8012529878443658,0
68,59.0,16.0,1,1,0.5243183008422376,0.8012529878443658,0
68,60.0,15.0,1,1,0.2501840116084216,0.8012529878443658,0
68,61.0,14.0,1,1,0.42774794829849094,0.8012529878443658,0
68,62.0,13.0,1,1,0.5883027200732172,0.8012529878443658,0
68,63.0,12.0,1,1,0.8594573068601281,0.8012529878443658,1
68,64.0,11.0,1,1,0.7903355224555629,0.8012529878443658,0
68,65.0,10.0,1,1,0.6317424305627711,0.8012529878443658,0
68,66.0,9.0,1,1,0.7886873714334353,0.8012529878443658,0
68,67.0,8.0,1,1,0.6342617959483872,0.8012529878443658,0
68,68.0,7.0,1,1,0.647702028764093,0.8012529878443658,0
68,69.0,6.0,1,1,0.7968954269621049,0.8012529878443658,0
68,70.0,5.0,1,1,0.8376020498727623,0.8012529878443658,1
68,71.0,4.0,1,1,0.8889457119353807,0.8012529878443658,1
68,72.0,3.0,1,1,0.8390623594361961,0.8012529878443658,1
68,73.0,2.0,1,1,0.7721060572530013,0.8012529878443658,0
68,74.0,1.0,1,1,0.8135937214259836,0.8012529878443658,1
68,75.0,0.0,1,1,0.8673611245428269,0.8012529878443658,1
69,1.0,70.0,3,0,0.0171436608262141,0.7899421635739077,0
69,2.0,69.0,3,0,0.018045228494324324,0.7899421635739077,0
69,3.0,68.0,3,0,0.01247261710807895,0.7899421635739077,0
69,4.0,67.0,3,0,0.03756862482539124,0.7899421635739077,0
69,5.0,66.0,3,0,0.01345982481023317,0.7899421635739077,0
69,6.0,65.0,3,0,0.028066168210116812,0.7899421635739077,0
69,7.0,64.0,3,0,0.01717615252603331,0.7899421635739077,0
69,8.0,63.0,3,0,0.011629287709451484,0.7899421635739077,0
69,9.0,62.0,3,0,0.013533928773777291,0.7899421635739077,0
69,10.0,61.0,3,0,0.008780137467042705,0.7899421635739077,0
69,11.0,60.0,3,0,0.015166984601311334,0.7899421635739077,0
69,12.0,59.0,3,0,0.014135305772473341,0.7899421635739077,0
69,13.0,58.0,3,0,0.007692138325382293,0.7899421635739077,0
69,14.0,57.0,3,0,0.0016978446551272753,0.7899421635739077,0
69,15.0,56.0,3,0,0.008208555567404609,0.7899421635739077,0
69,16.0,55.0,3,0,0.012179227711444574,0.7899421635739077,0
69,17.0,54.0,3,0,0.007309567166210938,0.7899421635739077,0
69,18.0,53.0,3,0,0.007309567166210938,0.7899421635739077,0
69,19.0,52.0,3,0,0.01228096461067144,0.7899421635739077,0
69,20.0,51.0,3,0,0.007579031892486683,0.7899421635739077,0
69,21.0,50.0,3,0,0.010143154148658148,0.7899421635739077,0
69,22.0,49.0,3,0,0.003641912283797707,0.7899421635739077,0
69,23.0,48.0,3,0,0.07133592274604597,0.7899421635739077,0
69,24.0,47.0,3,0,0.009886774747196441,0.7899421635739077,0
69,25.0,46.0,3,0,0.04999049505963297,0.7899421635739077,0
69,26.0,45.0,3,0,0.00986613713703225,0.7899421635739077,0
69,27.0,44.0,3,0,0.019229233168472342,0.7899421635739077,0
69,28.0,43.0,3,0,0.031536048528592854,0.7899421635739077,0
69,29.0,42.0,3,0,0.037779045825468066,0.7899421635739077,0
69,30.0,41.0,3,0,0.020355864122625113,0.7899421635739077,0
69,31.0,40.0,3,0,0.014578920784566882,0.7899421635739077,0
69,32.0,39.0,3,0,0.03156430726348001,0.7899421635739077,0
69,33.0,38.0,3,0,0.02937809685162453,0.7899421635739077,0
69,34.0,37.0,3,0,0.04204640963790894,0.7899421635739077,0
69,35.0,36.0,3,0,0.06669469533368039,0.7899421635739077,0
69,36.0,35.0,3,0,0.17281501982990477,0.7899421635739077,0
69,37.0,34.0,3,0,0.03744338302361052,0.7899421635739077,0
69,38.0,33.0,3,0,0.16456097586107835,0.7899421635739077,0
69,39.0,32.0,3,0,0.571989171807356,0.7899421635739077,0
69,40.0,31.0,3,0,0.5489974494835763,0.7899421635739077,0
69,41.0,30.0,3,0,0.44708679762792036,0.7899421635739077,0
69,42.0,29.0,3,0,0.511411231876804,0.7899421635739077,0
69,43.0,28.0,3,0,0.32918411065777503,0.7899421635739077,0
69,44.0,27.0,3,0,0.6166743919363632,0.7899421635739077,0
69,45.0,26.0,3,0,0.5795499507232726,0.7899421635739077,0
69,46.0,25.0,3,0,0.20585628491462823,0.7899421635739077,0
69,47.0,24.0,3,0,0.46345900082138664,0.7899421635739077,0
69,48.0,23.0,3,0,0.7057027778212236,0.7899421635739077,0
69,49.0,22.0,3,0,0.7540682657750668,0.7899421635739077,0
69,50.0,21.0,3,0,0.6251957522097472,0.7899421635739077,0
69,51.0,20.0,3,1,0.5698524674067829,0.7899421635739077,0
69,52.0,19.0,3,1,0.7308642611939414,0.7899421635739077,0
69,53.0,18.0,3,1,0.6713404267510842,0.7899421635739077,0
69,54.0,17.0,3,1,0.6507387044063081,0.7899421635739077,0
69,55.0,16.0,3,1,0.504120212100917,0.7899421635739077,0
69,56.0,15.0,3,1,0.5246113157890221,0.7899421635739077,0
69,57.0,14.0,3,1,0.43526376176211545,0.7899421635739077,0
69,58.0,13.0,3,1,0.725916714114247,0.7899421635739077,0
69,59.0,12.0,3,1,0.7957931179811226,0.7899421635739077,1
69,60.0,11.0,3,1,0.7212121122844246,0.7899421635739077,0
69,61.0,10.0,3,1,0.5008757762816662,0.7899421635739077,0
69,62.0,9.0,3,1,0.7621281445707051,0.7899421635739077,0
69,63.0,8.0,3,1,0.7078783071985906,0.7899421635739077,0
69,64.0,7.0,3,1,0.8125823627446247,0.7899421635739077,1
69,65.0,6.0,3,1,0.7489758304505784,0.7899421635739077,0
69,66.0,5.0,3,1,0.7702405785863486,0.7899421635739077,0
69,67.0,4.0,3,1,0.735237237549918,0.7899421635739077,0
69,68.0,3.0,3,1,0.886385151820749,0.7899421635739077,1
69,69.0,2.0,3,1,0.9221532336192155,0.7899421635739077,1
69,70.0,1.0,3,1,0.7245786586035385,0.7899421635739077,0
69,71.0,0.0,3,1,0.8397673212902473,0.7899421635739077,1
70,1.0,55.0,1,0,0.0068964817991102895,0.8012529878443658,0
70,2.0,54.0,1,0,0.0826062764356885,0.8012529878443658,0
70,3.0,53.0,1,0,0.0009761802395840351,0.8012529878443658,0
70,4.0,52.0,1,0,0.04201133617333723,0.8012529878443658,0
70,5.0,51.0,1,0,0.03527968147697353,0.8012529878443658,0
70,6.0,50.0,1,0,0.03352749751090749,0.8012529878443658,0
70,7.0,49.0,1,0,0.041020226546521994,0.8012529878443658,0
70,8.0,48.0,1,0,0.006287499527140355,0.8012529878443658,0
70,9.0,47.0,1,0,0.015896246747988528,0.8012529878443658,0
70,10.0,46.0,1,0,0.012514980759228493,0.8012529878443658,0
70,11.0,45.0,1,0,0.009015734756114455,0.8012529878443658,0
70,12.0,44.0,1,0,0.017498780234976162,0.8012529878443658,0
70,13.0,43.0,1,0,0.004748081816818165,0.8012529878443658,0
70,14.0,42.0,1,0,0.016923532978262903,0.8012529878443658,0
70,15.0,41.0,1,0,0.028761394924527478,0.8012529878443658,0
70,16.0,40.0,1,0,0.0072181886679683165,0.8012529878443658,0
70,17.0,39.0,1,0,0.02104719733358359,0.8012529878443658,0
70,18.0,38.0,1,0,0.014887565600541951,0.8012529878443658,0
70,19.0,37.0,1,0,0.026057866488635742,0.8012529878443658,0
70,20.0,36.0,1,0,0.008582628324625205,0.8012529878443658,0
70,21.0,35.0,1,0,0.007299933444129687,0.8012529878443658,0
70,22.0,34.0,1,0,0.008062217773472397,0.8012529878443658,0
70,23.0,33.0,1,0,0.014887565600541951,0.8012529878443658,0
70,24.0,32.0,1,0,0.014246185704600447,0.8012529878443658,0
70,25.0,31.0,1,0,0.016030539956358617,0.8012529878443658,0
70,26.0,30.0,1,0,0.0017657884624466226,0.8012529878443658,0
70,27.0,29.0,1,0,0.008908519551152561,0.8012529878443658,0
70,28.0,28.0,1,0,0.006826432399225629,0.8012529878443658,0
70,29.0,27.0,1,0,0.01119119468866656,0.8012529878443658,0
70,30.0,26.0,1,0,0.031475626001986494,0.8012529878443658,0
70,31.0,25.0,1,0,0.0807481074165568,0.8012529878443658,0
70,32.0,24.0,1,0,0.05548373523409943,0.8012529878443658,0
70,33.0,23.0,1,0,0.05062403869290571,0.8012529878443658,0
70,34.0,22.0,1,0,0.13806754296767138,0.8012529878443658,0
70,35.0,21.0,1,0,0.2604885652961348,0.8012529878443658,0
70,36.0,20.0,1,1,0.43501178327728024,0.8012529878443658,0
70,37.0,19.0,1,1,0.0668743143040378,0.8012529878443658,0
70,38.0,18.0,1,1,0.0048268263193756815,0.8012529878443658,0
70,39.0,17.0,1,1,0.1276666238447798,0.8012529878443658,0
70,40.0,16.0,1,1,0.2769916380525748,0.8012529878443658,0
70,41.0,15.0,1,1,0.3266337516484563,0.8012529878443658,0
70,42.0,14.0,1,1,0.3006473767941963,0.8012529878443658,0
70,43.0,13.0,1,1,0.4321462840573425,0.8012529878443658,0
70,44.0,12.0,1,1,0.23652379135629015,0.8012529878443658,0
70,45.0,11.0,1,1,0.1530088213113405,0.8012529878443658,0
70,46.0,10.0,1,1,0.10098688182164314,0.8012529878443658,0
70,47.0,9.0,1,1,0.5043643840689238,0.8012529878443658,0
70,48.0,8.0,1,1,0.5499538812928392,0.8012529878443658,0
70,49.0,7.0,1,1,0.45952571999865166,0.8012529878443658,0
70,50.0,6.0,1,1,0.5516760482834177,0.8012529878443658,0
70,51.0,5.0,1,1,0.13424118023516518,0.8012529878443658,0
70,52.0,4.0,1,1,0.7323554724983327,0.8012529878443658,0
70,53.0,3.0,1,1,0.7887400212906335,0.8012529878443658,0
70,54.0,2.0,1,1,0.5001034027979424,0.8012529878443658,0
70,55.0,1.0,1,1,0.6950040657413458,0.8012529878443658,0
70,56.0,0.0,1,1,0.6781472443989845,0.8012529878443658,0
71,1.0,57.0,2,0,0.026801411461892695,0.7912127720003883,0
71,2.0,56.0,2,0,0.015980845549050767,0.7912127720003883,0
71,3.0,55.0,2,0,0.017599677330601908,0.7912127720003883,0
71,4.0,54.0,2,0,0.010648364070622971,0.7912127720003883,0
71,5.0,53.0,2,0,0.02313208427546212,0.7912127720003883,0
71,6.0,52.0,2,0,0.004689233809434148,0.7912127720003883,0
71,7.0,51.0,2,0,0.009708742336569081,0.7912127720003883,0
71,8.0,50.0,2,0,0.02709127095498138,0.7912127720003883,0
71,9.0,49.0,2,0,0.023795671773655706,0.7912127720003883,0
71,10.0,48.0,2,0,0.006827331061427552,0.7912127720003883,0
71,11.0,47.0,2,0,0.011358460026847475,0.7912127720003883,0
71,12.0,46.0,2,0,0.051967012728960496,0.7912127720003883,0
71,13.0,45.0,2,0,0.07916428063314979,0.7912127720003883,0
71,14.0,44.0,2,0,0.004630616111198176,0.7912127720003883,0
71,15.0,43.0,2,0,0.0037445395288593576,0.7912127720003883,0
71,16.0,42.0,2,0,0.008005639048537039,0.7912127720003883,0
71,17.0,41.0,2,0,0.008940283028985693,0.7912127720003883,0
71,18.0,40.0,2,0,0.006737212726609408,0.7912127720003883,0
71,19.0,39.0,2,0,0.0795946029026526,0.7912127720003883,0
71,20.0,38.0,2,0,0.008664511228638845,0.7912127720003883,0
71,21.0,37.0,2,0,0.02025702818342044,0.7912127720003883,0
71,22.0,36.0,2,0,0.006575384827503046,0.7912127720003883,0
71,23.0,35.0,2,0,0.016027094526347214,0.7912127720003883,0
71,24.0,34.0,2,0,0.013046202394162255,0.7912127720003883,0
71,25.0,33.0,2,0,0.006912928941098411,0.7912127720003883,0
71,26.0,32.0,2,0,0.010443662552157775,0.7912127720003883,0
71,27.0,31.0,2,0,0.04032508674433195,0.7912127720003883,0
71,28.0,30.0,2,0,0.03426249325580338,0.7912127720003883,0
71,29.0,29.0,2,0,0.019341097828716312,0.7912127720003883,0
71,30.0,28.0,2,0,0.015930987131456475,0.7912127720003883,0
71,31.0,27.0,2,0,0.12980861403252836,0.7912127720003883,0
71,32.0,26.0,2,0,0.5080269776143768,0.7912127720003883,0
71,33.0,25.0,2,0,0.17727190501513343,0.7912127720003883,0
71,34.0,24.0,2,0,0.20581456027498585,0.7912127720003883,0
71,35.0,23.0,2,0,0.2446536704979623,0.7912127720003883,0
71,36.0,22.0,2,0,0.1879589758917031,0.7912127720003883,0
71,37.0,21.0,2,0,0.22278903283873094,0.7912127720003883,0
71,38.0,20.0,2,1,0.28233172380211813,0.7912127720003883,0
71,39.0,19.0,2,1,0.30004691816622947,0.7912127720003883,0
71,40.0,18.0,2,1,0.5685057415995014,0.7912127720003883,0
71,41.0,17.0,2,1,0.3184625465323857,0.7912127720003883,0
71,42.0,16.0,2,1,0.4099280089278153,0.7912127720003883,0
71,43.0,15.0,2,1,0.4296100666004666,0.7912127720003883,0
71,44.0,14.0,2,1,0.5967046224714534,0.7912127720003883,0
71,45.0,13.0,2,1,0.452866361940047,0.7912127720003883,0
71,46.0,12.0,2,1,0.5318981103660321,0.7912127720003883,0
71,47.0,11.0,2,1,0.6112082789820671,0.7912127720003883,0
71,48.0,10.0,2,1,0.6611621084694076,0.7912127720003883,0
71,49.0,9.0,2,1,0.616952088064618,0.7912127720003883,0
71,50.0,8.0,2,1,0.7094550473673518,0.7912127720003883,0
71,51.0,7.0,2,1,0.6561168345960336,0.7912127720003883,0
71,52.0,6.0,2,1,0.5113205781658733,0.7912127720003883,0
71,53.0,5.0,2,1,0.7284937155166589,0.7912127720003883,0
71,54.0,4.0,2,1,0.7515605830346856,0.7912127720003883,0
71,55.0,3.0,2,1,0.6084841144982108,0.7912127720003883,0
71,56.0,2.0,2,1,0.626582122081976,0.7912127720003883,0
71,57.0,1.0,2,1,0.7124379789659816,0.7912127720003883,0
71,58.0,0.0,2,1,0.7431179165554027,0.7912127720003883,0
72,1.0,67.0,2,0,0.010664434162601771,0.7912127720003883,0
72,2.0,66.0,2,0,0.012721214691149505,0.7912127720003883,0
72,3.0,65.0,2,0,0.015239776169959559,0.7912127720003883,0
72,4.0,64.0,2,0,0.0014838281586813703,0.7912127720003883,0
72,5.0,63.0,2,0,0.00299964324002919,0.7912127720003883,0
72,6.0,62.0,2,0,0.022860840273349923,0.7912127720003883,0
72,7.0,61.0,2,0,0.010302115326041729,0.7912127720003883,0
72,8.0,60.0,2,0,0.0069384854707038755,0.7912127720003883,0
72,9.0,59.0,2,0,0.014777662218267405,0.7912127720003883,0
72,10.0,58.0,2,0,0.01571052091212799,0.7912127720003883,0
72,11.0,57.0,2,0,0.023127286792648864,0.7912127720003883,0
72,12.0,56.0,2,0,0.018857242786408962,0.7912127720003883,0
72,13.0,55.0,2,0,0.005577438254146264,0.7912127720003883,0
72,14.0,54.0,2,0,0.03005626348525532,0.7912127720003883,0
72,15.0,53.0,2,0,0.023109535892803002,0.7912127720003883,0
72,16.0,52.0,2,0,0.014649342067594816,0.7912127720003883,0
72,17.0,51.0,2,0,0.044616498226867585,0.7912127720003883,0
72,18.0,50.0,2,0,0.004020131768573079,0.7912127720003883,0
72,19.0,49.0,2,0,0.005745126526461574,0.7912127720003883,0
72,20.0,48.0,2,0,0.034195343173197626,0.7912127720003883,0
72,21.0,47.0,2,0,0.0072124856708171425,0.7912127720003883,0
72,22.0,46.0,2,0,0.006234249891352808,0.7912127720003883,0
72,23.0,45.0,2,0,0.013772289177634747,0.7912127720003883,0
72,24.0,44.0,2,0,0.041229647349327075,0.7912127720003883,0
72,25.0,43.0,2,0,0.04417594164778081,0.7912127720003883,0
72,26.0,42.0,2,0,0.013152825181102834,0.7912127720003883,0
72,27.0,41.0,2,0,0.010807565793502645,0.7912127720003883,0
72,28.0,40.0,2,0,0.011171461436214013,0.7912127720003883,0
72,29.0,39.0,2,0,0.02149842110996877,0.7912127720003883,0
72,30.0,38.0,2,0,0.04444898419426402,0.7912127720003883,0
72,31.0,37.0,2,0,0.04663019201810445,0.7912127720003883,0
72,32.0,36.0,2,0,0.14514270948637545,0.7912127720003883,0
72,33.0,35.0,2,0,0.06903613301900205,0.7912127720003883,0
72,34.0,34.0,2,0,0.06329363375764688,0.7912127720003883,0
72,35.0,33.0,2,0,0.10069396674086989,0.7912127720003883,0
72,36.0,32.0,2,0,0.18160484704483654,0.7912127720003883,0
72,37.0,31.0,2,0,0.04593589420382043,0.7912127720003883,0
72,38.0,30.0,2,0,0.27553584423594535,0.7912127720003883,0
72,39.0,29.0,2,0,0.3663570774688746,0.7912127720003883,0
72,40.0,28.0,2,0,0.19495499720195963,0.7912127720003883,0
72,41.0,27.0,2,0,0.5381612850213282,0.7912127720003883,0
72,42.0,26.0,2,0,0.6087710202689749,0.7912127720003883,0
72,43.0,25.0,2,0,0.7002132596012132,0.7912127720003883,0
72,44.0,24.0,2,0,0.6376222062503405,0.7912127720003883,0
72,45.0,23.0,2,0,0.789264079726185,0.7912127720003883,0
72,46.0,22.0,2,0,0.7251346521742856,0.7912127720003883,0
72,47.0,21.0,2,0,0.7503479854155173,0.7912127720003883,0
72,48.0,20.0,2,1,0.7638314454373705,0.7912127720003883,0
72,49.0,19.0,2,1,0.7813431010044342,0.7912127720003883,0
72,50.0,18.0,2,1,0.6314590937839799,0.7912127720003883,0
72,51.0,17.0,2,1,0.7682980131719155,0.7912127720003883,0
72,52.0,16.0,2,1,0.5700600797305635,0.7912127720003883,0
72,53.0,15.0,2,1,0.4998158773159014,0.7912127720003883,0
72,54.0,14.0,2,1,0.7163619945072134,0.7912127720003883,0
72,55.0,13.0,2,1,0.484639437849452,0.7912127720003883,0
72,56.0,12.0,2,1,0.7766371249687732,0.7912127720003883,0
72,57.0,11.0,2,1,0.7570616031446015,0.7912127720003883,0
72,58.0,10.0,2,1,0.5887043869039933,0.7912127720003883,0
72,59.0,9.0,2,1,0.7354474852581362,0.7912127720003883,0
72,60.0,8.0,2,1,0.8459492648281209,0.7912127720003883,1
72,61.0,7.0,2,1,0.8261763121695754,0.7912127720003883,1
72,62.0,6.0,2,1,0.7401445553349518,0.7912127720003883,0
72,63.0,5.0,2,1,0.7187692371193858,0.7912127720003883,0
72,64.0,4.0,2,1,0.8731319990480526,0.7912127720003883,1
72,65.0,3.0,2,1,0.8887194584530528,0.7912127720003883,1
72,66.0,2.0,2,1,0.6972029611346573,0.7912127720003883,0
72,67.0,1.0,2,1,0.8962966651509628,0.7912127720003883,1
72,68.0,0.0,2,1,0.7280257593904746,0.7912127720003883,0
73,1.0,64.0,2,0,0.04020859523190413,0.7912127720003883,0
73,2.0,63.0,2,0,0.019451629598867346,0.7912127720003883,0
73,3.0,62.0,2,0,0.008583621056156931,0.7912127720003883,0
73,4.0,61.0,2,0,0.05684527757696565,0.7912127720003883,0
73,5.0,60.0,2,0,0.05022002641306915,0.7912127720003883,0
73,6.0,59.0,2,0,0.023207905059200815,0.7912127720003883,0
73,7.0,58.0,2,0,0.026529987429105045,0.7912127720003883,0
73,8.0,57.0,2,0,0.002491436297865041,0.7912127720003883,0
73,9.0,56.0,2,0,0.02242001199436714,0.7912127720003883,0
73,10.0,55.0,2,0,0.01657655999131204,0.7912127720003883,0
73,11.0,54.0,2,0,0.028227812910248794,0.7912127720003883,0
73,12.0,53.0,2,0,0.00853954316681528,0.7912127720003883,0
73,13.0,52.0,2,0,0.02575035836331259,0.7912127720003883,0
73,14.0,51.0,2,0,0.06819707221352772,0.7912127720003883,0
73,15.0,50.0,2,0,0.0014859563005306022,0.7912127720003883,0
73,16.0,49.0,2,0,0.021753969464397355,0.7912127720003883,0
73,17.0,48.0,2,0,0.003696250648824277,0.7912127720003883,0
73,18.0,47.0,2,0,0.006271458572544675,0.7912127720003883,0
73,19.0,46.0,2,0,0.006616030504151667,0.7912127720003883,0
73,20.0,45.0,2,0,0.0022925116814116104,0.7912127720003883,0
73,21.0,44.0,2,0,0.014298202144837072,0.7912127720003883,0
73,22.0,43.0,2,0,0.02550154794359236,0.7912127720003883,0
73,23.0,42.0,2,0,0.004024368699221911,0.7912127720003883,0
73,24.0,41.0,2,0,0.01640502741376348,0.7912127720003883,0
73,25.0,40.0,2,0,0.00853651881350853,0.7912127720003883,0
73,26.0,39.0,2,0,0.008551966424918666,0.7912127720003883,0
73,27.0,38.0,2,0,0.07218534424357584,0.7912127720003883,0
73,28.0,37.0,2,0,0.022280480203160216,0.7912127720003883,0
73,29.0,36.0,2,0,0.015574276960439018,0.7912127720003883,0
73,30.0,35.0,2,0,0.009434789870960806,0.7912127720003883,0
73,31.0,34.0,2,0,0.029026797321485193,0.7912127720003883,0
73,32.0,33.0,2,0,0.0785329166617309,0.7912127720003883,0
73,33.0,32.0,2,0,0.04671454328363283,0.7912127720003883,0
73,34.0,31.0,2,0,0.1214476850140996,0.7912127720003883,0
73,35.0,30.0,2,0,0.08273786962260223,0.7912127720003883,0
73,36.0,29.0,2,0,0.1162077921180487,0.7912127720003883,0
73,37.0,28.0,2,0,0.2747949183610195,0.7912127720003883,0
73,38.0,27.0,2,0,0.10378761505906262,0.7912127720003883,0
73,39.0,26.0,2,0,0.185716864191514,0.7912127720003883,0
73,40.0,25.0,2,0,0.40928644454149865,0.7912127720003883,0
73,41.0,24.0,2,0,0.38003397307204456,0.7912127720003883,0
73,42.0,23.0,2,0,0.3986444407666266,0.7912127720003883,0
73,43.0,22.0,2,0,0.3033937885566732,0.7912127720003883,0
73,44.0,21.0,2,0,0.24408776776498517,0.7912127720003883,0
73,45.0,20.0,2,1,0.18928629406023603,0.7912127720003883,0
73,46.0,19.0,2,1,0.7581300997079861,0.7912127720003883,0
73,47.0,18.0,2,1,0.5372223900080845,0.7912127720003883,0
73,48.0,17.0,2,1,0.6402637843816354,0.7912127720003883,0
73,49.0,16.0,2,1,0.6551415499110447,0.7912127720003883,0
73,50.0,15.0,2,1,0.33818240799453536,0.7912127720003883,0
73,51.0,14.0,2,1,0.606416331229218,0.7912127720003883,0
73,52.0,13.0,2,1,0.7313692958420023,0.7912127720003883,0
73,53.0,12.0,2,1,0.6551439387525085,0.7912127720003883,0
73,54.0,11.0,2,1,0.679839445685399,0.7912127720003883,0
73,55.0,10.0,2,1,0.7464969504169253,0.7912127720003883,0
73,56.0,9.0,2,1,0.6018903380551061,0.7912127720003883,0
73,57.0,8.0,2,1,0.8001167453441426,0.7912127720003883,1
73,58.0,7.0,2,1,0.8131491188604365,0.7912127720003883,1
73,59.0,6.0,2,1,0.8069796108140105,0.7912127720003883,1
73,60.0,5.0,2,1,0.8141731436621257,0.7912127720003883,1
73,61.0,4.0,2,1,0.835484890589195,0.7912127720003883,1
73,62.0,3.0,2,1,0.8116569875600252,0.7912127720003883,1
73,63.0,2.0,2,1,0.7126465064075367,0.7912127720003883,0
73,64.0,1.0,2,1,0.8316099901982591,0.7912127720003883,1
73,65.0,0.0,2,1,0.9243198194852698,0.7912127720003883,1
74,1.0,94.0,5,0,0.0051182101082833786,0.7886728961484951,0
74,2.0,93.0,5,0,0.015432536486472267,0.7886728961484951,0
74,3.0,92.0,5,0,0.0003335397959821965,0.7886728961484951,0
74,4.0,91.0,5,0,0.0031375195518302855,0.7886728961484951,0
74,5.0,90.0,5,0,0.0032054191315024046,0.7886728961484951,0
74,6.0,89.0,5,0,0.002533523030849605,0.7886728961484951,0
74,7.0,88.0,5,0,0.012252095785739226,0.7886728961484951,0
74,8.0,87.0,5,0,0.006114912306710871,0.7886728961484951,0
74,9.0,86.0,5,0,0.0003131114391947121,0.7886728961484951,0
74,10.0,85.0,5,0,0.013663017340224112,0.7886728961484951,0
74,11.0,84.0,5,0,0.0009533088171765998,0.7886728961484951,0
74,12.0,83.0,5,0,0.00024349043441865848,0.7886728961484951,0
74,13.0,82.0,5,0,0.000162368908081431,0.7886728961484951,0
74,14.0,81.0,5,0,0.009770764324342384,0.7886728961484951,0
74,15.0,80.0,5,0,0.0029182870868765605,0.7886728961484951,0
74,16.0,79.0,5,0,0.0002507978826816198,0.7886728961484951,0
74,17.0,78.0,5,0,0.0002507978826816198,0.7886728961484951,0
74,18.0,77.0,5,0,0.0006273484894844226,0.7886728961484951,0
74,19.0,76.0,5,0,0.0007374906717003553,0.7886728961484951,0
74,20.0,75.0,5,0,0.0019399770810599798,0.7886728961484951,0
74,21.0,74.0,5,0,0.00574220084085454,0.7886728961484951,0
74,22.0,73.0,5,0,0.009076558368068387,0.7886728961484951,0
74,23.0,72.0,5,0,0.00013147912344378852,0.7886728961484951,0
74,24.0,71.0,5,0,0.007493301712669977,0.7886728961484951,0
74,25.0,70.0,5,0,0.00024349043441865848,0.7886728961484951,0
74,26.0,69.0,5,0,0.004148668792649263,0.7886728961484951,0
74,27.0,68.0,5,0,0.015667176655766068,0.7886728961484951,0
74,28.0,67.0,5,0,0.009630481892400383,0.7886728961484951,0
74,29.0,66.0,5,0,0.007036112219190651,0.7886728961484951,0
74,30.0,65.0,5,0,0.0022175477266521727,0.7886728961484951,0
74,31.0,64.0,5,0,0.01435209534228943,0.7886728961484951,0
74,32.0,63.0,5,0,0.015130669774410499,0.7886728961484951,0
74,33.0,62.0,5,0,0.013415730254037951,0.7886728961484951,0
74,34.0,61.0,5,0,0.010710302352264306,0.7886728961484951,0
74,35.0,60.0,5,0,0.005494176742831725,0.7886728961484951,0
74,36.0,59.0,5,0,0.007493301712669977,0.7886728961484951,0
74,37.0,58.0,5,0,0.000162368908081431,0.7886728961484951,0
74,38.0,57.0,5,0,0.006743202792398272,0.7886728961484951,0
74,39.0,56.0,5,0,0.0073034683924291756,0.7886728961484951,0
74,40.0,55.0,5,0,0.02023269794957481,0.7886728961484951,0
74,41.0,54.0,5,0,0.02437897861633477,0.7886728961484951,0
74,42.0,53.0,5,0,0.05515212857604141,0.7886728961484951,0
74,43.0,52.0,5,0,0.05953744416290086,0.7886728961484951,0
74,44.0,51.0,5,0,0.03130222163438453,0.7886728961484951,0
74,45.0,50.0,5,0,0.04795440593152875,0.7886728961484951,0
74,46.0,49.0,5,0,0.03689127327770372,0.7886728961484951,0
74,47.0,48.0,5,0,0.060694680349621395,0.7886728961484951,0
74,48.0,47.0,5,0,0.0984776591705151,0.7886728961484951,0
74,49.0,46.0,5,0,0.08060118827845758,0.7886728961484951,0
74,50.0,45.0,5,0,0.15078471939260998,0.7886728961484951,0
74,51.0,44.0,5,0,0.08412425717540248,0.7886728961484951,0
74,52.0,43.0,5,0,0.12050754605880942,0.7886728961484951,0
74,53.0,42.0,5,0,0.2760507292623381,0.7886728961484951,0
74,54.0,41.0,5,0,0.2376290602290442,0.7886728961484951,0
74,55.0,40.0,5,0,0.17630205030031318,0.7886728961484951,0
74,56.0,39.0,5,0,0.18713779004943154,0.7886728961484951,0
74,57.0,38.0,5,0,0.48186997860518777,0.7886728961484951,0
74,58.0,37.0,5,0,0.1911388231227191,0.7886728961484951,0
74,59.0,36.0,5,0,0.3200786529610557,0.7886728961484951,0
74,60.0,35.0,5,0,0.48397425350053497,0.7886728961484951,0
74,61.0,34.0,5,0,0.4099509455240641,0.7886728961484951,0
74,62.0,33.0,5,0,0.3964365881992567,0.7886728961484951,0
74,63.0,32.0,5,0,0.3496650194420245,0.7886728961484951,0
74,64.0,31.0,5,0,0.7771784953942217,0.7886728961484951,0
74,65.0,30.0,5,0,0.8883701059057999,0.7886728961484951,1
74,66.0,29.0,5,0,0.8538078557652568,0.7886728961484951,1
74,67.0,28.0,5,0,0.8464997594842991,0.7886728961484951,1
74,68.0,27.0,5,0,0.8955612657731663,0.7886728961484951,1
74,69.0,26.0,5,0,0.8772446963027878,0.7886728961484951,1
74,70.0,25.0,5,0,0.9029376875763072,0.7886728961484951,1
74,71.0,24.0,5,0,0.8272621841057101,0.7886728961484951,1
74,72.0,23.0,5,0,0.84264312413357,0.7886728961484951,1
74,73.0,22.0,5,0,0.9302589412592304,0.7886728961484951,1
74,74.0,21.0,5,0,0.677094752113209,0.7886728961484951,0
74,75.0,20.0,5,1,0.9159653359619172,0.7886728961484951,1
74,76.0,19.0,5,1,0.8402072874396694,0.7886728961484951,1
74,77.0,18.0,5,1,0.8921680305553455,0.7886728961484951,1
74,78.0,17.0,5,1,0.9577536781369097,0.7886728961484951,1
74,79.0,16.0,5,1,0.8281126080032347,0.7886728961484951,1
74,80.0,15.0,5,1,0.9368728994399403,0.7886728961484951,1
74,81.0,14.0,5,1,0.9893766612321054,0.7886728961484951,1
74,82.0,13.0,5,1,0.9196971014126628,0.7886728961484951,1
74,83.0,12.0,5,1,0.9821558515535571,0.7886728961484951,1
74,84.0,11.0,5,1,0.9690737649445118,0.7886728961484951,1
74,85.0,10.0,5,1,0.9177458416267963,0.7886728961484951,1
74,86.0,9.0,5,1,0.9015661100692036,0.7886728961484951,1
74,87.0,8.0,5,1,0.9613245051795882,0.7886728961484951,1
74,88.0,7.0,5,1,0.9518599075839047,0.7886728961484951,1
74,89.0,6.0,5,1,0.9751506856668689,0.7886728961484951,1
74,90.0,5.0,5,1,0.9759086445011792,0.7886728961484951,1
74,91.0,4.0,5,1,0.9079273190894264,0.7886728961484951,1
74,92.0,3.0,5,1,0.9580285376488895,0.7886728961484951,1
74,93.0,2.0,5,1,0.9665738523264888,0.7886728961484951,1
74,94.0,1.0,5,1,0.9639867553153314,0.7886728961484951,1
74,95.0,0.0,5,1,0.9649532852441565,0.7886728961484951,1
75,1.0,77.0,4,0,0.012525416904327187,0.7767036600253301,0
75,2.0,76.0,4,0,0.010639506589295813,0.7767036600253301,0
75,3.0,75.0,4,0,0.019281376513242753,0.7767036600253301,0
75,4.0,74.0,4,0,0.003804105807029385,0.7767036600253301,0
75,5.0,73.0,4,0,0.007247140090223898,0.7767036600253301,0
75,6.0,72.0,4,0,0.007290983894886202,0.7767036600253301,0
75,7.0,71.0,4,0,0.006517893741134448,0.7767036600253301,0
75,8.0,70.0,4,0,0.014965115708545912,0.7767036600253301,0
75,9.0,69.0,4,0,0.013930866833794974,0.7767036600253301,0
75,10.0,68.0,4,0,0.010979992011317663,0.7767036600253301,0
75,11.0,67.0,4,0,0.012271630096583446,0.7767036600253301,0
75,12.0,66.0,4,0,0.015655049684119487,0.7767036600253301,0
75,13.0,65.0,4,0,0.005167151630530974,0.7767036600253301,0
75,14.0,64.0,4,0,0.00425664330075676,0.7767036600253301,0
75,15.0,63.0,4,0,0.004359232573100991,0.7767036600253301,0
75,16.0,62.0,4,0,0.010779671834561551,0.7767036600253301,0
75,17.0,61.0,4,0,0.007161615716280922,0.7767036600253301,0
75,18.0,60.0,4,0,0.006594398536850271,0.7767036600253301,0
75,19.0,59.0,4,0,0.014926050271775517,0.7767036600253301,0
75,20.0,58.0,4,0,0.03828546317492798,0.7767036600253301,0
75,21.0,57.0,4,0,0.008352137289685662,0.7767036600253301,0
75,22.0,56.0,4,0,0.0050618706980938314,0.7767036600253301,0
75,23.0,55.0,4,0,0.006594398536850271,0.7767036600253301,0
75,24.0,54.0,4,0,0.00417511020630486,0.7767036600253301,0
75,25.0,53.0,4,0,0.033966792157614945,0.7767036600253301,0
75,26.0,52.0,4,0,0.006470841700805491,0.7767036600253301,0
75,27.0,51.0,4,0,0.00785044719130487,0.7767036600253301,0
75,28.0,50.0,4,0,0.036128973697023635,0.7767036600253301,0
75,29.0,49.0,4,0,0.011991324642478833,0.7767036600253301,0
75,30.0,48.0,4,0,0.0049096596989444815,0.7767036600253301,0
75,31.0,47.0,4,0,0.013221164133802,0.7767036600253301,0
75,32.0,46.0,4,0,0.045831301548170396,0.7767036600253301,0
75,33.0,45.0,4,0,0.027179187897201203,0.7767036600253301,0
75,34.0,44.0,4,0,0.026645156634806055,0.7767036600253301,0
75,35.0,43.0,4,0,0.021157832951189778,0.7767036600253301,0
75,36.0,42.0,4,0,0.01280967407637228,0.7767036600253301,0
75,37.0,41.0,4,0,0.038953313702764655,0.7767036600253301,0
75,38.0,40.0,4,0,0.026030650049546845,0.7767036600253301,0
75,39.0,39.0,4,0,0.0046196999426911505,0.7767036600253301,0
75,40.0,38.0,4,0,0.06810620164681999,0.7767036600253301,0
75,41.0,37.0,4,0,0.01278689719354575,0.7767036600253301,0
75,42.0,36.0,4,0,0.09276874945261389,0.7767036600253301,0
75,43.0,35.0,4,0,0.033926003630196995,0.7767036600253301,0
75,44.0,34.0,4,0,0.05035678684770205,0.7767036600253301,0
75,45.0,33.0,4,0,0.14033928460592573,0.7767036600253301,0
75,46.0,32.0,4,0,0.07547897318127673,0.7767036600253301,0
75,47.0,31.0,4,0,0.1082567526605768,0.7767036600253301,0
75,48.0,30.0,4,0,0.11378714170970027,0.7767036600253301,0
75,49.0,29.0,4,0,0.17826065609855918,0.7767036600253301,0
75,50.0,28.0,4,0,0.1690404899855159,0.7767036600253301,0
75,51.0,27.0,4,0,0.15124211343581045,0.7767036600253301,0
75,52.0,26.0,4,0,0.33163212467628733,0.7767036600253301,0
75,53.0,25.0,4,0,0.041412921623835676,0.7767036600253301,0
75,54.0,24.0,4,0,0.3090535602793109,0.7767036600253301,0
75,55.0,23.0,4,0,0.3256921157203205,0.7767036600253301,0
75,56.0,22.0,4,0,0.2961514784671424,0.7767036600253301,0
75,57.0,21.0,4,0,0.2941272376511296,0.7767036600253301,0
75,58.0,20.0,4,1,0.46716121104942493,0.7767036600253301,0
75,59.0,19.0,4,1,0.3598073592596352,0.7767036600253301,0
75,60.0,18.0,4,1,0.4853888617281732,0.7767036600253301,0
75,61.0,17.0,4,1,0.5444019685988024,0.7767036600253301,0
75,62.0,16.0,4,1,0.4579832299345479,0.7767036600253301,0
75,63.0,15.0,4,1,0.6000822484084304,0.7767036600253301,0
75,64.0,14.0,4,1,0.4818336546402373,0.7767036600253301,0
75,65.0,13.0,4,1,0.7192178825738395,0.7767036600253301,0
75,66.0,12.0,4,1,0.7657667032532014,0.7767036600253301,0
75,67.0,11.0,4,1,0.6630463838683407,0.7767036600253301,0
75,68.0,10.0,4,1,0.586395691658541,0.7767036600253301,0
75,69.0,9.0,4,1,0.766288735112151,0.7767036600253301,0
75,70.0,8.0,4,1,0.8091910535365393,0.7767036600253301,1
75,71.0,7.0,4,1,0.70643499473446,0.7767036600253301,0
75,72.0,6.0,4,1,0.7833353770608846,0.7767036600253301,1
75,73.0,5.0,4,1,0.8236682643001324,0.7767036600253301,1
75,74.0,4.0,4,1,0.8182848163217495,0.7767036600253301,1
75,75.0,3.0,4,1,0.9134541296601422,0.7767036600253301,1
75,76.0,2.0,4,1,0.8016644878371025,0.7767036600253301,1
75,77.0,1.0,4,1,0.9454483014880105,0.7767036600253301,1
75,78.0,0.0,4,1,0.8178796315520722,0.7767036600253301,1
76,1.0,59.0,4,0,0.0017194668112297665,0.7767036600253301,0
76,2.0,58.0,4,0,0.005908182044012458,0.7767036600253301,0
76,3.0,57.0,4,0,0.023344926407096272,0.7767036600253301,0
76,4.0,56.0,4,0,0.009259210715469654,0.7767036600253301,0
76,5.0,55.0,4,0,0.011810076269915131,0.7767036600253301,0
76,6.0,54.0,4,0,0.01321790186606281,0.7767036600253301,0
76,7.0,53.0,4,0,0.025598048151389264,0.7767036600253301,0
76,8.0,52.0,4,0,0.03499023906372273,0.7767036600253301,0
76,9.0,51.0,4,0,0.013614072376417105,0.7767036600253301,0
76,10.0,50.0,4,0,0.008988720201880147,0.7767036600253301,0
76,11.0,49.0,4,0,0.026379547297429577,0.7767036600253301,0
76,12.0,48.0,4,0,0.009038712412506594,0.7767036600253301,0
76,13.0,47.0,4,0,0.022273328140645234,0.7767036600253301,0
76,14.0,46.0,4,0,0.013994911553398945,0.7767036600253301,0
76,15.0,45.0,4,0,0.021947481939233036,0.7767036600253301,0
76,16.0,44.0,4,0,0.03021332634499051,0.7767036600253301,0
76,17.0,43.0,4,0,0.0069318386300328185,0.7767036600253301,0
76,18.0,42.0,4,0,0.008936128638213072,0.7767036600253301,0
76,19.0,41.0,4,0,0.027335643664902275,0.7767036600253301,0
76,20.0,40.0,4,0,0.017749426080753517,0.7767036600253301,0
76,21.0,39.0,4,0,0.005523687500121918,0.7767036600253301,0
76,22.0,38.0,4,0,0.020469329902642032,0.7767036600253301,0
76,23.0,37.0,4,0,0.014350851563465074,0.7767036600253301,0
76,24.0,36.0,4,0,0.004971017785376624,0.7767036600253301,0
76,25.0,35.0,4,0,0.0063636184718398854,0.7767036600253301,0
76,26.0,34.0,4,0,0.013881481866159047,0.7767036600253301,0
76,27.0,33.0,4,0,0.009825997134212216,0.7767036600253301,0
76,28.0,32.0,4,0,0.02363400990910781,0.7767036600253301,0
76,29.0,31.0,4,0,0.012332719393356478,0.7767036600253301,0
76,30.0,30.0,4,0,0.006820586099924476,0.7767036600253301,0
76,31.0,29.0,4,0,0.022996000790978535,0.7767036600253301,0
76,32.0,28.0,4,0,0.012090815161295966,0.7767036600253301,0
76,33.0,27.0,4,0,0.1046420155390146,0.7767036600253301,0
76,34.0,26.0,4,0,0.028438292112876427,0.7767036600253301,0
76,35.0,25.0,4,0,0.15703050636091148,0.7767036600253301,0
76,36.0,24.0,4,0,0.010860109873112771,0.7767036600253301,0
76,37.0,23.0,4,0,0.2272066425648806,0.7767036600253301,0
76,38.0,22.0,4,0,0.32120398525463545,0.7767036600253301,0
76,39.0,21.0,4,0,0.19818787915263894,0.7767036600253301,0
76,40.0,20.0,4,1,0.21171354138312296,0.7767036600253301,0
76,41.0,19.0,4,1,0.400402510600016,0.7767036600253301,0
76,42.0,18.0,4,1,0.4414684473624963,0.7767036600253301,0
76,43.0,17.0,4,1,0.4128865173854552,0.7767036600253301,0
76,44.0,16.0,4,1,0.5432866738625417,0.7767036600253301,0
76,45.0,15.0,4,1,0.5960729704691481,0.7767036600253301,0
76,46.0,14.0,4,1,0.5370586915178628,0.7767036600253301,0
76,47.0,13.0,4,1,0.5162103923339687,0.7767036600253301,0
76,48.0,12.0,4,1,0.2779088938251148,0.7767036600253301,0
76,49.0,11.0,4,1,0.6517889857899198,0.7767036600253301,0
76,50.0,10.0,4,1,0.28299866956996733,0.7767036600253301,0
76,51.0,9.0,4,1,0.46181648123818264,0.7767036600253301,0
76,52.0,8.0,4,1,0.6310448687510444,0.7767036600253301,0
76,53.0,7.0,4,1,0.6543969014137717,0.7767036600253301,0
76,54.0,6.0,4,1,0.3829978898100685,0.7767036600253301,0
76,55.0,5.0,4,1,0.7099517334416586,0.7767036600253301,0
76,56.0,4.0,4,1,0.7743316025805286,0.7767036600253301,0
76,57.0,3.0,4,1,0.5563368446861634,0.7767036600253301,0
76,58.0,2.0,4,1,0.7076730996516282,0.7767036600253301,0
76,59.0,1.0,4,1,0.793932084183545,0.7767036600253301,1
76,60.0,0.0,4,1,0.8682012666449559,0.7767036600253301,1
77,1.0,57.0,4,0,0.014050006514514624,0.7767036600253301,0
77,2.0,56.0,4,0,0.005903206662928467,0.7767036600253301,0
77,3.0,55.0,4,0,0.166306781155005,0.7767036600253301,0
77,4.0,54.0,4,0,0.005753497836747534,0.7767036600253301,0
77,5.0,53.0,4,0,0.013424905836932132,0.7767036600253301,0
77,6.0,52.0,4,0,0.023092098298483108,0.7767036600253301,0
77,7.0,51.0,4,0,0.01123027532665324,0.7767036600253301,0
77,8.0,50.0,4,0,0.04536364616464362,0.7767036600253301,0
77,9.0,49.0,4,0,0.007288398151010116,0.7767036600253301,0
77,10.0,48.0,4,0,0.0152235232192053,0.7767036600253301,0
77,11.0,47.0,4,0,0.011258714289098823,0.7767036600253301,0
77,12.0,46.0,4,0,0.02095289547849178,0.7767036600253301,0
77,13.0,45.0,4,0,0.008709658079583895,0.7767036600253301,0
77,14.0,44.0,4,0,0.022272756992501207,0.7767036600253301,0
77,15.0,43.0,4,0,0.011430889772291666,0.7767036600253301,0
77,16.0,42.0,4,0,0.026517851080650873,0.7767036600253301,0
77,17.0,41.0,4,0,0.008018806885937266,0.7767036600253301,0
77,18.0,40.0,4,0,0.01985692407943713,0.7767036600253301,0
77,19.0,39.0,4,0,0.06489883342967638,0.7767036600253301,0
77,20.0,38.0,4,0,0.04591601811769829,0.7767036600253301,0
77,21.0,37.0,4,0,0.007014135507954486,0.7767036600253301,0
77,22.0,36.0,4,0,0.012362843527913862,0.7767036600253301,0
77,23.0,35.0,4,0,0.01108192180162889,0.7767036600253301,0
77,24.0,34.0,4,0,0.009359666734890625,0.7767036600253301,0
77,25.0,33.0,4,0,0.026266960606656287,0.7767036600253301,0
77,26.0,32.0,4,0,0.012895377849468564,0.7767036600253301,0
77,27.0,31.0,4,0,0.009589162843590692,0.7767036600253301,0
77,28.0,30.0,4,0,0.032789638720619935,0.7767036600253301,0
77,29.0,29.0,4,0,0.020609384136556757,0.7767036600253301,0
77,30.0,28.0,4,0,0.06036900524739833,0.7767036600253301,0
77,31.0,27.0,4,0,0.08712021922718093,0.7767036600253301,0
77,32.0,26.0,4,0,0.07661579802710204,0.7767036600253301,0
77,33.0,25.0,4,0,0.38979309902743825,0.7767036600253301,0
77,34.0,24.0,4,0,0.1318321415628489,0.7767036600253301,0
77,35.0,23.0,4,0,0.32102332587563104,0.7767036600253301,0
77,36.0,22.0,4,0,0.39814331703476846,0.7767036600253301,0
77,37.0,21.0,4,0,0.18417130030723947,0.7767036600253301,0
77,38.0,20.0,4,1,0.2215828873089712,0.7767036600253301,0
77,39.0,19.0,4,1,0.21407003351149842,0.7767036600253301,0
77,40.0,18.0,4,1,0.43537828524705924,0.7767036600253301,0
77,41.0,17.0,4,1,0.19438561165590423,0.7767036600253301,0
77,42.0,16.0,4,1,0.5180453147279339,0.7767036600253301,0
77,43.0,15.0,4,1,0.743408302303218,0.7767036600253301,0
77,44.0,14.0,4,1,0.47851283599229133,0.7767036600253301,0
77,45.0,13.0,4,1,0.591068327912313,0.7767036600253301,0
77,46.0,12.0,4,1,0.660158481762459,0.7767036600253301,0
77,47.0,11.0,4,1,0.54024887773655,0.7767036600253301,0
77,48.0,10.0,4,1,0.6214683399272536,0.7767036600253301,0
77,49.0,9.0,4,1,0.7319705241521225,0.7767036600253301,0
77,50.0,8.0,4,1,0.41543376983466584,0.7767036600253301,0
77,51.0,7.0,4,1,0.8226845272570011,0.7767036600253301,1
77,52.0,6.0,4,1,0.718936775087311,0.7767036600253301,0
77,53.0,5.0,4,1,0.8468995977392598,0.7767036600253301,1
77,54.0,4.0,4,1,0.7917107222685932,0.7767036600253301,1
77,55.0,3.0,4,1,0.502332672653935,0.7767036600253301,0
77,56.0,2.0,4,1,0.5427572640739403,0.7767036600253301,0
77,57.0,1.0,4,1,0.7549539545738579,0.7767036600253301,0
77,58.0,0.0,4,1,0.8227577285181212,0.7767036600253301,1
78,1.0,55.0,2,0,0.05309653341783626,0.7912127720003883,0
78,2.0,54.0,2,0,0.026342883419492927,0.7912127720003883,0
78,3.0,53.0,2,0,0.002868094061992119,0.7912127720003883,0
78,4.0,52.0,2,0,0.006975027865810911,0.7912127720003883,0
78,5.0,51.0,2,0,0.01375509746337387,0.7912127720003883,0
78,6.0,50.0,2,0,0.0018633352302047262,0.7912127720003883,0
78,7.0,49.0,2,0,0.01943536810601077,0.7912127720003883,0
78,8.0,48.0,2,0,0.004635230094970785,0.7912127720003883,0
78,9.0,47.0,2,0,0.011584502826939602,0.7912127720003883,0
78,10.0,46.0,2,0,0.014860387054838423,0.7912127720003883,0
78,11.0,45.0,2,0,0.013918850128312853,0.7912127720003883,0
78,12.0,44.0,2,0,0.0544414738643933,0.7912127720003883,0
78,13.0,43.0,2,0,0.022145861249344503,0.7912127720003883,0
78,14.0,42.0,2,0,0.012744290060115949,0.7912127720003883,0
78,15.0,41.0,2,0,0.007828409954582366,0.7912127720003883,0
78,16.0,40.0,2,0,0.005898486369545527,0.7912127720003883,0
78,17.0,39.0,2,0,0.015293592881956246,0.7912127720003883,0
78,18.0,38.0,2,0,0.008993764252998512,0.7912127720003883,0
78,19.0,37.0,2,0,0.011358460026847475,0.7912127720003883,0
78,20.0,36.0,2,0,0.011667806940840022,0.7912127720003883,0
78,21.0,35.0,2,0,0.008542391332129605,0.7912127720003883,0
78,22.0,34.0,2,0,0.012414967411859632,0.7912127720003883,0
78,23.0,33.0,2,0,0.015147812395732317,0.7912127720003883,0
78,24.0,32.0,2,0,0.015368516601781913,0.7912127720003883,0
78,25.0,31.0,2,0,0.025736802314205887,0.7912127720003883,0
78,26.0,30.0,2,0,0.009621755846279736,0.7912127720003883,0
78,27.0,29.0,2,0,0.02058032195160556,0.7912127720003883,0
78,28.0,28.0,2,0,0.022481249731590183,0.7912127720003883,0
78,29.0,27.0,2,0,0.10685702027576385,0.7912127720003883,0
78,30.0,26.0,2,0,0.09767711469131493,0.7912127720003883,0
78,31.0,25.0,2,0,0.05857208687708045,0.7912127720003883,0
78,32.0,24.0,2,0,0.18814013129253493,0.7912127720003883,0
78,33.0,23.0,2,0,0.24486073699415647,0.7912127720003883,0
78,34.0,22.0,2,0,0.3276682879939655,0.7912127720003883,0
78,35.0,21.0,2,0,0.29685811553784075,0.7912127720003883,0
78,36.0,20.0,2,1,0.2643294567787977,0.7912127720003883,0
78,37.0,19.0,2,1,0.36276117796777707,0.7912127720003883,0
78,38.0,18.0,2,1,0.5654356755847837,0.7912127720003883,0
78,39.0,17.0,2,1,0.19370386994724204,0.7912127720003883,0
78,40.0,16.0,2,1,0.5104283507314616,0.7912127720003883,0
78,41.0,15.0,2,1,0.2546864955810582,0.7912127720003883,0
78,42.0,14.0,2,1,0.4735503379305909,0.7912127720003883,0
78,43.0,13.0,2,1,0.5867242593346432,0.7912127720003883,0
78,44.0,12.0,2,1,0.3759601576061673,0.7912127720003883,0
78,45.0,11.0,2,1,0.41707867237434415,0.7912127720003883,0
78,46.0,10.0,2,1,0.6604548703624231,0.7912127720003883,0
78,47.0,9.0,2,1,0.600329757389828,0.7912127720003883,0
78,48.0,8.0,2,1,0.6706427945459429,0.7912127720003883,0
78,49.0,7.0,2,1,0.629898730652035,0.7912127720003883,0
78,50.0,6.0,2,1,0.6264326828446084,0.7912127720003883,0
78,51.0,5.0,2,1,0.7436541953618262,0.7912127720003883,0
78,52.0,4.0,2,1,0.6572132030330098,0.7912127720003883,0
78,53.0,3.0,2,1,0.7390898387007822,0.7912127720003883,0
78,54.0,2.0,2,1,0.7452053235878243,0.7912127720003883,0
78,55.0,1.0,2,1,0.5684878540058289,0.7912127720003883,0
78,56.0,0.0,2,1,0.7737639065535563,0.7912127720003883,0
79,1.0,58.0,3,0,0.006865531090254587,0.7899421635739077,0
79,2.0,57.0,3,0,0.01410993888927138,0.7899421635739077,0
79,3.0,56.0,3,0,0.036587552772434334,0.7899421635739077,0
79,4.0,55.0,3,0,0.0033610671502319485,0.7899421635739077,0
79,5.0,54.0,3,0,0.010611050568667112,0.7899421635739077,0
79,6.0,53.0,3,0,0.006124807652979337,0.7899421635739077,0
79,7.0,52.0,3,0,0.04401324583634056,0.7899421635739077,0
79,8.0,51.0,3,0,0.043491589529902085,0.7899421635739077,0
79,9.0,50.0,3,0,0.010330344116593924,0.7899421635739077,0
79,10.0,49.0,3,0,0.023280851300785492,0.7899421635739077,0
79,11.0,48.0,3,0,0.006235341225761633,0.7899421635739077,0
79,12.0,47.0,3,0,0.007334487124290133,0.7899421635739077,0
79,13.0,46.0,3,0,0.010507308412252255,0.7899421635739077,0
79,14.0,45.0,3,0,0.031106904070215137,0.7899421635739077,0
79,15.0,44.0,3,0,0.054346113154890165,0.7899421635739077,0
79,16.0,43.0,3,0,0.008192788169153501,0.7899421635739077,0
79,17.0,42.0,3,0,0.03968488306145283,0.7899421635739077,0
79,18.0,41.0,3,0,0.010161020080996746,0.7899421635739077,0
79,19.0,40.0,3,0,0.04276452031861351,0.7899421635739077,0
79,20.0,39.0,3,0,0.0029825283671455604,0.7899421635739077,0
79,21.0,38.0,3,0,0.00543590454023058,0.7899421635739077,0
79,22.0,37.0,3,0,0.025684686752944864,0.7899421635739077,0
79,23.0,36.0,3,0,0.010031336569470702,0.7899421635739077,0
79,24.0,35.0,3,0,0.020650650071916278,0.7899421635739077,0
79,25.0,34.0,3,0,0.026541017761746565,0.7899421635739077,0
79,26.0,33.0,3,0,0.009909031982844773,0.7899421635739077,0
79,27.0,32.0,3,0,0.006964077155309738,0.7899421635739077,0
79,28.0,31.0,3,0,0.02210858120700172,0.7899421635739077,0
79,29.0,30.0,3,0,0.008429793494964791,0.7899421635739077,0
79,30.0,29.0,3,0,0.08744806309912713,0.7899421635739077,0
79,31.0,28.0,3,0,0.029949473357142674,0.7899421635739077,0
79,32.0,27.0,3,0,0.10639469198659388,0.7899421635739077,0
79,33.0,26.0,3,0,0.1991180027149374,0.7899421635739077,0
79,34.0,25.0,3,0,0.19993439781481606,0.7899421635739077,0
79,35.0,24.0,3,0,0.21678289850129165,0.7899421635739077,0
79,36.0,23.0,3,0,0.17071828185786814,0.7899421635739077,0
79,37.0,22.0,3,0,0.32644850125646413,0.7899421635739077,0
79,38.0,21.0,3,0,0.12224116377124798,0.7899421635739077,0
79,39.0,20.0,3,1,0.27052339463477476,0.7899421635739077,0
79,40.0,19.0,3,1,0.25680763389204814,0.7899421635739077,0
79,41.0,18.0,3,1,0.28474971819172573,0.7899421635739077,0
79,42.0,17.0,3,1,0.3415685981916944,0.7899421635739077,0
79,43.0,16.0,3,1,0.2952462958477589,0.7899421635739077,0
79,44.0,15.0,3,1,0.4721002643532663,0.7899421635739077,0
79,45.0,14.0,3,1,0.6969668855250941,0.7899421635739077,0
79,46.0,13.0,3,1,0.4420075272714441,0.7899421635739077,0
79,47.0,12.0,3,1,0.5826801652486944,0.7899421635739077,0
79,48.0,11.0,3,1,0.6386500295237906,0.7899421635739077,0
79,49.0,10.0,3,1,0.5631811239814782,0.7899421635739077,0
79,50.0,9.0,3,1,0.6701623856247503,0.7899421635739077,0
79,51.0,8.0,3,1,0.4519163245788167,0.7899421635739077,0
79,52.0,7.0,3,1,0.7178949692994598,0.7899421635739077,0
79,53.0,6.0,3,1,0.34115273157558607,0.7899421635739077,0
79,54.0,5.0,3,1,0.3272142922653068,0.7899421635739077,0
79,55.0,4.0,3,1,0.8636624592849668,0.7899421635739077,1
79,56.0,3.0,3,1,0.8665483089262292,0.7899421635739077,1
79,57.0,2.0,3,1,0.8200172234657435,0.7899421635739077,1
79,58.0,1.0,3,1,0.8285384210429765,0.7899421635739077,1
79,59.0,0.0,3,1,0.7974356294808523,0.7899421635739077,1
80,1.0,71.0,5,0,0.0003131114391947121,0.7886728961484951,0
80,2.0,70.0,5,0,0.0143111895643613,0.7886728961484951,0
80,3.0,69.0,5,0,0.015971634279970528,0.7886728961484951,0
80,4.0,68.0,5,0,0.0006090252965383628,0.7886728961484951,0
80,5.0,67.0,5,0,0.0007374906717003553,0.7886728961484951,0
80,6.0,66.0,5,0,0.0003131114391947121,0.7886728961484951,0
80,7.0,65.0,5,0,0.0006092940146668949,0.7886728961484951,0
80,8.0,64.0,5,0,0.0009533088171765998,0.7886728961484951,0
80,9.0,63.0,5,0,0.0036665389172738125,0.7886728961484951,0
80,10.0,62.0,5,0,0.0009533088171765998,0.7886728961484951,0
80,11.0,61.0,5,0,0.0008724593108664304,0.7886728961484951,0
80,12.0,60.0,5,0,0.0022175477266521727,0.7886728961484951,0
80,13.0,59.0,5,0,0.00035616158803831175,0.7886728961484951,0
80,14.0,58.0,5,0,0.0023496516958339537,0.7886728961484951,0
80,15.0,57.0,5,0,0.0037127989934062963,0.7886728961484951,0
80,16.0,56.0,5,0,0.0002507978826816198,0.7886728961484951,0
80,17.0,55.0,5,0,0.006114912306710871,0.7886728961484951,0
80,18.0,54.0,5,0,0.0033621614053027608,0.7886728961484951,0
80,19.0,53.0,5,0,0.01499416850070993,0.7886728961484951,0
80,20.0,52.0,5,0,0.004088428974600189,0.7886728961484951,0
80,21.0,51.0,5,0,0.005308416057940128,0.7886728961484951,0
80,22.0,50.0,5,0,0.005897850845181718,0.7886728961484951,0
80,23.0,49.0,5,0,0.016756810524602855,0.7886728961484951,0
80,24.0,48.0,5,0,0.0033148491828384435,0.7886728961484951,0
80,25.0,47.0,5,0,0.0002507978826816198,0.7886728961484951,0
80,26.0,46.0,5,0,0.0002507978826816198,0.7886728961484951,0
80,27.0,45.0,5,0,0.006114912306710871,0.7886728961484951,0
80,28.0,44.0,5,0,0.006416767998500572,0.7886728961484951,0
80,29.0,43.0,5,0,0.01918034539998974,0.7886728961484951,0
80,30.0,42.0,5,0,0.005627485564430063,0.7886728961484951,0
80,31.0,41.0,5,0,0.003569730564353242,0.7886728961484951,0
80,32.0,40.0,5,0,0.005627485564430063,0.7886728961484951,0
80,33.0,39.0,5,0,0.0043220687576891485,0.7886728961484951,0
80,34.0,38.0,5,0,0.002399639848907877,0.7886728961484951,0
80,35.0,37.0,5,0,0.0054704793724662595,0.7886728961484951,0
80,36.0,36.0,5,0,0.0032054191315024046,0.7886728961484951,0
80,37.0,35.0,5,0,0.02544387745152287,0.7886728961484951,0
80,38.0,34.0,5,0,0.010043777502677128,0.7886728961484951,0
80,39.0,33.0,5,0,0.01361263577461047,0.7886728961484951,0
80,40.0,32.0,5,0,0.00855933638451504,0.7886728961484951,0
80,41.0,31.0,5,0,0.03002774939147478,0.7886728961484951,0
80,42.0,30.0,5,0,0.006258676547874029,0.7886728961484951,0
80,43.0,29.0,5,0,0.010381185436316632,0.7886728961484951,0
80,44.0,28.0,5,0,0.017615069832423273,0.7886728961484951,0
80,45.0,27.0,5,0,0.056524319277386895,0.7886728961484951,0
80,46.0,26.0,5,0,0.056368027266560275,0.7886728961484951,0
80,47.0,25.0,5,0,0.021646273991121994,0.7886728961484951,0
80,48.0,24.0,5,0,0.050854703930232975,0.7886728961484951,0
80,49.0,23.0,5,0,0.21843969158960486,0.7886728961484951,0
80,50.0,22.0,5,0,0.0721090205665099,0.7886728961484951,0
80,51.0,21.0,5,0,0.1336743981689134,0.7886728961484951,0
80,52.0,20.0,5,1,0.25117646615420997,0.7886728961484951,0
80,53.0,19.0,5,1,0.2074445852087227,0.7886728961484951,0
80,54.0,18.0,5,1,0.16744406619713315,0.7886728961484951,0
80,55.0,17.0,5,1,0.31392817286824776,0.7886728961484951,0
80,56.0,16.0,5,1,0.18827311561572058,0.7886728961484951,0
80,57.0,15.0,5,1,0.12698369181052865,0.7886728961484951,0
80,58.0,14.0,5,1,0.22856651901227615,0.7886728961484951,0
80,59.0,13.0,5,1,0.31837820883165974,0.7886728961484951,0
80,60.0,12.0,5,1,0.2874405098757378,0.7886728961484951,0
80,61.0,11.0,5,1,0.26583216531387255,0.7886728961484951,0
80,62.0,10.0,5,1,0.6156006592925829,0.7886728961484951,0
80,63.0,9.0,5,1,0.22976270657167577,0.7886728961484951,0
80,64.0,8.0,5,1,0.44262207209034476,0.7886728961484951,0
80,65.0,7.0,5,1,0.6284914884127035,0.7886728961484951,0
80,66.0,6.0,5,1,0.6046194825944112,0.7886728961484951,0
80,67.0,5.0,5,1,0.5674051558263672,0.7886728961484951,0
80,68.0,4.0,5,1,0.4828461237477872,0.7886728961484951,0
80,69.0,3.0,5,1,0.46385587244880416,0.7886728961484951,0
80,70.0,2.0,5,1,0.5307931629976198,0.7886728961484951,0
80,71.0,1.0,5,1,0.6851459533076006,0.7886728961484951,0
80,72.0,0.0,5,1,0.47754566454810354,0.7886728961484951,0
81,1.0,52.0,5,0,0.017563108015498707,0.7886728961484951,0
81,2.0,51.0,5,0,0.03228501054306224,0.7886728961484951,0
81,3.0,50.0,5,0,0.09926018638707759,0.7886728961484951,0
81,4.0,49.0,5,0,0.00997751950640377,0.7886728961484951,0
81,5.0,48.0,5,0,0.006482375900518124,0.7886728961484951,0
81,6.0,47.0,5,0,0.004946105665530274,0.7886728961484951,0
81,7.0,46.0,5,0,0.008550247223483427,0.7886728961484951,0
81,8.0,45.0,5,0,0.012112570679801517,0.7886728961484951,0
81,9.0,44.0,5,0,0.01263207042003506,0.7886728961484951,0
81,10.0,43.0,5,0,0.0038533572342022275,0.7886728961484951,0
81,11.0,42.0,5,0,0.013938435768500691,0.7886728961484951,0
81,12.0,41.0,5,0,0.03199698280704357,0.7886728961484951,0
81,13.0,40.0,5,0,0.0756444371634354,0.7886728961484951,0
81,14.0,39.0,5,0,0.024836449506569325,0.7886728961484951,0
81,15.0,38.0,5,0,0.004121560254217001,0.7886728961484951,0
81,16.0,37.0,5,0,0.0029581133981667453,0.7886728961484951,0
81,17.0,36.0,5,0,0.011645571305415875,0.7886728961484951,0
81,18.0,35.0,5,0,0.0032655672002611233,0.7886728961484951,0
81,19.0,34.0,5,0,0.01220383654556356,0.7886728961484951,0
81,20.0,33.0,5,0,0.005191399690423033,0.7886728961484951,0
81,21.0,32.0,5,0,0.026419416788069024,0.7886728961484951,0
81,22.0,31.0,5,0,0.11714267146135403,0.7886728961484951,0
81,23.0,30.0,5,0,0.008024273842715698,0.7886728961484951,0
81,24.0,29.0,5,0,0.003973370858349038,0.7886728961484951,0
81,25.0,28.0,5,0,0.007797426275216345,0.7886728961484951,0
81,26.0,27.0,5,0,0.0044899704786814185,0.7886728961484951,0
81,27.0,26.0,5,0,0.008544657737921272,0.7886728961484951,0
81,28.0,25.0,5,0,0.02711665036895842,0.7886728961484951,0
81,29.0,24.0,5,0,0.01976900050744558,0.7886728961484951,0
81,30.0,23.0,5,0,0.0414815753329982,0.7886728961484951,0
81,31.0,22.0,5,0,0.1654354014066616,0.7886728961484951,0
81,32.0,21.0,5,0,0.0999651511639518,0.7886728961484951,0
81,33.0,20.0,5,1,0.24749231510289885,0.7886728961484951,0
81,34.0,19.0,5,1,0.13844578368515348,0.7886728961484951,0
81,35.0,18.0,5,1,0.09283629390712045,0.7886728961484951,0
81,36.0,17.0,5,1,0.1075326285845778,0.7886728961484951,0
81,37.0,16.0,5,1,0.14414509295380687,0.7886728961484951,0
81,38.0,15.0,5,1,0.4413529921705754,0.7886728961484951,0
81,39.0,14.0,5,1,0.3025715270004305,0.7886728961484951,0
81,40.0,13.0,5,1,0.3178339644483965,0.7886728961484951,0
81,41.0,12.0,5,1,0.2531520361003572,0.7886728961484951,0
81,42.0,11.0,5,1,0.43575275176399275,0.7886728961484951,0
81,43.0,10.0,5,1,0.4347875991410017,0.7886728961484951,0
81,44.0,9.0,5,1,0.5684788794580183,0.7886728961484951,0
81,45.0,8.0,5,1,0.4917115647369957,0.7886728961484951,0
81,46.0,7.0,5,1,0.42341918644957194,0.7886728961484951,0
81,47.0,6.0,5,1,0.5494971749889516,0.7886728961484951,0
81,48.0,5.0,5,1,0.5149510330246052,0.7886728961484951,0
81,49.0,4.0,5,1,0.7763495665739688,0.7886728961484951,0
81,50.0,3.0,5,1,0.5699843335225646,0.7886728961484951,0
81,51.0,2.0,5,1,0.6762499683366385,0.7886728961484951,0
81,52.0,1.0,5,1,0.7654493045233784,0.7886728961484951,0
81,53.0,0.0,5,1,0.9507888288601514,0.7886728961484951,1
82,1.0,51.0,3,0,0.009107547112393215,0.7899421635739077,0
82,2.0,50.0,3,0,0.006774988846750862,0.7899421635739077,0
82,3.0,49.0,3,0,0.013317615157568305,0.7899421635739077,0
82,4.0,48.0,3,0,0.08160875054500472,0.7899421635739077,0
82,5.0,47.0,3,0,0.016391032883147232,0.7899421635739077,0
82,6.0,46.0,3,0,0.010988471570074158,0.7899421635739077,0
82,7.0,45.0,3,0,0.009876801768332957,0.7899421635739077,0
82,8.0,44.0,3,0,0.12389108680309772,0.7899421635739077,0
82,9.0,43.0,3,0,0.002352555806739879,0.7899421635739077,0
82,10.0,42.0,3,0,0.005624260802362113,0.7899421635739077,0
82,11.0,41.0,3,0,0.007544748825256635,0.7899421635739077,0
82,12.0,40.0,3,0,0.006964077155309738,0.7899421635739077,0
82,13.0,39.0,3,0,0.006063290460393183,0.7899421635739077,0
82,14.0,38.0,3,0,0.009347246267474157,0.7899421635739077,0
82,15.0,37.0,3,0,0.008820675180396326,0.7899421635739077,0
82,16.0,36.0,3,0,0.06387016767288346,0.7899421635739077,0
82,17.0,35.0,3,0,0.015052594227399624,0.7899421635739077,0
82,18.0,34.0,3,0,0.01301822323246796,0.7899421635739077,0
82,19.0,33.0,3,0,0.014067179654447877,0.7899421635739077,0
82,20.0,32.0,3,0,0.07735563813379921,0.7899421635739077,0
82,21.0,31.0,3,0,0.019449288494655548,0.7899421635739077,0
82,22.0,30.0,3,0,0.07962069837476306,0.7899421635739077,0
82,23.0,29.0,3,0,0.04078514565150628,0.7899421635739077,0
82,24.0,28.0,3,0,0.05432776064967374,0.7899421635739077,0
82,25.0,27.0,3,0,0.013010702275413418,0.7899421635739077,0
82,26.0,26.0,3,0,0.0038768819563351443,0.7899421635739077,0
82,27.0,25.0,3,0,0.010611050568667112,0.7899421635739077,0
82,28.0,24.0,3,0,0.03326134659672516,0.7899421635739077,0
82,29.0,23.0,3,0,0.11506456547008358,0.7899421635739077,0
82,30.0,22.0,3,0,0.07126776753463343,0.7899421635739077,0
82,31.0,21.0,3,0,0.017853335547790353,0.7899421635739077,0
82,32.0,20.0,3,1,0.23297788524993168,0.7899421635739077,0
82,33.0,19.0,3,1,0.1839767107451415,0.7899421635739077,0
82,34.0,18.0,3,1,0.30940385194215797,0.7899421635739077,0
82,35.0,17.0,3,1,0.18200233675041894,0.7899421635739077,0
82,36.0,16.0,3,1,0.3100721780603825,0.7899421635739077,0
82,37.0,15.0,3,1,0.21087725776410077,0.7899421635739077,0
82,38.0,14.0,3,1,0.19658648229457903,0.7899421635739077,0
82,39.0,13.0,3,1,0.7331890849770365,0.7899421635739077,0
82,40.0,12.0,3,1,0.23193701977334458,0.7899421635739077,0
82,41.0,11.0,3,1,0.36195401245433095,0.7899421635739077,0
82,42.0,10.0,3,1,0.4876585038292372,0.7899421635739077,0
82,43.0,9.0,3,1,0.47004581563661274,0.7899421635739077,0
82,44.0,8.0,3,1,0.42832584267023377,0.7899421635739077,0
82,45.0,7.0,3,1,0.6704032061608586,0.7899421635739077,0
82,46.0,6.0,3,1,0.6328046038631131,0.7899421635739077,0
82,47.0,5.0,3,1,0.7397399134976259,0.7899421635739077,0
82,48.0,4.0,3,1,0.34627915711742563,0.7899421635739077,0
82,49.0,3.0,3,1,0.7264211318955246,0.7899421635739077,0
82,50.0,2.0,3,1,0.6875379947716488,0.7899421635739077,0
82,51.0,1.0,3,1,0.7856090984159451,0.7899421635739077,0
82,52.0,0.0,3,1,0.8940510204619905,0.7899421635739077,1
83,1.0,52.0,5,0,0.007313017614073819,0.7886728961484951,0
83,2.0,51.0,5,0,0.006697821011041953,0.7886728961484951,0
83,3.0,50.0,5,0,0.007997356090013922,0.7886728961484951,0
83,4.0,49.0,5,0,0.030665810741628295,0.7886728961484951,0
83,5.0,48.0,5,0,0.011292983120314735,0.7886728961484951,0
83,6.0,47.0,5,0,0.011785055519131296,0.7886728961484951,0
83,7.0,46.0,5,0,0.026781775458613176,0.7886728961484951,0
83,8.0,45.0,5,0,0.012558348201778393,0.7886728961484951,0
83,9.0,44.0,5,0,0.005053084637447205,0.7886728961484951,0
83,10.0,43.0,5,0,0.02418531941630417,0.7886728961484951,0
83,11.0,42.0,5,0,0.017311453947323082,0.7886728961484951,0
83,12.0,41.0,5,0,0.022716569416304167,0.7886728961484951,0
83,13.0,40.0,5,0,0.005984360554837417,0.7886728961484951,0
83,14.0,39.0,5,0,0.05999919014246935,0.7886728961484951,0
83,15.0,38.0,5,0,0.018195913935599887,0.7886728961484951,0
83,16.0,37.0,5,0,0.006521273213541557,0.7886728961484951,0
83,17.0,36.0,5,0,0.023608830879755505,0.7886728961484951,0
83,18.0,35.0,5,0,0.0269947075805017,0.7886728961484951,0
83,19.0,34.0,5,0,0.01054633861038548,0.7886728961484951,0
83,20.0,33.0,5,0,0.006565737217433056,0.7886728961484951,0
83,21.0,32.0,5,0,0.008477674668807693,0.7886728961484951,0
83,22.0,31.0,5,0,0.011839023836779152,0.7886728961484951,0
83,23.0,30.0,5,0,0.020844336721644378,0.7886728961484951,0
83,24.0,29.0,5,0,0.009534625687670766,0.7886728961484951,0
83,25.0,28.0,5,0,0.015390994466373622,0.7886728961484951,0
83,26.0,27.0,5,0,0.1298751448293346,0.7886728961484951,0
83,27.0,26.0,5,0,0.0059171983746119285,0.7886728961484951,0
83,28.0,25.0,5,0,0.012687757293575103,0.7886728961484951,0
83,29.0,24.0,5,0,0.015389986804237688,0.7886728961484951,0
83,30.0,23.0,5,0,0.16791565428978827,0.7886728961484951,0
83,31.0,22.0,5,0,0.1482717855193967,0.7886728961484951,0
83,32.0,21.0,5,0,0.13003543004658563,0.7886728961484951,0
83,33.0,20.0,5,1,0.23505883556156826,0.7886728961484951,0
83,34.0,19.0,5,1,0.10110202583522596,0.7886728961484951,0
83,35.0,18.0,5,1,0.22150834007526868,0.7886728961484951,0
83,36.0,17.0,5,1,0.4452632435238096,0.7886728961484951,0
83,37.0,16.0,5,1,0.12331445911906044,0.7886728961484951,0
83,38.0,15.0,5,1,0.7453154285905983,0.7886728961484951,0
83,39.0,14.0,5,1,0.42456437191226515,0.7886728961484951,0
83,40.0,13.0,5,1,0.6797115942133156,0.7886728961484951,0
83,41.0,12.0,5,1,0.2777781946748262,0.7886728961484951,0
83,42.0,11.0,5,1,0.4102601847045916,0.7886728961484951,0
83,43.0,10.0,5,1,0.6529285086278814,0.7886728961484951,0
83,44.0,9.0,5,1,0.6038069856544406,0.7886728961484951,0
83,45.0,8.0,5,1,0.3526556287581,0.7886728961484951,0
83,46.0,7.0,5,1,0.5225435378465815,0.7886728961484951,0
83,47.0,6.0,5,1,0.617066840116021,0.7886728961484951,0
83,48.0,5.0,5,1,0.6851046790546411,0.7886728961484951,0
83,49.0,4.0,5,1,0.7616937694344561,0.7886728961484951,0
83,50.0,3.0,5,1,0.758520493186999,0.7886728961484951,0
83,51.0,2.0,5,1,0.6085788755376359,0.7886728961484951,0
83,52.0,1.0,5,1,0.7454397394874153,0.7886728961484951,0
83,53.0,0.0,5,1,0.7126386944373214,0.7886728961484951,0
84,1.0,47.0,4,0,0.014974063495072477,0.7767036600253301,0
84,2.0,46.0,4,0,0.008748521655372122,0.7767036600253301,0
84,3.0,45.0,4,0,0.025675433508342754,0.7767036600253301,0
84,4.0,44.0,4,0,0.012800591945851295,0.7767036600253301,0
84,5.0,43.0,4,0,0.030557999861894926,0.7767036600253301,0
84,6.0,42.0,4,0,0.01386032183052746,0.7767036600253301,0
84,7.0,41.0,4,0,0.060871506539861404,0.7767036600253301,0
84,8.0,40.0,4,0,0.019272224569308577,0.7767036600253301,0
84,9.0,39.0,4,0,0.017702613465516905,0.7767036600253301,0
84,10.0,38.0,4,0,0.023972488532989434,0.7767036600253301,0
84,11.0,37.0,4,0,0.015401416299739009,0.7767036600253301,0
84,12.0,36.0,4,0,0.019413275845100404,0.7767036600253301,0
84,13.0,35.0,4,0,0.010018939695187596,0.7767036600253301,0
84,14.0,34.0,4,0,0.007658357524611738,0.7767036600253301,0
84,15.0,33.0,4,0,0.016522898491984527,0.7767036600253301,0
84,16.0,32.0,4,0,0.020377546996978826,0.7767036600253301,0
84,17.0,31.0,4,0,0.010652109560747837,0.7767036600253301,0
84,18.0,30.0,4,0,0.14091768548557282,0.7767036600253301,0
84,19.0,29.0,4,0,0.07401124460759845,0.7767036600253301,0
84,20.0,28.0,4,0,0.0179773538373746,0.7767036600253301,0
84,21.0,27.0,4,0,0.007658357524611738,0.7767036600253301,0
84,22.0,26.0,4,0,0.017804310134999307,0.7767036600253301,0
84,23.0,25.0,4,0,0.06816753637366327,0.7767036600253301,0
84,24.0,24.0,4,0,0.057021622754556654,0.7767036600253301,0
84,25.0,23.0,4,0,0.0735701272529562,0.7767036600253301,0
84,26.0,22.0,4,0,0.02155850793743511,0.7767036600253301,0
84,27.0,21.0,4,0,0.025640178900936315,0.7767036600253301,0
84,28.0,20.0,4,1,0.012818624092198192,0.7767036600253301,0
84,29.0,19.0,4,1,0.06684663080036099,0.7767036600253301,0
84,30.0,18.0,4,1,0.02399177661232533,0.7767036600253301,0
84,31.0,17.0,4,1,0.05260462446816493,0.7767036600253301,0
84,32.0,16.0,4,1,0.07006349467114184,0.7767036600253301,0
84,33.0,15.0,4,1,0.16001109158720125,0.7767036600253301,0
84,34.0,14.0,4,1,0.5331283113521545,0.7767036600253301,0
84,35.0,13.0,4,1,0.15945560153193147,0.7767036600253301,0
84,36.0,12.0,4,1,0.185885457494058,0.7767036600253301,0
84,37.0,11.0,4,1,0.22750816611961058,0.7767036600253301,0
84,38.0,10.0,4,1,0.33163597772297887,0.7767036600253301,0
84,39.0,9.0,4,1,0.5230511216842051,0.7767036600253301,0
84,40.0,8.0,4,1,0.31685578518178,0.7767036600253301,0
84,41.0,7.0,4,1,0.594005314601664,0.7767036600253301,0
84,42.0,6.0,4,1,0.2535473489777181,0.7767036600253301,0
84,43.0,5.0,4,1,0.5159160498944814,0.7767036600253301,0
84,44.0,4.0,4,1,0.5595212755034608,0.7767036600253301,0
84,45.0,3.0,4,1,0.45292636578709944,0.7767036600253301,0
84,46.0,2.0,4,1,0.5757340456255114,0.7767036600253301,0
84,47.0,1.0,4,1,0.6507275274662506,0.7767036600253301,0
84,48.0,0.0,4,1,0.5803002681047421,0.7767036600253301,0
85,1.0,49.0,2,0,0.018513418892070616,0.7912127720003883,0
85,2.0,48.0,2,0,0.035126786279965724,0.7912127720003883,0
85,3.0,47.0,2,0,0.007072677356239482,0.7912127720003883,0
85,4.0,46.0,2,0,0.01498978838154585,0.7912127720003883,0
85,5.0,45.0,2,0,0.022878633460011143,0.7912127720003883,0
85,6.0,44.0,2,0,0.005139997699524702,0.7912127720003883,0
85,7.0,43.0,2,0,0.005989581863752175,0.7912127720003883,0
85,8.0,42.0,2,0,0.07769154931072457,0.7912127720003883,0
85,9.0,41.0,2,0,0.006685661034123058,0.7912127720003883,0
85,10.0,40.0,2,0,0.008245995321985299,0.7912127720003883,0
85,11.0,39.0,2,0,0.01498978838154585,0.7912127720003883,0
85,12.0,38.0,2,0,0.008683317414032476,0.7912127720003883,0
85,13.0,37.0,2,0,0.00707479548215712,0.7912127720003883,0
85,14.0,36.0,2,0,0.016850802165034408,0.7912127720003883,0
85,15.0,35.0,2,0,0.0066851747690069956,0.7912127720003883,0
85,16.0,34.0,2,0,0.008017821901058002,0.7912127720003883,0
85,17.0,33.0,2,0,0.012814763421078942,0.7912127720003883,0
85,18.0,32.0,2,0,0.03709258771859538,0.7912127720003883,0
85,19.0,31.0,2,0,0.005790362753162494,0.7912127720003883,0
85,20.0,30.0,2,0,0.01190354324321469,0.7912127720003883,0
85,21.0,29.0,2,0,0.011226900949141434,0.7912127720003883,0
85,22.0,28.0,2,0,0.01762596457362004,0.7912127720003883,0
85,23.0,27.0,2,0,0.0036052958864482617,0.7912127720003883,0
85,24.0,26.0,2,0,0.005445372593456875,0.7912127720003883,0
85,25.0,25.0,2,0,0.009034900273652663,0.7912127720003883,0
85,26.0,24.0,2,0,0.05185174584245581,0.7912127720003883,0
85,27.0,23.0,2,0,0.02609043442426837,0.7912127720003883,0
85,28.0,22.0,2,0,0.018817758170240537,0.7912127720003883,0
85,29.0,21.0,2,0,0.1913315532762162,0.7912127720003883,0
85,30.0,20.0,2,1,0.03477949941318616,0.7912127720003883,0
85,31.0,19.0,2,1,0.07801153077505558,0.7912127720003883,0
85,32.0,18.0,2,1,0.13240759861938298,0.7912127720003883,0
85,33.0,17.0,2,1,0.23852329477808348,0.7912127720003883,0
85,34.0,16.0,2,1,0.1875774414442502,0.7912127720003883,0
85,35.0,15.0,2,1,0.2578510294612813,0.7912127720003883,0
85,36.0,14.0,2,1,0.2228828107618912,0.7912127720003883,0
85,37.0,13.0,2,1,0.11642383889755824,0.7912127720003883,0
85,38.0,12.0,2,1,0.08640044644935771,0.7912127720003883,0
85,39.0,11.0,2,1,0.3177511634478818,0.7912127720003883,0
85,40.0,10.0,2,1,0.4119741915221388,0.7912127720003883,0
85,41.0,9.0,2,1,0.45046155032023066,0.7912127720003883,0
85,42.0,8.0,2,1,0.36258904609757564,0.7912127720003883,0
85,43.0,7.0,2,1,0.4457120132855724,0.7912127720003883,0
85,44.0,6.0,2,1,0.4528900442709262,0.7912127720003883,0
85,45.0,5.0,2,1,0.397218832216514,0.7912127720003883,0
85,46.0,4.0,2,1,0.501823455730809,0.7912127720003883,0
85,47.0,3.0,2,1,0.7018886763071576,0.7912127720003883,0
85,48.0,2.0,2,1,0.6505359971452654,0.7912127720003883,0
85,49.0,1.0,2,1,0.7894469743368423,0.7912127720003883,0
85,50.0,0.0,2,1,0.8899455358323214,0.7912127720003883,1
86,1.0,59.0,1,0,0.014351787632792814,0.8012529878443658,0
86,2.0,58.0,1,0,0.01004219341717592,0.8012529878443658,0
86,3.0,57.0,1,0,0.011712625142543929,0.8012529878443658,0
86,4.0,56.0,1,0,0.025289998639525062,0.8012529878443658,0
86,5.0,55.0,1,0,0.01231804761860208,0.8012529878443658,0
86,6.0,54.0,1,0,0.004553738557881214,0.8012529878443658,0
86,7.0,53.0,1,0,0.026310343588361294,0.8012529878443658,0
86,8.0,52.0,1,0,0.013217850713524904,0.8012529878443658,0
86,9.0,51.0,1,0,0.003626922495218048,0.8012529878443658,0
86,10.0,50.0,1,0,0.009497751095103745,0.8012529878443658,0
86,11.0,49.0,1,0,0.016957288097754795,0.8012529878443658,0
86,12.0,48.0,1,0,0.010764505147947027,0.8012529878443658,0
86,13.0,47.0,1,0,0.0073501654357955425,0.8012529878443658,0
86,14.0,46.0,1,0,0.00846310618416468,0.8012529878443658,0
86,15.0,45.0,1,0,0.02737904167858941,0.8012529878443658,0
86,16.0,44.0,1,0,0.00885771028881643,0.8012529878443658,0
86,17.0,43.0,1,0,0.003299903252001129,0.8012529878443658,0
86,18.0,42.0,1,0,0.014618644801721445,0.8012529878443658,0
86,19.0,41.0,1,0,0.0051149818141895615,0.8012529878443658,0
86,20.0,40.0,1,0,0.02853318282054835,0.8012529878443658,0
86,21.0,39.0,1,0,0.008676993974925301,0.8012529878443658,0
86,22.0,38.0,1,0,0.012816433940954773,0.8012529878443658,0
86,23.0,37.0,1,0,0.041195746649027545,0.8012529878443658,0
86,24.0,36.0,1,0,0.003815605919967948,0.8012529878443658,0
86,25.0,35.0,1,0,0.007940245816844452,0.8012529878443658,0
86,26.0,34.0,1,0,0.0025307656635155796,0.8012529878443658,0
86,27.0,33.0,1,0,0.007748166235938729,0.8012529878443658,0
86,28.0,32.0,1,0,0.02095544764398558,0.8012529878443658,0
86,29.0,31.0,1,0,0.008889712351247173,0.8012529878443658,0
86,30.0,30.0,1,0,0.010809501828204702,0.8012529878443658,0
86,31.0,29.0,1,0,0.07122968462740571,0.8012529878443658,0
86,32.0,28.0,1,0,0.018193404706120245,0.8012529878443658,0
86,33.0,27.0,1,0,0.05656752753540324,0.8012529878443658,0
86,34.0,26.0,1,0,0.06122386827263422,0.8012529878443658,0
86,35.0,25.0,1,0,0.07031262223952589,0.8012529878443658,0
86,36.0,24.0,1,0,0.03992049194562714,0.8012529878443658,0
86,37.0,23.0,1,0,0.07984206730243754,0.8012529878443658,0
86,38.0,22.0,1,0,0.18739226183370042,0.8012529878443658,0
86,39.0,21.0,1,0,0.11009011329090243,0.8012529878443658,0
86,40.0,20.0,1,1,0.34912702616758257,0.8012529878443658,0
86,41.0,19.0,1,1,0.2929616725949484,0.8012529878443658,0
86,42.0,18.0,1,1,0.37817462829197884,0.8012529878443658,0
86,43.0,17.0,1,1,0.4448293333738356,0.8012529878443658,0
86,44.0,16.0,1,1,0.42600270286889896,0.8012529878443658,0
86,45.0,15.0,1,1,0.5070631933851115,0.8012529878443658,0
86,46.0,14.0,1,1,0.29497004425070467,0.8012529878443658,0
86,47.0,13.0,1,1,0.5899657841781761,0.8012529878443658,0
86,48.0,12.0,1,1,0.08235600870868948,0.8012529878443658,0
86,49.0,11.0,1,1,0.11495338025072104,0.8012529878443658,0
86,50.0,10.0,1,1,0.6286772870844031,0.8012529878443658,0
86,51.0,9.0,1,1,0.7184546579247882,0.8012529878443658,0
86,52.0,8.0,1,1,0.636304819147019,0.8012529878443658,0
86,53.0,7.0,1,1,0.7784356603829833,0.8012529878443658,0
86,54.0,6.0,1,1,0.6501779482468273,0.8012529878443658,0
86,55.0,5.0,1,1,0.7509129796482829,0.8012529878443658,0
86,56.0,4.0,1,1,0.7342521296772362,0.8012529878443658,0
86,57.0,3.0,1,1,0.8521604548313891,0.8012529878443658,1
86,58.0,2.0,1,1,0.33424270882963847,0.8012529878443658,0
86,59.0,1.0,1,1,0.7670721833310707,0.8012529878443658,0
86,60.0,0.0,1,1,0.8096385166923702,0.8012529878443658,1
87,1.0,61.0,5,0,0.004986777659409961,0.7886728961484951,0
87,2.0,60.0,5,0,0.013554569786619026,0.7886728961484951,0
87,3.0,59.0,5,0,0.02444147843058666,0.7886728961484951,0
87,4.0,58.0,5,0,0.008233085446726773,0.7886728961484951,0
87,5.0,57.0,5,0,0.025042966100132246,0.7886728961484951,0
87,6.0,56.0,5,0,0.010035979725299342,0.7886728961484951,0
87,7.0,55.0,5,0,0.03535526390311928,0.7886728961484951,0
87,8.0,54.0,5,0,0.006153608641690305,0.7886728961484951,0
87,9.0,53.0,5,0,0.00974900027623103,0.7886728961484951,0
87,10.0,52.0,5,0,0.006710807584899741,0.7886728961484951,0
87,11.0,51.0,5,0,0.004853444696972361,0.7886728961484951,0
87,12.0,50.0,5,0,0.006053663960344693,0.7886728961484951,0
87,13.0,49.0,5,0,0.03200496931145779,0.7886728961484951,0
87,14.0,48.0,5,0,0.012743400782162205,0.7886728961484951,0
87,15.0,47.0,5,0,0.013696599455169734,0.7886728961484951,0
87,16.0,46.0,5,0,0.006513839814218953,0.7886728961484951,0
87,17.0,45.0,5,0,0.007742421648334003,0.7886728961484951,0
87,18.0,44.0,5,0,0.00520387357459432,0.7886728961484951,0
87,19.0,43.0,5,0,0.010111233021546361,0.7886728961484951,0
87,20.0,42.0,5,0,0.009860780941467594,0.7886728961484951,0
87,21.0,41.0,5,0,0.01671662230873684,0.7886728961484951,0
87,22.0,40.0,5,0,0.01637690965383245,0.7886728961484951,0
87,23.0,39.0,5,0,0.0025709366601848406,0.7886728961484951,0
87,24.0,38.0,5,0,0.019143313758266948,0.7886728961484951,0
87,25.0,37.0,5,0,0.022567606710072276,0.7886728961484951,0
87,26.0,36.0,5,0,0.001961574975944065,0.7886728961484951,0
87,27.0,35.0,5,0,0.004981038801077645,0.7886728961484951,0
87,28.0,34.0,5,0,0.06142644978705215,0.7886728961484951,0
87,29.0,33.0,5,0,0.008816088307418257,0.7886728961484951,0
87,30.0,32.0,5,0,0.05204615869969261,0.7886728961484951,0
87,31.0,31.0,5,0,0.012544230217566578,0.7886728961484951,0
87,32.0,30.0,5,0,0.031879142394945305,0.7886728961484951,0
87,33.0,29.0,5,0,0.09222900575095497,0.7886728961484951,0
87,34.0,28.0,5,0,0.25269839265950117,0.7886728961484951,0
87,35.0,27.0,5,0,0.1099250100173062,0.7886728961484951,0
87,36.0,26.0,5,0,0.11134628236483832,0.7886728961484951,0
87,37.0,25.0,5,0,0.1574031573364806,0.7886728961484951,0
87,38.0,24.0,5,0,0.1670351993126338,0.7886728961484951,0
87,39.0,23.0,5,0,0.24432070854881205,0.7886728961484951,0
87,40.0,22.0,5,0,0.0217871674130147,0.7886728961484951,0
87,41.0,21.0,5,0,0.4772865879594155,0.7886728961484951,0
87,42.0,20.0,5,1,0.37946572331749917,0.7886728961484951,0
87,43.0,19.0,5,1,0.5857560184682428,0.7886728961484951,0
87,44.0,18.0,5,1,0.5278382487431165,0.7886728961484951,0
87,45.0,17.0,5,1,0.2503727054459885,0.7886728961484951,0
87,46.0,16.0,5,1,0.7487507840958321,0.7886728961484951,0
87,47.0,15.0,5,1,0.6248605052706444,0.7886728961484951,0
87,48.0,14.0,5,1,0.7138826176985636,0.7886728961484951,0
87,49.0,13.0,5,1,0.452864516434632,0.7886728961484951,0
87,50.0,12.0,5,1,0.7195939857412399,0.7886728961484951,0
87,51.0,11.0,5,1,0.6402365923071647,0.7886728961484951,0
87,52.0,10.0,5,1,0.5551561437507897,0.7886728961484951,0
87,53.0,9.0,5,1,0.6032686787870168,0.7886728961484951,0
87,54.0,8.0,5,1,0.6551131965506107,0.7886728961484951,0
87,55.0,7.0,5,1,0.7954041979550225,0.7886728961484951,1
87,56.0,6.0,5,1,0.6197290711918031,0.7886728961484951,0
87,57.0,5.0,5,1,0.41746242020057306,0.7886728961484951,0
87,58.0,4.0,5,1,0.6704234449452415,0.7886728961484951,0
87,59.0,3.0,5,1,0.7597771256390945,0.7886728961484951,0
87,60.0,2.0,5,1,0.8380634250513311,0.7886728961484951,1
87,61.0,1.0,5,1,0.7220992837135378,0.7886728961484951,0
87,62.0,0.0,5,1,0.8543747231206081,0.7886728961484951,1
88,1.0,61.0,3,0,0.007007971820698899,0.7899421635739077,0
88,2.0,60.0,3,0,0.02641485012572874,0.7899421635739077,0
88,3.0,59.0,3,0,0.008957763005751797,0.7899421635739077,0
88,4.0,58.0,3,0,0.0015116041160712257,0.7899421635739077,0
88,5.0,57.0,3,0,0.011607481567884059,0.7899421635739077,0
88,6.0,56.0,3,0,0.013585718264936415,0.7899421635739077,0
88,7.0,55.0,3,0,0.004753157483578758,0.7899421635739077,0
88,8.0,54.0,3,0,0.013038238958319083,0.7899421635739077,0
88,9.0,53.0,3,0,0.005877993839750326,0.7899421635739077,0
88,10.0,52.0,3,0,0.0066796886768386785,0.7899421635739077,0
88,11.0,51.0,3,0,0.014135305772473341,0.7899421635739077,0
88,12.0,50.0,3,0,0.03331891706146271,0.7899421635739077,0
88,13.0,49.0,3,0,0.004076133482180196,0.7899421635739077,0
88,14.0,48.0,3,0,0.010984223966391517,0.7899421635739077,0
88,15.0,47.0,3,0,0.0006506463029210007,0.7899421635739077,0
88,16.0,46.0,3,0,0.005532580891944011,0.7899421635739077,0
88,17.0,45.0,3,0,0.012637977175910005,0.7899421635739077,0
88,18.0,44.0,3,0,0.04034837137589802,0.7899421635739077,0
88,19.0,43.0,3,0,0.01766080473001309,0.7899421635739077,0
88,20.0,42.0,3,0,0.01641178953448454,0.7899421635739077,0
88,21.0,41.0,3,0,0.04331785349081351,0.7899421635739077,0
88,22.0,40.0,3,0,0.026485998286088004,0.7899421635739077,0
88,23.0,39.0,3,0,0.018517293798010023,0.7899421635739077,0
88,24.0,38.0,3,0,0.013562538572394851,0.7899421635739077,0
88,25.0,37.0,3,0,0.021002825671780603,0.7899421635739077,0
88,26.0,36.0,3,0,0.02401227416246488,0.7899421635739077,0
88,27.0,35.0,3,0,0.0196113105905284,0.7899421635739077,0
88,28.0,34.0,3,0,0.014535029555394624,0.7899421635739077,0
88,29.0,33.0,3,0,0.009109411505917627,0.7899421635739077,0
88,30.0,32.0,3,0,0.010763849347114777,0.7899421635739077,0
88,31.0,31.0,3,0,0.07618184973870235,0.7899421635739077,0
88,32.0,30.0,3,0,0.005282838604284292,0.7899421635739077,0
88,33.0,29.0,3,0,0.0630903682975996,0.7899421635739077,0
88,34.0,28.0,3,0,0.17828477505542156,0.7899421635739077,0
88,35.0,27.0,3,0,0.16941462891951586,0.7899421635739077,0
88,36.0,26.0,3,0,0.2770633305691395,0.7899421635739077,0
88,37.0,25.0,3,0,0.11745281915882487,0.7899421635739077,0
88,38.0,24.0,3,0,0.1851696967196265,0.7899421635739077,0
88,39.0,23.0,3,0,0.29033849574558784,0.7899421635739077,0
88,40.0,22.0,3,0,0.21900697995950552,0.7899421635739077,0
88,41.0,21.0,3,0,0.3709324928360602,0.7899421635739077,0
88,42.0,20.0,3,1,0.32239775141011784,0.7899421635739077,0
88,43.0,19.0,3,1,0.4835818315660455,0.7899421635739077,0
88,44.0,18.0,3,1,0.3491478238889749,0.7899421635739077,0
88,45.0,17.0,3,1,0.6308692060403962,0.7899421635739077,0
88,46.0,16.0,3,1,0.49868535365290956,0.7899421635739077,0
88,47.0,15.0,3,1,0.6658246401948753,0.7899421635739077,0
88,48.0,14.0,3,1,0.2955168372146662,0.7899421635739077,0
88,49.0,13.0,3,1,0.3775581989130196,0.7899421635739077,0
88,50.0,12.0,3,1,0.6361230832485057,0.7899421635739077,0
88,51.0,11.0,3,1,0.7137747061459245,0.7899421635739077,0
88,52.0,10.0,3,1,0.7005465118089821,0.7899421635739077,0
88,53.0,9.0,3,1,0.5449102934104068,0.7899421635739077,0
88,54.0,8.0,3,1,0.7365268192326448,0.7899421635739077,0
88,55.0,7.0,3,1,0.7206956413227776,0.7899421635739077,0
88,56.0,6.0,3,1,0.7590301749335042,0.7899421635739077,0
88,57.0,5.0,3,1,0.6915476459594885,0.7899421635739077,0
88,58.0,4.0,3,1,0.821810439675603,0.7899421635739077,1
88,59.0,3.0,3,1,0.7744025500374708,0.7899421635739077,0
88,60.0,2.0,3,1,0.8488635129526196,0.7899421635739077,1
88,61.0,1.0,3,1,0.8682128787131828,0.7899421635739077,1
88,62.0,0.0,3,1,0.8434680677044988,0.7899421635739077,1
89,1.0,58.0,5,0,0.009063467473872973,0.7886728961484951,0
89,2.0,57.0,5,0,0.018827786142035088,0.7886728961484951,0
89,3.0,56.0,5,0,0.014534461670445357,0.7886728961484951,0
89,4.0,55.0,5,0,0.01751791498189343,0.7886728961484951,0
89,5.0,54.0,5,0,0.010749045329281273,0.7886728961484951,0
89,6.0,53.0,5,0,0.007921358447371029,0.7886728961484951,0
89,7.0,52.0,5,0,0.00828025924150252,0.7886728961484951,0
89,8.0,51.0,5,0,0.02444147843058666,0.7886728961484951,0
89,9.0,50.0,5,0,0.005074783559226685,0.7886728961484951,0
89,10.0,49.0,5,0,0.009783636728488502,0.7886728961484951,0
89,11.0,48.0,5,0,0.06184042903379506,0.7886728961484951,0
89,12.0,47.0,5,0,0.006829317764344168,0.7886728961484951,0
89,13.0,46.0,5,0,0.011804497138903549,0.7886728961484951,0
89,14.0,45.0,5,0,0.007249327253717391,0.7886728961484951,0
89,15.0,44.0,5,0,0.017524897915641057,0.7886728961484951,0
89,16.0,43.0,5,0,0.010642394956092408,0.7886728961484951,0
89,17.0,42.0,5,0,0.028640833329106025,0.7886728961484951,0
89,18.0,41.0,5,0,0.0051754609213921785,0.7886728961484951,0
89,19.0,40.0,5,0,0.006815292886865297,0.7886728961484951,0
89,20.0,39.0,5,0,0.009041825069512654,0.7886728961484951,0
89,21.0,38.0,5,0,0.009184238988153223,0.7886728961484951,0
89,22.0,37.0,5,0,0.06882636656091135,0.7886728961484951,0
89,23.0,36.0,5,0,0.05802553101399578,0.7886728961484951,0
89,24.0,35.0,5,0,0.012281633167811215,0.7886728961484951,0
89,25.0,34.0,5,0,0.007745752389280054,0.7886728961484951,0
89,26.0,33.0,5,0,0.03633272998908322,0.7886728961484951,0
89,27.0,32.0,5,0,0.007932270884023436,0.7886728961484951,0
89,28.0,31.0,5,0,0.01305558654000851,0.7886728961484951,0
89,29.0,30.0,5,0,0.014328768129700568,0.7886728961484951,0
89,30.0,29.0,5,0,0.01425927292320043,0.7886728961484951,0
89,31.0,28.0,5,0,0.11964214198349551,0.7886728961484951,0
89,32.0,27.0,5,0,0.03108294454818344,0.7886728961484951,0
89,33.0,26.0,5,0,0.007473502517594223,0.7886728961484951,0
89,34.0,25.0,5,0,0.019106518389543813,0.7886728961484951,0
89,35.0,24.0,5,0,0.2912704147308714,0.7886728961484951,0
89,36.0,23.0,5,0,0.1580575929173494,0.7886728961484951,0
89,37.0,22.0,5,0,0.27579930600229197,0.7886728961484951,0
89,38.0,21.0,5,0,0.14930796733852753,0.7886728961484951,0
89,39.0,20.0,5,1,0.2239342919343195,0.7886728961484951,0
89,40.0,19.0,5,1,0.18634394147481304,0.7886728961484951,0
89,41.0,18.0,5,1,0.5954792281942545,0.7886728961484951,0
89,42.0,17.0,5,1,0.28356138307742357,0.7886728961484951,0
89,43.0,16.0,5,1,0.4453451167931946,0.7886728961484951,0
89,44.0,15.0,5,1,0.29619380291153086,0.7886728961484951,0
89,45.0,14.0,5,1,0.4718026798709253,0.7886728961484951,0
89,46.0,13.0,5,1,0.5578211785523097,0.7886728961484951,0
89,47.0,12.0,5,1,0.5724925641952427,0.7886728961484951,0
89,48.0,11.0,5,1,0.6704792501658197,0.7886728961484951,0
89,49.0,10.0,5,1,0.6247460168117084,0.7886728961484951,0
89,50.0,9.0,5,1,0.7026891775272559,0.7886728961484951,0
89,51.0,8.0,5,1,0.20246274106741544,0.7886728961484951,0
89,52.0,7.0,5,1,0.5372899698432697,0.7886728961484951,0
89,53.0,6.0,5,1,0.5826740975237344,0.7886728961484951,0
89,54.0,5.0,5,1,0.5279416980784403,0.7886728961484951,0
89,55.0,4.0,5,1,0.6292459399151643,0.7886728961484951,0
89,56.0,3.0,5,1,0.5894254170203698,0.7886728961484951,0
89,57.0,2.0,5,1,0.7745904529643461,0.7886728961484951,0
89,58.0,1.0,5,1,0.7582920070285142,0.7886728961484951,0
89,59.0,0.0,5,1,0.8153262255374674,0.7886728961484951,1
90,1.0,53.0,3,0,0.01989853429229025,0.7899421635739077,0
90,2.0,52.0,3,0,0.012948177088562371,0.7899421635739077,0
90,3.0,51.0,3,0,0.023160019818334987,0.7899421635739077,0
90,4.0,50.0,3,0,0.013814871925254997,0.7899421635739077,0
90,5.0,49.0,3,0,0.01332772092334822,0.7899421635739077,0
90,6.0,48.0,3,0,0.046928771238344824,0.7899421635739077,0
90,7.0,47.0,3,0,0.010154164791163486,0.7899421635739077,0
90,8.0,46.0,3,0,0.05185188119824683,0.7899421635739077,0
90,9.0,45.0,3,0,0.011578291459064435,0.7899421635739077,0
90,10.0,44.0,3,0,0.02417400365905625,0.7899421635739077,0
90,11.0,43.0,3,0,0.019688854506351633,0.7899421635739077,0
90,12.0,42.0,3,0,0.020495072042496218,0.7899421635739077,0
90,13.0,41.0,3,0,0.007168023223778729,0.7899421635739077,0
90,14.0,40.0,3,0,0.0076354636671300494,0.7899421635739077,0
90,15.0,39.0,3,0,0.02353371979322155,0.7899421635739077,0
90,16.0,38.0,3,0,0.007579031892486683,0.7899421635739077,0
90,17.0,37.0,3,0,0.04180795780638799,0.7899421635739077,0
90,18.0,36.0,3,0,0.008090739005694582,0.7899421635739077,0
90,19.0,35.0,3,0,0.009616432296418318,0.7899421635739077,0
90,20.0,34.0,3,0,0.04365078437445438,0.7899421635739077,0
90,21.0,33.0,3,0,0.00356743736506335,0.7899421635739077,0
90,22.0,32.0,3,0,0.061687812169772704,0.7899421635739077,0
90,23.0,31.0,3,0,0.030504970727057715,0.7899421635739077,0
90,24.0,30.0,3,0,0.008918574407686924,0.7899421635739077,0
90,25.0,29.0,3,0,0.01467368576264835,0.7899421635739077,0
90,26.0,28.0,3,0,0.008919787883360316,0.7899421635739077,0
90,27.0,27.0,3,0,0.008233163033554678,0.7899421635739077,0
90,28.0,26.0,3,0,0.011058601661379043,0.7899421635739077,0
90,29.0,25.0,3,0,0.02470351889665915,0.7899421635739077,0
90,30.0,24.0,3,0,0.017600618652587215,0.7899421635739077,0
90,31.0,23.0,3,0,0.01258729177351687,0.7899421635739077,0
90,32.0,22.0,3,0,0.030586195555883544,0.7899421635739077,0
90,33.0,21.0,3,0,0.016448414444815096,0.7899421635739077,0
90,34.0,20.0,3,1,0.18945033329278213,0.7899421635739077,0
90,35.0,19.0,3,1,0.09003444298187353,0.7899421635739077,0
90,36.0,18.0,3,1,0.15595171657279697,0.7899421635739077,0
90,37.0,17.0,3,1,0.07839000271747526,0.7899421635739077,0
90,38.0,16.0,3,1,0.17294584180984982,0.7899421635739077,0
90,39.0,15.0,3,1,0.18323711405276774,0.7899421635739077,0
90,40.0,14.0,3,1,0.39768737462398807,0.7899421635739077,0
90,41.0,13.0,3,1,0.25505842732872414,0.7899421635739077,0
90,42.0,12.0,3,1,0.3515238737226451,0.7899421635739077,0
90,43.0,11.0,3,1,0.24410320909923167,0.7899421635739077,0
90,44.0,10.0,3,1,0.5056005285006795,0.7899421635739077,0
90,45.0,9.0,3,1,0.42736378462274666,0.7899421635739077,0
90,46.0,8.0,3,1,0.6418648959531208,0.7899421635739077,0
90,47.0,7.0,3,1,0.7866201888086395,0.7899421635739077,0
90,48.0,6.0,3,1,0.7133886935406396,0.7899421635739077,0
90,49.0,5.0,3,1,0.7013029652948904,0.7899421635739077,0
90,50.0,4.0,3,1,0.6694603938611566,0.7899421635739077,0
90,51.0,3.0,3,1,0.4115161737883,0.7899421635739077,0
90,52.0,2.0,3,1,0.5952753796606949,0.7899421635739077,0
90,53.0,1.0,3,1,0.66901130043352,0.7899421635739077,0
90,54.0,0.0,3,1,0.7118441529417673,0.7899421635739077,0
