unit,cycle,rul,outer_fold,is_final_window,risk_probability,selected_threshold,maintenance_warning
1,1.0,99.0,1,0,0.04052185910597708,0.47936572047395676,0
1,2.0,98.0,1,0,0.037682123974039014,0.47936572047395676,0
1,3.0,97.0,1,0,0.013757612114520633,0.47936572047395676,0
1,4.0,96.0,1,0,0.11998748248128531,0.47936572047395676,0
1,5.0,95.0,1,0,0.0880502415125383,0.47936572047395676,0
1,6.0,94.0,1,0,0.06847470434679764,0.47936572047395676,0
1,7.0,93.0,1,0,0.0012953728169609296,0.47936572047395676,0
1,8.0,92.0,1,0,0.011936485821342503,0.47936572047395676,0
1,9.0,91.0,1,0,0.024495923532137424,0.47936572047395676,0
1,10.0,90.0,1,0,0.07631999218466888,0.47936572047395676,0
1,11.0,89.0,1,0,0.052343585854017625,0.47936572047395676,0
1,12.0,88.0,1,0,0.013317580402419888,0.47936572047395676,0
1,13.0,87.0,1,0,0.09378265962277905,0.47936572047395676,0
1,14.0,86.0,1,0,0.0553148134690059,0.47936572047395676,0
1,15.0,85.0,1,0,0.08884199338783647,0.47936572047395676,0
1,16.0,84.0,1,0,0.027490990205430627,0.47936572047395676,0
1,17.0,83.0,1,0,0.06359453924393821,0.47936572047395676,0
1,18.0,82.0,1,0,0.07801751313603121,0.47936572047395676,0
1,19.0,81.0,1,0,0.011940350958258723,0.47936572047395676,0
1,20.0,80.0,1,0,0.02500589361493323,0.47936572047395676,0
1,21.0,79.0,1,0,0.05063884844364366,0.47936572047395676,0
1,22.0,78.0,1,0,0.01536497439472883,0.47936572047395676,0
1,23.0,77.0,1,0,0.08764594067342041,0.47936572047395676,0
1,24.0,76.0,1,0,0.0978894154082064,0.47936572047395676,0
1,25.0,75.0,1,0,0.04262675829985082,0.47936572047395676,0
1,26.0,74.0,1,0,0.016128688982753516,0.47936572047395676,0
1,27.0,73.0,1,0,0.059234743700395893,0.47936572047395676,0
1,28.0,72.0,1,0,0.04632208024021949,0.47936572047395676,0
1,29.0,71.0,1,0,0.0456959552471312,0.47936572047395676,0
1,30.0,70.0,1,0,0.05905100085298762,0.47936572047395676,0
1,31.0,69.0,1,0,0.08878549757523695,0.47936572047395676,0
1,32.0,68.0,1,0,0.07757819893016217,0.47936572047395676,0
1,33.0,67.0,1,0,0.006857205049279467,0.47936572047395676,0
1,34.0,66.0,1,0,0.01082416697031984,0.47936572047395676,0
1,35.0,65.0,1,0,0.014996071428700809,0.47936572047395676,0
1,36.0,64.0,1,0,0.0030346104007628926,0.47936572047395676,0
1,37.0,63.0,1,0,0.03404666505283271,0.47936572047395676,0
1,38.0,62.0,1,0,0.040952125944024496,0.47936572047395676,0
1,39.0,61.0,1,0,0.014996071428700809,0.47936572047395676,0
1,40.0,60.0,1,0,0.06554442341729405,0.47936572047395676,0
1,41.0,59.0,1,0,0.08378441436176072,0.47936572047395676,0
1,42.0,58.0,1,0,0.03878528845122263,0.47936572047395676,0
1,43.0,57.0,1,0,0.1087155705460103,0.47936572047395676,0
1,44.0,56.0,1,0,0.052067618679852094,0.47936572047395676,0
1,45.0,55.0,1,0,0.0632779959609318,0.47936572047395676,0
1,46.0,54.0,1,0,0.08077530109397801,0.47936572047395676,0
1,47.0,53.0,1,0,0.014560846651097314,0.47936572047395676,0
1,48.0,52.0,1,0,0.030791594523315903,0.47936572047395676,0
1,49.0,51.0,1,0,0.019075952981856208,0.47936572047395676,0
1,50.0,50.0,1,0,0.038420576863248575,0.47936572047395676,0
1,51.0,49.0,1,0,0.07576448148597197,0.47936572047395676,0
1,52.0,48.0,1,0,0.07874304616336401,0.47936572047395676,0
1,53.0,47.0,1,0,0.08810028171327584,0.47936572047395676,0
1,54.0,46.0,1,0,0.07576448148597197,0.47936572047395676,0
1,55.0,45.0,1,0,0.03672316285217864,0.47936572047395676,0
1,56.0,44.0,1,0,0.08310868729270443,0.47936572047395676,0
1,57.0,43.0,1,0,0.10976250531177978,0.47936572047395676,0
1,58.0,42.0,1,0,0.04656478281567017,0.47936572047395676,0
1,59.0,41.0,1,0,0.0924845746879836,0.47936572047395676,0
1,60.0,40.0,1,0,0.27667341187231226,0.47936572047395676,0
1,61.0,39.0,1,0,0.09006354230765007,0.47936572047395676,0
1,62.0,38.0,1,0,0.265265618801858,0.47936572047395676,0
1,63.0,37.0,1,0,0.021213973002624533,0.47936572047395676,0
1,64.0,36.0,1,0,0.17372769526074316,0.47936572047395676,0
1,65.0,35.0,1,0,0.10661882710893791,0.47936572047395676,0
1,66.0,34.0,1,0,0.13466963738988286,0.47936572047395676,0
1,67.0,33.0,1,0,0.17172273981806538,0.47936572047395676,0
1,68.0,32.0,1,0,0.361840945410726,0.47936572047395676,0
1,69.0,31.0,1,0,0.1626439708978637,0.47936572047395676,0
1,70.0,30.0,1,0,0.44230461326484827,0.47936572047395676,0
1,71.0,29.0,1,0,0.06450303972444925,0.47936572047395676,0
1,72.0,28.0,1,0,0.37175938068739367,0.47936572047395676,0
1,73.0,27.0,1,0,0.582649068683942,0.47936572047395676,1
1,74.0,26.0,1,0,0.3847220660491227,0.47936572047395676,0
1,75.0,25.0,1,0,0.617611293315713,0.47936572047395676,1
1,76.0,24.0,1,0,0.23533228073467996,0.47936572047395676,0
1,77.0,23.0,1,0,0.5053470081050141,0.47936572047395676,1
1,78.0,22.0,1,0,0.5710270282193073,0.47936572047395676,1
1,79.0,21.0,1,0,0.4671529585630636,0.47936572047395676,0
1,80.0,20.0,1,1,0.7651070998970164,0.47936572047395676,1
1,81.0,19.0,1,1,0.7249019271654668,0.47936572047395676,1
1,82.0,18.0,1,1,0.6724580871618827,0.47936572047395676,1
1,83.0,17.0,1,1,0.6082626553899587,0.47936572047395676,1
1,84.0,16.0,1,1,0.8961146380526058,0.47936572047395676,1
1,85.0,15.0,1,1,0.7071045194157091,0.47936572047395676,1
1,86.0,14.0,1,1,0.9648716006188208,0.47936572047395676,1
1,87.0,13.0,1,1,0.9426425064926574,0.47936572047395676,1
1,88.0,12.0,1,1,0.789195124323926,0.47936572047395676,1
1,89.0,11.0,1,1,0.9767391897064801,0.47936572047395676,1
1,90.0,10.0,1,1,0.822524370331632,0.47936572047395676,1
1,91.0,9.0,1,1,0.8873632301310156,0.47936572047395676,1
1,92.0,8.0,1,1,0.959646266192938,0.47936572047395676,1
1,93.0,7.0,1,1,0.8462967420739087,0.47936572047395676,1
1,94.0,6.0,1,1,0.9893826968106677,0.47936572047395676,1
1,95.0,5.0,1,1,0.8509606365823638,0.47936572047395676,1
1,96.0,4.0,1,1,0.9306501514236794,0.47936572047395676,1
1,97.0,3.0,1,1,0.9589486863721948,0.47936572047395676,1
1,98.0,2.0,1,1,0.977330306496064,0.47936572047395676,1
1,99.0,1.0,1,1,0.9961294661055029,0.47936572047395676,1
1,100.0,0.0,1,1,0.9800166345837809,0.47936572047395676,1
2,1.0,74.0,5,0,0.20319834090810787,0.45996237574761434,0
2,2.0,73.0,5,0,0.17230391087458463,0.45996237574761434,0
2,3.0,72.0,5,0,0.17833167734563152,0.45996237574761434,0
2,4.0,71.0,5,0,0.17720663203560627,0.45996237574761434,0
2,5.0,70.0,5,0,0.15305634308932786,0.45996237574761434,0
2,6.0,69.0,5,0,0.16241719620329187,0.45996237574761434,0
2,7.0,68.0,5,0,0.22031388549497335,0.45996237574761434,0
2,8.0,67.0,5,0,0.32306133927198893,0.45996237574761434,0
2,9.0,66.0,5,0,0.19417291791909905,0.45996237574761434,0
2,10.0,65.0,5,0,0.1805776407233467,0.45996237574761434,0
2,11.0,64.0,5,0,0.2033604744771595,0.45996237574761434,0
2,12.0,63.0,5,0,0.12961982672650815,0.45996237574761434,0
2,13.0,62.0,5,0,0.19700753075114472,0.45996237574761434,0
2,14.0,61.0,5,0,0.28394416337456224,0.45996237574761434,0
2,15.0,60.0,5,0,0.2532658778471813,0.45996237574761434,0
2,16.0,59.0,5,0,0.1900623409625899,0.45996237574761434,0
2,17.0,58.0,5,0,0.218967263380632,0.45996237574761434,0
2,18.0,57.0,5,0,0.18317956874795446,0.45996237574761434,0
2,19.0,56.0,5,0,0.22321539698721568,0.45996237574761434,0
2,20.0,55.0,5,0,0.1821059040858887,0.45996237574761434,0
2,21.0,54.0,5,0,0.16046870969428256,0.45996237574761434,0
2,22.0,53.0,5,0,0.21643787517296922,0.45996237574761434,0
2,23.0,52.0,5,0,0.2292097625344825,0.45996237574761434,0
2,24.0,51.0,5,0,0.11573874679998702,0.45996237574761434,0
2,25.0,50.0,5,0,0.27033248134142585,0.45996237574761434,0
2,26.0,49.0,5,0,0.2136206019140459,0.45996237574761434,0
2,27.0,48.0,5,0,0.2578953073614213,0.45996237574761434,0
2,28.0,47.0,5,0,0.2060201188378724,0.45996237574761434,0
2,29.0,46.0,5,0,0.17201054219803147,0.45996237574761434,0
2,30.0,45.0,5,0,0.21835786133498783,0.45996237574761434,0
2,31.0,44.0,5,0,0.20765713139894068,0.45996237574761434,0
2,32.0,43.0,5,0,0.2032358890737376,0.45996237574761434,0
2,33.0,42.0,5,0,0.13016954778205989,0.45996237574761434,0
2,34.0,41.0,5,0,0.2593360710466303,0.45996237574761434,0
2,35.0,40.0,5,0,0.17597697644275445,0.45996237574761434,0
2,36.0,39.0,5,0,0.24993378200618027,0.45996237574761434,0
2,37.0,38.0,5,0,0.40186961502421586,0.45996237574761434,0
2,38.0,37.0,5,0,0.21463207621997904,0.45996237574761434,0
2,39.0,36.0,5,0,0.33244492446372664,0.45996237574761434,0
2,40.0,35.0,5,0,0.35618438858623347,0.45996237574761434,0
2,41.0,34.0,5,0,0.25022536504673376,0.45996237574761434,0
2,42.0,33.0,5,0,0.27335694863315524,0.45996237574761434,0
2,43.0,32.0,5,0,0.2952082284126324,0.45996237574761434,0
2,44.0,31.0,5,0,0.42994808007487223,0.45996237574761434,0
2,45.0,30.0,5,0,0.5823858248769186,0.45996237574761434,1
2,46.0,29.0,5,0,0.4199465783144825,0.45996237574761434,0
2,47.0,28.0,5,0,0.4924876271486183,0.45996237574761434,1
2,48.0,27.0,5,0,0.5660868941458178,0.45996237574761434,1
2,49.0,26.0,5,0,0.32872569071212315,0.45996237574761434,0
2,50.0,25.0,5,0,0.4309390295430124,0.45996237574761434,0
2,51.0,24.0,5,0,0.29939047076266717,0.45996237574761434,0
2,52.0,23.0,5,0,0.5223252046292407,0.45996237574761434,1
2,53.0,22.0,5,0,0.2958777446799978,0.45996237574761434,0
2,54.0,21.0,5,0,0.7271665346363269,0.45996237574761434,1
2,55.0,20.0,5,1,0.4166629934955648,0.45996237574761434,0
2,56.0,19.0,5,1,0.5256623630289003,0.45996237574761434,1
2,57.0,18.0,5,1,0.5575229642718526,0.45996237574761434,1
2,58.0,17.0,5,1,0.9021497614033249,0.45996237574761434,1
2,59.0,16.0,5,1,0.8081197816961249,0.45996237574761434,1
2,60.0,15.0,5,1,0.8571244481112438,0.45996237574761434,1
2,61.0,14.0,5,1,0.859093669211504,0.45996237574761434,1
2,62.0,13.0,5,1,0.7080322298895447,0.45996237574761434,1
2,63.0,12.0,5,1,0.8598995057513762,0.45996237574761434,1
2,64.0,11.0,5,1,0.6117371787430697,0.45996237574761434,1
2,65.0,10.0,5,1,0.810116099402194,0.45996237574761434,1
2,66.0,9.0,5,1,0.8965747848699627,0.45996237574761434,1
2,67.0,8.0,5,1,0.8141638114866481,0.45996237574761434,1
2,68.0,7.0,5,1,0.8430372993946234,0.45996237574761434,1
2,69.0,6.0,5,1,0.9658950602772879,0.45996237574761434,1
2,70.0,5.0,5,1,0.9154240021657031,0.45996237574761434,1
2,71.0,4.0,5,1,0.7252410871849875,0.45996237574761434,1
2,72.0,3.0,5,1,0.863722373313917,0.45996237574761434,1
2,73.0,2.0,5,1,0.7665765597868536,0.45996237574761434,1
2,74.0,1.0,5,1,0.9386613019270964,0.45996237574761434,1
2,75.0,0.0,5,1,0.8839247040063875,0.45996237574761434,1
3,1.0,99.0,3,0,0.13191636513031924,0.4720856588877864,0
3,2.0,98.0,3,0,0.20315817134478834,0.4720856588877864,0
3,3.0,97.0,3,0,0.15754073843424124,0.4720856588877864,0
3,4.0,96.0,3,0,0.2572835364404973,0.4720856588877864,0
3,5.0,95.0,3,0,0.17582709702989582,0.4720856588877864,0
3,6.0,94.0,3,0,0.16145142877815857,0.4720856588877864,0
3,7.0,93.0,3,0,0.1135429150798105,0.4720856588877864,0
3,8.0,92.0,3,0,0.09473625330597688,0.4720856588877864,0
3,9.0,91.0,3,0,0.1839460450826804,0.4720856588877864,0
3,10.0,90.0,3,0,0.1826373487453375,0.4720856588877864,0
3,11.0,89.0,3,0,0.37674232089621895,0.4720856588877864,0
3,12.0,88.0,3,0,0.30507091258186736,0.4720856588877864,0
3,13.0,87.0,3,0,0.21209741709662364,0.4720856588877864,0
3,14.0,86.0,3,0,0.21879078773345254,0.4720856588877864,0
3,15.0,85.0,3,0,0.10266644572368958,0.4720856588877864,0
3,16.0,84.0,3,0,0.4203269917809049,0.4720856588877864,0
3,17.0,83.0,3,0,0.15061365178020128,0.4720856588877864,0
3,18.0,82.0,3,0,0.20925065949429608,0.4720856588877864,0
3,19.0,81.0,3,0,0.14606003526187636,0.4720856588877864,0
3,20.0,80.0,3,0,0.16908655949393606,0.4720856588877864,0
3,21.0,79.0,3,0,0.15420165851059447,0.4720856588877864,0
3,22.0,78.0,3,0,0.2803059513122721,0.4720856588877864,0
3,23.0,77.0,3,0,0.23470673648487878,0.4720856588877864,0
3,24.0,76.0,3,0,0.2563910930468122,0.4720856588877864,0
3,25.0,75.0,3,0,0.14668016409733098,0.4720856588877864,0
3,26.0,74.0,3,0,0.1380269841061876,0.4720856588877864,0
3,27.0,73.0,3,0,0.1355317205320911,0.4720856588877864,0
3,28.0,72.0,3,0,0.3329650624900023,0.4720856588877864,0
3,29.0,71.0,3,0,0.17800429074385563,0.4720856588877864,0
3,30.0,70.0,3,0,0.2240164127019608,0.4720856588877864,0
3,31.0,69.0,3,0,0.2397110975651083,0.4720856588877864,0
3,32.0,68.0,3,0,0.3039359852054465,0.4720856588877864,0
3,33.0,67.0,3,0,0.2703789900501345,0.4720856588877864,0
3,34.0,66.0,3,0,0.17488398915567904,0.4720856588877864,0
3,35.0,65.0,3,0,0.15340609140353026,0.4720856588877864,0
3,36.0,64.0,3,0,0.22070372994473428,0.4720856588877864,0
3,37.0,63.0,3,0,0.49862830269928926,0.4720856588877864,1
3,38.0,62.0,3,0,0.24887379682313845,0.4720856588877864,0
3,39.0,61.0,3,0,0.49983359119036386,0.4720856588877864,1
3,40.0,60.0,3,0,0.2782175972355603,0.4720856588877864,0
3,41.0,59.0,3,0,0.24330334728143957,0.4720856588877864,0
3,42.0,58.0,3,0,0.25927685226782127,0.4720856588877864,0
3,43.0,57.0,3,0,0.09088714679669752,0.4720856588877864,0
3,44.0,56.0,3,0,0.21710083053080984,0.4720856588877864,0
3,45.0,55.0,3,0,0.3988272910501308,0.4720856588877864,0
3,46.0,54.0,3,0,0.18874018488880204,0.4720856588877864,0
3,47.0,53.0,3,0,0.2768412670053043,0.4720856588877864,0
3,48.0,52.0,3,0,0.2231437206837332,0.4720856588877864,0
3,49.0,51.0,3,0,0.08201036125027929,0.4720856588877864,0
3,50.0,50.0,3,0,0.4306479015512099,0.4720856588877864,0
3,51.0,49.0,3,0,0.42065376816746336,0.4720856588877864,0
3,52.0,48.0,3,0,0.34772036327839906,0.4720856588877864,0
3,53.0,47.0,3,0,0.24713090013503183,0.4720856588877864,0
3,54.0,46.0,3,0,0.34913453079676476,0.4720856588877864,0
3,55.0,45.0,3,0,0.26908333093402,0.4720856588877864,0
3,56.0,44.0,3,0,0.39218062130179304,0.4720856588877864,0
3,57.0,43.0,3,0,0.2788361712775048,0.4720856588877864,0
3,58.0,42.0,3,0,0.3324596170251542,0.4720856588877864,0
3,59.0,41.0,3,0,0.42780613616362256,0.4720856588877864,0
3,60.0,40.0,3,0,0.3412278716962893,0.4720856588877864,0
3,61.0,39.0,3,0,0.21650449062687008,0.4720856588877864,0
3,62.0,38.0,3,0,0.2164383907982954,0.4720856588877864,0
3,63.0,37.0,3,0,0.383807207959364,0.4720856588877864,0
3,64.0,36.0,3,0,0.27862765830264813,0.4720856588877864,0
3,65.0,35.0,3,0,0.18544561844390803,0.4720856588877864,0
3,66.0,34.0,3,0,0.15750788079490027,0.4720856588877864,0
3,67.0,33.0,3,0,0.4363400595274921,0.4720856588877864,0
3,68.0,32.0,3,0,0.19628375166996773,0.4720856588877864,0
3,69.0,31.0,3,0,0.35633133181735993,0.4720856588877864,0
3,70.0,30.0,3,0,0.2757090730869632,0.4720856588877864,0
3,71.0,29.0,3,0,0.5112678258037813,0.4720856588877864,1
3,72.0,28.0,3,0,0.2949314526415226,0.4720856588877864,0
3,73.0,27.0,3,0,0.29850525006531614,0.4720856588877864,0
3,74.0,26.0,3,0,0.2561373324327413,0.4720856588877864,0
3,75.0,25.0,3,0,0.3106566635616216,0.4720856588877864,0
3,76.0,24.0,3,0,0.295499496303587,0.4720856588877864,0
3,77.0,23.0,3,0,0.26128456233610076,0.4720856588877864,0
3,78.0,22.0,3,0,0.33395517649082895,0.4720856588877864,0
3,79.0,21.0,3,0,0.46631705066985857,0.4720856588877864,0
3,80.0,20.0,3,1,0.5260358164127071,0.4720856588877864,1
3,81.0,19.0,3,1,0.34891072096036385,0.4720856588877864,0
3,82.0,18.0,3,1,0.30893800004192196,0.4720856588877864,0
3,83.0,17.0,3,1,0.5463178090591672,0.4720856588877864,1
3,84.0,16.0,3,1,0.633557321865236,0.4720856588877864,1
3,85.0,15.0,3,1,0.4174133547342265,0.4720856588877864,0
3,86.0,14.0,3,1,0.46185424241469675,0.4720856588877864,0
3,87.0,13.0,3,1,0.44996980682043364,0.4720856588877864,0
3,88.0,12.0,3,1,0.8757960161004916,0.4720856588877864,1
3,89.0,11.0,3,1,0.8053364542914393,0.4720856588877864,1
3,90.0,10.0,3,1,0.664131118325192,0.4720856588877864,1
3,91.0,9.0,3,1,0.676982099745251,0.4720856588877864,1
3,92.0,8.0,3,1,0.5952055265608646,0.4720856588877864,1
3,93.0,7.0,3,1,0.708801114632596,0.4720856588877864,1
3,94.0,6.0,3,1,0.8095917807290394,0.4720856588877864,1
3,95.0,5.0,3,1,0.7321195283287678,0.4720856588877864,1
3,96.0,4.0,3,1,0.788723973670614,0.4720856588877864,1
3,97.0,3.0,3,1,0.558067039521843,0.4720856588877864,1
3,98.0,2.0,3,1,0.46915631391989165,0.4720856588877864,0
3,99.0,1.0,3,1,0.5989654433760923,0.4720856588877864,1
3,100.0,0.0,3,1,0.8742753812858437,0.4720856588877864,1
4,1.0,94.0,5,0,0.03929898465806628,0.45996237574761434,0
4,2.0,93.0,5,0,0.041826261674972075,0.45996237574761434,0
4,3.0,92.0,5,0,0.026557564358954087,0.45996237574761434,0
4,4.0,91.0,5,0,0.08994128799958677,0.45996237574761434,0
4,5.0,90.0,5,0,0.02104951905278192,0.45996237574761434,0
4,6.0,89.0,5,0,0.040425045877107026,0.45996237574761434,0
4,7.0,88.0,5,0,0.03754315714879981,0.45996237574761434,0
4,8.0,87.0,5,0,0.04013750871565748,0.45996237574761434,0
4,9.0,86.0,5,0,0.04891563999807357,0.45996237574761434,0
4,10.0,85.0,5,0,0.01136324166950779,0.45996237574761434,0
4,11.0,84.0,5,0,0.01599310010975006,0.45996237574761434,0
4,12.0,83.0,5,0,0.027383044816476586,0.45996237574761434,0
4,13.0,82.0,5,0,0.03017554744787715,0.45996237574761434,0
4,14.0,81.0,5,0,0.04619147681758741,0.45996237574761434,0
4,15.0,80.0,5,0,0.00013102451137352386,0.45996237574761434,0
4,16.0,79.0,5,0,0.048348710280848396,0.45996237574761434,0
4,17.0,78.0,5,0,0.04733580806530046,0.45996237574761434,0
4,18.0,77.0,5,0,0.016573661543615403,0.45996237574761434,0
4,19.0,76.0,5,0,0.04804960960691493,0.45996237574761434,0
4,20.0,75.0,5,0,0.003877832641841074,0.45996237574761434,0
4,21.0,74.0,5,0,0.03827414112697991,0.45996237574761434,0
4,22.0,73.0,5,0,0.015120927341343486,0.45996237574761434,0
4,23.0,72.0,5,0,0.017856271554352383,0.45996237574761434,0
4,24.0,71.0,5,0,0.010726005986164461,0.45996237574761434,0
4,25.0,70.0,5,0,0.08154640384205483,0.45996237574761434,0
4,26.0,69.0,5,0,0.04494060207545918,0.45996237574761434,0
4,27.0,68.0,5,0,0.01239631727994329,0.45996237574761434,0
4,28.0,67.0,5,0,0.04633584971969918,0.45996237574761434,0
4,29.0,66.0,5,0,0.06547025838379776,0.45996237574761434,0
4,30.0,65.0,5,0,0.018562438015765775,0.45996237574761434,0
4,31.0,64.0,5,0,0.06899605176966124,0.45996237574761434,0
4,32.0,63.0,5,0,0.042400385587926206,0.45996237574761434,0
4,33.0,62.0,5,0,0.03495701036111754,0.45996237574761434,0
4,34.0,61.0,5,0,0.01016613349294662,0.45996237574761434,0
4,35.0,60.0,5,0,0.00013102451137352386,0.45996237574761434,0
4,36.0,59.0,5,0,0.017878828629285814,0.45996237574761434,0
4,37.0,58.0,5,0,0.005578387305366318,0.45996237574761434,0
4,38.0,57.0,5,0,0.029487302400542183,0.45996237574761434,0
4,39.0,56.0,5,0,0.029034554032788446,0.45996237574761434,0
4,40.0,55.0,5,0,0.04010832177829961,0.45996237574761434,0
4,41.0,54.0,5,0,0.032809436366879045,0.45996237574761434,0
4,42.0,53.0,5,0,0.049631435900906025,0.45996237574761434,0
4,43.0,52.0,5,0,0.034263908293344594,0.45996237574761434,0
4,44.0,51.0,5,0,0.05146169585836103,0.45996237574761434,0
4,45.0,50.0,5,0,0.00846582112691551,0.45996237574761434,0
4,46.0,49.0,5,0,0.03000596740683075,0.45996237574761434,0
4,47.0,48.0,5,0,0.04351914927367289,0.45996237574761434,0
4,48.0,47.0,5,0,0.04519873737058287,0.45996237574761434,0
4,49.0,46.0,5,0,0.016017591192360965,0.45996237574761434,0
4,50.0,45.0,5,0,0.047868042046850974,0.45996237574761434,0
4,51.0,44.0,5,0,0.07437817034804915,0.45996237574761434,0
4,52.0,43.0,5,0,0.0856681562344778,0.45996237574761434,0
4,53.0,42.0,5,0,0.01359364801051889,0.45996237574761434,0
4,54.0,41.0,5,0,0.04169926971512,0.45996237574761434,0
4,55.0,40.0,5,0,0.003511306324774212,0.45996237574761434,0
4,56.0,39.0,5,0,0.183624859669142,0.45996237574761434,0
4,57.0,38.0,5,0,0.07108200485493012,0.45996237574761434,0
4,58.0,37.0,5,0,0.050011009785164456,0.45996237574761434,0
4,59.0,36.0,5,0,0.03922689914456276,0.45996237574761434,0
4,60.0,35.0,5,0,0.07429947755543127,0.45996237574761434,0
4,61.0,34.0,5,0,0.00800222913734488,0.45996237574761434,0
4,62.0,33.0,5,0,0.16000011025226407,0.45996237574761434,0
4,63.0,32.0,5,0,0.1735389597055929,0.45996237574761434,0
4,64.0,31.0,5,0,0.23060364409478137,0.45996237574761434,0
4,65.0,30.0,5,0,0.16658307518527035,0.45996237574761434,0
4,66.0,29.0,5,0,0.10394930553638922,0.45996237574761434,0
4,67.0,28.0,5,0,0.14866738361631518,0.45996237574761434,0
4,68.0,27.0,5,0,0.7834942212526562,0.45996237574761434,1
4,69.0,26.0,5,0,0.43865505242964464,0.45996237574761434,0
4,70.0,25.0,5,0,0.2762881097006436,0.45996237574761434,0
4,71.0,24.0,5,0,0.6750934989927656,0.45996237574761434,1
4,72.0,23.0,5,0,0.8604532566882019,0.45996237574761434,1
4,73.0,22.0,5,0,0.8636256894489247,0.45996237574761434,1
4,74.0,21.0,5,0,0.8774595413275981,0.45996237574761434,1
4,75.0,20.0,5,1,0.8608877101206146,0.45996237574761434,1
4,76.0,19.0,5,1,0.8646374823086999,0.45996237574761434,1
4,77.0,18.0,5,1,0.5228920146370136,0.45996237574761434,1
4,78.0,17.0,5,1,0.9668038807453991,0.45996237574761434,1
4,79.0,16.0,5,1,0.9824600524179488,0.45996237574761434,1
4,80.0,15.0,5,1,0.8373832314619464,0.45996237574761434,1
4,81.0,14.0,5,1,0.9825691942794876,0.45996237574761434,1
4,82.0,13.0,5,1,0.9497381702626088,0.45996237574761434,1
4,83.0,12.0,5,1,0.9357547520311329,0.45996237574761434,1
4,84.0,11.0,5,1,0.9323304737541788,0.45996237574761434,1
4,85.0,10.0,5,1,0.9882524819243953,0.45996237574761434,1
4,86.0,9.0,5,1,0.9822291837786823,0.45996237574761434,1
4,87.0,8.0,5,1,0.9850633099959887,0.45996237574761434,1
4,88.0,7.0,5,1,0.9835293937767565,0.45996237574761434,1
4,89.0,6.0,5,1,0.9949249709993199,0.45996237574761434,1
4,90.0,5.0,5,1,0.9660127823923108,0.45996237574761434,1
4,91.0,4.0,5,1,0.9855774015796295,0.45996237574761434,1
4,92.0,3.0,5,1,0.9793488161507736,0.45996237574761434,1
4,93.0,2.0,5,1,0.9824231919200405,0.45996237574761434,1
4,94.0,1.0,5,1,0.9605018496343062,0.45996237574761434,1
4,95.0,0.0,5,1,0.9847473706637865,0.45996237574761434,1
5,1.0,88.0,1,0,0.285911216004053,0.47936572047395676,0
5,2.0,87.0,1,0,0.2515394443536102,0.47936572047395676,0
5,3.0,86.0,1,0,0.16945433984192723,0.47936572047395676,0
5,4.0,85.0,1,0,0.2785615204306753,0.47936572047395676,0
5,5.0,84.0,1,0,0.12781835021876006,0.47936572047395676,0
5,6.0,83.0,1,0,0.1240508716575136,0.47936572047395676,0
5,7.0,82.0,1,0,0.1607788949884053,0.47936572047395676,0
5,8.0,81.0,1,0,0.19439407860003352,0.47936572047395676,0
5,9.0,80.0,1,0,0.14860839041712906,0.47936572047395676,0
5,10.0,79.0,1,0,0.18605910243497378,0.47936572047395676,0
5,11.0,78.0,1,0,0.3410363094752167,0.47936572047395676,0
5,12.0,77.0,1,0,0.21826048222198455,0.47936572047395676,0
5,13.0,76.0,1,0,0.28343000654091943,0.47936572047395676,0
5,14.0,75.0,1,0,0.41223657204066577,0.47936572047395676,0
5,15.0,74.0,1,0,0.09674210983664051,0.47936572047395676,0
5,16.0,73.0,1,0,0.20470985686612034,0.47936572047395676,0
5,17.0,72.0,1,0,0.20527811929196704,0.47936572047395676,0
5,18.0,71.0,1,0,0.22614397656205198,0.47936572047395676,0
5,19.0,70.0,1,0,0.15478421805639841,0.47936572047395676,0
5,20.0,69.0,1,0,0.1994986299729152,0.47936572047395676,0
5,21.0,68.0,1,0,0.1792793346033029,0.47936572047395676,0
5,22.0,67.0,1,0,0.1917459110493183,0.47936572047395676,0
5,23.0,66.0,1,0,0.30154652425026646,0.47936572047395676,0
5,24.0,65.0,1,0,0.10198732749341174,0.47936572047395676,0
5,25.0,64.0,1,0,0.1813879413142128,0.47936572047395676,0
5,26.0,63.0,1,0,0.10813220106526684,0.47936572047395676,0
5,27.0,62.0,1,0,0.21809044515354098,0.47936572047395676,0
5,28.0,61.0,1,0,0.14299378017192257,0.47936572047395676,0
5,29.0,60.0,1,0,0.11419668561954685,0.47936572047395676,0
5,30.0,59.0,1,0,0.24885514335264758,0.47936572047395676,0
5,31.0,58.0,1,0,0.21880328730076834,0.47936572047395676,0
5,32.0,57.0,1,0,0.2669169082803121,0.47936572047395676,0
5,33.0,56.0,1,0,0.20926779591975453,0.47936572047395676,0
5,34.0,55.0,1,0,0.16279935487757424,0.47936572047395676,0
5,35.0,54.0,1,0,0.11768453732396694,0.47936572047395676,0
5,36.0,53.0,1,0,0.20425388018817378,0.47936572047395676,0
5,37.0,52.0,1,0,0.20345262527491495,0.47936572047395676,0
5,38.0,51.0,1,0,0.1715269919132838,0.47936572047395676,0
5,39.0,50.0,1,0,0.12600616850595386,0.47936572047395676,0
5,40.0,49.0,1,0,0.32901133993703097,0.47936572047395676,0
5,41.0,48.0,1,0,0.21443840283183052,0.47936572047395676,0
5,42.0,47.0,1,0,0.2826883303167237,0.47936572047395676,0
5,43.0,46.0,1,0,0.47833219337893323,0.47936572047395676,0
5,44.0,45.0,1,0,0.3999258967538459,0.47936572047395676,0
5,45.0,44.0,1,0,0.23861190985489059,0.47936572047395676,0
5,46.0,43.0,1,0,0.25672078755153604,0.47936572047395676,0
5,47.0,42.0,1,0,0.29532815601633977,0.47936572047395676,0
5,48.0,41.0,1,0,0.4050282826113347,0.47936572047395676,0
5,49.0,40.0,1,0,0.2514934157058906,0.47936572047395676,0
5,50.0,39.0,1,0,0.3469919991775876,0.47936572047395676,0
5,51.0,38.0,1,0,0.19496569351882329,0.47936572047395676,0
5,52.0,37.0,1,0,0.313618988113541,0.47936572047395676,0
5,53.0,36.0,1,0,0.5488991415151082,0.47936572047395676,1
5,54.0,35.0,1,0,0.3960987517155413,0.47936572047395676,0
5,55.0,34.0,1,0,0.6312641758862637,0.47936572047395676,1
5,56.0,33.0,1,0,0.38128502628210476,0.47936572047395676,0
5,57.0,32.0,1,0,0.2802158205214013,0.47936572047395676,0
5,58.0,31.0,1,0,0.44759206437558835,0.47936572047395676,0
5,59.0,30.0,1,0,0.31745345372788714,0.47936572047395676,0
5,60.0,29.0,1,0,0.3206512392213467,0.47936572047395676,0
5,61.0,28.0,1,0,0.46242224707695856,0.47936572047395676,0
5,62.0,27.0,1,0,0.48948339710708855,0.47936572047395676,1
5,63.0,26.0,1,0,0.6466552605631829,0.47936572047395676,1
5,64.0,25.0,1,0,0.6757056128714364,0.47936572047395676,1
5,65.0,24.0,1,0,0.6556962070768588,0.47936572047395676,1
5,66.0,23.0,1,0,0.7576242118521258,0.47936572047395676,1
5,67.0,22.0,1,0,0.475484136505498,0.47936572047395676,0
5,68.0,21.0,1,0,0.6185140470494066,0.47936572047395676,1
5,69.0,20.0,1,1,0.6764674920904133,0.47936572047395676,1
5,70.0,19.0,1,1,0.7911320609098832,0.47936572047395676,1
5,71.0,18.0,1,1,0.7295418312551301,0.47936572047395676,1
5,72.0,17.0,1,1,0.6806311642744682,0.47936572047395676,1
5,73.0,16.0,1,1,0.6294962621448935,0.47936572047395676,1
5,74.0,15.0,1,1,0.8955885693512701,0.47936572047395676,1
5,75.0,14.0,1,1,0.930763055796395,0.47936572047395676,1
5,76.0,13.0,1,1,0.8140949797267252,0.47936572047395676,1
5,77.0,12.0,1,1,0.9494501140216492,0.47936572047395676,1
5,78.0,11.0,1,1,0.607056257596065,0.47936572047395676,1
5,79.0,10.0,1,1,0.8903266633160765,0.47936572047395676,1
5,80.0,9.0,1,1,0.9576608613522584,0.47936572047395676,1
5,81.0,8.0,1,1,0.8689280859561122,0.47936572047395676,1
5,82.0,7.0,1,1,0.9857455813192971,0.47936572047395676,1
5,83.0,6.0,1,1,0.9620694352238874,0.47936572047395676,1
5,84.0,5.0,1,1,0.8018778931055044,0.47936572047395676,1
5,85.0,4.0,1,1,0.8261150799601074,0.47936572047395676,1
5,86.0,3.0,1,1,0.6404187584085573,0.47936572047395676,1
5,87.0,2.0,1,1,0.9668254527735722,0.47936572047395676,1
5,88.0,1.0,1,1,0.8774878398091813,0.47936572047395676,1
5,89.0,0.0,1,1,0.9066433520583642,0.47936572047395676,1
6,1.0,93.0,4,0,0.0811350652212502,0.4736130371384783,0
6,2.0,92.0,4,0,0.20237873425488567,0.4736130371384783,0
6,3.0,91.0,4,0,0.35101103706081466,0.4736130371384783,0
6,4.0,90.0,4,0,0.1224868596839343,0.4736130371384783,0
6,5.0,89.0,4,0,0.3180483641347432,0.4736130371384783,0
6,6.0,88.0,4,0,0.07938275292872606,0.4736130371384783,0
6,7.0,87.0,4,0,0.17335977955156695,0.4736130371384783,0
6,8.0,86.0,4,0,0.3409216997619422,0.4736130371384783,0
6,9.0,85.0,4,0,0.2830669728572459,0.4736130371384783,0
6,10.0,84.0,4,0,0.42767497546817257,0.4736130371384783,0
6,11.0,83.0,4,0,0.17105774461261106,0.4736130371384783,0
6,12.0,82.0,4,0,0.12494568642780338,0.4736130371384783,0
6,13.0,81.0,4,0,0.22584744028049164,0.4736130371384783,0
6,14.0,80.0,4,0,0.12593089239631308,0.4736130371384783,0
6,15.0,79.0,4,0,0.11249301655975719,0.4736130371384783,0
6,16.0,78.0,4,0,0.19779967610785404,0.4736130371384783,0
6,17.0,77.0,4,0,0.2088194786237857,0.4736130371384783,0
6,18.0,76.0,4,0,0.2618920610291338,0.4736130371384783,0
6,19.0,75.0,4,0,0.17362543331647692,0.4736130371384783,0
6,20.0,74.0,4,0,0.3514669906213295,0.4736130371384783,0
6,21.0,73.0,4,0,0.28125925298992543,0.4736130371384783,0
6,22.0,72.0,4,0,0.18506972104132552,0.4736130371384783,0
6,23.0,71.0,4,0,0.18186859517690437,0.4736130371384783,0
6,24.0,70.0,4,0,0.16189101271931772,0.4736130371384783,0
6,25.0,69.0,4,0,0.2003190786020669,0.4736130371384783,0
6,26.0,68.0,4,0,0.14235680613029217,0.4736130371384783,0
6,27.0,67.0,4,0,0.15437402560356628,0.4736130371384783,0
6,28.0,66.0,4,0,0.29053479245362135,0.4736130371384783,0
6,29.0,65.0,4,0,0.26594354244186097,0.4736130371384783,0
6,30.0,64.0,4,0,0.1783865118630726,0.4736130371384783,0
6,31.0,63.0,4,0,0.27338628745588706,0.4736130371384783,0
6,32.0,62.0,4,0,0.23604659264482028,0.4736130371384783,0
6,33.0,61.0,4,0,0.18526419913083017,0.4736130371384783,0
6,34.0,60.0,4,0,0.24894627533610386,0.4736130371384783,0
6,35.0,59.0,4,0,0.17625815947280055,0.4736130371384783,0
6,36.0,58.0,4,0,0.15258651209135823,0.4736130371384783,0
6,37.0,57.0,4,0,0.3508108750788042,0.4736130371384783,0
6,38.0,56.0,4,0,0.18376269784397375,0.4736130371384783,0
6,39.0,55.0,4,0,0.1425375923883342,0.4736130371384783,0
6,40.0,54.0,4,0,0.14782085027194514,0.4736130371384783,0
6,41.0,53.0,4,0,0.24452482368741912,0.4736130371384783,0
6,42.0,52.0,4,0,0.16774007848850445,0.4736130371384783,0
6,43.0,51.0,4,0,0.3450944862661079,0.4736130371384783,0
6,44.0,50.0,4,0,0.24137765713532994,0.4736130371384783,0
6,45.0,49.0,4,0,0.2483456751888825,0.4736130371384783,0
6,46.0,48.0,4,0,0.1949054381251709,0.4736130371384783,0
6,47.0,47.0,4,0,0.30855458589776497,0.4736130371384783,0
6,48.0,46.0,4,0,0.296724973300851,0.4736130371384783,0
6,49.0,45.0,4,0,0.2137386360409589,0.4736130371384783,0
6,50.0,44.0,4,0,0.19833189129511777,0.4736130371384783,0
6,51.0,43.0,4,0,0.368477743043027,0.4736130371384783,0
6,52.0,42.0,4,0,0.13301108318705337,0.4736130371384783,0
6,53.0,41.0,4,0,0.19615076327382047,0.4736130371384783,0
6,54.0,40.0,4,0,0.17667173590183521,0.4736130371384783,0
6,55.0,39.0,4,0,0.3544538054634206,0.4736130371384783,0
6,56.0,38.0,4,0,0.17258248723878014,0.4736130371384783,0
6,57.0,37.0,4,0,0.15783302341016783,0.4736130371384783,0
6,58.0,36.0,4,0,0.45095675609511343,0.4736130371384783,0
6,59.0,35.0,4,0,0.4340491966644345,0.4736130371384783,0
6,60.0,34.0,4,0,0.2679114017778346,0.4736130371384783,0
6,61.0,33.0,4,0,0.8206485809971154,0.4736130371384783,1
6,62.0,32.0,4,0,0.3882100758157072,0.4736130371384783,0
6,63.0,31.0,4,0,0.34591749396921256,0.4736130371384783,0
6,64.0,30.0,4,0,0.2931017689258518,0.4736130371384783,0
6,65.0,29.0,4,0,0.23497317775278573,0.4736130371384783,0
6,66.0,28.0,4,0,0.4478780433936768,0.4736130371384783,0
6,67.0,27.0,4,0,0.28408341758389916,0.4736130371384783,0
6,68.0,26.0,4,0,0.30608398103666906,0.4736130371384783,0
6,69.0,25.0,4,0,0.6171786630962589,0.4736130371384783,1
6,70.0,24.0,4,0,0.37151760582969073,0.4736130371384783,0
6,71.0,23.0,4,0,0.6018494310979003,0.4736130371384783,1
6,72.0,22.0,4,0,0.6877106825871884,0.4736130371384783,1
6,73.0,21.0,4,0,0.4263186705622656,0.4736130371384783,0
6,74.0,20.0,4,1,0.8841237102830735,0.4736130371384783,1
6,75.0,19.0,4,1,0.793049633365179,0.4736130371384783,1
6,76.0,18.0,4,1,0.7315393521821537,0.4736130371384783,1
6,77.0,17.0,4,1,0.808066053490255,0.4736130371384783,1
6,78.0,16.0,4,1,0.9394552390310559,0.4736130371384783,1
6,79.0,15.0,4,1,0.6627454829368808,0.4736130371384783,1
6,80.0,14.0,4,1,0.889940879786206,0.4736130371384783,1
6,81.0,13.0,4,1,0.8663984162343649,0.4736130371384783,1
6,82.0,12.0,4,1,0.549571884405114,0.4736130371384783,1
6,83.0,11.0,4,1,0.5497501104557811,0.4736130371384783,1
6,84.0,10.0,4,1,0.9508748145240936,0.4736130371384783,1
6,85.0,9.0,4,1,0.9439517643407147,0.4736130371384783,1
6,86.0,8.0,4,1,0.6359930235026281,0.4736130371384783,1
6,87.0,7.0,4,1,0.9552967084845089,0.4736130371384783,1
6,88.0,6.0,4,1,0.7569514942993627,0.4736130371384783,1
6,89.0,5.0,4,1,0.7233739029850692,0.4736130371384783,1
6,90.0,4.0,4,1,0.8781113147577291,0.4736130371384783,1
6,91.0,3.0,4,1,0.8979694215331538,0.4736130371384783,1
6,92.0,2.0,4,1,0.9405084699452404,0.4736130371384783,1
6,93.0,1.0,4,1,0.9718803146429819,0.4736130371384783,1
6,94.0,0.0,4,1,0.9491225383029221,0.4736130371384783,1
7,1.0,89.0,4,0,0.021617550038418327,0.4736130371384783,0
7,2.0,88.0,4,0,0.03055048612173339,0.4736130371384783,0
7,3.0,87.0,4,0,0.17756503677500726,0.4736130371384783,0
7,4.0,86.0,4,0,0.01050970107076219,0.4736130371384783,0
7,5.0,85.0,4,0,0.015348566910328239,0.4736130371384783,0
7,6.0,84.0,4,0,0.06104068252960549,0.4736130371384783,0
7,7.0,83.0,4,0,0.025715742223253058,0.4736130371384783,0
7,8.0,82.0,4,0,0.019758773839275223,0.4736130371384783,0
7,9.0,81.0,4,0,0.016267258905313935,0.4736130371384783,0
7,10.0,80.0,4,0,0.09058291475086104,0.4736130371384783,0
7,11.0,79.0,4,0,0.021680827763157207,0.4736130371384783,0
7,12.0,78.0,4,0,0.07650508304977463,0.4736130371384783,0
7,13.0,77.0,4,0,0.022760567558298427,0.4736130371384783,0
7,14.0,76.0,4,0,0.005471442910171059,0.4736130371384783,0
7,15.0,75.0,4,0,0.06245004539298758,0.4736130371384783,0
7,16.0,74.0,4,0,0.2992826403388436,0.4736130371384783,0
7,17.0,73.0,4,0,0.07864056679857,0.4736130371384783,0
7,18.0,72.0,4,0,0.03352587702805471,0.4736130371384783,0
7,19.0,71.0,4,0,0.03795677759967783,0.4736130371384783,0
7,20.0,70.0,4,0,0.02346193681272302,0.4736130371384783,0
7,21.0,69.0,4,0,0.05735613435213597,0.4736130371384783,0
7,22.0,68.0,4,0,0.01843316252242915,0.4736130371384783,0
7,23.0,67.0,4,0,0.016631949020553257,0.4736130371384783,0
7,24.0,66.0,4,0,0.09524620303209051,0.4736130371384783,0
7,25.0,65.0,4,0,0.22755533692990443,0.4736130371384783,0
7,26.0,64.0,4,0,0.186193767419213,0.4736130371384783,0
7,27.0,63.0,4,0,0.05543399803751353,0.4736130371384783,0
7,28.0,62.0,4,0,0.07864056679857,0.4736130371384783,0
7,29.0,61.0,4,0,0.07716567797570252,0.4736130371384783,0
7,30.0,60.0,4,0,0.1497453366133729,0.4736130371384783,0
7,31.0,59.0,4,0,0.04761632864408594,0.4736130371384783,0
7,32.0,58.0,4,0,0.050424543376862314,0.4736130371384783,0
7,33.0,57.0,4,0,0.04246303995717216,0.4736130371384783,0
7,34.0,56.0,4,0,0.07611421254704319,0.4736130371384783,0
7,35.0,55.0,4,0,0.053338243790895086,0.4736130371384783,0
7,36.0,54.0,4,0,0.062440830669826426,0.4736130371384783,0
7,37.0,53.0,4,0,0.008363953439378164,0.4736130371384783,0
7,38.0,52.0,4,0,0.06990848933262031,0.4736130371384783,0
7,39.0,51.0,4,0,0.023327219295812152,0.4736130371384783,0
7,40.0,50.0,4,0,0.052971139943580374,0.4736130371384783,0
7,41.0,49.0,4,0,0.010318061350789843,0.4736130371384783,0
7,42.0,48.0,4,0,0.12031286819425618,0.4736130371384783,0
7,43.0,47.0,4,0,0.04866822375443442,0.4736130371384783,0
7,44.0,46.0,4,0,0.05687778013867776,0.4736130371384783,0
7,45.0,45.0,4,0,0.04749442999187687,0.4736130371384783,0
7,46.0,44.0,4,0,0.06760113031245917,0.4736130371384783,0
7,47.0,43.0,4,0,0.02637262280753886,0.4736130371384783,0
7,48.0,42.0,4,0,0.0621097771928245,0.4736130371384783,0
7,49.0,41.0,4,0,0.0754042262827363,0.4736130371384783,0
7,50.0,40.0,4,0,0.09496932599248714,0.4736130371384783,0
7,51.0,39.0,4,0,0.09494903333354077,0.4736130371384783,0
7,52.0,38.0,4,0,0.06796299481245635,0.4736130371384783,0
7,53.0,37.0,4,0,0.2425637870891476,0.4736130371384783,0
7,54.0,36.0,4,0,0.020109788103608837,0.4736130371384783,0
7,55.0,35.0,4,0,0.09633274919145463,0.4736130371384783,0
7,56.0,34.0,4,0,0.09207485342395454,0.4736130371384783,0
7,57.0,33.0,4,0,0.12397202543107838,0.4736130371384783,0
7,58.0,32.0,4,0,0.16334627547441152,0.4736130371384783,0
7,59.0,31.0,4,0,0.5819201264549568,0.4736130371384783,1
7,60.0,30.0,4,0,0.35926628850732084,0.4736130371384783,0
7,61.0,29.0,4,0,0.18130841225513067,0.4736130371384783,0
7,62.0,28.0,4,0,0.19676603537227758,0.4736130371384783,0
7,63.0,27.0,4,0,0.09705319964168117,0.4736130371384783,0
7,64.0,26.0,4,0,0.1777473162332989,0.4736130371384783,0
7,65.0,25.0,4,0,0.11630801393807627,0.4736130371384783,0
7,66.0,24.0,4,0,0.4227301636085228,0.4736130371384783,0
7,67.0,23.0,4,0,0.396191848509601,0.4736130371384783,0
7,68.0,22.0,4,0,0.6575011403441944,0.4736130371384783,1
7,69.0,21.0,4,0,0.6743817072755355,0.4736130371384783,1
7,70.0,20.0,4,1,0.33944082475807513,0.4736130371384783,0
7,71.0,19.0,4,1,0.7098259338688101,0.4736130371384783,1
7,72.0,18.0,4,1,0.39044200508767113,0.4736130371384783,0
7,73.0,17.0,4,1,0.6434108857010625,0.4736130371384783,1
7,74.0,16.0,4,1,0.7023987979568377,0.4736130371384783,1
7,75.0,15.0,4,1,0.935828827418807,0.4736130371384783,1
7,76.0,14.0,4,1,0.7990900601007691,0.4736130371384783,1
7,77.0,13.0,4,1,0.6439009035163779,0.4736130371384783,1
7,78.0,12.0,4,1,0.9477067758369561,0.4736130371384783,1
7,79.0,11.0,4,1,0.8724424558801946,0.4736130371384783,1
7,80.0,10.0,4,1,0.9782384765128309,0.4736130371384783,1
7,81.0,9.0,4,1,0.973037616579635,0.4736130371384783,1
7,82.0,8.0,4,1,0.9084151266840327,0.4736130371384783,1
7,83.0,7.0,4,1,0.9244716651824215,0.4736130371384783,1
7,84.0,6.0,4,1,0.9556474649446911,0.4736130371384783,1
7,85.0,5.0,4,1,0.941289376002125,0.4736130371384783,1
7,86.0,4.0,4,1,0.9800412477715508,0.4736130371384783,1
7,87.0,3.0,4,1,0.9647400339667618,0.4736130371384783,1
7,88.0,2.0,4,1,0.9632278690129275,0.4736130371384783,1
7,89.0,1.0,4,1,0.9853249134841618,0.4736130371384783,1
7,90.0,0.0,4,1,0.9533432780766712,0.4736130371384783,1
8,1.0,88.0,5,0,0.17440640784680267,0.45996237574761434,0
8,2.0,87.0,5,0,0.17102234612201975,0.45996237574761434,0
8,3.0,86.0,5,0,0.2970346333390342,0.45996237574761434,0
8,4.0,85.0,5,0,0.1826695110881237,0.45996237574761434,0
8,5.0,84.0,5,0,0.2394328637869965,0.45996237574761434,0
8,6.0,83.0,5,0,0.013820252676208612,0.45996237574761434,0
8,7.0,82.0,5,0,0.27453088390898894,0.45996237574761434,0
8,8.0,81.0,5,0,0.28665783772844067,0.45996237574761434,0
8,9.0,80.0,5,0,0.17356304687558946,0.45996237574761434,0
8,10.0,79.0,5,0,0.4367242456291735,0.45996237574761434,0
8,11.0,78.0,5,0,0.20455519089059912,0.45996237574761434,0
8,12.0,77.0,5,0,0.21223266216645678,0.45996237574761434,0
8,13.0,76.0,5,0,0.1641688492352695,0.45996237574761434,0
8,14.0,75.0,5,0,0.240300082648068,0.45996237574761434,0
8,15.0,74.0,5,0,0.30673197034100463,0.45996237574761434,0
8,16.0,73.0,5,0,0.17799310560237552,0.45996237574761434,0
8,17.0,72.0,5,0,0.05344590312206606,0.45996237574761434,0
8,18.0,71.0,5,0,0.12563733077617198,0.45996237574761434,0
8,19.0,70.0,5,0,0.220359545061678,0.45996237574761434,0
8,20.0,69.0,5,0,0.30434769103170883,0.45996237574761434,0
8,21.0,68.0,5,0,0.25125063357759597,0.45996237574761434,0
8,22.0,67.0,5,0,0.26294924360974004,0.45996237574761434,0
8,23.0,66.0,5,0,0.1389477329832859,0.45996237574761434,0
8,24.0,65.0,5,0,0.22712674482922965,0.45996237574761434,0
8,25.0,64.0,5,0,0.15104059442404844,0.45996237574761434,0
8,26.0,63.0,5,0,0.2954155332846169,0.45996237574761434,0
8,27.0,62.0,5,0,0.23044316819047822,0.45996237574761434,0
8,28.0,61.0,5,0,0.09614412844799994,0.45996237574761434,0
8,29.0,60.0,5,0,0.2041506261523185,0.45996237574761434,0
8,30.0,59.0,5,0,0.17096348346817689,0.45996237574761434,0
8,31.0,58.0,5,0,0.17812800384460054,0.45996237574761434,0
8,32.0,57.0,5,0,0.19285938892747176,0.45996237574761434,0
8,33.0,56.0,5,0,0.14201974822745614,0.45996237574761434,0
8,34.0,55.0,5,0,0.26840449785563736,0.45996237574761434,0
8,35.0,54.0,5,0,0.24110218244968343,0.45996237574761434,0
8,36.0,53.0,5,0,0.15729919963296765,0.45996237574761434,0
8,37.0,52.0,5,0,0.282916964648138,0.45996237574761434,0
8,38.0,51.0,5,0,0.32710890327560116,0.45996237574761434,0
8,39.0,50.0,5,0,0.19074559192083032,0.45996237574761434,0
8,40.0,49.0,5,0,0.2702244763035143,0.45996237574761434,0
8,41.0,48.0,5,0,0.26058001685332527,0.45996237574761434,0
8,42.0,47.0,5,0,0.385791595431628,0.45996237574761434,0
8,43.0,46.0,5,0,0.2777900750129647,0.45996237574761434,0
8,44.0,45.0,5,0,0.4778200929591809,0.45996237574761434,1
8,45.0,44.0,5,0,0.1848119507424904,0.45996237574761434,0
8,46.0,43.0,5,0,0.452871972764248,0.45996237574761434,0
8,47.0,42.0,5,0,0.22752041097961334,0.45996237574761434,0
8,48.0,41.0,5,0,0.3179876291551322,0.45996237574761434,0
8,49.0,40.0,5,0,0.2540052662943369,0.45996237574761434,0
8,50.0,39.0,5,0,0.2655819543522037,0.45996237574761434,0
8,51.0,38.0,5,0,0.29218014204973164,0.45996237574761434,0
8,52.0,37.0,5,0,0.22837921127436017,0.45996237574761434,0
8,53.0,36.0,5,0,0.22128888334745583,0.45996237574761434,0
8,54.0,35.0,5,0,0.2823629266472316,0.45996237574761434,0
8,55.0,34.0,5,0,0.2842104391890118,0.45996237574761434,0
8,56.0,33.0,5,0,0.3261206227405312,0.45996237574761434,0
8,57.0,32.0,5,0,0.417253347351431,0.45996237574761434,0
8,58.0,31.0,5,0,0.4631550130308298,0.45996237574761434,1
8,59.0,30.0,5,0,0.3109004543429852,0.45996237574761434,0
8,60.0,29.0,5,0,0.49897472331780895,0.45996237574761434,1
8,61.0,28.0,5,0,0.4521464303241592,0.45996237574761434,0
8,62.0,27.0,5,0,0.6022826067081373,0.45996237574761434,1
8,63.0,26.0,5,0,0.6603251427446081,0.45996237574761434,1
8,64.0,25.0,5,0,0.4526847222217115,0.45996237574761434,0
8,65.0,24.0,5,0,0.5081853646113003,0.45996237574761434,1
8,66.0,23.0,5,0,0.7622790250878476,0.45996237574761434,1
8,67.0,22.0,5,0,0.873881704949847,0.45996237574761434,1
8,68.0,21.0,5,0,0.7287162633002612,0.45996237574761434,1
8,69.0,20.0,5,1,0.4063196825174346,0.45996237574761434,0
8,70.0,19.0,5,1,0.6577484106487045,0.45996237574761434,1
8,71.0,18.0,5,1,0.5621699572147361,0.45996237574761434,1
8,72.0,17.0,5,1,0.7463864676112131,0.45996237574761434,1
8,73.0,16.0,5,1,0.8287258098219972,0.45996237574761434,1
8,74.0,15.0,5,1,0.8330031258303043,0.45996237574761434,1
8,75.0,14.0,5,1,0.8761928886746737,0.45996237574761434,1
8,76.0,13.0,5,1,0.800067727374547,0.45996237574761434,1
8,77.0,12.0,5,1,0.9712781560579962,0.45996237574761434,1
8,78.0,11.0,5,1,0.7507229096064849,0.45996237574761434,1
8,79.0,10.0,5,1,0.8993097814391878,0.45996237574761434,1
8,80.0,9.0,5,1,0.782678125224684,0.45996237574761434,1
8,81.0,8.0,5,1,0.8250591529893505,0.45996237574761434,1
8,82.0,7.0,5,1,0.8811833917488217,0.45996237574761434,1
8,83.0,6.0,5,1,0.9327175765888229,0.45996237574761434,1
8,84.0,5.0,5,1,0.9776023845479215,0.45996237574761434,1
8,85.0,4.0,5,1,0.8633366245258687,0.45996237574761434,1
8,86.0,3.0,5,1,0.9632929141257224,0.45996237574761434,1
8,87.0,2.0,5,1,0.9751734387916534,0.45996237574761434,1
8,88.0,1.0,5,1,0.9757233267883838,0.45996237574761434,1
8,89.0,0.0,5,1,0.9717972012997791,0.45996237574761434,1
9,1.0,79.0,2,0,0.030187818875240382,0.4622183788044668,0
9,2.0,78.0,2,0,0.04585240426662867,0.4622183788044668,0
9,3.0,77.0,2,0,0.018098954615211778,0.4622183788044668,0
9,4.0,76.0,2,0,0.02415025608355027,0.4622183788044668,0
9,5.0,75.0,2,0,0.0924516086397737,0.4622183788044668,0
9,6.0,74.0,2,0,0.07304480154285792,0.4622183788044668,0
9,7.0,73.0,2,0,0.01920074404802995,0.4622183788044668,0
9,8.0,72.0,2,0,0.036358978506386294,0.4622183788044668,0
9,9.0,71.0,2,0,0.10653948941360467,0.4622183788044668,0
9,10.0,70.0,2,0,0.005617106887890128,0.4622183788044668,0
9,11.0,69.0,2,0,0.09118009548236942,0.4622183788044668,0
9,12.0,68.0,2,0,0.07473864246929188,0.4622183788044668,0
9,13.0,67.0,2,0,0.09175752008839376,0.4622183788044668,0
9,14.0,66.0,2,0,0.04342665660900887,0.4622183788044668,0
9,15.0,65.0,2,0,0.005995847847672199,0.4622183788044668,0
9,16.0,64.0,2,0,0.06540623568401052,0.4622183788044668,0
9,17.0,63.0,2,0,0.01580848570318855,0.4622183788044668,0
9,18.0,62.0,2,0,0.017683803561343765,0.4622183788044668,0
9,19.0,61.0,2,0,0.015375516594304537,0.4622183788044668,0
9,20.0,60.0,2,0,0.08287305385957427,0.4622183788044668,0
9,21.0,59.0,2,0,0.09007336172390719,0.4622183788044668,0
9,22.0,58.0,2,0,0.08419431453780346,0.4622183788044668,0
9,23.0,57.0,2,0,0.006002639150355107,0.4622183788044668,0
9,24.0,56.0,2,0,0.07634240009425265,0.4622183788044668,0
9,25.0,55.0,2,0,0.111405720716375,0.4622183788044668,0
9,26.0,54.0,2,0,0.05909337362016965,0.4622183788044668,0
9,27.0,53.0,2,0,0.011398243343003054,0.4622183788044668,0
9,28.0,52.0,2,0,0.09019502800073965,0.4622183788044668,0
9,29.0,51.0,2,0,0.013993306793756384,0.4622183788044668,0
9,30.0,50.0,2,0,0.08901240688245671,0.4622183788044668,0
9,31.0,49.0,2,0,0.023432738679892335,0.4622183788044668,0
9,32.0,48.0,2,0,0.0963834896117147,0.4622183788044668,0
9,33.0,47.0,2,0,0.04919018695470595,0.4622183788044668,0
9,34.0,46.0,2,0,0.020755730718597466,0.4622183788044668,0
9,35.0,45.0,2,0,0.06215364046896196,0.4622183788044668,0
9,36.0,44.0,2,0,0.0732301473057857,0.4622183788044668,0
9,37.0,43.0,2,0,0.12111420869599789,0.4622183788044668,0
9,38.0,42.0,2,0,0.002974493849045555,0.4622183788044668,0
9,39.0,41.0,2,0,0.06656884896012237,0.4622183788044668,0
9,40.0,40.0,2,0,0.016970708615650098,0.4622183788044668,0
9,41.0,39.0,2,0,0.16274043164125446,0.4622183788044668,0
9,42.0,38.0,2,0,0.025498210629233402,0.4622183788044668,0
9,43.0,37.0,2,0,0.16399524255570305,0.4622183788044668,0
9,44.0,36.0,2,0,0.07841625147436633,0.4622183788044668,0
9,45.0,35.0,2,0,0.1606745622729871,0.4622183788044668,0
9,46.0,34.0,2,0,0.07297698741535907,0.4622183788044668,0
9,47.0,33.0,2,0,0.031210804548385627,0.4622183788044668,0
9,48.0,32.0,2,0,0.09514729382407036,0.4622183788044668,0
9,49.0,31.0,2,0,0.2155578560755101,0.4622183788044668,0
9,50.0,30.0,2,0,0.038728184958443615,0.4622183788044668,0
9,51.0,29.0,2,0,0.04858778593374739,0.4622183788044668,0
9,52.0,28.0,2,0,0.08653123656863003,0.4622183788044668,0
9,53.0,27.0,2,0,0.16826995235497533,0.4622183788044668,0
9,54.0,26.0,2,0,0.16444764233015538,0.4622183788044668,0
9,55.0,25.0,2,0,0.0989857631233915,0.4622183788044668,0
9,56.0,24.0,2,0,0.5293655886222147,0.4622183788044668,1
9,57.0,23.0,2,0,0.07557448922832359,0.4622183788044668,0
9,58.0,22.0,2,0,0.21679921440844438,0.4622183788044668,0
9,59.0,21.0,2,0,0.3129318903859544,0.4622183788044668,0
9,60.0,20.0,2,1,0.2022234957684053,0.4622183788044668,0
9,61.0,19.0,2,1,0.5042897234285242,0.4622183788044668,1
9,62.0,18.0,2,1,0.6109104767820017,0.4622183788044668,1
9,63.0,17.0,2,1,0.531701215658626,0.4622183788044668,1
9,64.0,16.0,2,1,0.8429475552512525,0.4622183788044668,1
9,65.0,15.0,2,1,0.7462484643087587,0.4622183788044668,1
9,66.0,14.0,2,1,0.7645043057594662,0.4622183788044668,1
9,67.0,13.0,2,1,0.8346882366630451,0.4622183788044668,1
9,68.0,12.0,2,1,0.8252881008340336,0.4622183788044668,1
9,69.0,11.0,2,1,0.5035259941295591,0.4622183788044668,1
9,70.0,10.0,2,1,0.8560823621705195,0.4622183788044668,1
9,71.0,9.0,2,1,0.9146516723366516,0.4622183788044668,1
9,72.0,8.0,2,1,0.9946388335263826,0.4622183788044668,1
9,73.0,7.0,2,1,0.9166008214404453,0.4622183788044668,1
9,74.0,6.0,2,1,0.9051527073286549,0.4622183788044668,1
9,75.0,5.0,2,1,0.9518386576419362,0.4622183788044668,1
9,76.0,4.0,2,1,0.995803962981049,0.4622183788044668,1
9,77.0,3.0,2,1,0.9545110950533076,0.4622183788044668,1
9,78.0,2.0,2,1,0.9762885730479582,0.4622183788044668,1
9,79.0,1.0,2,1,0.9607508716045989,0.4622183788044668,1
9,80.0,0.0,2,1,0.9922246041746611,0.4622183788044668,1
10,1.0,81.0,5,0,0.21045342052792917,0.45996237574761434,0
10,2.0,80.0,5,0,0.29833026094583653,0.45996237574761434,0
10,3.0,79.0,5,0,0.19217551311545128,0.45996237574761434,0
10,4.0,78.0,5,0,0.2562107362359163,0.45996237574761434,0
10,5.0,77.0,5,0,0.3317959828569317,0.45996237574761434,0
10,6.0,76.0,5,0,0.3004196463605355,0.45996237574761434,0
10,7.0,75.0,5,0,0.3651468482758582,0.45996237574761434,0
10,8.0,74.0,5,0,0.35768869113267776,0.45996237574761434,0
10,9.0,73.0,5,0,0.20133448368033027,0.45996237574761434,0
10,10.0,72.0,5,0,0.32421552453725105,0.45996237574761434,0
10,11.0,71.0,5,0,0.2452330485208339,0.45996237574761434,0
10,12.0,70.0,5,0,0.2183382148219902,0.45996237574761434,0
10,13.0,69.0,5,0,0.16666794483533628,0.45996237574761434,0
10,14.0,68.0,5,0,0.2708946777531761,0.45996237574761434,0
10,15.0,67.0,5,0,0.23335847348571917,0.45996237574761434,0
10,16.0,66.0,5,0,0.427559739158718,0.45996237574761434,0
10,17.0,65.0,5,0,0.3377650903066965,0.45996237574761434,0
10,18.0,64.0,5,0,0.1857347779728332,0.45996237574761434,0
10,19.0,63.0,5,0,0.3568330280032811,0.45996237574761434,0
10,20.0,62.0,5,0,0.24237002565249796,0.45996237574761434,0
10,21.0,61.0,5,0,0.4030292294565787,0.45996237574761434,0
10,22.0,60.0,5,0,0.220610396188056,0.45996237574761434,0
10,23.0,59.0,5,0,0.20979778454750295,0.45996237574761434,0
10,24.0,58.0,5,0,0.2702081620775241,0.45996237574761434,0
10,25.0,57.0,5,0,0.20371508295828766,0.45996237574761434,0
10,26.0,56.0,5,0,0.1334627203640886,0.45996237574761434,0
10,27.0,55.0,5,0,0.3020408277713955,0.45996237574761434,0
10,28.0,54.0,5,0,0.2887753052599122,0.45996237574761434,0
10,29.0,53.0,5,0,0.32955484360622816,0.45996237574761434,0
10,30.0,52.0,5,0,0.2038371056757182,0.45996237574761434,0
10,31.0,51.0,5,0,0.38091657084789976,0.45996237574761434,0
10,32.0,50.0,5,0,0.17679270898579932,0.45996237574761434,0
10,33.0,49.0,5,0,0.3669954094358806,0.45996237574761434,0
10,34.0,48.0,5,0,0.2736685825003118,0.45996237574761434,0
10,35.0,47.0,5,0,0.2351969965418511,0.45996237574761434,0
10,36.0,46.0,5,0,0.2158311793594378,0.45996237574761434,0
10,37.0,45.0,5,0,0.2243801625356622,0.45996237574761434,0
10,38.0,44.0,5,0,0.24718190126491507,0.45996237574761434,0
10,39.0,43.0,5,0,0.1430545126448354,0.45996237574761434,0
10,40.0,42.0,5,0,0.3401115698135676,0.45996237574761434,0
10,41.0,41.0,5,0,0.19190457620395318,0.45996237574761434,0
10,42.0,40.0,5,0,0.3854809679978246,0.45996237574761434,0
10,43.0,39.0,5,0,0.2840322068868684,0.45996237574761434,0
10,44.0,38.0,5,0,0.39246716499559814,0.45996237574761434,0
10,45.0,37.0,5,0,0.2930400137984396,0.45996237574761434,0
10,46.0,36.0,5,0,0.621979433576598,0.45996237574761434,1
10,47.0,35.0,5,0,0.3367826193241235,0.45996237574761434,0
10,48.0,34.0,5,0,0.24214506498408372,0.45996237574761434,0
10,49.0,33.0,5,0,0.4079827936907513,0.45996237574761434,0
10,50.0,32.0,5,0,0.32902694305168145,0.45996237574761434,0
10,51.0,31.0,5,0,0.22353606117275335,0.45996237574761434,0
10,52.0,30.0,5,0,0.4285546583603207,0.45996237574761434,0
10,53.0,29.0,5,0,0.5241683750275136,0.45996237574761434,1
10,54.0,28.0,5,0,0.4948299131362337,0.45996237574761434,1
10,55.0,27.0,5,0,0.41692272466283337,0.45996237574761434,0
10,56.0,26.0,5,0,0.6005463077050497,0.45996237574761434,1
10,57.0,25.0,5,0,0.6168836908916322,0.45996237574761434,1
10,58.0,24.0,5,0,0.2842079532510602,0.45996237574761434,0
10,59.0,23.0,5,0,0.49748888568299326,0.45996237574761434,1
10,60.0,22.0,5,0,0.5756133264333643,0.45996237574761434,1
10,61.0,21.0,5,0,0.5065337062311157,0.45996237574761434,1
10,62.0,20.0,5,1,0.7961666361951025,0.45996237574761434,1
10,63.0,19.0,5,1,0.8318703940228851,0.45996237574761434,1
10,64.0,18.0,5,1,0.7904836284446087,0.45996237574761434,1
10,65.0,17.0,5,1,0.6767621665587296,0.45996237574761434,1
10,66.0,16.0,5,1,0.5718071940444535,0.45996237574761434,1
10,67.0,15.0,5,1,0.9335261891247214,0.45996237574761434,1
10,68.0,14.0,5,1,0.5437383129711048,0.45996237574761434,1
10,69.0,13.0,5,1,0.613008658183295,0.45996237574761434,1
10,70.0,12.0,5,1,0.8228154105243888,0.45996237574761434,1
10,71.0,11.0,5,1,0.7960221015537934,0.45996237574761434,1
10,72.0,10.0,5,1,0.9269678574254216,0.45996237574761434,1
10,73.0,9.0,5,1,0.7940443887434219,0.45996237574761434,1
10,74.0,8.0,5,1,0.7652962976976544,0.45996237574761434,1
10,75.0,7.0,5,1,0.6382948968114841,0.45996237574761434,1
10,76.0,6.0,5,1,0.9834868934665263,0.45996237574761434,1
10,77.0,5.0,5,1,0.9251311437669768,0.45996237574761434,1
10,78.0,4.0,5,1,0.9758801912954026,0.45996237574761434,1
10,79.0,3.0,5,1,0.9482522994050901,0.45996237574761434,1
10,80.0,2.0,5,1,0.7793684357381674,0.45996237574761434,1
10,81.0,1.0,5,1,0.5690319728987532,0.45996237574761434,1
10,82.0,0.0,5,1,0.9862369337350462,0.45996237574761434,1
11,1.0,71.0,1,0,0.06248880777619397,0.47936572047395676,0
11,2.0,70.0,1,0,0.03172534016784754,0.47936572047395676,0
11,3.0,69.0,1,0,0.06935830451213303,0.47936572047395676,0
11,4.0,68.0,1,0,0.014561944221734294,0.47936572047395676,0
11,5.0,67.0,1,0,0.05105132540979765,0.47936572047395676,0
11,6.0,66.0,1,0,0.060588942519569165,0.47936572047395676,0
11,7.0,65.0,1,0,0.039159026088346184,0.47936572047395676,0
11,8.0,64.0,1,0,0.024697418869294874,0.47936572047395676,0
11,9.0,63.0,1,0,0.056800540526269545,0.47936572047395676,0
11,10.0,62.0,1,0,0.05376761994205513,0.47936572047395676,0
11,11.0,61.0,1,0,0.014348357454068168,0.47936572047395676,0
11,12.0,60.0,1,0,0.02966868261869845,0.47936572047395676,0
11,13.0,59.0,1,0,0.010544537134474258,0.47936572047395676,0
11,14.0,58.0,1,0,0.003521120242089221,0.47936572047395676,0
11,15.0,57.0,1,0,0.013898642870835963,0.47936572047395676,0
11,16.0,56.0,1,0,0.12798416402301063,0.47936572047395676,0
11,17.0,55.0,1,0,0.023455965466340444,0.47936572047395676,0
11,18.0,54.0,1,0,0.1308177903532168,0.47936572047395676,0
11,19.0,53.0,1,0,0.1826922791748355,0.47936572047395676,0
11,20.0,52.0,1,0,0.02991829548209502,0.47936572047395676,0
11,21.0,51.0,1,0,0.012745834943544957,0.47936572047395676,0
11,22.0,50.0,1,0,0.11292059578313063,0.47936572047395676,0
11,23.0,49.0,1,0,0.06050683703859926,0.47936572047395676,0
11,24.0,48.0,1,0,0.09178842783092826,0.47936572047395676,0
11,25.0,47.0,1,0,0.03629127188042161,0.47936572047395676,0
11,26.0,46.0,1,0,0.03277497741894293,0.47936572047395676,0
11,27.0,45.0,1,0,0.07665296547290318,0.47936572047395676,0
11,28.0,44.0,1,0,0.02324623009118254,0.47936572047395676,0
11,29.0,43.0,1,0,0.027535319032709567,0.47936572047395676,0
11,30.0,42.0,1,0,0.06219131892895215,0.47936572047395676,0
11,31.0,41.0,1,0,0.19174105026673835,0.47936572047395676,0
11,32.0,40.0,1,0,0.08091031369779116,0.47936572047395676,0
11,33.0,39.0,1,0,0.0861856615673935,0.47936572047395676,0
11,34.0,38.0,1,0,0.08434963868634718,0.47936572047395676,0
11,35.0,37.0,1,0,0.10591454554168721,0.47936572047395676,0
11,36.0,36.0,1,0,0.10440769401650758,0.47936572047395676,0
11,37.0,35.0,1,0,0.02733839981302091,0.47936572047395676,0
11,38.0,34.0,1,0,0.07847296522844406,0.47936572047395676,0
11,39.0,33.0,1,0,0.04993777960145809,0.47936572047395676,0
11,40.0,32.0,1,0,0.2540988792450174,0.47936572047395676,0
11,41.0,31.0,1,0,0.08377546213433515,0.47936572047395676,0
11,42.0,30.0,1,0,0.05353002513947782,0.47936572047395676,0
11,43.0,29.0,1,0,0.05345749855500513,0.47936572047395676,0
11,44.0,28.0,1,0,0.06091843015679273,0.47936572047395676,0
11,45.0,27.0,1,0,0.08527423635211649,0.47936572047395676,0
11,46.0,26.0,1,0,0.09170047640650111,0.47936572047395676,0
11,47.0,25.0,1,0,0.05237310714686824,0.47936572047395676,0
11,48.0,24.0,1,0,0.19241618117516004,0.47936572047395676,0
11,49.0,23.0,1,0,0.3317003819535366,0.47936572047395676,0
11,50.0,22.0,1,0,0.24384335248550737,0.47936572047395676,0
11,51.0,21.0,1,0,0.34627220363713423,0.47936572047395676,0
11,52.0,20.0,1,1,0.3124999658250145,0.47936572047395676,0
11,53.0,19.0,1,1,0.7743772305291613,0.47936572047395676,1
11,54.0,18.0,1,1,0.14429228249838172,0.47936572047395676,0
11,55.0,17.0,1,1,0.3498259546716936,0.47936572047395676,0
11,56.0,16.0,1,1,0.13065631968579575,0.47936572047395676,0
11,57.0,15.0,1,1,0.7037182494897644,0.47936572047395676,1
11,58.0,14.0,1,1,0.5121288222614412,0.47936572047395676,1
11,59.0,13.0,1,1,0.4572815181878483,0.47936572047395676,0
11,60.0,12.0,1,1,0.6569266123659816,0.47936572047395676,1
11,61.0,11.0,1,1,0.626789865911203,0.47936572047395676,1
11,62.0,10.0,1,1,0.8196498129586701,0.47936572047395676,1
11,63.0,9.0,1,1,0.8340573307059951,0.47936572047395676,1
11,64.0,8.0,1,1,0.8289781341387276,0.47936572047395676,1
11,65.0,7.0,1,1,0.8552357900413847,0.47936572047395676,1
11,66.0,6.0,1,1,0.8872965558455113,0.47936572047395676,1
11,67.0,5.0,1,1,0.9489301617937382,0.47936572047395676,1
11,68.0,4.0,1,1,0.9899872416894515,0.47936572047395676,1
11,69.0,3.0,1,1,0.9637464949468779,0.47936572047395676,1
11,70.0,2.0,1,1,0.9090223052707569,0.47936572047395676,1
11,71.0,1.0,1,1,0.9927985680969831,0.47936572047395676,1
11,72.0,0.0,1,1,0.8954915204756689,0.47936572047395676,1
12,1.0,72.0,3,0,0.18769576254599585,0.4720856588877864,0
12,2.0,71.0,3,0,0.23626999604948526,0.4720856588877864,0
12,3.0,70.0,3,0,0.24876119971291757,0.4720856588877864,0
12,4.0,69.0,3,0,0.20195050237961387,0.4720856588877864,0
12,5.0,68.0,3,0,0.1876399105182423,0.4720856588877864,0
12,6.0,67.0,3,0,0.18450237072059278,0.4720856588877864,0
12,7.0,66.0,3,0,0.08292495289797952,0.4720856588877864,0
12,8.0,65.0,3,0,0.2026240220801845,0.4720856588877864,0
12,9.0,64.0,3,0,0.17051934558384546,0.4720856588877864,0
12,10.0,63.0,3,0,0.25355518262414284,0.4720856588877864,0
12,11.0,62.0,3,0,0.22822198735078225,0.4720856588877864,0
12,12.0,61.0,3,0,0.2519115193032588,0.4720856588877864,0
12,13.0,60.0,3,0,0.16095370488894956,0.4720856588877864,0
12,14.0,59.0,3,0,0.15726221232630538,0.4720856588877864,0
12,15.0,58.0,3,0,0.237931412179078,0.4720856588877864,0
12,16.0,57.0,3,0,0.32542546302234315,0.4720856588877864,0
12,17.0,56.0,3,0,0.12435108493867816,0.4720856588877864,0
12,18.0,55.0,3,0,0.17294231791182002,0.4720856588877864,0
12,19.0,54.0,3,0,0.19410612852713297,0.4720856588877864,0
12,20.0,53.0,3,0,0.22159937125947143,0.4720856588877864,0
12,21.0,52.0,3,0,0.28271737123067,0.4720856588877864,0
12,22.0,51.0,3,0,0.16097035182236635,0.4720856588877864,0
12,23.0,50.0,3,0,0.40667022143504483,0.4720856588877864,0
12,24.0,49.0,3,0,0.19735628240954042,0.4720856588877864,0
12,25.0,48.0,3,0,0.1708947407636527,0.4720856588877864,0
12,26.0,47.0,3,0,0.14667283291408018,0.4720856588877864,0
12,27.0,46.0,3,0,0.32641869841662713,0.4720856588877864,0
12,28.0,45.0,3,0,0.42000498566775274,0.4720856588877864,0
12,29.0,44.0,3,0,0.08883741864963297,0.4720856588877864,0
12,30.0,43.0,3,0,0.07397397524648945,0.4720856588877864,0
12,31.0,42.0,3,0,0.47435117192378407,0.4720856588877864,1
12,32.0,41.0,3,0,0.2345404394692934,0.4720856588877864,0
12,33.0,40.0,3,0,0.2123906457250932,0.4720856588877864,0
12,34.0,39.0,3,0,0.09246575580215888,0.4720856588877864,0
12,35.0,38.0,3,0,0.28655230359057954,0.4720856588877864,0
12,36.0,37.0,3,0,0.1447056864959904,0.4720856588877864,0
12,37.0,36.0,3,0,0.19968819394221204,0.4720856588877864,0
12,38.0,35.0,3,0,0.26528816787663606,0.4720856588877864,0
12,39.0,34.0,3,0,0.3141730534474558,0.4720856588877864,0
12,40.0,33.0,3,0,0.28725060777163497,0.4720856588877864,0
12,41.0,32.0,3,0,0.20206148529098994,0.4720856588877864,0
12,42.0,31.0,3,0,0.1519415380839021,0.4720856588877864,0
12,43.0,30.0,3,0,0.2438960252709598,0.4720856588877864,0
12,44.0,29.0,3,0,0.46553388579265376,0.4720856588877864,0
12,45.0,28.0,3,0,0.24776259536122625,0.4720856588877864,0
12,46.0,27.0,3,0,0.38856760028658205,0.4720856588877864,0
12,47.0,26.0,3,0,0.2294115887185271,0.4720856588877864,0
12,48.0,25.0,3,0,0.4449328706028927,0.4720856588877864,0
12,49.0,24.0,3,0,0.23112281892290942,0.4720856588877864,0
12,50.0,23.0,3,0,0.40782423764575854,0.4720856588877864,0
12,51.0,22.0,3,0,0.4678984613116452,0.4720856588877864,0
12,52.0,21.0,3,0,0.5663170734083957,0.4720856588877864,1
12,53.0,20.0,3,1,0.5037048377221144,0.4720856588877864,1
12,54.0,19.0,3,1,0.4792690700029187,0.4720856588877864,1
12,55.0,18.0,3,1,0.5183084556495658,0.4720856588877864,1
12,56.0,17.0,3,1,0.6880320035424833,0.4720856588877864,1
12,57.0,16.0,3,1,0.6693262141208773,0.4720856588877864,1
12,58.0,15.0,3,1,0.7384087394926757,0.4720856588877864,1
12,59.0,14.0,3,1,0.8129191853502903,0.4720856588877864,1
12,60.0,13.0,3,1,0.68509631266076,0.4720856588877864,1
12,61.0,12.0,3,1,0.6547609736673988,0.4720856588877864,1
12,62.0,11.0,3,1,0.8167038891826147,0.4720856588877864,1
12,63.0,10.0,3,1,0.7417296370111885,0.4720856588877864,1
12,64.0,9.0,3,1,0.9355358009175343,0.4720856588877864,1
12,65.0,8.0,3,1,0.9012580655893212,0.4720856588877864,1
12,66.0,7.0,3,1,0.8681552560346301,0.4720856588877864,1
12,67.0,6.0,3,1,0.8548005902029904,0.4720856588877864,1
12,68.0,5.0,3,1,0.928127490667133,0.4720856588877864,1
12,69.0,4.0,3,1,0.9466026926986532,0.4720856588877864,1
12,70.0,3.0,3,1,0.8573130716400016,0.4720856588877864,1
12,71.0,2.0,3,1,0.9092763278952554,0.4720856588877864,1
12,72.0,1.0,3,1,0.9924620147042537,0.4720856588877864,1
12,73.0,0.0,3,1,0.5416823594980047,0.4720856588877864,1
13,1.0,66.0,3,0,0.24778048775259406,0.4720856588877864,0
13,2.0,65.0,3,0,0.15819096573577868,0.4720856588877864,0
13,3.0,64.0,3,0,0.11993705118342818,0.4720856588877864,0
13,4.0,63.0,3,0,0.08706355665066037,0.4720856588877864,0
13,5.0,62.0,3,0,0.15785825770752995,0.4720856588877864,0
13,6.0,61.0,3,0,0.22182980506449673,0.4720856588877864,0
13,7.0,60.0,3,0,0.1762941182937741,0.4720856588877864,0
13,8.0,59.0,3,0,0.3025877317626606,0.4720856588877864,0
13,9.0,58.0,3,0,0.17273297608207258,0.4720856588877864,0
13,10.0,57.0,3,0,0.25753060076032425,0.4720856588877864,0
13,11.0,56.0,3,0,0.1840945389620497,0.4720856588877864,0
13,12.0,55.0,3,0,0.20064680639861174,0.4720856588877864,0
13,13.0,54.0,3,0,0.1757234544743354,0.4720856588877864,0
13,14.0,53.0,3,0,0.12748732727424333,0.4720856588877864,0
13,15.0,52.0,3,0,0.1814366939596678,0.4720856588877864,0
13,16.0,51.0,3,0,0.21797453414814458,0.4720856588877864,0
13,17.0,50.0,3,0,0.1686738250753567,0.4720856588877864,0
13,18.0,49.0,3,0,0.43849560583501096,0.4720856588877864,0
13,19.0,48.0,3,0,0.18258708889832453,0.4720856588877864,0
13,20.0,47.0,3,0,0.16841294247885996,0.4720856588877864,0
13,21.0,46.0,3,0,0.3431582674661024,0.4720856588877864,0
13,22.0,45.0,3,0,0.14003881309983962,0.4720856588877864,0
13,23.0,44.0,3,0,0.1660443380546906,0.4720856588877864,0
13,24.0,43.0,3,0,0.23968588385543027,0.4720856588877864,0
13,25.0,42.0,3,0,0.18464724676608374,0.4720856588877864,0
13,26.0,41.0,3,0,0.15787543879932314,0.4720856588877864,0
13,27.0,40.0,3,0,0.13382221657718857,0.4720856588877864,0
13,28.0,39.0,3,0,0.4485626486411719,0.4720856588877864,0
13,29.0,38.0,3,0,0.14272561412416657,0.4720856588877864,0
13,30.0,37.0,3,0,0.27469792291046075,0.4720856588877864,0
13,31.0,36.0,3,0,0.15774636248846097,0.4720856588877864,0
13,32.0,35.0,3,0,0.2689741340403577,0.4720856588877864,0
13,33.0,34.0,3,0,0.3686938762788138,0.4720856588877864,0
13,34.0,33.0,3,0,0.14939346597515357,0.4720856588877864,0
13,35.0,32.0,3,0,0.28184598880394424,0.4720856588877864,0
13,36.0,31.0,3,0,0.29302660757544,0.4720856588877864,0
13,37.0,30.0,3,0,0.4320141118756178,0.4720856588877864,0
13,38.0,29.0,3,0,0.21687586987098692,0.4720856588877864,0
13,39.0,28.0,3,0,0.2701390116444181,0.4720856588877864,0
13,40.0,27.0,3,0,0.1578582148591798,0.4720856588877864,0
13,41.0,26.0,3,0,0.44318074324880946,0.4720856588877864,0
13,42.0,25.0,3,0,0.440933757382269,0.4720856588877864,0
13,43.0,24.0,3,0,0.3853321887761772,0.4720856588877864,0
13,44.0,23.0,3,0,0.32766331499439755,0.4720856588877864,0
13,45.0,22.0,3,0,0.4919693386380046,0.4720856588877864,1
13,46.0,21.0,3,0,0.22126117244742338,0.4720856588877864,0
13,47.0,20.0,3,1,0.6371569045887423,0.4720856588877864,1
13,48.0,19.0,3,1,0.4197149828946789,0.4720856588877864,0
13,49.0,18.0,3,1,0.6149171327723122,0.4720856588877864,1
13,50.0,17.0,3,1,0.42058398227191246,0.4720856588877864,0
13,51.0,16.0,3,1,0.41532606000989863,0.4720856588877864,0
13,52.0,15.0,3,1,0.19478798888024723,0.4720856588877864,0
13,53.0,14.0,3,1,0.7702948527016815,0.4720856588877864,1
13,54.0,13.0,3,1,0.48578522279283187,0.4720856588877864,1
13,55.0,12.0,3,1,0.5317213610807121,0.4720856588877864,1
13,56.0,11.0,3,1,0.725721169664296,0.4720856588877864,1
13,57.0,10.0,3,1,0.8723464569984093,0.4720856588877864,1
13,58.0,9.0,3,1,0.913504130857374,0.4720856588877864,1
13,59.0,8.0,3,1,0.8536998204354488,0.4720856588877864,1
13,60.0,7.0,3,1,0.9204676827937388,0.4720856588877864,1
13,61.0,6.0,3,1,0.8424663048210438,0.4720856588877864,1
13,62.0,5.0,3,1,0.9374273851407031,0.4720856588877864,1
13,63.0,4.0,3,1,0.8717483565587929,0.4720856588877864,1
13,64.0,3.0,3,1,0.952467332174208,0.4720856588877864,1
13,65.0,2.0,3,1,0.8725448207514297,0.4720856588877864,1
13,66.0,1.0,3,1,0.9603295084718135,0.4720856588877864,1
13,67.0,0.0,3,1,0.9397763423506131,0.4720856588877864,1
14,1.0,59.0,1,0,0.2776183640461262,0.47936572047395676,0
14,2.0,58.0,1,0,0.34208933070797376,0.47936572047395676,0
14,3.0,57.0,1,0,0.16938320201268178,0.47936572047395676,0
14,4.0,56.0,1,0,0.07915457009266158,0.47936572047395676,0
14,5.0,55.0,1,0,0.25385651048931934,0.47936572047395676,0
14,6.0,54.0,1,0,0.18334572564505203,0.47936572047395676,0
14,7.0,53.0,1,0,0.2450354749593959,0.47936572047395676,0
14,8.0,52.0,1,0,0.17116805296338744,0.47936572047395676,0
14,9.0,51.0,1,0,0.082761210187283,0.47936572047395676,0
14,10.0,50.0,1,0,0.2649722229770242,0.47936572047395676,0
14,11.0,49.0,1,0,0.20123431871582473,0.47936572047395676,0
14,12.0,48.0,1,0,0.10829447305495739,0.47936572047395676,0
14,13.0,47.0,1,0,0.2162783588117068,0.47936572047395676,0
14,14.0,46.0,1,0,0.09248559759339754,0.47936572047395676,0
14,15.0,45.0,1,0,0.221888198194799,0.47936572047395676,0
14,16.0,44.0,1,0,0.24133458780787254,0.47936572047395676,0
14,17.0,43.0,1,0,0.16789337893207518,0.47936572047395676,0
14,18.0,42.0,1,0,0.18066563235727953,0.47936572047395676,0
14,19.0,41.0,1,0,0.16111871537608427,0.47936572047395676,0
14,20.0,40.0,1,0,0.227201932812815,0.47936572047395676,0
14,21.0,39.0,1,0,0.16425076040719191,0.47936572047395676,0
14,22.0,38.0,1,0,0.23147390428616993,0.47936572047395676,0
14,23.0,37.0,1,0,0.16134572040145334,0.47936572047395676,0
14,24.0,36.0,1,0,0.12453509861940842,0.47936572047395676,0
14,25.0,35.0,1,0,0.22268918215200573,0.47936572047395676,0
14,26.0,34.0,1,0,0.33667416811582973,0.47936572047395676,0
14,27.0,33.0,1,0,0.3035640742074429,0.47936572047395676,0
14,28.0,32.0,1,0,0.29394777712728765,0.47936572047395676,0
14,29.0,31.0,1,0,0.17733559489996864,0.47936572047395676,0
14,30.0,30.0,1,0,0.2346943000861051,0.47936572047395676,0
14,31.0,29.0,1,0,0.12159075668453617,0.47936572047395676,0
14,32.0,28.0,1,0,0.17309692103387736,0.47936572047395676,0
14,33.0,27.0,1,0,0.17719862872441913,0.47936572047395676,0
14,34.0,26.0,1,0,0.28880670401808567,0.47936572047395676,0
14,35.0,25.0,1,0,0.23279737007778908,0.47936572047395676,0
14,36.0,24.0,1,0,0.29716275241392254,0.47936572047395676,0
14,37.0,23.0,1,0,0.3591397202490732,0.47936572047395676,0
14,38.0,22.0,1,0,0.5327563545136245,0.47936572047395676,1
14,39.0,21.0,1,0,0.2706616301006358,0.47936572047395676,0
14,40.0,20.0,1,1,0.462564296835127,0.47936572047395676,0
14,41.0,19.0,1,1,0.22436182402510307,0.47936572047395676,0
14,42.0,18.0,1,1,0.32378165122595914,0.47936572047395676,0
14,43.0,17.0,1,1,0.625434968850289,0.47936572047395676,1
14,44.0,16.0,1,1,0.3904050667644151,0.47936572047395676,0
14,45.0,15.0,1,1,0.44558646375059563,0.47936572047395676,0
14,46.0,14.0,1,1,0.7188261386677225,0.47936572047395676,1
14,47.0,13.0,1,1,0.5659687745713139,0.47936572047395676,1
14,48.0,12.0,1,1,0.6745199693753305,0.47936572047395676,1
14,49.0,11.0,1,1,0.8776002028542987,0.47936572047395676,1
14,50.0,10.0,1,1,0.8065401413767737,0.47936572047395676,1
14,51.0,9.0,1,1,0.859576684620748,0.47936572047395676,1
14,52.0,8.0,1,1,0.723233770891836,0.47936572047395676,1
14,53.0,7.0,1,1,0.8929812886250084,0.47936572047395676,1
14,54.0,6.0,1,1,0.6854829955573317,0.47936572047395676,1
14,55.0,5.0,1,1,0.8349553529010972,0.47936572047395676,1
14,56.0,4.0,1,1,0.9240625469928203,0.47936572047395676,1
14,57.0,3.0,1,1,0.8572613406564542,0.47936572047395676,1
14,58.0,2.0,1,1,0.9490685499337239,0.47936572047395676,1
14,59.0,1.0,1,1,0.9705808540589138,0.47936572047395676,1
14,60.0,0.0,1,1,0.9631717219355269,0.47936572047395676,1
15,1.0,92.0,1,0,0.03130918549221787,0.47936572047395676,0
15,2.0,91.0,1,0,0.03367258863080698,0.47936572047395676,0
15,3.0,90.0,1,0,0.06356971653276412,0.47936572047395676,0
15,4.0,89.0,1,0,0.009105716884822524,0.47936572047395676,0
15,5.0,88.0,1,0,0.03032898283966546,0.47936572047395676,0
15,6.0,87.0,1,0,0.015096035167670852,0.47936572047395676,0
15,7.0,86.0,1,0,0.05279669095878126,0.47936572047395676,0
15,8.0,85.0,1,0,0.08639520905330125,0.47936572047395676,0
15,9.0,84.0,1,0,0.012969882477245785,0.47936572047395676,0
15,10.0,83.0,1,0,0.08887884276290915,0.47936572047395676,0
15,11.0,82.0,1,0,0.020614024827405417,0.47936572047395676,0
15,12.0,81.0,1,0,0.03796187019426285,0.47936572047395676,0
15,13.0,80.0,1,0,0.061887528355865286,0.47936572047395676,0
15,14.0,79.0,1,0,0.039397686398899845,0.47936572047395676,0
15,15.0,78.0,1,0,0.038157587045995915,0.47936572047395676,0
15,16.0,77.0,1,0,0.07310275624952403,0.47936572047395676,0
15,17.0,76.0,1,0,0.0887165884383403,0.47936572047395676,0
15,18.0,75.0,1,0,0.06354549448487384,0.47936572047395676,0
15,19.0,74.0,1,0,0.044432759123137516,0.47936572047395676,0
15,20.0,73.0,1,0,0.10897291174319074,0.47936572047395676,0
15,21.0,72.0,1,0,0.1239146180634273,0.47936572047395676,0
15,22.0,71.0,1,0,0.10701916553919842,0.47936572047395676,0
15,23.0,70.0,1,0,0.03414920798852801,0.47936572047395676,0
15,24.0,69.0,1,0,0.02789787610476433,0.47936572047395676,0
15,25.0,68.0,1,0,0.07427412476746441,0.47936572047395676,0
15,26.0,67.0,1,0,0.04852180731053711,0.47936572047395676,0
15,27.0,66.0,1,0,0.06813255141038523,0.47936572047395676,0
15,28.0,65.0,1,0,0.02039664705391352,0.47936572047395676,0
15,29.0,64.0,1,0,0.018815183278668646,0.47936572047395676,0
15,30.0,63.0,1,0,0.14124092402816085,0.47936572047395676,0
15,31.0,62.0,1,0,0.07078313166006597,0.47936572047395676,0
15,32.0,61.0,1,0,0.09632065804099414,0.47936572047395676,0
15,33.0,60.0,1,0,0.13412488354259697,0.47936572047395676,0
15,34.0,59.0,1,0,0.13066811309889367,0.47936572047395676,0
15,35.0,58.0,1,0,0.009262997886112775,0.47936572047395676,0
15,36.0,57.0,1,0,0.02770913903927127,0.47936572047395676,0
15,37.0,56.0,1,0,0.03089445396859658,0.47936572047395676,0
15,38.0,55.0,1,0,0.09226200889097289,0.47936572047395676,0
15,39.0,54.0,1,0,0.09582627020762943,0.47936572047395676,0
15,40.0,53.0,1,0,0.07077279899350668,0.47936572047395676,0
15,41.0,52.0,1,0,0.022019351593426106,0.47936572047395676,0
15,42.0,51.0,1,0,0.008909594428767249,0.47936572047395676,0
15,43.0,50.0,1,0,0.005723317940371691,0.47936572047395676,0
15,44.0,49.0,1,0,0.013041191181970734,0.47936572047395676,0
15,45.0,48.0,1,0,0.07214101260139992,0.47936572047395676,0
15,46.0,47.0,1,0,0.065768626572879,0.47936572047395676,0
15,47.0,46.0,1,0,0.07331133428312665,0.47936572047395676,0
15,48.0,45.0,1,0,0.03861153324568247,0.47936572047395676,0
15,49.0,44.0,1,0,0.11919109977737294,0.47936572047395676,0
15,50.0,43.0,1,0,0.030719215638439476,0.47936572047395676,0
15,51.0,42.0,1,0,0.0847239455137465,0.47936572047395676,0
15,52.0,41.0,1,0,0.23359945679125116,0.47936572047395676,0
15,53.0,40.0,1,0,0.18453464458552657,0.47936572047395676,0
15,54.0,39.0,1,0,0.1773874332960392,0.47936572047395676,0
15,55.0,38.0,1,0,0.337642679807816,0.47936572047395676,0
15,56.0,37.0,1,0,0.15235657090202942,0.47936572047395676,0
15,57.0,36.0,1,0,0.23881389200253117,0.47936572047395676,0
15,58.0,35.0,1,0,0.04050444989491698,0.47936572047395676,0
15,59.0,34.0,1,0,0.14852204984172987,0.47936572047395676,0
15,60.0,33.0,1,0,0.2635889612887927,0.47936572047395676,0
15,61.0,32.0,1,0,0.05953627080041122,0.47936572047395676,0
15,62.0,31.0,1,0,0.3278316953612386,0.47936572047395676,0
15,63.0,30.0,1,0,0.4163685175541858,0.47936572047395676,0
15,64.0,29.0,1,0,0.37643143531736445,0.47936572047395676,0
15,65.0,28.0,1,0,0.28848918285709235,0.47936572047395676,0
15,66.0,27.0,1,0,0.16819496455810368,0.47936572047395676,0
15,67.0,26.0,1,0,0.10986539323697593,0.47936572047395676,0
15,68.0,25.0,1,0,0.6356012273474078,0.47936572047395676,1
15,69.0,24.0,1,0,0.4449476370246619,0.47936572047395676,0
15,70.0,23.0,1,0,0.6804789507573163,0.47936572047395676,1
15,71.0,22.0,1,0,0.2079302903569597,0.47936572047395676,0
15,72.0,21.0,1,0,0.6899820190663253,0.47936572047395676,1
15,73.0,20.0,1,1,0.7287485102902087,0.47936572047395676,1
15,74.0,19.0,1,1,0.461167599419005,0.47936572047395676,0
15,75.0,18.0,1,1,0.7075527066546079,0.47936572047395676,1
15,76.0,17.0,1,1,0.9298774185828294,0.47936572047395676,1
15,77.0,16.0,1,1,0.9665259603698071,0.47936572047395676,1
15,78.0,15.0,1,1,0.6056406058149284,0.47936572047395676,1
15,79.0,14.0,1,1,0.9851193797889655,0.47936572047395676,1
15,80.0,13.0,1,1,0.8931854267876802,0.47936572047395676,1
15,81.0,12.0,1,1,0.9275319597913148,0.47936572047395676,1
15,82.0,11.0,1,1,0.9372625926058555,0.47936572047395676,1
15,83.0,10.0,1,1,0.9668719487693614,0.47936572047395676,1
15,84.0,9.0,1,1,0.9317446091787688,0.47936572047395676,1
15,85.0,8.0,1,1,0.8210832800050663,0.47936572047395676,1
15,86.0,7.0,1,1,0.8722187518892792,0.47936572047395676,1
15,87.0,6.0,1,1,0.9557913754588281,0.47936572047395676,1
15,88.0,5.0,1,1,0.9210590431345097,0.47936572047395676,1
15,89.0,4.0,1,1,0.9761342172822305,0.47936572047395676,1
15,90.0,3.0,1,1,0.9805465545116999,0.47936572047395676,1
15,91.0,2.0,1,1,0.8757176322160422,0.47936572047395676,1
15,92.0,1.0,1,1,0.9922502247776241,0.47936572047395676,1
15,93.0,0.0,1,1,0.9757463168968965,0.47936572047395676,1
16,1.0,62.0,2,0,0.20199938002122153,0.4622183788044668,0
16,2.0,61.0,2,0,0.19547051939713767,0.4622183788044668,0
16,3.0,60.0,2,0,0.2401157682125524,0.4622183788044668,0
16,4.0,59.0,2,0,0.14699642801073004,0.4622183788044668,0
16,5.0,58.0,2,0,0.2256270917552335,0.4622183788044668,0
16,6.0,57.0,2,0,0.22837525201910136,0.4622183788044668,0
16,7.0,56.0,2,0,0.3411798739723654,0.4622183788044668,0
16,8.0,55.0,2,0,0.13222105858320227,0.4622183788044668,0
16,9.0,54.0,2,0,0.19915650081201924,0.4622183788044668,0
16,10.0,53.0,2,0,0.3169164190997642,0.4622183788044668,0
16,11.0,52.0,2,0,0.2535355184598652,0.4622183788044668,0
16,12.0,51.0,2,0,0.45711748240539674,0.4622183788044668,0
16,13.0,50.0,2,0,0.131797934726036,0.4622183788044668,0
16,14.0,49.0,2,0,0.2250217932353999,0.4622183788044668,0
16,15.0,48.0,2,0,0.36550767259965466,0.4622183788044668,0
16,16.0,47.0,2,0,0.20427432651679633,0.4622183788044668,0
16,17.0,46.0,2,0,0.19024591464967544,0.4622183788044668,0
16,18.0,45.0,2,0,0.3503181427829887,0.4622183788044668,0
16,19.0,44.0,2,0,0.5021673972608535,0.4622183788044668,1
16,20.0,43.0,2,0,0.24382153127082454,0.4622183788044668,0
16,21.0,42.0,2,0,0.16298391799334072,0.4622183788044668,0
16,22.0,41.0,2,0,0.37818210307344435,0.4622183788044668,0
16,23.0,40.0,2,0,0.23440406279653328,0.4622183788044668,0
16,24.0,39.0,2,0,0.3076058875649142,0.4622183788044668,0
16,25.0,38.0,2,0,0.32648665452546405,0.4622183788044668,0
16,26.0,37.0,2,0,0.32228283990358214,0.4622183788044668,0
16,27.0,36.0,2,0,0.25418096868765133,0.4622183788044668,0
16,28.0,35.0,2,0,0.41685552388364694,0.4622183788044668,0
16,29.0,34.0,2,0,0.24775124407421958,0.4622183788044668,0
16,30.0,33.0,2,0,0.29893659749783813,0.4622183788044668,0
16,31.0,32.0,2,0,0.5146011788048542,0.4622183788044668,1
16,32.0,31.0,2,0,0.34930798868233526,0.4622183788044668,0
16,33.0,30.0,2,0,0.3764781874759422,0.4622183788044668,0
16,34.0,29.0,2,0,0.3516103619924276,0.4622183788044668,0
16,35.0,28.0,2,0,0.24101074832360914,0.4622183788044668,0
16,36.0,27.0,2,0,0.5039331241021109,0.4622183788044668,1
16,37.0,26.0,2,0,0.5831189961823503,0.4622183788044668,1
16,38.0,25.0,2,0,0.31946414885345503,0.4622183788044668,0
16,39.0,24.0,2,0,0.44216895738437323,0.4622183788044668,0
16,40.0,23.0,2,0,0.35530143521338,0.4622183788044668,0
16,41.0,22.0,2,0,0.5426000689564234,0.4622183788044668,1
16,42.0,21.0,2,0,0.4769861996309099,0.4622183788044668,1
16,43.0,20.0,2,1,0.5155417546557879,0.4622183788044668,1
16,44.0,19.0,2,1,0.47720207404181025,0.4622183788044668,1
16,45.0,18.0,2,1,0.7956731963950581,0.4622183788044668,1
16,46.0,17.0,2,1,0.39586980853522974,0.4622183788044668,0
16,47.0,16.0,2,1,0.4964949592147707,0.4622183788044668,1
16,48.0,15.0,2,1,0.8111909115109204,0.4622183788044668,1
16,49.0,14.0,2,1,0.4839741461249874,0.4622183788044668,1
16,50.0,13.0,2,1,0.8350329968347242,0.4622183788044668,1
16,51.0,12.0,2,1,0.554714105089227,0.4622183788044668,1
16,52.0,11.0,2,1,0.6029749575813165,0.4622183788044668,1
16,53.0,10.0,2,1,0.5205593885957001,0.4622183788044668,1
16,54.0,9.0,2,1,0.8497328501097647,0.4622183788044668,1
16,55.0,8.0,2,1,0.9209567933156986,0.4622183788044668,1
16,56.0,7.0,2,1,0.844169189400912,0.4622183788044668,1
16,57.0,6.0,2,1,0.9666096592177802,0.4622183788044668,1
16,58.0,5.0,2,1,0.8932228642076706,0.4622183788044668,1
16,59.0,4.0,2,1,0.8583235158312651,0.4622183788044668,1
16,60.0,3.0,2,1,0.9807552623741904,0.4622183788044668,1
16,61.0,2.0,2,1,0.972036286749852,0.4622183788044668,1
16,62.0,1.0,2,1,0.8647754109337256,0.4622183788044668,1
16,63.0,0.0,2,1,0.8663843358712259,0.4622183788044668,1
17,1.0,79.0,2,0,0.29527786534513395,0.4622183788044668,0
17,2.0,78.0,2,0,0.18060912168053483,0.4622183788044668,0
17,3.0,77.0,2,0,0.2996740655251585,0.4622183788044668,0
17,4.0,76.0,2,0,0.09881297428606878,0.4622183788044668,0
17,5.0,75.0,2,0,0.21792497372520267,0.4622183788044668,0
17,6.0,74.0,2,0,0.2120591630432773,0.4622183788044668,0
17,7.0,73.0,2,0,0.3251078930151782,0.4622183788044668,0
17,8.0,72.0,2,0,0.3459443995672408,0.4622183788044668,0
17,9.0,71.0,2,0,0.1899394934804469,0.4622183788044668,0
17,10.0,70.0,2,0,0.18275659089263108,0.4622183788044668,0
17,11.0,69.0,2,0,0.16105325121569955,0.4622183788044668,0
17,12.0,68.0,2,0,0.31510356027164277,0.4622183788044668,0
17,13.0,67.0,2,0,0.19065150127343977,0.4622183788044668,0
17,14.0,66.0,2,0,0.3186648090910436,0.4622183788044668,0
17,15.0,65.0,2,0,0.17768895882038516,0.4622183788044668,0
17,16.0,64.0,2,0,0.18417096475333036,0.4622183788044668,0
17,17.0,63.0,2,0,0.14652609875066183,0.4622183788044668,0
17,18.0,62.0,2,0,0.1778268627553491,0.4622183788044668,0
17,19.0,61.0,2,0,0.23331399279116544,0.4622183788044668,0
17,20.0,60.0,2,0,0.19136860122963245,0.4622183788044668,0
17,21.0,59.0,2,0,0.17114549841713725,0.4622183788044668,0
17,22.0,58.0,2,0,0.2853528684471558,0.4622183788044668,0
17,23.0,57.0,2,0,0.17335112505576322,0.4622183788044668,0
17,24.0,56.0,2,0,0.4416596090009807,0.4622183788044668,0
17,25.0,55.0,2,0,0.20623146122834068,0.4622183788044668,0
17,26.0,54.0,2,0,0.18620975241835705,0.4622183788044668,0
17,27.0,53.0,2,0,0.270337041538478,0.4622183788044668,0
17,28.0,52.0,2,0,0.44299856316588626,0.4622183788044668,0
17,29.0,51.0,2,0,0.11805226433026268,0.4622183788044668,0
17,30.0,50.0,2,0,0.5440576203319687,0.4622183788044668,1
17,31.0,49.0,2,0,0.2019330405617707,0.4622183788044668,0
17,32.0,48.0,2,0,0.1519561123050097,0.4622183788044668,0
17,33.0,47.0,2,0,0.3028380552900215,0.4622183788044668,0
17,34.0,46.0,2,0,0.37556130007775546,0.4622183788044668,0
17,35.0,45.0,2,0,0.13949403963400037,0.4622183788044668,0
17,36.0,44.0,2,0,0.17530481281430302,0.4622183788044668,0
17,37.0,43.0,2,0,0.4300352471919139,0.4622183788044668,0
17,38.0,42.0,2,0,0.20442708340303578,0.4622183788044668,0
17,39.0,41.0,2,0,0.2560398177626227,0.4622183788044668,0
17,40.0,40.0,2,0,0.19010613624755468,0.4622183788044668,0
17,41.0,39.0,2,0,0.46602533654378003,0.4622183788044668,1
17,42.0,38.0,2,0,0.17186278274964487,0.4622183788044668,0
17,43.0,37.0,2,0,0.2961753851038174,0.4622183788044668,0
17,44.0,36.0,2,0,0.36920400714122154,0.4622183788044668,0
17,45.0,35.0,2,0,0.5941575019370287,0.4622183788044668,1
17,46.0,34.0,2,0,0.35130164373142264,0.4622183788044668,0
17,47.0,33.0,2,0,0.4501869396248577,0.4622183788044668,0
17,48.0,32.0,2,0,0.8018942132020191,0.4622183788044668,1
17,49.0,31.0,2,0,0.3536293744582313,0.4622183788044668,0
17,50.0,30.0,2,0,0.5899683901781226,0.4622183788044668,1
17,51.0,29.0,2,0,0.5405835230845336,0.4622183788044668,1
17,52.0,28.0,2,0,0.40802387005886065,0.4622183788044668,0
17,53.0,27.0,2,0,0.6202117375415783,0.4622183788044668,1
17,54.0,26.0,2,0,0.4430951350882162,0.4622183788044668,0
17,55.0,25.0,2,0,0.33304517804029216,0.4622183788044668,0
17,56.0,24.0,2,0,0.8897033946396768,0.4622183788044668,1
17,57.0,23.0,2,0,0.6268068235343814,0.4622183788044668,1
17,58.0,22.0,2,0,0.7163698309556659,0.4622183788044668,1
17,59.0,21.0,2,0,0.5867656369519126,0.4622183788044668,1
17,60.0,20.0,2,1,0.8582187473318295,0.4622183788044668,1
17,61.0,19.0,2,1,0.7865945705593614,0.4622183788044668,1
17,62.0,18.0,2,1,0.5861244323723468,0.4622183788044668,1
17,63.0,17.0,2,1,0.7794724482222105,0.4622183788044668,1
17,64.0,16.0,2,1,0.8520999854693795,0.4622183788044668,1
17,65.0,15.0,2,1,0.8656496356149322,0.4622183788044668,1
17,66.0,14.0,2,1,0.7578400286164858,0.4622183788044668,1
17,67.0,13.0,2,1,0.771810611234542,0.4622183788044668,1
17,68.0,12.0,2,1,0.9442238096309851,0.4622183788044668,1
17,69.0,11.0,2,1,0.8748891610871937,0.4622183788044668,1
17,70.0,10.0,2,1,0.8990404437960096,0.4622183788044668,1
17,71.0,9.0,2,1,0.9144431148659611,0.4622183788044668,1
17,72.0,8.0,2,1,0.883641455565262,0.4622183788044668,1
17,73.0,7.0,2,1,0.9767512552001183,0.4622183788044668,1
17,74.0,6.0,2,1,0.9211119731816929,0.4622183788044668,1
17,75.0,5.0,2,1,0.9615525132560366,0.4622183788044668,1
17,76.0,4.0,2,1,0.9615988459922916,0.4622183788044668,1
17,77.0,3.0,2,1,0.9071255596650177,0.4622183788044668,1
17,78.0,2.0,2,1,0.9076327352714296,0.4622183788044668,1
17,79.0,1.0,2,1,0.9421767303662802,0.4622183788044668,1
17,80.0,0.0,2,1,0.9362126267158732,0.4622183788044668,1
18,1.0,70.0,5,0,0.22500807894519556,0.45996237574761434,0
18,2.0,69.0,5,0,0.21646971791870342,0.45996237574761434,0
18,3.0,68.0,5,0,0.14873549928584587,0.45996237574761434,0
18,4.0,67.0,5,0,0.2911690031441739,0.45996237574761434,0
18,5.0,66.0,5,0,0.17485351852093978,0.45996237574761434,0
18,6.0,65.0,5,0,0.2531661387551182,0.45996237574761434,0
18,7.0,64.0,5,0,0.23210897959267007,0.45996237574761434,0
18,8.0,63.0,5,0,0.2711771484507726,0.45996237574761434,0
18,9.0,62.0,5,0,0.2161622304480624,0.45996237574761434,0
18,10.0,61.0,5,0,0.18687459097997441,0.45996237574761434,0
18,11.0,60.0,5,0,0.2572381078237503,0.45996237574761434,0
18,12.0,59.0,5,0,0.22553189821288067,0.45996237574761434,0
18,13.0,58.0,5,0,0.2667992933668068,0.45996237574761434,0
18,14.0,57.0,5,0,0.28542852234594934,0.45996237574761434,0
18,15.0,56.0,5,0,0.22583894707880978,0.45996237574761434,0
18,16.0,55.0,5,0,0.3599172359038053,0.45996237574761434,0
18,17.0,54.0,5,0,0.38720044385902075,0.45996237574761434,0
18,18.0,53.0,5,0,0.26118716104710193,0.45996237574761434,0
18,19.0,52.0,5,0,0.27331457977084245,0.45996237574761434,0
18,20.0,51.0,5,0,0.20070854310893382,0.45996237574761434,0
18,21.0,50.0,5,0,0.23568352353922126,0.45996237574761434,0
18,22.0,49.0,5,0,0.182716840583573,0.45996237574761434,0
18,23.0,48.0,5,0,0.27002555336605594,0.45996237574761434,0
18,24.0,47.0,5,0,0.3827432227417444,0.45996237574761434,0
18,25.0,46.0,5,0,0.2403661067742492,0.45996237574761434,0
18,26.0,45.0,5,0,0.2552662629993491,0.45996237574761434,0
18,27.0,44.0,5,0,0.4900906894831486,0.45996237574761434,1
18,28.0,43.0,5,0,0.32181749260198284,0.45996237574761434,0
18,29.0,42.0,5,0,0.22116983200698942,0.45996237574761434,0
18,30.0,41.0,5,0,0.2341840818918931,0.45996237574761434,0
18,31.0,40.0,5,0,0.2679682495757825,0.45996237574761434,0
18,32.0,39.0,5,0,0.40587965610892024,0.45996237574761434,0
18,33.0,38.0,5,0,0.36686491274422994,0.45996237574761434,0
18,34.0,37.0,5,0,0.25780262115366004,0.45996237574761434,0
18,35.0,36.0,5,0,0.27569424608957954,0.45996237574761434,0
18,36.0,35.0,5,0,0.2705249679899597,0.45996237574761434,0
18,37.0,34.0,5,0,0.43603733649491383,0.45996237574761434,0
18,38.0,33.0,5,0,0.3131015783917707,0.45996237574761434,0
18,39.0,32.0,5,0,0.28495259836773884,0.45996237574761434,0
18,40.0,31.0,5,0,0.2352605428765561,0.45996237574761434,0
18,41.0,30.0,5,0,0.43200279609004816,0.45996237574761434,0
18,42.0,29.0,5,0,0.5441959826114658,0.45996237574761434,1
18,43.0,28.0,5,0,0.7751477783419982,0.45996237574761434,1
18,44.0,27.0,5,0,0.28799018745026694,0.45996237574761434,0
18,45.0,26.0,5,0,0.4224839032380208,0.45996237574761434,0
18,46.0,25.0,5,0,0.272955630847179,0.45996237574761434,0
18,47.0,24.0,5,0,0.3163876286738704,0.45996237574761434,0
18,48.0,23.0,5,0,0.33334796666775063,0.45996237574761434,0
18,49.0,22.0,5,0,0.46634135013132827,0.45996237574761434,1
18,50.0,21.0,5,0,0.7445150612622585,0.45996237574761434,1
18,51.0,20.0,5,1,0.5370468238003892,0.45996237574761434,1
18,52.0,19.0,5,1,0.7403876786474121,0.45996237574761434,1
18,53.0,18.0,5,1,0.44170290600406503,0.45996237574761434,0
18,54.0,17.0,5,1,0.9050025935418327,0.45996237574761434,1
18,55.0,16.0,5,1,0.6239459075527239,0.45996237574761434,1
18,56.0,15.0,5,1,0.5756646975718344,0.45996237574761434,1
18,57.0,14.0,5,1,0.8549586994542739,0.45996237574761434,1
18,58.0,13.0,5,1,0.6596995712595555,0.45996237574761434,1
18,59.0,12.0,5,1,0.7525712948902908,0.45996237574761434,1
18,60.0,11.0,5,1,0.9253579880167484,0.45996237574761434,1
18,61.0,10.0,5,1,0.9168423458401471,0.45996237574761434,1
18,62.0,9.0,5,1,0.7024850289258536,0.45996237574761434,1
18,63.0,8.0,5,1,0.7845112074023489,0.45996237574761434,1
18,64.0,7.0,5,1,0.9179658844597279,0.45996237574761434,1
18,65.0,6.0,5,1,0.7280119663439725,0.45996237574761434,1
18,66.0,5.0,5,1,0.8592392684868565,0.45996237574761434,1
18,67.0,4.0,5,1,0.7732057342324793,0.45996237574761434,1
18,68.0,3.0,5,1,0.9075453524644628,0.45996237574761434,1
18,69.0,2.0,5,1,0.9681465712943603,0.45996237574761434,1
18,70.0,1.0,5,1,0.90273679617212,0.45996237574761434,1
18,71.0,0.0,5,1,0.9633119805760569,0.45996237574761434,1
19,1.0,83.0,3,0,0.033825648458822154,0.4720856588877864,0
19,2.0,82.0,3,0,0.04575611655419478,0.4720856588877864,0
19,3.0,81.0,3,0,0.06780007147827356,0.4720856588877864,0
19,4.0,80.0,3,0,0.00460992844312469,0.4720856588877864,0
19,5.0,79.0,3,0,0.05599690589873895,0.4720856588877864,0
19,6.0,78.0,3,0,0.03730077093920362,0.4720856588877864,0
19,7.0,77.0,3,0,0.0801387943748077,0.4720856588877864,0
19,8.0,76.0,3,0,0.0163530999084476,0.4720856588877864,0
19,9.0,75.0,3,0,0.0291425308668045,0.4720856588877864,0
19,10.0,74.0,3,0,0.07142701725671032,0.4720856588877864,0
19,11.0,73.0,3,0,0.016150086674718678,0.4720856588877864,0
19,12.0,72.0,3,0,0.058188670306447074,0.4720856588877864,0
19,13.0,71.0,3,0,0.041799601476059475,0.4720856588877864,0
19,14.0,70.0,3,0,0.0199355513115012,0.4720856588877864,0
19,15.0,69.0,3,0,0.048325042915038495,0.4720856588877864,0
19,16.0,68.0,3,0,0.2610362225529565,0.4720856588877864,0
19,17.0,67.0,3,0,0.04974609286900592,0.4720856588877864,0
19,18.0,66.0,3,0,0.077037188113762,0.4720856588877864,0
19,19.0,65.0,3,0,0.06100611829037352,0.4720856588877864,0
19,20.0,64.0,3,0,0.018759091601327684,0.4720856588877864,0
19,21.0,63.0,3,0,0.06260597351558136,0.4720856588877864,0
19,22.0,62.0,3,0,0.013906783658243469,0.4720856588877864,0
19,23.0,61.0,3,0,0.009318610929387273,0.4720856588877864,0
19,24.0,60.0,3,0,0.058243017594115806,0.4720856588877864,0
19,25.0,59.0,3,0,0.2884870231108829,0.4720856588877864,0
19,26.0,58.0,3,0,0.18563059273361887,0.4720856588877864,0
19,27.0,57.0,3,0,0.044806334105891014,0.4720856588877864,0
19,28.0,56.0,3,0,0.049516219364752284,0.4720856588877864,0
19,29.0,55.0,3,0,0.08484388358509483,0.4720856588877864,0
19,30.0,54.0,3,0,0.022061502911220013,0.4720856588877864,0
19,31.0,53.0,3,0,0.054733493303484246,0.4720856588877864,0
19,32.0,52.0,3,0,0.05631946548880533,0.4720856588877864,0
19,33.0,51.0,3,0,0.019369043615600632,0.4720856588877864,0
19,34.0,50.0,3,0,0.059371245341646645,0.4720856588877864,0
19,35.0,49.0,3,0,0.032864356336995665,0.4720856588877864,0
19,36.0,48.0,3,0,0.068922346347526,0.4720856588877864,0
19,37.0,47.0,3,0,0.033179160458154056,0.4720856588877864,0
19,38.0,46.0,3,0,0.33515900391080883,0.4720856588877864,0
19,39.0,45.0,3,0,0.02055963015807323,0.4720856588877864,0
19,40.0,44.0,3,0,0.036832813465599634,0.4720856588877864,0
19,41.0,43.0,3,0,0.06822441503943366,0.4720856588877864,0
19,42.0,42.0,3,0,0.1614388113379054,0.4720856588877864,0
19,43.0,41.0,3,0,0.15292614815118896,0.4720856588877864,0
19,44.0,40.0,3,0,0.06443601510474727,0.4720856588877864,0
19,45.0,39.0,3,0,0.09634130340760376,0.4720856588877864,0
19,46.0,38.0,3,0,0.08187134495948731,0.4720856588877864,0
19,47.0,37.0,3,0,0.06364409034367809,0.4720856588877864,0
19,48.0,36.0,3,0,0.06917838303232482,0.4720856588877864,0
19,49.0,35.0,3,0,0.14638727416258546,0.4720856588877864,0
19,50.0,34.0,3,0,0.13518579788519824,0.4720856588877864,0
19,51.0,33.0,3,0,0.14078556069364023,0.4720856588877864,0
19,52.0,32.0,3,0,0.11774883346742689,0.4720856588877864,0
19,53.0,31.0,3,0,0.24167122200287008,0.4720856588877864,0
19,54.0,30.0,3,0,0.25491516846171586,0.4720856588877864,0
19,55.0,29.0,3,0,0.2659070814795994,0.4720856588877864,0
19,56.0,28.0,3,0,0.4122562194833972,0.4720856588877864,0
19,57.0,27.0,3,0,0.30174436096202106,0.4720856588877864,0
19,58.0,26.0,3,0,0.49375685738427694,0.4720856588877864,1
19,59.0,25.0,3,0,0.5572052144680141,0.4720856588877864,1
19,60.0,24.0,3,0,0.7050789386667341,0.4720856588877864,1
19,61.0,23.0,3,0,0.4697240076358523,0.4720856588877864,0
19,62.0,22.0,3,0,0.6641424880421637,0.4720856588877864,1
19,63.0,21.0,3,0,0.7071385227467513,0.4720856588877864,1
19,64.0,20.0,3,1,0.7888278206576114,0.4720856588877864,1
19,65.0,19.0,3,1,0.6845094691432722,0.4720856588877864,1
19,66.0,18.0,3,1,0.8112704614214716,0.4720856588877864,1
19,67.0,17.0,3,1,0.5540347680803652,0.4720856588877864,1
19,68.0,16.0,3,1,0.7055623606967218,0.4720856588877864,1
19,69.0,15.0,3,1,0.8018887645003017,0.4720856588877864,1
19,70.0,14.0,3,1,0.906045068131592,0.4720856588877864,1
19,71.0,13.0,3,1,0.8464794866735451,0.4720856588877864,1
19,72.0,12.0,3,1,0.9837691623406466,0.4720856588877864,1
19,73.0,11.0,3,1,0.9463623350085583,0.4720856588877864,1
19,74.0,10.0,3,1,0.9373342865203124,0.4720856588877864,1
19,75.0,9.0,3,1,0.9521357501073062,0.4720856588877864,1
19,76.0,8.0,3,1,0.9452001718963932,0.4720856588877864,1
19,77.0,7.0,3,1,0.8713909945793873,0.4720856588877864,1
19,78.0,6.0,3,1,0.9384455860311516,0.4720856588877864,1
19,79.0,5.0,3,1,0.8956047259640252,0.4720856588877864,1
19,80.0,4.0,3,1,0.9886441729559569,0.4720856588877864,1
19,81.0,3.0,3,1,0.9786448309535605,0.4720856588877864,1
19,82.0,2.0,3,1,0.9896272638305612,0.4720856588877864,1
19,83.0,1.0,3,1,0.9944152322432372,0.4720856588877864,1
19,84.0,0.0,3,1,0.966473727913008,0.4720856588877864,1
20,1.0,65.0,1,0,0.1183546552623028,0.47936572047395676,0
20,2.0,64.0,1,0,0.20391225181723713,0.47936572047395676,0
20,3.0,63.0,1,0,0.30183604645102136,0.47936572047395676,0
20,4.0,62.0,1,0,0.15442553481678198,0.47936572047395676,0
20,5.0,61.0,1,0,0.3471418963934214,0.47936572047395676,0
20,6.0,60.0,1,0,0.1889069889150634,0.47936572047395676,0
20,7.0,59.0,1,0,0.18972331767484876,0.47936572047395676,0
20,8.0,58.0,1,0,0.2456076525254183,0.47936572047395676,0
20,9.0,57.0,1,0,0.1892098187071802,0.47936572047395676,0
20,10.0,56.0,1,0,0.16009427072599747,0.47936572047395676,0
20,11.0,55.0,1,0,0.4061517546396253,0.47936572047395676,0
20,12.0,54.0,1,0,0.2337607530955834,0.47936572047395676,0
20,13.0,53.0,1,0,0.15804422067131868,0.47936572047395676,0
20,14.0,52.0,1,0,0.22615327575992114,0.47936572047395676,0
20,15.0,51.0,1,0,0.26812421383665896,0.47936572047395676,0
20,16.0,50.0,1,0,0.17912158803380498,0.47936572047395676,0
20,17.0,49.0,1,0,0.1625546360014878,0.47936572047395676,0
20,18.0,48.0,1,0,0.25638424658469505,0.47936572047395676,0
20,19.0,47.0,1,0,0.17950946167622941,0.47936572047395676,0
20,20.0,46.0,1,0,0.17023695985227028,0.47936572047395676,0
20,21.0,45.0,1,0,0.3334852212833751,0.47936572047395676,0
20,22.0,44.0,1,0,0.17568096868313432,0.47936572047395676,0
20,23.0,43.0,1,0,0.3248969645826019,0.47936572047395676,0
20,24.0,42.0,1,0,0.4074654540690934,0.47936572047395676,0
20,25.0,41.0,1,0,0.20511451110655451,0.47936572047395676,0
20,26.0,40.0,1,0,0.27504103789729456,0.47936572047395676,0
20,27.0,39.0,1,0,0.13744177842734537,0.47936572047395676,0
20,28.0,38.0,1,0,0.2890730902877601,0.47936572047395676,0
20,29.0,37.0,1,0,0.21860987532917162,0.47936572047395676,0
20,30.0,36.0,1,0,0.4001329431524097,0.47936572047395676,0
20,31.0,35.0,1,0,0.3566581802945957,0.47936572047395676,0
20,32.0,34.0,1,0,0.5050975424029824,0.47936572047395676,1
20,33.0,33.0,1,0,0.19371071748509328,0.47936572047395676,0
20,34.0,32.0,1,0,0.34779160103948237,0.47936572047395676,0
20,35.0,31.0,1,0,0.1966471925855132,0.47936572047395676,0
20,36.0,30.0,1,0,0.24694681032607993,0.47936572047395676,0
20,37.0,29.0,1,0,0.36800147330388705,0.47936572047395676,0
20,38.0,28.0,1,0,0.25860013829584627,0.47936572047395676,0
20,39.0,27.0,1,0,0.5437639471944687,0.47936572047395676,1
20,40.0,26.0,1,0,0.3002921898690155,0.47936572047395676,0
20,41.0,25.0,1,0,0.37075612474239533,0.47936572047395676,0
20,42.0,24.0,1,0,0.3062259129418822,0.47936572047395676,0
20,43.0,23.0,1,0,0.4843177324173831,0.47936572047395676,1
20,44.0,22.0,1,0,0.36983681782053296,0.47936572047395676,0
20,45.0,21.0,1,0,0.47310955900131857,0.47936572047395676,0
20,46.0,20.0,1,1,0.5203610254620192,0.47936572047395676,1
20,47.0,19.0,1,1,0.5004921435641363,0.47936572047395676,1
20,48.0,18.0,1,1,0.2942244079153097,0.47936572047395676,0
20,49.0,17.0,1,1,0.4506439159645678,0.47936572047395676,0
20,50.0,16.0,1,1,0.41873320680834625,0.47936572047395676,0
20,51.0,15.0,1,1,0.5584657053096667,0.47936572047395676,1
20,52.0,14.0,1,1,0.854323317946694,0.47936572047395676,1
20,53.0,13.0,1,1,0.9089372726531654,0.47936572047395676,1
20,54.0,12.0,1,1,0.7027100618951646,0.47936572047395676,1
20,55.0,11.0,1,1,0.4916599033480629,0.47936572047395676,1
20,56.0,10.0,1,1,0.7494112465331558,0.47936572047395676,1
20,57.0,9.0,1,1,0.7791113272350668,0.47936572047395676,1
20,58.0,8.0,1,1,0.8846246841508779,0.47936572047395676,1
20,59.0,7.0,1,1,0.965148655234123,0.47936572047395676,1
20,60.0,6.0,1,1,0.9192867285732976,0.47936572047395676,1
20,61.0,5.0,1,1,0.7568040852619115,0.47936572047395676,1
20,62.0,4.0,1,1,0.9326320221298644,0.47936572047395676,1
20,63.0,3.0,1,1,0.9120763889364462,0.47936572047395676,1
20,64.0,2.0,1,1,0.7003856951018635,0.47936572047395676,1
20,65.0,1.0,1,1,0.8634410473600436,0.47936572047395676,1
20,66.0,0.0,1,1,0.9530499825631992,0.47936572047395676,1
21,1.0,58.0,4,0,0.17785641898915192,0.4736130371384783,0
21,2.0,57.0,4,0,0.5314467433497092,0.4736130371384783,1
21,3.0,56.0,4,0,0.2338679676100069,0.4736130371384783,0
21,4.0,55.0,4,0,0.3012398496404038,0.4736130371384783,0
21,5.0,54.0,4,0,0.3071346630873969,0.4736130371384783,0
21,6.0,53.0,4,0,0.32013244280972475,0.4736130371384783,0
21,7.0,52.0,4,0,0.17905352279399303,0.4736130371384783,0
21,8.0,51.0,4,0,0.1953005372619456,0.4736130371384783,0
21,9.0,50.0,4,0,0.32373531902936437,0.4736130371384783,0
21,10.0,49.0,4,0,0.11150752786939033,0.4736130371384783,0
21,11.0,48.0,4,0,0.26722675084821,0.4736130371384783,0
21,12.0,47.0,4,0,0.21999047311561312,0.4736130371384783,0
21,13.0,46.0,4,0,0.29779137853099047,0.4736130371384783,0
21,14.0,45.0,4,0,0.15359714763367996,0.4736130371384783,0
21,15.0,44.0,4,0,0.17830827441590932,0.4736130371384783,0
21,16.0,43.0,4,0,0.21822161182028227,0.4736130371384783,0
21,17.0,42.0,4,0,0.2833450371516393,0.4736130371384783,0
21,18.0,41.0,4,0,0.20596752067485816,0.4736130371384783,0
21,19.0,40.0,4,0,0.3660761460306198,0.4736130371384783,0
21,20.0,39.0,4,0,0.24421593987517035,0.4736130371384783,0
21,21.0,38.0,4,0,0.31628449434148337,0.4736130371384783,0
21,22.0,37.0,4,0,0.15375960728954505,0.4736130371384783,0
21,23.0,36.0,4,0,0.1791304372830981,0.4736130371384783,0
21,24.0,35.0,4,0,0.22166525536785386,0.4736130371384783,0
21,25.0,34.0,4,0,0.1522191782530997,0.4736130371384783,0
21,26.0,33.0,4,0,0.36929959851439004,0.4736130371384783,0
21,27.0,32.0,4,0,0.2549762192712291,0.4736130371384783,0
21,28.0,31.0,4,0,0.5395439738037888,0.4736130371384783,1
21,29.0,30.0,4,0,0.23106325477774056,0.4736130371384783,0
21,30.0,29.0,4,0,0.21553412824545234,0.4736130371384783,0
21,31.0,28.0,4,0,0.48985527448106453,0.4736130371384783,1
21,32.0,27.0,4,0,0.3567338940763985,0.4736130371384783,0
21,33.0,26.0,4,0,0.28142239983695266,0.4736130371384783,0
21,34.0,25.0,4,0,0.5001611259167809,0.4736130371384783,1
21,35.0,24.0,4,0,0.3297948629548552,0.4736130371384783,0
21,36.0,23.0,4,0,0.4707846243859815,0.4736130371384783,0
21,37.0,22.0,4,0,0.40527373401971917,0.4736130371384783,0
21,38.0,21.0,4,0,0.26191058880605933,0.4736130371384783,0
21,39.0,20.0,4,1,0.35833583296622235,0.4736130371384783,0
21,40.0,19.0,4,1,0.4265215199084286,0.4736130371384783,0
21,41.0,18.0,4,1,0.5633925396337597,0.4736130371384783,1
21,42.0,17.0,4,1,0.3942455475176554,0.4736130371384783,0
21,43.0,16.0,4,1,0.6781273934412569,0.4736130371384783,1
21,44.0,15.0,4,1,0.607803015452175,0.4736130371384783,1
21,45.0,14.0,4,1,0.5654454131305466,0.4736130371384783,1
21,46.0,13.0,4,1,0.7803137185813808,0.4736130371384783,1
21,47.0,12.0,4,1,0.7959620661589925,0.4736130371384783,1
21,48.0,11.0,4,1,0.7862732303163701,0.4736130371384783,1
21,49.0,10.0,4,1,0.590595183321736,0.4736130371384783,1
21,50.0,9.0,4,1,0.9348701352282942,0.4736130371384783,1
21,51.0,8.0,4,1,0.7535337907189852,0.4736130371384783,1
21,52.0,7.0,4,1,0.7971547189038507,0.4736130371384783,1
21,53.0,6.0,4,1,0.8710475609669006,0.4736130371384783,1
21,54.0,5.0,4,1,0.945022668157322,0.4736130371384783,1
21,55.0,4.0,4,1,0.9823147849523318,0.4736130371384783,1
21,56.0,3.0,4,1,0.8436850895695299,0.4736130371384783,1
21,57.0,2.0,4,1,0.9567248628345457,0.4736130371384783,1
21,58.0,1.0,4,1,0.94277916800428,0.4736130371384783,1
21,59.0,0.0,4,1,0.9690042419616255,0.4736130371384783,1
22,1.0,92.0,2,0,0.026785448085007095,0.4622183788044668,0
22,2.0,91.0,2,0,0.08398030563776468,0.4622183788044668,0
22,3.0,90.0,2,0,0.021691275586278834,0.4622183788044668,0
22,4.0,89.0,2,0,0.0988073078554008,0.4622183788044668,0
22,5.0,88.0,2,0,0.04959176407132206,0.4622183788044668,0
22,6.0,87.0,2,0,0.06853341007100462,0.4622183788044668,0
22,7.0,86.0,2,0,0.07806458537599024,0.4622183788044668,0
22,8.0,85.0,2,0,0.052358040118956874,0.4622183788044668,0
22,9.0,84.0,2,0,0.0746122920180571,0.4622183788044668,0
22,10.0,83.0,2,0,0.09709177240242313,0.4622183788044668,0
22,11.0,82.0,2,0,0.07072419698967365,0.4622183788044668,0
22,12.0,81.0,2,0,0.1030620767753048,0.4622183788044668,0
22,13.0,80.0,2,0,0.04899008521923341,0.4622183788044668,0
22,14.0,79.0,2,0,0.02544415556829922,0.4622183788044668,0
22,15.0,78.0,2,0,0.02313512124186896,0.4622183788044668,0
22,16.0,77.0,2,0,0.007334628497161659,0.4622183788044668,0
22,17.0,76.0,2,0,0.16787998915580796,0.4622183788044668,0
22,18.0,75.0,2,0,0.1668675384636269,0.4622183788044668,0
22,19.0,74.0,2,0,0.07125994057145202,0.4622183788044668,0
22,20.0,73.0,2,0,0.08611309384401332,0.4622183788044668,0
22,21.0,72.0,2,0,0.01604279434333116,0.4622183788044668,0
22,22.0,71.0,2,0,0.06589583753800017,0.4622183788044668,0
22,23.0,70.0,2,0,0.05782215981913985,0.4622183788044668,0
22,24.0,69.0,2,0,0.011935284510213121,0.4622183788044668,0
22,25.0,68.0,2,0,0.0684471487058516,0.4622183788044668,0
22,26.0,67.0,2,0,0.15435055207632817,0.4622183788044668,0
22,27.0,66.0,2,0,0.07714152224479287,0.4622183788044668,0
22,28.0,65.0,2,0,0.11959883018500528,0.4622183788044668,0
22,29.0,64.0,2,0,0.039744260759313574,0.4622183788044668,0
22,30.0,63.0,2,0,0.10339166416255129,0.4622183788044668,0
22,31.0,62.0,2,0,0.19529735481898003,0.4622183788044668,0
22,32.0,61.0,2,0,0.05570860698839463,0.4622183788044668,0
22,33.0,60.0,2,0,0.23743921767428516,0.4622183788044668,0
22,34.0,59.0,2,0,0.05740427440464123,0.4622183788044668,0
22,35.0,58.0,2,0,0.016683582068584057,0.4622183788044668,0
22,36.0,57.0,2,0,0.12796669680285358,0.4622183788044668,0
22,37.0,56.0,2,0,0.06534868547487367,0.4622183788044668,0
22,38.0,55.0,2,0,0.06186458431825998,0.4622183788044668,0
22,39.0,54.0,2,0,0.19889205468914636,0.4622183788044668,0
22,40.0,53.0,2,0,0.03933710170135094,0.4622183788044668,0
22,41.0,52.0,2,0,0.039969400692497374,0.4622183788044668,0
22,42.0,51.0,2,0,0.14312161282109076,0.4622183788044668,0
22,43.0,50.0,2,0,0.11565971365265762,0.4622183788044668,0
22,44.0,49.0,2,0,0.1882765073786197,0.4622183788044668,0
22,45.0,48.0,2,0,0.07775288601937345,0.4622183788044668,0
22,46.0,47.0,2,0,0.07334932636792545,0.4622183788044668,0
22,47.0,46.0,2,0,0.3556608225708835,0.4622183788044668,0
22,48.0,45.0,2,0,0.31498811597453225,0.4622183788044668,0
22,49.0,44.0,2,0,0.10959532390677462,0.4622183788044668,0
22,50.0,43.0,2,0,0.2536368526716156,0.4622183788044668,0
22,51.0,42.0,2,0,0.14449867590160712,0.4622183788044668,0
22,52.0,41.0,2,0,0.37728983185714937,0.4622183788044668,0
22,53.0,40.0,2,0,0.2782896881518436,0.4622183788044668,0
22,54.0,39.0,2,0,0.4584890430450678,0.4622183788044668,0
22,55.0,38.0,2,0,0.2257984056789916,0.4622183788044668,0
22,56.0,37.0,2,0,0.22937864985871487,0.4622183788044668,0
22,57.0,36.0,2,0,0.13522045210120842,0.4622183788044668,0
22,58.0,35.0,2,0,0.34857094260272686,0.4622183788044668,0
22,59.0,34.0,2,0,0.18515073465368928,0.4622183788044668,0
22,60.0,33.0,2,0,0.46994488049139693,0.4622183788044668,1
22,61.0,32.0,2,0,0.42948298183087474,0.4622183788044668,0
22,62.0,31.0,2,0,0.692412495253734,0.4622183788044668,1
22,63.0,30.0,2,0,0.9074068386384733,0.4622183788044668,1
22,64.0,29.0,2,0,0.6291858901546259,0.4622183788044668,1
22,65.0,28.0,2,0,0.5850385066982886,0.4622183788044668,1
22,66.0,27.0,2,0,0.4093765525607644,0.4622183788044668,0
22,67.0,26.0,2,0,0.645460501200945,0.4622183788044668,1
22,68.0,25.0,2,0,0.5571605168364437,0.4622183788044668,1
22,69.0,24.0,2,0,0.6341797447910247,0.4622183788044668,1
22,70.0,23.0,2,0,0.6297507122370753,0.4622183788044668,1
22,71.0,22.0,2,0,0.7876958069420412,0.4622183788044668,1
22,72.0,21.0,2,0,0.7683729765175417,0.4622183788044668,1
22,73.0,20.0,2,1,0.6242684108785231,0.4622183788044668,1
22,74.0,19.0,2,1,0.8470355865311183,0.4622183788044668,1
22,75.0,18.0,2,1,0.48746933106111756,0.4622183788044668,1
22,76.0,17.0,2,1,0.6119340007363469,0.4622183788044668,1
22,77.0,16.0,2,1,0.9834255852422435,0.4622183788044668,1
22,78.0,15.0,2,1,0.8140682068608232,0.4622183788044668,1
22,79.0,14.0,2,1,0.7421977569126171,0.4622183788044668,1
22,80.0,13.0,2,1,0.9073120303819212,0.4622183788044668,1
22,81.0,12.0,2,1,0.9702688276889403,0.4622183788044668,1
22,82.0,11.0,2,1,0.8484635923042735,0.4622183788044668,1
22,83.0,10.0,2,1,0.8370401321279971,0.4622183788044668,1
22,84.0,9.0,2,1,0.8961551471832729,0.4622183788044668,1
22,85.0,8.0,2,1,0.964734243130039,0.4622183788044668,1
22,86.0,7.0,2,1,0.9532395808272229,0.4622183788044668,1
22,87.0,6.0,2,1,0.9741725838466092,0.4622183788044668,1
22,88.0,5.0,2,1,0.9850157477756328,0.4622183788044668,1
22,89.0,4.0,2,1,0.9456486231577649,0.4622183788044668,1
22,90.0,3.0,2,1,0.9916401700430497,0.4622183788044668,1
22,91.0,2.0,2,1,0.9687553788025697,0.4622183788044668,1
22,92.0,1.0,2,1,0.9736525776123846,0.4622183788044668,1
22,93.0,0.0,2,1,0.9849855263091519,0.4622183788044668,1
23,1.0,76.0,5,0,0.35503672381808604,0.45996237574761434,0
23,2.0,75.0,5,0,0.20820987671965538,0.45996237574761434,0
23,3.0,74.0,5,0,0.18643978320814933,0.45996237574761434,0
23,4.0,73.0,5,0,0.1430613928592094,0.45996237574761434,0
23,5.0,72.0,5,0,0.14564352533954203,0.45996237574761434,0
23,6.0,71.0,5,0,0.2975668910053258,0.45996237574761434,0
23,7.0,70.0,5,0,0.2682430663843425,0.45996237574761434,0
23,8.0,69.0,5,0,0.1832768806088611,0.45996237574761434,0
23,9.0,68.0,5,0,0.24902623762627515,0.45996237574761434,0
23,10.0,67.0,5,0,0.2790548428052559,0.45996237574761434,0
23,11.0,66.0,5,0,0.24159368723047567,0.45996237574761434,0
23,12.0,65.0,5,0,0.29825291765427187,0.45996237574761434,0
23,13.0,64.0,5,0,0.3522946920789664,0.45996237574761434,0
23,14.0,63.0,5,0,0.23063165719759576,0.45996237574761434,0
23,15.0,62.0,5,0,0.08508921924055182,0.45996237574761434,0
23,16.0,61.0,5,0,0.1942627866388105,0.45996237574761434,0
23,17.0,60.0,5,0,0.26223149183444294,0.45996237574761434,0
23,18.0,59.0,5,0,0.3928861732283961,0.45996237574761434,0
23,19.0,58.0,5,0,0.2186613903059752,0.45996237574761434,0
23,20.0,57.0,5,0,0.4785116209160274,0.45996237574761434,1
23,21.0,56.0,5,0,0.22985406353279772,0.45996237574761434,0
23,22.0,55.0,5,0,0.30088774141802693,0.45996237574761434,0
23,23.0,54.0,5,0,0.2517719241419235,0.45996237574761434,0
23,24.0,53.0,5,0,0.5236834553927653,0.45996237574761434,1
23,25.0,52.0,5,0,0.19579115004143657,0.45996237574761434,0
23,26.0,51.0,5,0,0.33176660079063774,0.45996237574761434,0
23,27.0,50.0,5,0,0.2116290927479596,0.45996237574761434,0
23,28.0,49.0,5,0,0.16880778143742364,0.45996237574761434,0
23,29.0,48.0,5,0,0.23250880571116062,0.45996237574761434,0
23,30.0,47.0,5,0,0.2876532929548834,0.45996237574761434,0
23,31.0,46.0,5,0,0.3555423408946544,0.45996237574761434,0
23,32.0,45.0,5,0,0.3667067659835717,0.45996237574761434,0
23,33.0,44.0,5,0,0.3669491915882264,0.45996237574761434,0
23,34.0,43.0,5,0,0.20461623487030034,0.45996237574761434,0
23,35.0,42.0,5,0,0.44226220221033624,0.45996237574761434,0
23,36.0,41.0,5,0,0.25630508928228163,0.45996237574761434,0
23,37.0,40.0,5,0,0.32294758558677233,0.45996237574761434,0
23,38.0,39.0,5,0,0.47640621049977705,0.45996237574761434,1
23,39.0,38.0,5,0,0.2518220212135106,0.45996237574761434,0
23,40.0,37.0,5,0,0.37528705058674483,0.45996237574761434,0
23,41.0,36.0,5,0,0.6552631498775929,0.45996237574761434,1
23,42.0,35.0,5,0,0.4460761413805122,0.45996237574761434,0
23,43.0,34.0,5,0,0.29589713937703577,0.45996237574761434,0
23,44.0,33.0,5,0,0.38559914172956034,0.45996237574761434,0
23,45.0,32.0,5,0,0.4353932119238059,0.45996237574761434,0
23,46.0,31.0,5,0,0.4346448639168517,0.45996237574761434,0
23,47.0,30.0,5,0,0.4531675236705289,0.45996237574761434,0
23,48.0,29.0,5,0,0.4846817088331976,0.45996237574761434,1
23,49.0,28.0,5,0,0.5350270000392942,0.45996237574761434,1
23,50.0,27.0,5,0,0.454224539020718,0.45996237574761434,0
23,51.0,26.0,5,0,0.8409232385635161,0.45996237574761434,1
23,52.0,25.0,5,0,0.5981645410027845,0.45996237574761434,1
23,53.0,24.0,5,0,0.7800352331940142,0.45996237574761434,1
23,54.0,23.0,5,0,0.387795361336057,0.45996237574761434,0
23,55.0,22.0,5,0,0.5351930522913292,0.45996237574761434,1
23,56.0,21.0,5,0,0.6126008395325666,0.45996237574761434,1
23,57.0,20.0,5,1,0.6482755571385371,0.45996237574761434,1
23,58.0,19.0,5,1,0.47870998510044094,0.45996237574761434,1
23,59.0,18.0,5,1,0.707958747979565,0.45996237574761434,1
23,60.0,17.0,5,1,0.7631520596137155,0.45996237574761434,1
23,61.0,16.0,5,1,0.6211120874464606,0.45996237574761434,1
23,62.0,15.0,5,1,0.5541491938574564,0.45996237574761434,1
23,63.0,14.0,5,1,0.40606121288614894,0.45996237574761434,0
23,64.0,13.0,5,1,0.6347835287523429,0.45996237574761434,1
23,65.0,12.0,5,1,0.8512227443274716,0.45996237574761434,1
23,66.0,11.0,5,1,0.7546443433802279,0.45996237574761434,1
23,67.0,10.0,5,1,0.8940192211980452,0.45996237574761434,1
23,68.0,9.0,5,1,0.8211507309435915,0.45996237574761434,1
23,69.0,8.0,5,1,0.8401642162467848,0.45996237574761434,1
23,70.0,7.0,5,1,0.7034044871778584,0.45996237574761434,1
23,71.0,6.0,5,1,0.7173401261815222,0.45996237574761434,1
23,72.0,5.0,5,1,0.8424154377824565,0.45996237574761434,1
23,73.0,4.0,5,1,0.9292405508679086,0.45996237574761434,1
23,74.0,3.0,5,1,0.9589632061455504,0.45996237574761434,1
23,75.0,2.0,5,1,0.9480399556182492,0.45996237574761434,1
23,76.0,1.0,5,1,0.9470488311679732,0.45996237574761434,1
23,77.0,0.0,5,1,0.9365034911653224,0.45996237574761434,1
24,1.0,75.0,4,0,0.024803559309092563,0.4736130371384783,0
24,2.0,74.0,4,0,0.0878960570583427,0.4736130371384783,0
24,3.0,73.0,4,0,0.0736410371612263,0.4736130371384783,0
24,4.0,72.0,4,0,0.00571367847986903,0.4736130371384783,0
24,5.0,71.0,4,0,0.07643348981698306,0.4736130371384783,0
24,6.0,70.0,4,0,0.10058998790238775,0.4736130371384783,0
24,7.0,69.0,4,0,0.001960994087045134,0.4736130371384783,0
24,8.0,68.0,4,0,0.006920543494990667,0.4736130371384783,0
24,9.0,67.0,4,0,0.021980451434743885,0.4736130371384783,0
24,10.0,66.0,4,0,0.02466057097760248,0.4736130371384783,0
24,11.0,65.0,4,0,0.029765160757500526,0.4736130371384783,0
24,12.0,64.0,4,0,0.07480521466855727,0.4736130371384783,0
24,13.0,63.0,4,0,0.05987929007610297,0.4736130371384783,0
24,14.0,62.0,4,0,0.08990900354857702,0.4736130371384783,0
24,15.0,61.0,4,0,0.008360078016175672,0.4736130371384783,0
24,16.0,60.0,4,0,0.08541186703084205,0.4736130371384783,0
24,17.0,59.0,4,0,0.08580430388901375,0.4736130371384783,0
24,18.0,58.0,4,0,0.0804930350866848,0.4736130371384783,0
24,19.0,57.0,4,0,0.06391077870157905,0.4736130371384783,0
24,20.0,56.0,4,0,0.10303773461790192,0.4736130371384783,0
24,21.0,55.0,4,0,0.028943657164830338,0.4736130371384783,0
24,22.0,54.0,4,0,0.09174781225120968,0.4736130371384783,0
24,23.0,53.0,4,0,0.1339307442352655,0.4736130371384783,0
24,24.0,52.0,4,0,0.083180543315552,0.4736130371384783,0
24,25.0,51.0,4,0,0.029945944613960076,0.4736130371384783,0
24,26.0,50.0,4,0,0.09434054061356328,0.4736130371384783,0
24,27.0,49.0,4,0,0.279184626211255,0.4736130371384783,0
24,28.0,48.0,4,0,0.0804930350866848,0.4736130371384783,0
24,29.0,47.0,4,0,0.10359716312863293,0.4736130371384783,0
24,30.0,46.0,4,0,0.10117550103349542,0.4736130371384783,0
24,31.0,45.0,4,0,0.1453365318698096,0.4736130371384783,0
24,32.0,44.0,4,0,0.12109446607285537,0.4736130371384783,0
24,33.0,43.0,4,0,0.14699061174368885,0.4736130371384783,0
24,34.0,42.0,4,0,0.011025912166162997,0.4736130371384783,0
24,35.0,41.0,4,0,0.10430118051916402,0.4736130371384783,0
24,36.0,40.0,4,0,0.041950425565822846,0.4736130371384783,0
24,37.0,39.0,4,0,0.1190640267464576,0.4736130371384783,0
24,38.0,38.0,4,0,0.06214692926541817,0.4736130371384783,0
24,39.0,37.0,4,0,0.019648877748687094,0.4736130371384783,0
24,40.0,36.0,4,0,0.05080426800895326,0.4736130371384783,0
24,41.0,35.0,4,0,0.157288779240057,0.4736130371384783,0
24,42.0,34.0,4,0,0.08793902138936957,0.4736130371384783,0
24,43.0,33.0,4,0,0.3171313757632457,0.4736130371384783,0
24,44.0,32.0,4,0,0.08227730927482459,0.4736130371384783,0
24,45.0,31.0,4,0,0.3567805396076067,0.4736130371384783,0
24,46.0,30.0,4,0,0.10096560342380832,0.4736130371384783,0
24,47.0,29.0,4,0,0.19587201000552154,0.4736130371384783,0
24,48.0,28.0,4,0,0.09339251247511204,0.4736130371384783,0
24,49.0,27.0,4,0,0.21812844764747755,0.4736130371384783,0
24,50.0,26.0,4,0,0.22282600765961896,0.4736130371384783,0
24,51.0,25.0,4,0,0.29493784990720023,0.4736130371384783,0
24,52.0,24.0,4,0,0.2828758001625306,0.4736130371384783,0
24,53.0,23.0,4,0,0.4851627451585428,0.4736130371384783,1
24,54.0,22.0,4,0,0.6397469279745664,0.4736130371384783,1
24,55.0,21.0,4,0,0.4213528050473571,0.4736130371384783,0
24,56.0,20.0,4,1,0.6610349593242321,0.4736130371384783,1
24,57.0,19.0,4,1,0.33340407028339497,0.4736130371384783,0
24,58.0,18.0,4,1,0.5125235402919168,0.4736130371384783,1
24,59.0,17.0,4,1,0.7407321163239743,0.4736130371384783,1
24,60.0,16.0,4,1,0.8373835106691851,0.4736130371384783,1
24,61.0,15.0,4,1,0.7084906633175336,0.4736130371384783,1
24,62.0,14.0,4,1,0.9193507176857493,0.4736130371384783,1
24,63.0,13.0,4,1,0.7236094904079916,0.4736130371384783,1
24,64.0,12.0,4,1,0.7617034131270856,0.4736130371384783,1
24,65.0,11.0,4,1,0.6831252696560818,0.4736130371384783,1
24,66.0,10.0,4,1,0.9580657527666894,0.4736130371384783,1
24,67.0,9.0,4,1,0.9066612982026907,0.4736130371384783,1
24,68.0,8.0,4,1,0.9638540315756542,0.4736130371384783,1
24,69.0,7.0,4,1,0.9221572176875332,0.4736130371384783,1
24,70.0,6.0,4,1,0.7316173177325151,0.4736130371384783,1
24,71.0,5.0,4,1,0.9637042458760748,0.4736130371384783,1
24,72.0,4.0,4,1,0.8248799018285103,0.4736130371384783,1
24,73.0,3.0,4,1,0.9571444187329141,0.4736130371384783,1
24,74.0,2.0,4,1,0.9852086665303009,0.4736130371384783,1
24,75.0,1.0,4,1,0.9868064676623425,0.4736130371384783,1
24,76.0,0.0,4,1,0.9864608038183846,0.4736130371384783,1
25,1.0,66.0,5,0,0.2092513860666267,0.45996237574761434,0
25,2.0,65.0,5,0,0.2003068434734152,0.45996237574761434,0
25,3.0,64.0,5,0,0.1738423108906413,0.45996237574761434,0
25,4.0,63.0,5,0,0.274650929474218,0.45996237574761434,0
25,5.0,62.0,5,0,0.18736770351516732,0.45996237574761434,0
25,6.0,61.0,5,0,0.21010955904445552,0.45996237574761434,0
25,7.0,60.0,5,0,0.12420298475382924,0.45996237574761434,0
25,8.0,59.0,5,0,0.16282070884310346,0.45996237574761434,0
25,9.0,58.0,5,0,0.30419845822138075,0.45996237574761434,0
25,10.0,57.0,5,0,0.1196596441170558,0.45996237574761434,0
25,11.0,56.0,5,0,0.22176046254034631,0.45996237574761434,0
25,12.0,55.0,5,0,0.1554713138219598,0.45996237574761434,0
25,13.0,54.0,5,0,0.17977738374617244,0.45996237574761434,0
25,14.0,53.0,5,0,0.16507671688947215,0.45996237574761434,0
25,15.0,52.0,5,0,0.33905150221817043,0.45996237574761434,0
25,16.0,51.0,5,0,0.13153148323517894,0.45996237574761434,0
25,17.0,50.0,5,0,0.20978004569036368,0.45996237574761434,0
25,18.0,49.0,5,0,0.32671436016478905,0.45996237574761434,0
25,19.0,48.0,5,0,0.24836017892912438,0.45996237574761434,0
25,20.0,47.0,5,0,0.14269072827400392,0.45996237574761434,0
25,21.0,46.0,5,0,0.32242818219681335,0.45996237574761434,0
25,22.0,45.0,5,0,0.31977489409976223,0.45996237574761434,0
25,23.0,44.0,5,0,0.1637197333327228,0.45996237574761434,0
25,24.0,43.0,5,0,0.3869777334460178,0.45996237574761434,0
25,25.0,42.0,5,0,0.306518431035496,0.45996237574761434,0
25,26.0,41.0,5,0,0.2624550066329877,0.45996237574761434,0
25,27.0,40.0,5,0,0.27672879596515587,0.45996237574761434,0
25,28.0,39.0,5,0,0.498248005993193,0.45996237574761434,1
25,29.0,38.0,5,0,0.482560245717239,0.45996237574761434,1
25,30.0,37.0,5,0,0.3848441571923251,0.45996237574761434,0
25,31.0,36.0,5,0,0.1811953668509652,0.45996237574761434,0
25,32.0,35.0,5,0,0.21913865575633845,0.45996237574761434,0
25,33.0,34.0,5,0,0.34927340812928076,0.45996237574761434,0
25,34.0,33.0,5,0,0.2742355277428106,0.45996237574761434,0
25,35.0,32.0,5,0,0.35110719307136895,0.45996237574761434,0
25,36.0,31.0,5,0,0.4645300300757049,0.45996237574761434,1
25,37.0,30.0,5,0,0.3195316681689584,0.45996237574761434,0
25,38.0,29.0,5,0,0.3856220069766241,0.45996237574761434,0
25,39.0,28.0,5,0,0.3194469172917988,0.45996237574761434,0
25,40.0,27.0,5,0,0.7848462615936302,0.45996237574761434,1
25,41.0,26.0,5,0,0.25735308169359833,0.45996237574761434,0
25,42.0,25.0,5,0,0.3698993457768961,0.45996237574761434,0
25,43.0,24.0,5,0,0.6322638111168548,0.45996237574761434,1
25,44.0,23.0,5,0,0.5917788361239659,0.45996237574761434,1
25,45.0,22.0,5,0,0.188347692889934,0.45996237574761434,0
25,46.0,21.0,5,0,0.5781772692754183,0.45996237574761434,1
25,47.0,20.0,5,1,0.7615634266437761,0.45996237574761434,1
25,48.0,19.0,5,1,0.4748618396010595,0.45996237574761434,1
25,49.0,18.0,5,1,0.5848780873247844,0.45996237574761434,1
25,50.0,17.0,5,1,0.5531903109166801,0.45996237574761434,1
25,51.0,16.0,5,1,0.8965820725308561,0.45996237574761434,1
25,52.0,15.0,5,1,0.8475990859153674,0.45996237574761434,1
25,53.0,14.0,5,1,0.716300677145602,0.45996237574761434,1
25,54.0,13.0,5,1,0.7947405667922981,0.45996237574761434,1
25,55.0,12.0,5,1,0.6809894866662733,0.45996237574761434,1
25,56.0,11.0,5,1,0.7816173877948925,0.45996237574761434,1
25,57.0,10.0,5,1,0.7581849403207823,0.45996237574761434,1
25,58.0,9.0,5,1,0.9620563516755177,0.45996237574761434,1
25,59.0,8.0,5,1,0.7605355235309266,0.45996237574761434,1
25,60.0,7.0,5,1,0.926062483317437,0.45996237574761434,1
25,61.0,6.0,5,1,0.9180465432751125,0.45996237574761434,1
25,62.0,5.0,5,1,0.9455736582335589,0.45996237574761434,1
25,63.0,4.0,5,1,0.9762250985127509,0.45996237574761434,1
25,64.0,3.0,5,1,0.9304921115557532,0.45996237574761434,1
25,65.0,2.0,5,1,0.9074830779388768,0.45996237574761434,1
25,66.0,1.0,5,1,0.9768917384848719,0.45996237574761434,1
25,67.0,0.0,5,1,0.9698310615817266,0.45996237574761434,1
26,1.0,86.0,2,0,0.3239421778816177,0.4622183788044668,0
26,2.0,85.0,2,0,0.17849297448058277,0.4622183788044668,0
26,3.0,84.0,2,0,0.18321098780736447,0.4622183788044668,0
26,4.0,83.0,2,0,0.29777900169334526,0.4622183788044668,0
26,5.0,82.0,2,0,0.11629424975900268,0.4622183788044668,0
26,6.0,81.0,2,0,0.144413379665816,0.4622183788044668,0
26,7.0,80.0,2,0,0.1795046985221804,0.4622183788044668,0
26,8.0,79.0,2,0,0.16442211742839724,0.4622183788044668,0
26,9.0,78.0,2,0,0.22698433170993834,0.4622183788044668,0
26,10.0,77.0,2,0,0.15831258245443275,0.4622183788044668,0
26,11.0,76.0,2,0,0.3131413197251087,0.4622183788044668,0
26,12.0,75.0,2,0,0.18846595293419863,0.4622183788044668,0
26,13.0,74.0,2,0,0.14573931150860317,0.4622183788044668,0
26,14.0,73.0,2,0,0.11258649393914626,0.4622183788044668,0
26,15.0,72.0,2,0,0.11257471527260887,0.4622183788044668,0
26,16.0,71.0,2,0,0.11183028080153389,0.4622183788044668,0
26,17.0,70.0,2,0,0.17171138474728032,0.4622183788044668,0
26,18.0,69.0,2,0,0.26961900208759065,0.4622183788044668,0
26,19.0,68.0,2,0,0.11933681354288124,0.4622183788044668,0
26,20.0,67.0,2,0,0.16069108873109447,0.4622183788044668,0
26,21.0,66.0,2,0,0.25627375978200684,0.4622183788044668,0
26,22.0,65.0,2,0,0.11322931727578173,0.4622183788044668,0
26,23.0,64.0,2,0,0.12259960825247772,0.4622183788044668,0
26,24.0,63.0,2,0,0.2344348585380612,0.4622183788044668,0
26,25.0,62.0,2,0,0.22652662984750996,0.4622183788044668,0
26,26.0,61.0,2,0,0.3208729327444832,0.4622183788044668,0
26,27.0,60.0,2,0,0.30631345560348106,0.4622183788044668,0
26,28.0,59.0,2,0,0.10713578205655244,0.4622183788044668,0
26,29.0,58.0,2,0,0.23856351793371278,0.4622183788044668,0
26,30.0,57.0,2,0,0.246318135167598,0.4622183788044668,0
26,31.0,56.0,2,0,0.3108397748315315,0.4622183788044668,0
26,32.0,55.0,2,0,0.13502757827016226,0.4622183788044668,0
26,33.0,54.0,2,0,0.12770795502688503,0.4622183788044668,0
26,34.0,53.0,2,0,0.1739960251156087,0.4622183788044668,0
26,35.0,52.0,2,0,0.1695292521778088,0.4622183788044668,0
26,36.0,51.0,2,0,0.1468255911114593,0.4622183788044668,0
26,37.0,50.0,2,0,0.1744971881655268,0.4622183788044668,0
26,38.0,49.0,2,0,0.4696532710255434,0.4622183788044668,1
26,39.0,48.0,2,0,0.1631447034235401,0.4622183788044668,0
26,40.0,47.0,2,0,0.08189232333303419,0.4622183788044668,0
26,41.0,46.0,2,0,0.058619969872921375,0.4622183788044668,0
26,42.0,45.0,2,0,0.09668134021370718,0.4622183788044668,0
26,43.0,44.0,2,0,0.12989672211889638,0.4622183788044668,0
26,44.0,43.0,2,0,0.38977895571907706,0.4622183788044668,0
26,45.0,42.0,2,0,0.23209885763435864,0.4622183788044668,0
26,46.0,41.0,2,0,0.19538599485074812,0.4622183788044668,0
26,47.0,40.0,2,0,0.2520147019050947,0.4622183788044668,0
26,48.0,39.0,2,0,0.3039952284867124,0.4622183788044668,0
26,49.0,38.0,2,0,0.2854572198177842,0.4622183788044668,0
26,50.0,37.0,2,0,0.23049004670263018,0.4622183788044668,0
26,51.0,36.0,2,0,0.14751761314691217,0.4622183788044668,0
26,52.0,35.0,2,0,0.13203488690796425,0.4622183788044668,0
26,53.0,34.0,2,0,0.16622703733736421,0.4622183788044668,0
26,54.0,33.0,2,0,0.1376714699295661,0.4622183788044668,0
26,55.0,32.0,2,0,0.1339764995656178,0.4622183788044668,0
26,56.0,31.0,2,0,0.1616541793589707,0.4622183788044668,0
26,57.0,30.0,2,0,0.1812597235329311,0.4622183788044668,0
26,58.0,29.0,2,0,0.19552704255242806,0.4622183788044668,0
26,59.0,28.0,2,0,0.32176275632377943,0.4622183788044668,0
26,60.0,27.0,2,0,0.06980647592465418,0.4622183788044668,0
26,61.0,26.0,2,0,0.2956611595036945,0.4622183788044668,0
26,62.0,25.0,2,0,0.27616946177794943,0.4622183788044668,0
26,63.0,24.0,2,0,0.1961725468793906,0.4622183788044668,0
26,64.0,23.0,2,0,0.4232145162064752,0.4622183788044668,0
26,65.0,22.0,2,0,0.12314435018094692,0.4622183788044668,0
26,66.0,21.0,2,0,0.2793684859214264,0.4622183788044668,0
26,67.0,20.0,2,1,0.1608869773741379,0.4622183788044668,0
26,68.0,19.0,2,1,0.15250241643047574,0.4622183788044668,0
26,69.0,18.0,2,1,0.251605206299442,0.4622183788044668,0
26,70.0,17.0,2,1,0.09988205993117345,0.4622183788044668,0
26,71.0,16.0,2,1,0.18087797485979748,0.4622183788044668,0
26,72.0,15.0,2,1,0.3669637623786996,0.4622183788044668,0
26,73.0,14.0,2,1,0.24018548939276546,0.4622183788044668,0
26,74.0,13.0,2,1,0.3324868285855937,0.4622183788044668,0
26,75.0,12.0,2,1,0.3393759533571682,0.4622183788044668,0
26,76.0,11.0,2,1,0.2921850699708822,0.4622183788044668,0
26,77.0,10.0,2,1,0.712486235887765,0.4622183788044668,1
26,78.0,9.0,2,1,0.30447111513367414,0.4622183788044668,0
26,79.0,8.0,2,1,0.36827572049929297,0.4622183788044668,0
26,80.0,7.0,2,1,0.40389841323223025,0.4622183788044668,0
26,81.0,6.0,2,1,0.4542753245933321,0.4622183788044668,0
26,82.0,5.0,2,1,0.7888146625884078,0.4622183788044668,1
26,83.0,4.0,2,1,0.4459484813938479,0.4622183788044668,0
26,84.0,3.0,2,1,0.6082403767330938,0.4622183788044668,1
26,85.0,2.0,2,1,0.7414302332206905,0.4622183788044668,1
26,86.0,1.0,2,1,0.5456326029580334,0.4622183788044668,1
26,87.0,0.0,2,1,0.8126099491382283,0.4622183788044668,1
27,1.0,72.0,3,0,0.17149647215428593,0.4720856588877864,0
27,2.0,71.0,3,0,0.26742487772042484,0.4720856588877864,0
27,3.0,70.0,3,0,0.2563894041417799,0.4720856588877864,0
27,4.0,69.0,3,0,0.1179516865912974,0.4720856588877864,0
27,5.0,68.0,3,0,0.17255859456569875,0.4720856588877864,0
27,6.0,67.0,3,0,0.1282063996809342,0.4720856588877864,0
27,7.0,66.0,3,0,0.18519046097346517,0.4720856588877864,0
27,8.0,65.0,3,0,0.20221029793426012,0.4720856588877864,0
27,9.0,64.0,3,0,0.29136414342793326,0.4720856588877864,0
27,10.0,63.0,3,0,0.22069073001035241,0.4720856588877864,0
27,11.0,62.0,3,0,0.20623307275019004,0.4720856588877864,0
27,12.0,61.0,3,0,0.16830258418201546,0.4720856588877864,0
27,13.0,60.0,3,0,0.19176673291612478,0.4720856588877864,0
27,14.0,59.0,3,0,0.39333914202362447,0.4720856588877864,0
27,15.0,58.0,3,0,0.2642654147215928,0.4720856588877864,0
27,16.0,57.0,3,0,0.18158813020829717,0.4720856588877864,0
27,17.0,56.0,3,0,0.19362006500929874,0.4720856588877864,0
27,18.0,55.0,3,0,0.12744392908170357,0.4720856588877864,0
27,19.0,54.0,3,0,0.27267182263578615,0.4720856588877864,0
27,20.0,53.0,3,0,0.1455911112466999,0.4720856588877864,0
27,21.0,52.0,3,0,0.2535565617172774,0.4720856588877864,0
27,22.0,51.0,3,0,0.20772176999938044,0.4720856588877864,0
27,23.0,50.0,3,0,0.3340884310236102,0.4720856588877864,0
27,24.0,49.0,3,0,0.22294831631974382,0.4720856588877864,0
27,25.0,48.0,3,0,0.298836048698019,0.4720856588877864,0
27,26.0,47.0,3,0,0.1807260255873425,0.4720856588877864,0
27,27.0,46.0,3,0,0.1698991190416095,0.4720856588877864,0
27,28.0,45.0,3,0,0.08554470635917073,0.4720856588877864,0
27,29.0,44.0,3,0,0.19795833495168652,0.4720856588877864,0
27,30.0,43.0,3,0,0.20828462713550994,0.4720856588877864,0
27,31.0,42.0,3,0,0.2583328289472477,0.4720856588877864,0
27,32.0,41.0,3,0,0.16886037665774456,0.4720856588877864,0
27,33.0,40.0,3,0,0.20550547509465414,0.4720856588877864,0
27,34.0,39.0,3,0,0.23746193365490287,0.4720856588877864,0
27,35.0,38.0,3,0,0.3129558752207219,0.4720856588877864,0
27,36.0,37.0,3,0,0.14243987206537898,0.4720856588877864,0
27,37.0,36.0,3,0,0.15355205867892116,0.4720856588877864,0
27,38.0,35.0,3,0,0.17808961475979768,0.4720856588877864,0
27,39.0,34.0,3,0,0.4039053747108784,0.4720856588877864,0
27,40.0,33.0,3,0,0.24400648269493147,0.4720856588877864,0
27,41.0,32.0,3,0,0.1867542773110256,0.4720856588877864,0
27,42.0,31.0,3,0,0.19927608515202275,0.4720856588877864,0
27,43.0,30.0,3,0,0.11087781371133612,0.4720856588877864,0
27,44.0,29.0,3,0,0.26945029484173894,0.4720856588877864,0
27,45.0,28.0,3,0,0.2566572051176242,0.4720856588877864,0
27,46.0,27.0,3,0,0.2003417203714802,0.4720856588877864,0
27,47.0,26.0,3,0,0.2137153393047973,0.4720856588877864,0
27,48.0,25.0,3,0,0.3235032670955895,0.4720856588877864,0
27,49.0,24.0,3,0,0.10920114313536203,0.4720856588877864,0
27,50.0,23.0,3,0,0.14935194412342687,0.4720856588877864,0
27,51.0,22.0,3,0,0.2024524850479375,0.4720856588877864,0
27,52.0,21.0,3,0,0.1489998914029658,0.4720856588877864,0
27,53.0,20.0,3,1,0.15023298633749121,0.4720856588877864,0
27,54.0,19.0,3,1,0.20636157411452152,0.4720856588877864,0
27,55.0,18.0,3,1,0.2366087821263462,0.4720856588877864,0
27,56.0,17.0,3,1,0.29849035537400875,0.4720856588877864,0
27,57.0,16.0,3,1,0.28429442096768487,0.4720856588877864,0
27,58.0,15.0,3,1,0.41606922384197703,0.4720856588877864,0
27,59.0,14.0,3,1,0.4142777857951524,0.4720856588877864,0
27,60.0,13.0,3,1,0.4399598681500316,0.4720856588877864,0
27,61.0,12.0,3,1,0.4294509215648279,0.4720856588877864,0
27,62.0,11.0,3,1,0.26041253760923566,0.4720856588877864,0
27,63.0,10.0,3,1,0.1911011936312317,0.4720856588877864,0
27,64.0,9.0,3,1,0.39594780657888956,0.4720856588877864,0
27,65.0,8.0,3,1,0.4520708008870649,0.4720856588877864,0
27,66.0,7.0,3,1,0.21370017594757687,0.4720856588877864,0
27,67.0,6.0,3,1,0.3069716820845971,0.4720856588877864,0
27,68.0,5.0,3,1,0.33048124786652927,0.4720856588877864,0
27,69.0,4.0,3,1,0.2152953223648079,0.4720856588877864,0
27,70.0,3.0,3,1,0.3393271498815495,0.4720856588877864,0
27,71.0,2.0,3,1,0.5915346412374414,0.4720856588877864,1
27,72.0,1.0,3,1,0.5281637810014883,0.4720856588877864,1
27,73.0,0.0,3,1,0.33560341937988913,0.4720856588877864,0
28,1.0,99.0,2,0,0.25149901877927106,0.4622183788044668,0
28,2.0,98.0,2,0,0.19079397012008117,0.4622183788044668,0
28,3.0,97.0,2,0,0.13260614708874283,0.4622183788044668,0
28,4.0,96.0,2,0,0.11264187896838532,0.4622183788044668,0
28,5.0,95.0,2,0,0.10839483557180728,0.4622183788044668,0
28,6.0,94.0,2,0,0.21792482884049594,0.4622183788044668,0
28,7.0,93.0,2,0,0.1363350393535193,0.4622183788044668,0
28,8.0,92.0,2,0,0.1430399050025583,0.4622183788044668,0
28,9.0,91.0,2,0,0.3236285376011324,0.4622183788044668,0
28,10.0,90.0,2,0,0.19096184956738654,0.4622183788044668,0
28,11.0,89.0,2,0,0.2692797433940332,0.4622183788044668,0
28,12.0,88.0,2,0,0.2730116280315277,0.4622183788044668,0
28,13.0,87.0,2,0,0.08801412811184649,0.4622183788044668,0
28,14.0,86.0,2,0,0.3319619907992916,0.4622183788044668,0
28,15.0,85.0,2,0,0.1597536035585727,0.4622183788044668,0
28,16.0,84.0,2,0,0.2691959534678954,0.4622183788044668,0
28,17.0,83.0,2,0,0.33289356449843016,0.4622183788044668,0
28,18.0,82.0,2,0,0.10891684264174947,0.4622183788044668,0
28,19.0,81.0,2,0,0.13978619348107085,0.4622183788044668,0
28,20.0,80.0,2,0,0.21133443598255258,0.4622183788044668,0
28,21.0,79.0,2,0,0.10881546534779449,0.4622183788044668,0
28,22.0,78.0,2,0,0.08011114496531323,0.4622183788044668,0
28,23.0,77.0,2,0,0.17162207707358765,0.4622183788044668,0
28,24.0,76.0,2,0,0.18336304619234386,0.4622183788044668,0
28,25.0,75.0,2,0,0.09404096686390183,0.4622183788044668,0
28,26.0,74.0,2,0,0.22248063345199992,0.4622183788044668,0
28,27.0,73.0,2,0,0.23361784489367693,0.4622183788044668,0
28,28.0,72.0,2,0,0.13764638798470397,0.4622183788044668,0
28,29.0,71.0,2,0,0.2167520482725945,0.4622183788044668,0
28,30.0,70.0,2,0,0.09912463629280548,0.4622183788044668,0
28,31.0,69.0,2,0,0.25190204250211096,0.4622183788044668,0
28,32.0,68.0,2,0,0.1549776072845386,0.4622183788044668,0
28,33.0,67.0,2,0,0.16018791969761753,0.4622183788044668,0
28,34.0,66.0,2,0,0.10311871817274067,0.4622183788044668,0
28,35.0,65.0,2,0,0.13068127814458866,0.4622183788044668,0
28,36.0,64.0,2,0,0.14269816897458473,0.4622183788044668,0
28,37.0,63.0,2,0,0.20053902395579284,0.4622183788044668,0
28,38.0,62.0,2,0,0.15571472399359976,0.4622183788044668,0
28,39.0,61.0,2,0,0.14175513030221282,0.4622183788044668,0
28,40.0,60.0,2,0,0.23338884064628193,0.4622183788044668,0
28,41.0,59.0,2,0,0.1893730817749213,0.4622183788044668,0
28,42.0,58.0,2,0,0.14040626948052323,0.4622183788044668,0
28,43.0,57.0,2,0,0.1186348830588096,0.4622183788044668,0
28,44.0,56.0,2,0,0.08258057460953191,0.4622183788044668,0
28,45.0,55.0,2,0,0.13458407176214965,0.4622183788044668,0
28,46.0,54.0,2,0,0.2198508946493731,0.4622183788044668,0
28,47.0,53.0,2,0,0.4556082533564761,0.4622183788044668,0
28,48.0,52.0,2,0,0.1574543499746784,0.4622183788044668,0
28,49.0,51.0,2,0,0.1407801692799252,0.4622183788044668,0
28,50.0,50.0,2,0,0.16923021096566918,0.4622183788044668,0
28,51.0,49.0,2,0,0.14831735057174236,0.4622183788044668,0
28,52.0,48.0,2,0,0.17436228464038406,0.4622183788044668,0
28,53.0,47.0,2,0,0.15391394525802926,0.4622183788044668,0
28,54.0,46.0,2,0,0.13836566507165893,0.4622183788044668,0
28,55.0,45.0,2,0,0.20194856841480105,0.4622183788044668,0
28,56.0,44.0,2,0,0.15823036437219287,0.4622183788044668,0
28,57.0,43.0,2,0,0.05627905003291995,0.4622183788044668,0
28,58.0,42.0,2,0,0.08388124728568509,0.4622183788044668,0
28,59.0,41.0,2,0,0.21130925818338075,0.4622183788044668,0
28,60.0,40.0,2,0,0.19272988597990817,0.4622183788044668,0
28,61.0,39.0,2,0,0.35699492355913026,0.4622183788044668,0
28,62.0,38.0,2,0,0.2206461765326776,0.4622183788044668,0
28,63.0,37.0,2,0,0.23337818426168286,0.4622183788044668,0
28,64.0,36.0,2,0,0.1448145546735276,0.4622183788044668,0
28,65.0,35.0,2,0,0.19536101833611452,0.4622183788044668,0
28,66.0,34.0,2,0,0.15712407510128687,0.4622183788044668,0
28,67.0,33.0,2,0,0.13306310118653017,0.4622183788044668,0
28,68.0,32.0,2,0,0.2289550311749467,0.4622183788044668,0
28,69.0,31.0,2,0,0.16070946738640798,0.4622183788044668,0
28,70.0,30.0,2,0,0.16985149425279178,0.4622183788044668,0
28,71.0,29.0,2,0,0.2735666941364811,0.4622183788044668,0
28,72.0,28.0,2,0,0.16696361855810565,0.4622183788044668,0
28,73.0,27.0,2,0,0.16394497573447217,0.4622183788044668,0
28,74.0,26.0,2,0,0.10420080872871634,0.4622183788044668,0
28,75.0,25.0,2,0,0.46935552231085736,0.4622183788044668,1
28,76.0,24.0,2,0,0.1310598582436565,0.4622183788044668,0
28,77.0,23.0,2,0,0.14142051134237088,0.4622183788044668,0
28,78.0,22.0,2,0,0.11187467548386443,0.4622183788044668,0
28,79.0,21.0,2,0,0.33314791742618266,0.4622183788044668,0
28,80.0,20.0,2,1,0.15553353472370063,0.4622183788044668,0
28,81.0,19.0,2,1,0.1454832371889859,0.4622183788044668,0
28,82.0,18.0,2,1,0.09865006407356913,0.4622183788044668,0
28,83.0,17.0,2,1,0.19245824556879487,0.4622183788044668,0
28,84.0,16.0,2,1,0.19557775483211587,0.4622183788044668,0
28,85.0,15.0,2,1,0.19843041437406922,0.4622183788044668,0
28,86.0,14.0,2,1,0.1862211284798117,0.4622183788044668,0
28,87.0,13.0,2,1,0.171681485599342,0.4622183788044668,0
28,88.0,12.0,2,1,0.23699032013754134,0.4622183788044668,0
28,89.0,11.0,2,1,0.18463108047040028,0.4622183788044668,0
28,90.0,10.0,2,1,0.1745677270766186,0.4622183788044668,0
28,91.0,9.0,2,1,0.29571198793814235,0.4622183788044668,0
28,92.0,8.0,2,1,0.257036761267799,0.4622183788044668,0
28,93.0,7.0,2,1,0.24175931110273513,0.4622183788044668,0
28,94.0,6.0,2,1,0.16593872136555415,0.4622183788044668,0
28,95.0,5.0,2,1,0.21675493497271422,0.4622183788044668,0
28,96.0,4.0,2,1,0.15355567005921156,0.4622183788044668,0
28,97.0,3.0,2,1,0.2646404409267465,0.4622183788044668,0
28,98.0,2.0,2,1,0.1658676259519551,0.4622183788044668,0
28,99.0,1.0,2,1,0.1796944255401182,0.4622183788044668,0
28,100.0,0.0,2,1,0.1714762421332056,0.4622183788044668,0
29,1.0,68.0,1,0,0.1779835152111779,0.47936572047395676,0
29,2.0,67.0,1,0,0.3810348044271297,0.47936572047395676,0
29,3.0,66.0,1,0,0.13381999637988734,0.47936572047395676,0
29,4.0,65.0,1,0,0.20992939670929425,0.47936572047395676,0
29,5.0,64.0,1,0,0.18825741559760717,0.47936572047395676,0
29,6.0,63.0,1,0,0.1427854612434877,0.47936572047395676,0
29,7.0,62.0,1,0,0.0975420840398076,0.47936572047395676,0
29,8.0,61.0,1,0,0.18397995182717422,0.47936572047395676,0
29,9.0,60.0,1,0,0.16339023736001568,0.47936572047395676,0
29,10.0,59.0,1,0,0.15719775760361776,0.47936572047395676,0
29,11.0,58.0,1,0,0.18493205342786082,0.47936572047395676,0
29,12.0,57.0,1,0,0.19064129112582248,0.47936572047395676,0
29,13.0,56.0,1,0,0.16990822098730912,0.47936572047395676,0
29,14.0,55.0,1,0,0.24344612855236425,0.47936572047395676,0
29,15.0,54.0,1,0,0.1704565556709898,0.47936572047395676,0
29,16.0,53.0,1,0,0.1504572649440093,0.47936572047395676,0
29,17.0,52.0,1,0,0.15113551546091342,0.47936572047395676,0
29,18.0,51.0,1,0,0.15593652818448825,0.47936572047395676,0
29,19.0,50.0,1,0,0.18207159987138588,0.47936572047395676,0
29,20.0,49.0,1,0,0.1855241722080391,0.47936572047395676,0
29,21.0,48.0,1,0,0.1463682154029187,0.47936572047395676,0
29,22.0,47.0,1,0,0.15460217983137686,0.47936572047395676,0
29,23.0,46.0,1,0,0.2108643209588339,0.47936572047395676,0
29,24.0,45.0,1,0,0.3233764873698776,0.47936572047395676,0
29,25.0,44.0,1,0,0.2072964568926274,0.47936572047395676,0
29,26.0,43.0,1,0,0.25731716094198676,0.47936572047395676,0
29,27.0,42.0,1,0,0.17676958092362768,0.47936572047395676,0
29,28.0,41.0,1,0,0.15318202892268343,0.47936572047395676,0
29,29.0,40.0,1,0,0.12357817830880917,0.47936572047395676,0
29,30.0,39.0,1,0,0.2443515582682872,0.47936572047395676,0
29,31.0,38.0,1,0,0.2097728726462314,0.47936572047395676,0
29,32.0,37.0,1,0,0.19291610757413846,0.47936572047395676,0
29,33.0,36.0,1,0,0.1431252705843555,0.47936572047395676,0
29,34.0,35.0,1,0,0.2734389105748673,0.47936572047395676,0
29,35.0,34.0,1,0,0.16855930430397667,0.47936572047395676,0
29,36.0,33.0,1,0,0.3195110093534784,0.47936572047395676,0
29,37.0,32.0,1,0,0.20611365634562617,0.47936572047395676,0
29,38.0,31.0,1,0,0.17402415984091865,0.47936572047395676,0
29,39.0,30.0,1,0,0.12329496443112205,0.47936572047395676,0
29,40.0,29.0,1,0,0.13299865448615816,0.47936572047395676,0
29,41.0,28.0,1,0,0.26465219777230004,0.47936572047395676,0
29,42.0,27.0,1,0,0.18332558946838484,0.47936572047395676,0
29,43.0,26.0,1,0,0.17425544053426475,0.47936572047395676,0
29,44.0,25.0,1,0,0.23123584168834693,0.47936572047395676,0
29,45.0,24.0,1,0,0.24822841968608209,0.47936572047395676,0
29,46.0,23.0,1,0,0.20903943101841704,0.47936572047395676,0
29,47.0,22.0,1,0,0.192982967538366,0.47936572047395676,0
29,48.0,21.0,1,0,0.3145585397129287,0.47936572047395676,0
29,49.0,20.0,1,1,0.21929204890788861,0.47936572047395676,0
29,50.0,19.0,1,1,0.20913489787571732,0.47936572047395676,0
29,51.0,18.0,1,1,0.21492633296017427,0.47936572047395676,0
29,52.0,17.0,1,1,0.27086979820931417,0.47936572047395676,0
29,53.0,16.0,1,1,0.3651534354491306,0.47936572047395676,0
29,54.0,15.0,1,1,0.25515733391812345,0.47936572047395676,0
29,55.0,14.0,1,1,0.38871502501002975,0.47936572047395676,0
29,56.0,13.0,1,1,0.1417381598828732,0.47936572047395676,0
29,57.0,12.0,1,1,0.14596095570004594,0.47936572047395676,0
29,58.0,11.0,1,1,0.3270697847320636,0.47936572047395676,0
29,59.0,10.0,1,1,0.17160764200170567,0.47936572047395676,0
29,60.0,9.0,1,1,0.1743374438165202,0.47936572047395676,0
29,61.0,8.0,1,1,0.4024561528422329,0.47936572047395676,0
29,62.0,7.0,1,1,0.15557658413000655,0.47936572047395676,0
29,63.0,6.0,1,1,0.2574357349737534,0.47936572047395676,0
29,64.0,5.0,1,1,0.3431865732182399,0.47936572047395676,0
29,65.0,4.0,1,1,0.35710474266475245,0.47936572047395676,0
29,66.0,3.0,1,1,0.3484666578646971,0.47936572047395676,0
29,67.0,2.0,1,1,0.17097220238676608,0.47936572047395676,0
29,68.0,1.0,1,1,0.21452606539431054,0.47936572047395676,0
29,69.0,0.0,1,1,0.3001338664050185,0.47936572047395676,0
30,1.0,99.0,5,0,0.22812615234528832,0.45996237574761434,0
30,2.0,98.0,5,0,0.2899116313212316,0.45996237574761434,0
30,3.0,97.0,5,0,0.16443485612224418,0.45996237574761434,0
30,4.0,96.0,5,0,0.21175133005977897,0.45996237574761434,0
30,5.0,95.0,5,0,0.2639868532213139,0.45996237574761434,0
30,6.0,94.0,5,0,0.1936253308418278,0.45996237574761434,0
30,7.0,93.0,5,0,0.1691972712289593,0.45996237574761434,0
30,8.0,92.0,5,0,0.2801760258265838,0.45996237574761434,0
30,9.0,91.0,5,0,0.2500624760676439,0.45996237574761434,0
30,10.0,90.0,5,0,0.2954767573156365,0.45996237574761434,0
30,11.0,89.0,5,0,0.28925133887073284,0.45996237574761434,0
30,12.0,88.0,5,0,0.19802902093770924,0.45996237574761434,0
30,13.0,87.0,5,0,0.36690587921024986,0.45996237574761434,0
30,14.0,86.0,5,0,0.14943881395376796,0.45996237574761434,0
30,15.0,85.0,5,0,0.20354536373227763,0.45996237574761434,0
30,16.0,84.0,5,0,0.24408395441022404,0.45996237574761434,0
30,17.0,83.0,5,0,0.1754713967985218,0.45996237574761434,0
30,18.0,82.0,5,0,0.18090425581699485,0.45996237574761434,0
30,19.0,81.0,5,0,0.2155057892958962,0.45996237574761434,0
30,20.0,80.0,5,0,0.19433170142900819,0.45996237574761434,0
30,21.0,79.0,5,0,0.184838620871685,0.45996237574761434,0
30,22.0,78.0,5,0,0.19285234844233115,0.45996237574761434,0
30,23.0,77.0,5,0,0.16769792795036814,0.45996237574761434,0
30,24.0,76.0,5,0,0.14552670273872761,0.45996237574761434,0
30,25.0,75.0,5,0,0.12357704316650603,0.45996237574761434,0
30,26.0,74.0,5,0,0.17218628946957906,0.45996237574761434,0
30,27.0,73.0,5,0,0.31856974337972443,0.45996237574761434,0
30,28.0,72.0,5,0,0.1657216496151574,0.45996237574761434,0
30,29.0,71.0,5,0,0.1862678182247299,0.45996237574761434,0
30,30.0,70.0,5,0,0.15750954729335745,0.45996237574761434,0
30,31.0,69.0,5,0,0.18735422268961335,0.45996237574761434,0
30,32.0,68.0,5,0,0.324843677753339,0.45996237574761434,0
30,33.0,67.0,5,0,0.4296953234130263,0.45996237574761434,0
30,34.0,66.0,5,0,0.17311878943362086,0.45996237574761434,0
30,35.0,65.0,5,0,0.21085948907244248,0.45996237574761434,0
30,36.0,64.0,5,0,0.335945589985471,0.45996237574761434,0
30,37.0,63.0,5,0,0.16753443373568258,0.45996237574761434,0
30,38.0,62.0,5,0,0.22670942799263558,0.45996237574761434,0
30,39.0,61.0,5,0,0.1687305991030576,0.45996237574761434,0
30,40.0,60.0,5,0,0.16910665346731607,0.45996237574761434,0
30,41.0,59.0,5,0,0.21209502526072205,0.45996237574761434,0
30,42.0,58.0,5,0,0.12986869660174566,0.45996237574761434,0
30,43.0,57.0,5,0,0.1904338975483604,0.45996237574761434,0
30,44.0,56.0,5,0,0.08603792023159995,0.45996237574761434,0
30,45.0,55.0,5,0,0.258006414738412,0.45996237574761434,0
30,46.0,54.0,5,0,0.21898339114765858,0.45996237574761434,0
30,47.0,53.0,5,0,0.21629598226246946,0.45996237574761434,0
30,48.0,52.0,5,0,0.13545801014124964,0.45996237574761434,0
30,49.0,51.0,5,0,0.25191937903436384,0.45996237574761434,0
30,50.0,50.0,5,0,0.223173571528685,0.45996237574761434,0
30,51.0,49.0,5,0,0.3011679164919049,0.45996237574761434,0
30,52.0,48.0,5,0,0.2555120731154002,0.45996237574761434,0
30,53.0,47.0,5,0,0.22261691524437535,0.45996237574761434,0
30,54.0,46.0,5,0,0.3251181902530957,0.45996237574761434,0
30,55.0,45.0,5,0,0.1601219802142531,0.45996237574761434,0
30,56.0,44.0,5,0,0.34050951743536617,0.45996237574761434,0
30,57.0,43.0,5,0,0.2613364252645209,0.45996237574761434,0
30,58.0,42.0,5,0,0.24543996218753256,0.45996237574761434,0
30,59.0,41.0,5,0,0.14804721485352013,0.45996237574761434,0
30,60.0,40.0,5,0,0.2952266095117964,0.45996237574761434,0
30,61.0,39.0,5,0,0.3283046761612955,0.45996237574761434,0
30,62.0,38.0,5,0,0.23024221043033496,0.45996237574761434,0
30,63.0,37.0,5,0,0.33795679009905066,0.45996237574761434,0
30,64.0,36.0,5,0,0.474479177084987,0.45996237574761434,1
30,65.0,35.0,5,0,0.13799642422865085,0.45996237574761434,0
30,66.0,34.0,5,0,0.2522173445309815,0.45996237574761434,0
30,67.0,33.0,5,0,0.2135228000078818,0.45996237574761434,0
30,68.0,32.0,5,0,0.44485006254201703,0.45996237574761434,0
30,69.0,31.0,5,0,0.2484369634433636,0.45996237574761434,0
30,70.0,30.0,5,0,0.31980153977781184,0.45996237574761434,0
30,71.0,29.0,5,0,0.3711280045077076,0.45996237574761434,0
30,72.0,28.0,5,0,0.255545894148144,0.45996237574761434,0
30,73.0,27.0,5,0,0.14803721776117687,0.45996237574761434,0
30,74.0,26.0,5,0,0.526931814387663,0.45996237574761434,1
30,75.0,25.0,5,0,0.30374006556475014,0.45996237574761434,0
30,76.0,24.0,5,0,0.19925439182638735,0.45996237574761434,0
30,77.0,23.0,5,0,0.44118693721584895,0.45996237574761434,0
30,78.0,22.0,5,0,0.2820077476266158,0.45996237574761434,0
30,79.0,21.0,5,0,0.14893495609538407,0.45996237574761434,0
30,80.0,20.0,5,1,0.2370314654231913,0.45996237574761434,0
30,81.0,19.0,5,1,0.20805406998889417,0.45996237574761434,0
30,82.0,18.0,5,1,0.5609703676556901,0.45996237574761434,1
30,83.0,17.0,5,1,0.4150088790098489,0.45996237574761434,0
30,84.0,16.0,5,1,0.2769430136361877,0.45996237574761434,0
30,85.0,15.0,5,1,0.2758731739410779,0.45996237574761434,0
30,86.0,14.0,5,1,0.23219630620288048,0.45996237574761434,0
30,87.0,13.0,5,1,0.596428722648437,0.45996237574761434,1
30,88.0,12.0,5,1,0.3748941205287038,0.45996237574761434,0
30,89.0,11.0,5,1,0.4884603715988821,0.45996237574761434,1
30,90.0,10.0,5,1,0.29314890817861927,0.45996237574761434,0
30,91.0,9.0,5,1,0.3852766496664302,0.45996237574761434,0
30,92.0,8.0,5,1,0.2222859797208978,0.45996237574761434,0
30,93.0,7.0,5,1,0.46299110737596233,0.45996237574761434,1
30,94.0,6.0,5,1,0.38425987865047617,0.45996237574761434,0
30,95.0,5.0,5,1,0.4158202306600122,0.45996237574761434,0
30,96.0,4.0,5,1,0.17356825712251986,0.45996237574761434,0
30,97.0,3.0,5,1,0.3010271806628607,0.45996237574761434,0
30,98.0,2.0,5,1,0.26724394199341833,0.45996237574761434,0
30,99.0,1.0,5,1,0.5113521563398555,0.45996237574761434,1
30,100.0,0.0,5,1,0.547306302677224,0.45996237574761434,1
31,1.0,82.0,4,0,0.20876749360063673,0.4736130371384783,0
31,2.0,81.0,4,0,0.26096576819463796,0.4736130371384783,0
31,3.0,80.0,4,0,0.18903887830740357,0.4736130371384783,0
31,4.0,79.0,4,0,0.20254897474902428,0.4736130371384783,0
31,5.0,78.0,4,0,0.12864548063179373,0.4736130371384783,0
31,6.0,77.0,4,0,0.19824887508359762,0.4736130371384783,0
31,7.0,76.0,4,0,0.1479279204923369,0.4736130371384783,0
31,8.0,75.0,4,0,0.2914666254347552,0.4736130371384783,0
31,9.0,74.0,4,0,0.2390157096816509,0.4736130371384783,0
31,10.0,73.0,4,0,0.4171166128487326,0.4736130371384783,0
31,11.0,72.0,4,0,0.2867723348937296,0.4736130371384783,0
31,12.0,71.0,4,0,0.2596928119400173,0.4736130371384783,0
31,13.0,70.0,4,0,0.15088246255483692,0.4736130371384783,0
31,14.0,69.0,4,0,0.1597428511952824,0.4736130371384783,0
31,15.0,68.0,4,0,0.14110033125936366,0.4736130371384783,0
31,16.0,67.0,4,0,0.4307685211040202,0.4736130371384783,0
31,17.0,66.0,4,0,0.15225419875103038,0.4736130371384783,0
31,18.0,65.0,4,0,0.1840989590187907,0.4736130371384783,0
31,19.0,64.0,4,0,0.28812755845575655,0.4736130371384783,0
31,20.0,63.0,4,0,0.1802135562476003,0.4736130371384783,0
31,21.0,62.0,4,0,0.29993152567042364,0.4736130371384783,0
31,22.0,61.0,4,0,0.3124656703533166,0.4736130371384783,0
31,23.0,60.0,4,0,0.2297764416593397,0.4736130371384783,0
31,24.0,59.0,4,0,0.33353966133965274,0.4736130371384783,0
31,25.0,58.0,4,0,0.28931541640023445,0.4736130371384783,0
31,26.0,57.0,4,0,0.15666377310681673,0.4736130371384783,0
31,27.0,56.0,4,0,0.12548296254569413,0.4736130371384783,0
31,28.0,55.0,4,0,0.2538229280941124,0.4736130371384783,0
31,29.0,54.0,4,0,0.1587466557753744,0.4736130371384783,0
31,30.0,53.0,4,0,0.12483022973856944,0.4736130371384783,0
31,31.0,52.0,4,0,0.13305769503445775,0.4736130371384783,0
31,32.0,51.0,4,0,0.11596018871559532,0.4736130371384783,0
31,33.0,50.0,4,0,0.17685507802755282,0.4736130371384783,0
31,34.0,49.0,4,0,0.19429168409753667,0.4736130371384783,0
31,35.0,48.0,4,0,0.19128116126665418,0.4736130371384783,0
31,36.0,47.0,4,0,0.2819628348305938,0.4736130371384783,0
31,37.0,46.0,4,0,0.24925548344224335,0.4736130371384783,0
31,38.0,45.0,4,0,0.12901712334140347,0.4736130371384783,0
31,39.0,44.0,4,0,0.24758638877781322,0.4736130371384783,0
31,40.0,43.0,4,0,0.36809889628450965,0.4736130371384783,0
31,41.0,42.0,4,0,0.15840667037390574,0.4736130371384783,0
31,42.0,41.0,4,0,0.40147573911924417,0.4736130371384783,0
31,43.0,40.0,4,0,0.1891900167357222,0.4736130371384783,0
31,44.0,39.0,4,0,0.25354597556526864,0.4736130371384783,0
31,45.0,38.0,4,0,0.15825244392453192,0.4736130371384783,0
31,46.0,37.0,4,0,0.15911266309471517,0.4736130371384783,0
31,47.0,36.0,4,0,0.28279348870176974,0.4736130371384783,0
31,48.0,35.0,4,0,0.14967496536221742,0.4736130371384783,0
31,49.0,34.0,4,0,0.22011118946940744,0.4736130371384783,0
31,50.0,33.0,4,0,0.13301696508006114,0.4736130371384783,0
31,51.0,32.0,4,0,0.23546511202061823,0.4736130371384783,0
31,52.0,31.0,4,0,0.16934780964399251,0.4736130371384783,0
31,53.0,30.0,4,0,0.2956639742641711,0.4736130371384783,0
31,54.0,29.0,4,0,0.31334233334223965,0.4736130371384783,0
31,55.0,28.0,4,0,0.19072629376672615,0.4736130371384783,0
31,56.0,27.0,4,0,0.23702605729682047,0.4736130371384783,0
31,57.0,26.0,4,0,0.23736577497160088,0.4736130371384783,0
31,58.0,25.0,4,0,0.2727942083174094,0.4736130371384783,0
31,59.0,24.0,4,0,0.3665093943852853,0.4736130371384783,0
31,60.0,23.0,4,0,0.24998617242995125,0.4736130371384783,0
31,61.0,22.0,4,0,0.3148951712678741,0.4736130371384783,0
31,62.0,21.0,4,0,0.3215164641608211,0.4736130371384783,0
31,63.0,20.0,4,1,0.19159333427887984,0.4736130371384783,0
31,64.0,19.0,4,1,0.25355690229882494,0.4736130371384783,0
31,65.0,18.0,4,1,0.2633348593197188,0.4736130371384783,0
31,66.0,17.0,4,1,0.3287193920440983,0.4736130371384783,0
31,67.0,16.0,4,1,0.14605236974637498,0.4736130371384783,0
31,68.0,15.0,4,1,0.32962036415303775,0.4736130371384783,0
31,69.0,14.0,4,1,0.3088497734455168,0.4736130371384783,0
31,70.0,13.0,4,1,0.19827978641020136,0.4736130371384783,0
31,71.0,12.0,4,1,0.5665571060771204,0.4736130371384783,1
31,72.0,11.0,4,1,0.43546256776354064,0.4736130371384783,0
31,73.0,10.0,4,1,0.44320605027875365,0.4736130371384783,0
31,74.0,9.0,4,1,0.38339694738093255,0.4736130371384783,0
31,75.0,8.0,4,1,0.49749037937456186,0.4736130371384783,1
31,76.0,7.0,4,1,0.5081933438753665,0.4736130371384783,1
31,77.0,6.0,4,1,0.6188128943159705,0.4736130371384783,1
31,78.0,5.0,4,1,0.5655811718555449,0.4736130371384783,1
31,79.0,4.0,4,1,0.6408038516987326,0.4736130371384783,1
31,80.0,3.0,4,1,0.8171803700144556,0.4736130371384783,1
31,81.0,2.0,4,1,0.8567391604866871,0.4736130371384783,1
31,82.0,1.0,4,1,0.7590935853365367,0.4736130371384783,1
31,83.0,0.0,4,1,0.8643229267447083,0.4736130371384783,1
32,1.0,86.0,2,0,0.09658691613760433,0.4622183788044668,0
32,2.0,85.0,2,0,0.15621516696754367,0.4622183788044668,0
32,3.0,84.0,2,0,0.15995673754547937,0.4622183788044668,0
32,4.0,83.0,2,0,0.14513056537504035,0.4622183788044668,0
32,5.0,82.0,2,0,0.15206480954270765,0.4622183788044668,0
32,6.0,81.0,2,0,0.18569070911186683,0.4622183788044668,0
32,7.0,80.0,2,0,0.19447491377787682,0.4622183788044668,0
32,8.0,79.0,2,0,0.10285796253093764,0.4622183788044668,0
32,9.0,78.0,2,0,0.2593751178164215,0.4622183788044668,0
32,10.0,77.0,2,0,0.17640689078103083,0.4622183788044668,0
32,11.0,76.0,2,0,0.24297816652353102,0.4622183788044668,0
32,12.0,75.0,2,0,0.13672163908932083,0.4622183788044668,0
32,13.0,74.0,2,0,0.17046607980104506,0.4622183788044668,0
32,14.0,73.0,2,0,0.28054648426342194,0.4622183788044668,0
32,15.0,72.0,2,0,0.20797756410966967,0.4622183788044668,0
32,16.0,71.0,2,0,0.15279037597229556,0.4622183788044668,0
32,17.0,70.0,2,0,0.11924237944893619,0.4622183788044668,0
32,18.0,69.0,2,0,0.17246841619839004,0.4622183788044668,0
32,19.0,68.0,2,0,0.5289310039508494,0.4622183788044668,1
32,20.0,67.0,2,0,0.22230368164365627,0.4622183788044668,0
32,21.0,66.0,2,0,0.29446470965280264,0.4622183788044668,0
32,22.0,65.0,2,0,0.2691850887160034,0.4622183788044668,0
32,23.0,64.0,2,0,0.13187067217451595,0.4622183788044668,0
32,24.0,63.0,2,0,0.21373973389586504,0.4622183788044668,0
32,25.0,62.0,2,0,0.1575789060088243,0.4622183788044668,0
32,26.0,61.0,2,0,0.3054974073774411,0.4622183788044668,0
32,27.0,60.0,2,0,0.18824661429763478,0.4622183788044668,0
32,28.0,59.0,2,0,0.18604064202320178,0.4622183788044668,0
32,29.0,58.0,2,0,0.13829150122763514,0.4622183788044668,0
32,30.0,57.0,2,0,0.2599292753739588,0.4622183788044668,0
32,31.0,56.0,2,0,0.2239080623689351,0.4622183788044668,0
32,32.0,55.0,2,0,0.3319547840554664,0.4622183788044668,0
32,33.0,54.0,2,0,0.3518380538844054,0.4622183788044668,0
32,34.0,53.0,2,0,0.13807439518186004,0.4622183788044668,0
32,35.0,52.0,2,0,0.2340445470649153,0.4622183788044668,0
32,36.0,51.0,2,0,0.1777825415459371,0.4622183788044668,0
32,37.0,50.0,2,0,0.1564927523201501,0.4622183788044668,0
32,38.0,49.0,2,0,0.25085970753772724,0.4622183788044668,0
32,39.0,48.0,2,0,0.2995381713807277,0.4622183788044668,0
32,40.0,47.0,2,0,0.38086528520868707,0.4622183788044668,0
32,41.0,46.0,2,0,0.10466744585616575,0.4622183788044668,0
32,42.0,45.0,2,0,0.18687153431163825,0.4622183788044668,0
32,43.0,44.0,2,0,0.13434003179787804,0.4622183788044668,0
32,44.0,43.0,2,0,0.3402645078442467,0.4622183788044668,0
32,45.0,42.0,2,0,0.10723310262361896,0.4622183788044668,0
32,46.0,41.0,2,0,0.16133167155993516,0.4622183788044668,0
32,47.0,40.0,2,0,0.1314847065007613,0.4622183788044668,0
32,48.0,39.0,2,0,0.19298626680919495,0.4622183788044668,0
32,49.0,38.0,2,0,0.1364445019540141,0.4622183788044668,0
32,50.0,37.0,2,0,0.1439527726808721,0.4622183788044668,0
32,51.0,36.0,2,0,0.5268343034591079,0.4622183788044668,1
32,52.0,35.0,2,0,0.24611627499949157,0.4622183788044668,0
32,53.0,34.0,2,0,0.1560775787718629,0.4622183788044668,0
32,54.0,33.0,2,0,0.21026825043946498,0.4622183788044668,0
32,55.0,32.0,2,0,0.13796115097926215,0.4622183788044668,0
32,56.0,31.0,2,0,0.14686199722080032,0.4622183788044668,0
32,57.0,30.0,2,0,0.210640497388442,0.4622183788044668,0
32,58.0,29.0,2,0,0.131833076660004,0.4622183788044668,0
32,59.0,28.0,2,0,0.09642656907138976,0.4622183788044668,0
32,60.0,27.0,2,0,0.37805862695239595,0.4622183788044668,0
32,61.0,26.0,2,0,0.22790633049054607,0.4622183788044668,0
32,62.0,25.0,2,0,0.18631014747768643,0.4622183788044668,0
32,63.0,24.0,2,0,0.1180389103185787,0.4622183788044668,0
32,64.0,23.0,2,0,0.13798609998462188,0.4622183788044668,0
32,65.0,22.0,2,0,0.15549427185445527,0.4622183788044668,0
32,66.0,21.0,2,0,0.1533845438955557,0.4622183788044668,0
32,67.0,20.0,2,1,0.1799529284296803,0.4622183788044668,0
32,68.0,19.0,2,1,0.15085607512550753,0.4622183788044668,0
32,69.0,18.0,2,1,0.4586525667631638,0.4622183788044668,0
32,70.0,17.0,2,1,0.34167831350549355,0.4622183788044668,0
32,71.0,16.0,2,1,0.164899903627235,0.4622183788044668,0
32,72.0,15.0,2,1,0.15523950108504242,0.4622183788044668,0
32,73.0,14.0,2,1,0.41458304871484075,0.4622183788044668,0
32,74.0,13.0,2,1,0.5674259655164487,0.4622183788044668,1
32,75.0,12.0,2,1,0.38037483016584095,0.4622183788044668,0
32,76.0,11.0,2,1,0.16100317347994403,0.4622183788044668,0
32,77.0,10.0,2,1,0.2101494901471621,0.4622183788044668,0
32,78.0,9.0,2,1,0.2784133597990868,0.4622183788044668,0
32,79.0,8.0,2,1,0.4684623657729109,0.4622183788044668,1
32,80.0,7.0,2,1,0.437944298875759,0.4622183788044668,0
32,81.0,6.0,2,1,0.6134532874015929,0.4622183788044668,1
32,82.0,5.0,2,1,0.4695520094369258,0.4622183788044668,1
32,83.0,4.0,2,1,0.434083104281846,0.4622183788044668,0
32,84.0,3.0,2,1,0.6271649069084347,0.4622183788044668,1
32,85.0,2.0,2,1,0.581540954049587,0.4622183788044668,1
32,86.0,1.0,2,1,0.7224585193355096,0.4622183788044668,1
32,87.0,0.0,2,1,0.9390854049981942,0.4622183788044668,1
33,1.0,98.0,3,0,0.08220609263937685,0.4720856588877864,0
33,2.0,97.0,3,0,0.20898640252290815,0.4720856588877864,0
33,3.0,96.0,3,0,0.17664819896390332,0.4720856588877864,0
33,4.0,95.0,3,0,0.1097486866387365,0.4720856588877864,0
33,5.0,94.0,3,0,0.268262318664651,0.4720856588877864,0
33,6.0,93.0,3,0,0.2979660175265927,0.4720856588877864,0
33,7.0,92.0,3,0,0.2894428212489428,0.4720856588877864,0
33,8.0,91.0,3,0,0.12992082426706117,0.4720856588877864,0
33,9.0,90.0,3,0,0.2381581935977238,0.4720856588877864,0
33,10.0,89.0,3,0,0.19442936425486507,0.4720856588877864,0
33,11.0,88.0,3,0,0.21816712566614652,0.4720856588877864,0
33,12.0,87.0,3,0,0.18630759282398582,0.4720856588877864,0
33,13.0,86.0,3,0,0.3504653519621584,0.4720856588877864,0
33,14.0,85.0,3,0,0.33636644024796536,0.4720856588877864,0
33,15.0,84.0,3,0,0.31338730589897795,0.4720856588877864,0
33,16.0,83.0,3,0,0.17550403603532488,0.4720856588877864,0
33,17.0,82.0,3,0,0.12637920303297645,0.4720856588877864,0
33,18.0,81.0,3,0,0.21362189031414244,0.4720856588877864,0
33,19.0,80.0,3,0,0.2639590658933711,0.4720856588877864,0
33,20.0,79.0,3,0,0.21243810640322833,0.4720856588877864,0
33,21.0,78.0,3,0,0.18913503835526896,0.4720856588877864,0
33,22.0,77.0,3,0,0.21826653453350678,0.4720856588877864,0
33,23.0,76.0,3,0,0.33258783046290186,0.4720856588877864,0
33,24.0,75.0,3,0,0.1449222608227029,0.4720856588877864,0
33,25.0,74.0,3,0,0.19933815719639328,0.4720856588877864,0
33,26.0,73.0,3,0,0.241076675813135,0.4720856588877864,0
33,27.0,72.0,3,0,0.13109777438470824,0.4720856588877864,0
33,28.0,71.0,3,0,0.19735025805954018,0.4720856588877864,0
33,29.0,70.0,3,0,0.18182568355728204,0.4720856588877864,0
33,30.0,69.0,3,0,0.1996510823609117,0.4720856588877864,0
33,31.0,68.0,3,0,0.16851534374643343,0.4720856588877864,0
33,32.0,67.0,3,0,0.44487623111424796,0.4720856588877864,0
33,33.0,66.0,3,0,0.0655422455083174,0.4720856588877864,0
33,34.0,65.0,3,0,0.1875039901590058,0.4720856588877864,0
33,35.0,64.0,3,0,0.2296044676007339,0.4720856588877864,0
33,36.0,63.0,3,0,0.231682811951997,0.4720856588877864,0
33,37.0,62.0,3,0,0.10226454254309339,0.4720856588877864,0
33,38.0,61.0,3,0,0.03438259781313212,0.4720856588877864,0
33,39.0,60.0,3,0,0.15452446767696112,0.4720856588877864,0
33,40.0,59.0,3,0,0.2316995511970194,0.4720856588877864,0
33,41.0,58.0,3,0,0.15616075080096237,0.4720856588877864,0
33,42.0,57.0,3,0,0.26100599539349206,0.4720856588877864,0
33,43.0,56.0,3,0,0.024403048003528847,0.4720856588877864,0
33,44.0,55.0,3,0,0.12594264337336367,0.4720856588877864,0
33,45.0,54.0,3,0,0.24660193423652468,0.4720856588877864,0
33,46.0,53.0,3,0,0.29236838281949756,0.4720856588877864,0
33,47.0,52.0,3,0,0.15003756149233227,0.4720856588877864,0
33,48.0,51.0,3,0,0.03739714553459117,0.4720856588877864,0
33,49.0,50.0,3,0,0.17012235885519825,0.4720856588877864,0
33,50.0,49.0,3,0,0.22317028710614195,0.4720856588877864,0
33,51.0,48.0,3,0,0.15521371580914456,0.4720856588877864,0
33,52.0,47.0,3,0,0.12795600019443448,0.4720856588877864,0
33,53.0,46.0,3,0,0.27296007407050205,0.4720856588877864,0
33,54.0,45.0,3,0,0.18265584981845828,0.4720856588877864,0
33,55.0,44.0,3,0,0.16183664565154876,0.4720856588877864,0
33,56.0,43.0,3,0,0.26477003148776906,0.4720856588877864,0
33,57.0,42.0,3,0,0.1447063521235587,0.4720856588877864,0
33,58.0,41.0,3,0,0.21312260043873418,0.4720856588877864,0
33,59.0,40.0,3,0,0.08272250264993172,0.4720856588877864,0
33,60.0,39.0,3,0,0.33216177540198727,0.4720856588877864,0
33,61.0,38.0,3,0,0.35492361806457307,0.4720856588877864,0
33,62.0,37.0,3,0,0.22263054126629106,0.4720856588877864,0
33,63.0,36.0,3,0,0.1477390100196274,0.4720856588877864,0
33,64.0,35.0,3,0,0.179161752387255,0.4720856588877864,0
33,65.0,34.0,3,0,0.14908019963627656,0.4720856588877864,0
33,66.0,33.0,3,0,0.17706455615615324,0.4720856588877864,0
33,67.0,32.0,3,0,0.153141611451252,0.4720856588877864,0
33,68.0,31.0,3,0,0.23277196256132682,0.4720856588877864,0
33,69.0,30.0,3,0,0.1536094175745594,0.4720856588877864,0
33,70.0,29.0,3,0,0.14445701110594011,0.4720856588877864,0
33,71.0,28.0,3,0,0.14523246639567083,0.4720856588877864,0
33,72.0,27.0,3,0,0.21712186482274468,0.4720856588877864,0
33,73.0,26.0,3,0,0.07570980520746187,0.4720856588877864,0
33,74.0,25.0,3,0,0.16997498441257422,0.4720856588877864,0
33,75.0,24.0,3,0,0.27970384240969165,0.4720856588877864,0
33,76.0,23.0,3,0,0.2215428649728045,0.4720856588877864,0
33,77.0,22.0,3,0,0.2097328543116879,0.4720856588877864,0
33,78.0,21.0,3,0,0.08334236743477964,0.4720856588877864,0
33,79.0,20.0,3,1,0.1680229700318588,0.4720856588877864,0
33,80.0,19.0,3,1,0.18110915499687483,0.4720856588877864,0
33,81.0,18.0,3,1,0.18387749563613182,0.4720856588877864,0
33,82.0,17.0,3,1,0.09785147652874829,0.4720856588877864,0
33,83.0,16.0,3,1,0.16930546581826755,0.4720856588877864,0
33,84.0,15.0,3,1,0.20981061825061856,0.4720856588877864,0
33,85.0,14.0,3,1,0.22718272174406842,0.4720856588877864,0
33,86.0,13.0,3,1,0.1860749696698462,0.4720856588877864,0
33,87.0,12.0,3,1,0.35108656197219124,0.4720856588877864,0
33,88.0,11.0,3,1,0.23761199655698564,0.4720856588877864,0
33,89.0,10.0,3,1,0.31250450213942726,0.4720856588877864,0
33,90.0,9.0,3,1,0.13349348251967486,0.4720856588877864,0
33,91.0,8.0,3,1,0.1327887259168575,0.4720856588877864,0
33,92.0,7.0,3,1,0.24062907806185527,0.4720856588877864,0
33,93.0,6.0,3,1,0.35774264013742885,0.4720856588877864,0
33,94.0,5.0,3,1,0.23760844394574607,0.4720856588877864,0
33,95.0,4.0,3,1,0.2180327631231035,0.4720856588877864,0
33,96.0,3.0,3,1,0.2961638519914305,0.4720856588877864,0
33,97.0,2.0,3,1,0.18930724585077674,0.4720856588877864,0
33,98.0,1.0,3,1,0.2129381850405434,0.4720856588877864,0
33,99.0,0.0,3,1,0.2676651855809668,0.4720856588877864,0
34,1.0,72.0,2,0,0.20738380239295437,0.4622183788044668,0
34,2.0,71.0,2,0,0.15875195731751274,0.4622183788044668,0
34,3.0,70.0,2,0,0.20613307183373253,0.4622183788044668,0
34,4.0,69.0,2,0,0.2101425548182854,0.4622183788044668,0
34,5.0,68.0,2,0,0.14032401131984348,0.4622183788044668,0
34,6.0,67.0,2,0,0.07702147904413947,0.4622183788044668,0
34,7.0,66.0,2,0,0.12411571632074067,0.4622183788044668,0
34,8.0,65.0,2,0,0.1974415168236759,0.4622183788044668,0
34,9.0,64.0,2,0,0.04145963517564591,0.4622183788044668,0
34,10.0,63.0,2,0,0.07994858236233314,0.4622183788044668,0
34,11.0,62.0,2,0,0.28233176421472683,0.4622183788044668,0
34,12.0,61.0,2,0,0.17176090613579606,0.4622183788044668,0
34,13.0,60.0,2,0,0.15515344607826756,0.4622183788044668,0
34,14.0,59.0,2,0,0.21337438919015586,0.4622183788044668,0
34,15.0,58.0,2,0,0.17987299059707276,0.4622183788044668,0
34,16.0,57.0,2,0,0.2229375750827991,0.4622183788044668,0
34,17.0,56.0,2,0,0.22489022281667884,0.4622183788044668,0
34,18.0,55.0,2,0,0.30098222339147984,0.4622183788044668,0
34,19.0,54.0,2,0,0.2796095426351924,0.4622183788044668,0
34,20.0,53.0,2,0,0.19722360386375368,0.4622183788044668,0
34,21.0,52.0,2,0,0.14279524055336873,0.4622183788044668,0
34,22.0,51.0,2,0,0.21192142226528474,0.4622183788044668,0
34,23.0,50.0,2,0,0.24248043030945948,0.4622183788044668,0
34,24.0,49.0,2,0,0.2601339555988682,0.4622183788044668,0
34,25.0,48.0,2,0,0.17113037476968593,0.4622183788044668,0
34,26.0,47.0,2,0,0.2273947613541211,0.4622183788044668,0
34,27.0,46.0,2,0,0.100252710860208,0.4622183788044668,0
34,28.0,45.0,2,0,0.23223365889987493,0.4622183788044668,0
34,29.0,44.0,2,0,0.277591588937149,0.4622183788044668,0
34,30.0,43.0,2,0,0.1347460940800363,0.4622183788044668,0
34,31.0,42.0,2,0,0.1981509607259904,0.4622183788044668,0
34,32.0,41.0,2,0,0.13265332046994358,0.4622183788044668,0
34,33.0,40.0,2,0,0.10265385892888154,0.4622183788044668,0
34,34.0,39.0,2,0,0.2630954055076787,0.4622183788044668,0
34,35.0,38.0,2,0,0.18293381026660327,0.4622183788044668,0
34,36.0,37.0,2,0,0.14394093964230942,0.4622183788044668,0
34,37.0,36.0,2,0,0.24084482913084979,0.4622183788044668,0
34,38.0,35.0,2,0,0.32567330490614155,0.4622183788044668,0
34,39.0,34.0,2,0,0.2220326045875882,0.4622183788044668,0
34,40.0,33.0,2,0,0.178823673161321,0.4622183788044668,0
34,41.0,32.0,2,0,0.23507425052545478,0.4622183788044668,0
34,42.0,31.0,2,0,0.32245755679875526,0.4622183788044668,0
34,43.0,30.0,2,0,0.23376753516755117,0.4622183788044668,0
34,44.0,29.0,2,0,0.18101019856301476,0.4622183788044668,0
34,45.0,28.0,2,0,0.2543833234545668,0.4622183788044668,0
34,46.0,27.0,2,0,0.15016837075171613,0.4622183788044668,0
34,47.0,26.0,2,0,0.21522757393446448,0.4622183788044668,0
34,48.0,25.0,2,0,0.1533386886016292,0.4622183788044668,0
34,49.0,24.0,2,0,0.2723531724681271,0.4622183788044668,0
34,50.0,23.0,2,0,0.1742959135788621,0.4622183788044668,0
34,51.0,22.0,2,0,0.22272351018672704,0.4622183788044668,0
34,52.0,21.0,2,0,0.2022166710703556,0.4622183788044668,0
34,53.0,20.0,2,1,0.1520620007777757,0.4622183788044668,0
34,54.0,19.0,2,1,0.08751527005559373,0.4622183788044668,0
34,55.0,18.0,2,1,0.1862927650318649,0.4622183788044668,0
34,56.0,17.0,2,1,0.1226049979612077,0.4622183788044668,0
34,57.0,16.0,2,1,0.33321485477392654,0.4622183788044668,0
34,58.0,15.0,2,1,0.26426090778598754,0.4622183788044668,0
34,59.0,14.0,2,1,0.24852028547487165,0.4622183788044668,0
34,60.0,13.0,2,1,0.20901708857886167,0.4622183788044668,0
34,61.0,12.0,2,1,0.17052419898698265,0.4622183788044668,0
34,62.0,11.0,2,1,0.3715563913623866,0.4622183788044668,0
34,63.0,10.0,2,1,0.3183782396215725,0.4622183788044668,0
34,64.0,9.0,2,1,0.29871612029896855,0.4622183788044668,0
34,65.0,8.0,2,1,0.22949810224143832,0.4622183788044668,0
34,66.0,7.0,2,1,0.33469767361493064,0.4622183788044668,0
34,67.0,6.0,2,1,0.38059218759157276,0.4622183788044668,0
34,68.0,5.0,2,1,0.8586937229081164,0.4622183788044668,1
34,69.0,4.0,2,1,0.636704397143045,0.4622183788044668,1
34,70.0,3.0,2,1,0.6076520918492363,0.4622183788044668,1
34,71.0,2.0,2,1,0.7667860397807684,0.4622183788044668,1
34,72.0,1.0,2,1,0.8397596261439317,0.4622183788044668,1
34,73.0,0.0,2,1,0.7949361638300635,0.4622183788044668,1
35,1.0,84.0,1,0,0.15771037097917612,0.47936572047395676,0
35,2.0,83.0,1,0,0.13449689499651238,0.47936572047395676,0
35,3.0,82.0,1,0,0.16956985331652366,0.47936572047395676,0
35,4.0,81.0,1,0,0.34962414263752933,0.47936572047395676,0
35,5.0,80.0,1,0,0.1294154914791072,0.47936572047395676,0
35,6.0,79.0,1,0,0.30468665424401864,0.47936572047395676,0
35,7.0,78.0,1,0,0.11817352547876168,0.47936572047395676,0
35,8.0,77.0,1,0,0.11621364579024475,0.47936572047395676,0
35,9.0,76.0,1,0,0.2599477314642681,0.47936572047395676,0
35,10.0,75.0,1,0,0.24341482125976396,0.47936572047395676,0
35,11.0,74.0,1,0,0.14163535242597158,0.47936572047395676,0
35,12.0,73.0,1,0,0.3516726142246406,0.47936572047395676,0
35,13.0,72.0,1,0,0.23766510612627628,0.47936572047395676,0
35,14.0,71.0,1,0,0.26316097603020633,0.47936572047395676,0
35,15.0,70.0,1,0,0.2695252216682692,0.47936572047395676,0
35,16.0,69.0,1,0,0.11896245508280899,0.47936572047395676,0
35,17.0,68.0,1,0,0.2210585124081861,0.47936572047395676,0
35,18.0,67.0,1,0,0.11158037183370134,0.47936572047395676,0
35,19.0,66.0,1,0,0.2622877411128063,0.47936572047395676,0
35,20.0,65.0,1,0,0.36035135218256725,0.47936572047395676,0
35,21.0,64.0,1,0,0.2399124305832291,0.47936572047395676,0
35,22.0,63.0,1,0,0.15498131981196658,0.47936572047395676,0
35,23.0,62.0,1,0,0.1214435727152062,0.47936572047395676,0
35,24.0,61.0,1,0,0.265105239907764,0.47936572047395676,0
35,25.0,60.0,1,0,0.3801119244657852,0.47936572047395676,0
35,26.0,59.0,1,0,0.20828443038549843,0.47936572047395676,0
35,27.0,58.0,1,0,0.14091895113706887,0.47936572047395676,0
35,28.0,57.0,1,0,0.13344781285857624,0.47936572047395676,0
35,29.0,56.0,1,0,0.17896371800885466,0.47936572047395676,0
35,30.0,55.0,1,0,0.15231566485072143,0.47936572047395676,0
35,31.0,54.0,1,0,0.254659260074293,0.47936572047395676,0
35,32.0,53.0,1,0,0.4524560622307618,0.47936572047395676,0
35,33.0,52.0,1,0,0.16043081123731465,0.47936572047395676,0
35,34.0,51.0,1,0,0.27094519337423295,0.47936572047395676,0
35,35.0,50.0,1,0,0.39230352944101043,0.47936572047395676,0
35,36.0,49.0,1,0,0.19355619424256013,0.47936572047395676,0
35,37.0,48.0,1,0,0.1584372878532273,0.47936572047395676,0
35,38.0,47.0,1,0,0.16754548335725034,0.47936572047395676,0
35,39.0,46.0,1,0,0.22630513021920182,0.47936572047395676,0
35,40.0,45.0,1,0,0.19366929809119335,0.47936572047395676,0
35,41.0,44.0,1,0,0.16411121789565333,0.47936572047395676,0
35,42.0,43.0,1,0,0.2163676365358228,0.47936572047395676,0
35,43.0,42.0,1,0,0.29123973578673146,0.47936572047395676,0
35,44.0,41.0,1,0,0.23607144060240526,0.47936572047395676,0
35,45.0,40.0,1,0,0.32849646972916163,0.47936572047395676,0
35,46.0,39.0,1,0,0.16484578385208895,0.47936572047395676,0
35,47.0,38.0,1,0,0.2106472263224444,0.47936572047395676,0
35,48.0,37.0,1,0,0.31139464927193194,0.47936572047395676,0
35,49.0,36.0,1,0,0.299115218982565,0.47936572047395676,0
35,50.0,35.0,1,0,0.1881015829697195,0.47936572047395676,0
35,51.0,34.0,1,0,0.16907977988746542,0.47936572047395676,0
35,52.0,33.0,1,0,0.16823543165982477,0.47936572047395676,0
35,53.0,32.0,1,0,0.2587156849787737,0.47936572047395676,0
35,54.0,31.0,1,0,0.40555140955529645,0.47936572047395676,0
35,55.0,30.0,1,0,0.4078535797661815,0.47936572047395676,0
35,56.0,29.0,1,0,0.27751219410860534,0.47936572047395676,0
35,57.0,28.0,1,0,0.33864064867072124,0.47936572047395676,0
35,58.0,27.0,1,0,0.1203758231169494,0.47936572047395676,0
35,59.0,26.0,1,0,0.26170004578422673,0.47936572047395676,0
35,60.0,25.0,1,0,0.37426024060885305,0.47936572047395676,0
35,61.0,24.0,1,0,0.13416479831212175,0.47936572047395676,0
35,62.0,23.0,1,0,0.334214246180363,0.47936572047395676,0
35,63.0,22.0,1,0,0.15998927864466572,0.47936572047395676,0
35,64.0,21.0,1,0,0.14866588986664567,0.47936572047395676,0
35,65.0,20.0,1,1,0.25834372396574823,0.47936572047395676,0
35,66.0,19.0,1,1,0.3154021809672935,0.47936572047395676,0
35,67.0,18.0,1,1,0.2856474556629887,0.47936572047395676,0
35,68.0,17.0,1,1,0.16312710057620447,0.47936572047395676,0
35,69.0,16.0,1,1,0.16502586592543117,0.47936572047395676,0
35,70.0,15.0,1,1,0.3416721917445868,0.47936572047395676,0
35,71.0,14.0,1,1,0.275777745750981,0.47936572047395676,0
35,72.0,13.0,1,1,0.6115730518568127,0.47936572047395676,1
35,73.0,12.0,1,1,0.14283991397593662,0.47936572047395676,0
35,74.0,11.0,1,1,0.4728160655460335,0.47936572047395676,0
35,75.0,10.0,1,1,0.23442515086487606,0.47936572047395676,0
35,76.0,9.0,1,1,0.426334209029125,0.47936572047395676,0
35,77.0,8.0,1,1,0.37303565982682896,0.47936572047395676,0
35,78.0,7.0,1,1,0.25492658476537733,0.47936572047395676,0
35,79.0,6.0,1,1,0.23202405719731103,0.47936572047395676,0
35,80.0,5.0,1,1,0.34477307785624545,0.47936572047395676,0
35,81.0,4.0,1,1,0.2396884445459588,0.47936572047395676,0
35,82.0,3.0,1,1,0.4025752039547574,0.47936572047395676,0
35,83.0,2.0,1,1,0.21127924520269306,0.47936572047395676,0
35,84.0,1.0,1,1,0.3656474236760167,0.47936572047395676,0
35,85.0,0.0,1,1,0.4002933021044535,0.47936572047395676,0
36,1.0,79.0,5,0,0.2310071845857041,0.45996237574761434,0
36,2.0,78.0,5,0,0.20138182488740022,0.45996237574761434,0
36,3.0,77.0,5,0,0.18825228352994666,0.45996237574761434,0
36,4.0,76.0,5,0,0.26865069581043816,0.45996237574761434,0
36,5.0,75.0,5,0,0.14067315878118442,0.45996237574761434,0
36,6.0,74.0,5,0,0.12433538356585136,0.45996237574761434,0
36,7.0,73.0,5,0,0.1525669839370179,0.45996237574761434,0
36,8.0,72.0,5,0,0.1263713456488406,0.45996237574761434,0
36,9.0,71.0,5,0,0.14562379873498235,0.45996237574761434,0
36,10.0,70.0,5,0,0.13976542471285078,0.45996237574761434,0
36,11.0,69.0,5,0,0.2108947874426433,0.45996237574761434,0
36,12.0,68.0,5,0,0.24381617840467243,0.45996237574761434,0
36,13.0,67.0,5,0,0.19133737705557025,0.45996237574761434,0
36,14.0,66.0,5,0,0.1295791753662993,0.45996237574761434,0
36,15.0,65.0,5,0,0.18168163150715708,0.45996237574761434,0
36,16.0,64.0,5,0,0.11831765174858876,0.45996237574761434,0
36,17.0,63.0,5,0,0.17620407688272507,0.45996237574761434,0
36,18.0,62.0,5,0,0.19033313985480593,0.45996237574761434,0
36,19.0,61.0,5,0,0.09723857179891221,0.45996237574761434,0
36,20.0,60.0,5,0,0.31841784684263724,0.45996237574761434,0
36,21.0,59.0,5,0,0.04232956855469754,0.45996237574761434,0
36,22.0,58.0,5,0,0.17801675787574747,0.45996237574761434,0
36,23.0,57.0,5,0,0.1316061865433229,0.45996237574761434,0
36,24.0,56.0,5,0,0.16746335624227757,0.45996237574761434,0
36,25.0,55.0,5,0,0.16680525723513845,0.45996237574761434,0
36,26.0,54.0,5,0,0.12436568120849095,0.45996237574761434,0
36,27.0,53.0,5,0,0.22770782675701817,0.45996237574761434,0
36,28.0,52.0,5,0,0.1752635351276292,0.45996237574761434,0
36,29.0,51.0,5,0,0.18472674694553576,0.45996237574761434,0
36,30.0,50.0,5,0,0.21262471039969802,0.45996237574761434,0
36,31.0,49.0,5,0,0.17678559048241876,0.45996237574761434,0
36,32.0,48.0,5,0,0.2076348302843589,0.45996237574761434,0
36,33.0,47.0,5,0,0.19081206056434988,0.45996237574761434,0
36,34.0,46.0,5,0,0.29001595633212257,0.45996237574761434,0
36,35.0,45.0,5,0,0.22538166887724653,0.45996237574761434,0
36,36.0,44.0,5,0,0.06622835064730836,0.45996237574761434,0
36,37.0,43.0,5,0,0.17532080494460733,0.45996237574761434,0
36,38.0,42.0,5,0,0.04371641201993521,0.45996237574761434,0
36,39.0,41.0,5,0,0.18114592956904402,0.45996237574761434,0
36,40.0,40.0,5,0,0.19186805655088565,0.45996237574761434,0
36,41.0,39.0,5,0,0.08990500715038945,0.45996237574761434,0
36,42.0,38.0,5,0,0.24678146728692574,0.45996237574761434,0
36,43.0,37.0,5,0,0.06941371850896581,0.45996237574761434,0
36,44.0,36.0,5,0,0.17018554667475222,0.45996237574761434,0
36,45.0,35.0,5,0,0.26577436987809644,0.45996237574761434,0
36,46.0,34.0,5,0,0.18857140671330155,0.45996237574761434,0
36,47.0,33.0,5,0,0.2694860769448417,0.45996237574761434,0
36,48.0,32.0,5,0,0.34033775645201425,0.45996237574761434,0
36,49.0,31.0,5,0,0.17376435281684488,0.45996237574761434,0
36,50.0,30.0,5,0,0.31615383568493266,0.45996237574761434,0
36,51.0,29.0,5,0,0.41163513201777957,0.45996237574761434,0
36,52.0,28.0,5,0,0.34959191353067914,0.45996237574761434,0
36,53.0,27.0,5,0,0.29019856120774634,0.45996237574761434,0
36,54.0,26.0,5,0,0.36840528635190206,0.45996237574761434,0
36,55.0,25.0,5,0,0.23986757687188276,0.45996237574761434,0
36,56.0,24.0,5,0,0.27345687614251096,0.45996237574761434,0
36,57.0,23.0,5,0,0.2946950940144036,0.45996237574761434,0
36,58.0,22.0,5,0,0.49460651223870256,0.45996237574761434,1
36,59.0,21.0,5,0,0.6287916865904682,0.45996237574761434,1
36,60.0,20.0,5,1,0.5546711805418653,0.45996237574761434,1
36,61.0,19.0,5,1,0.5824579084050532,0.45996237574761434,1
36,62.0,18.0,5,1,0.6443707395616718,0.45996237574761434,1
36,63.0,17.0,5,1,0.5497886743785568,0.45996237574761434,1
36,64.0,16.0,5,1,0.6063549665545424,0.45996237574761434,1
36,65.0,15.0,5,1,0.850558351286089,0.45996237574761434,1
36,66.0,14.0,5,1,0.7871229218145919,0.45996237574761434,1
36,67.0,13.0,5,1,0.7746646541595573,0.45996237574761434,1
36,68.0,12.0,5,1,0.8964652128479316,0.45996237574761434,1
36,69.0,11.0,5,1,0.5793925002943232,0.45996237574761434,1
36,70.0,10.0,5,1,0.7070880147529165,0.45996237574761434,1
36,71.0,9.0,5,1,0.9753601893888562,0.45996237574761434,1
36,72.0,8.0,5,1,0.7242821857113627,0.45996237574761434,1
36,73.0,7.0,5,1,0.9523738431794693,0.45996237574761434,1
36,74.0,6.0,5,1,0.8662845480085047,0.45996237574761434,1
36,75.0,5.0,5,1,0.9503051930673283,0.45996237574761434,1
36,76.0,4.0,5,1,0.9226585104945361,0.45996237574761434,1
36,77.0,3.0,5,1,0.9689066996500434,0.45996237574761434,1
36,78.0,2.0,5,1,0.9284896624803725,0.45996237574761434,1
36,79.0,1.0,5,1,0.9646200505464626,0.45996237574761434,1
36,80.0,0.0,5,1,0.9537671073607796,0.45996237574761434,1
37,1.0,79.0,1,0,0.18896354760273837,0.47936572047395676,0
37,2.0,78.0,1,0,0.1604049824315212,0.47936572047395676,0
37,3.0,77.0,1,0,0.13685104787181207,0.47936572047395676,0
37,4.0,76.0,1,0,0.1221506960583833,0.47936572047395676,0
37,5.0,75.0,1,0,0.09683040511971516,0.47936572047395676,0
37,6.0,74.0,1,0,0.15707848703740998,0.47936572047395676,0
37,7.0,73.0,1,0,0.15738762637204828,0.47936572047395676,0
37,8.0,72.0,1,0,0.17388384335858947,0.47936572047395676,0
37,9.0,71.0,1,0,0.16831739341019517,0.47936572047395676,0
37,10.0,70.0,1,0,0.158698492409515,0.47936572047395676,0
37,11.0,69.0,1,0,0.0998562426790008,0.47936572047395676,0
37,12.0,68.0,1,0,0.23145553465210658,0.47936572047395676,0
37,13.0,67.0,1,0,0.09678569016732981,0.47936572047395676,0
37,14.0,66.0,1,0,0.13948754853190462,0.47936572047395676,0
37,15.0,65.0,1,0,0.2457530830561723,0.47936572047395676,0
37,16.0,64.0,1,0,0.1970273207287197,0.47936572047395676,0
37,17.0,63.0,1,0,0.19419741741856014,0.47936572047395676,0
37,18.0,62.0,1,0,0.12148262879088338,0.47936572047395676,0
37,19.0,61.0,1,0,0.16889512759564726,0.47936572047395676,0
37,20.0,60.0,1,0,0.2603035983460064,0.47936572047395676,0
37,21.0,59.0,1,0,0.20124600356902925,0.47936572047395676,0
37,22.0,58.0,1,0,0.10074084057716999,0.47936572047395676,0
37,23.0,57.0,1,0,0.14267214569803563,0.47936572047395676,0
37,24.0,56.0,1,0,0.19557371566477827,0.47936572047395676,0
37,25.0,55.0,1,0,0.26747960335908005,0.47936572047395676,0
37,26.0,54.0,1,0,0.15700068701751285,0.47936572047395676,0
37,27.0,53.0,1,0,0.14602513477065981,0.47936572047395676,0
37,28.0,52.0,1,0,0.0986919205118845,0.47936572047395676,0
37,29.0,51.0,1,0,0.13664237045676836,0.47936572047395676,0
37,30.0,50.0,1,0,0.16630031923838165,0.47936572047395676,0
37,31.0,49.0,1,0,0.1328965606881159,0.47936572047395676,0
37,32.0,48.0,1,0,0.14784289215799398,0.47936572047395676,0
37,33.0,47.0,1,0,0.19576893629287861,0.47936572047395676,0
37,34.0,46.0,1,0,0.19419729031649086,0.47936572047395676,0
37,35.0,45.0,1,0,0.14400558659456145,0.47936572047395676,0
37,36.0,44.0,1,0,0.13111159313242254,0.47936572047395676,0
37,37.0,43.0,1,0,0.24871493672527614,0.47936572047395676,0
37,38.0,42.0,1,0,0.16615868130668016,0.47936572047395676,0
37,39.0,41.0,1,0,0.13632183487310887,0.47936572047395676,0
37,40.0,40.0,1,0,0.1903422519547502,0.47936572047395676,0
37,41.0,39.0,1,0,0.18085474147848432,0.47936572047395676,0
37,42.0,38.0,1,0,0.26511434438321246,0.47936572047395676,0
37,43.0,37.0,1,0,0.2636324161334892,0.47936572047395676,0
37,44.0,36.0,1,0,0.14836437715733156,0.47936572047395676,0
37,45.0,35.0,1,0,0.224885206319902,0.47936572047395676,0
37,46.0,34.0,1,0,0.21638075016137515,0.47936572047395676,0
37,47.0,33.0,1,0,0.19217836453205878,0.47936572047395676,0
37,48.0,32.0,1,0,0.16755834162484817,0.47936572047395676,0
37,49.0,31.0,1,0,0.2652688521961219,0.47936572047395676,0
37,50.0,30.0,1,0,0.15087288258256254,0.47936572047395676,0
37,51.0,29.0,1,0,0.2796752035587841,0.47936572047395676,0
37,52.0,28.0,1,0,0.2519609131462159,0.47936572047395676,0
37,53.0,27.0,1,0,0.2637823437965393,0.47936572047395676,0
37,54.0,26.0,1,0,0.29396576885929165,0.47936572047395676,0
37,55.0,25.0,1,0,0.1557755890872125,0.47936572047395676,0
37,56.0,24.0,1,0,0.29332118288704595,0.47936572047395676,0
37,57.0,23.0,1,0,0.270308586656331,0.47936572047395676,0
37,58.0,22.0,1,0,0.45440305529171277,0.47936572047395676,0
37,59.0,21.0,1,0,0.486668842066602,0.47936572047395676,1
37,60.0,20.0,1,1,0.4374015400860109,0.47936572047395676,0
37,61.0,19.0,1,1,0.5142500046986317,0.47936572047395676,1
37,62.0,18.0,1,1,0.7276604524475202,0.47936572047395676,1
37,63.0,17.0,1,1,0.7885769935644724,0.47936572047395676,1
37,64.0,16.0,1,1,0.6734964608607472,0.47936572047395676,1
37,65.0,15.0,1,1,0.508395565651956,0.47936572047395676,1
37,66.0,14.0,1,1,0.7271199099981961,0.47936572047395676,1
37,67.0,13.0,1,1,0.7008191843635674,0.47936572047395676,1
37,68.0,12.0,1,1,0.7276820205196355,0.47936572047395676,1
37,69.0,11.0,1,1,0.7990295288441285,0.47936572047395676,1
37,70.0,10.0,1,1,0.759461003575664,0.47936572047395676,1
37,71.0,9.0,1,1,0.9422499591214426,0.47936572047395676,1
37,72.0,8.0,1,1,0.9027422509943028,0.47936572047395676,1
37,73.0,7.0,1,1,0.9710056705730763,0.47936572047395676,1
37,74.0,6.0,1,1,0.8875494046201865,0.47936572047395676,1
37,75.0,5.0,1,1,0.9346000034730241,0.47936572047395676,1
37,76.0,4.0,1,1,0.8011145325145513,0.47936572047395676,1
37,77.0,3.0,1,1,0.9640754046926828,0.47936572047395676,1
37,78.0,2.0,1,1,0.985708913567203,0.47936572047395676,1
37,79.0,1.0,1,1,0.9125493681583103,0.47936572047395676,1
37,80.0,0.0,1,1,0.9602924975790671,0.47936572047395676,1
38,1.0,64.0,5,0,0.07184092750752998,0.45996237574761434,0
38,2.0,63.0,5,0,0.20440184246700527,0.45996237574761434,0
38,3.0,62.0,5,0,0.25179238740039117,0.45996237574761434,0
38,4.0,61.0,5,0,0.04936522339938034,0.45996237574761434,0
38,5.0,60.0,5,0,0.06804768741755741,0.45996237574761434,0
38,6.0,59.0,5,0,0.21810509615235452,0.45996237574761434,0
38,7.0,58.0,5,0,0.20259378746923323,0.45996237574761434,0
38,8.0,57.0,5,0,0.12420896808347065,0.45996237574761434,0
38,9.0,56.0,5,0,0.21053745185111353,0.45996237574761434,0
38,10.0,55.0,5,0,0.07855813668602633,0.45996237574761434,0
38,11.0,54.0,5,0,0.25474207584394537,0.45996237574761434,0
38,12.0,53.0,5,0,0.08762841015473041,0.45996237574761434,0
38,13.0,52.0,5,0,0.14974225901284813,0.45996237574761434,0
38,14.0,51.0,5,0,0.18192920473390287,0.45996237574761434,0
38,15.0,50.0,5,0,0.07978813874787025,0.45996237574761434,0
38,16.0,49.0,5,0,0.12947467469137056,0.45996237574761434,0
38,17.0,48.0,5,0,0.23289287261777256,0.45996237574761434,0
38,18.0,47.0,5,0,0.06263259870831273,0.45996237574761434,0
38,19.0,46.0,5,0,0.1111071150287909,0.45996237574761434,0
38,20.0,45.0,5,0,0.1929802084390975,0.45996237574761434,0
38,21.0,44.0,5,0,0.11132161631031763,0.45996237574761434,0
38,22.0,43.0,5,0,0.1535770012462726,0.45996237574761434,0
38,23.0,42.0,5,0,0.26286516124709747,0.45996237574761434,0
38,24.0,41.0,5,0,0.23170322818503747,0.45996237574761434,0
38,25.0,40.0,5,0,0.25802046828763187,0.45996237574761434,0
38,26.0,39.0,5,0,0.1654519083629136,0.45996237574761434,0
38,27.0,38.0,5,0,0.06136255429016924,0.45996237574761434,0
38,28.0,37.0,5,0,0.17520619746567662,0.45996237574761434,0
38,29.0,36.0,5,0,0.12848139074816664,0.45996237574761434,0
38,30.0,35.0,5,0,0.05521097704324841,0.45996237574761434,0
38,31.0,34.0,5,0,0.17649855894799532,0.45996237574761434,0
38,32.0,33.0,5,0,0.22456372129167407,0.45996237574761434,0
38,33.0,32.0,5,0,0.19795392347514812,0.45996237574761434,0
38,34.0,31.0,5,0,0.134871136110621,0.45996237574761434,0
38,35.0,30.0,5,0,0.16824590667802655,0.45996237574761434,0
38,36.0,29.0,5,0,0.26011309004386923,0.45996237574761434,0
38,37.0,28.0,5,0,0.18057704827392757,0.45996237574761434,0
38,38.0,27.0,5,0,0.22480791266501815,0.45996237574761434,0
38,39.0,26.0,5,0,0.25246843798430857,0.45996237574761434,0
38,40.0,25.0,5,0,0.09455170159377455,0.45996237574761434,0
38,41.0,24.0,5,0,0.12140743621432308,0.45996237574761434,0
38,42.0,23.0,5,0,0.17571560521698446,0.45996237574761434,0
38,43.0,22.0,5,0,0.055926106984088,0.45996237574761434,0
38,44.0,21.0,5,0,0.1927711003865236,0.45996237574761434,0
38,45.0,20.0,5,1,0.47379639777984145,0.45996237574761434,1
38,46.0,19.0,5,1,0.44592407395559475,0.45996237574761434,0
38,47.0,18.0,5,1,0.43721457902579186,0.45996237574761434,0
38,48.0,17.0,5,1,0.5325144708541957,0.45996237574761434,1
38,49.0,16.0,5,1,0.5008089309435461,0.45996237574761434,1
38,50.0,15.0,5,1,0.4984270780476633,0.45996237574761434,1
38,51.0,14.0,5,1,0.5243445899901388,0.45996237574761434,1
38,52.0,13.0,5,1,0.7159855472594427,0.45996237574761434,1
38,53.0,12.0,5,1,0.5589444064757855,0.45996237574761434,1
38,54.0,11.0,5,1,0.7513675837631589,0.45996237574761434,1
38,55.0,10.0,5,1,0.6591419640240875,0.45996237574761434,1
38,56.0,9.0,5,1,0.7723101138736022,0.45996237574761434,1
38,57.0,8.0,5,1,0.9171748019114069,0.45996237574761434,1
38,58.0,7.0,5,1,0.805869903489818,0.45996237574761434,1
38,59.0,6.0,5,1,0.6833522900059945,0.45996237574761434,1
38,60.0,5.0,5,1,0.9233057928955465,0.45996237574761434,1
38,61.0,4.0,5,1,0.8465684956755234,0.45996237574761434,1
38,62.0,3.0,5,1,0.932633995621595,0.45996237574761434,1
38,63.0,2.0,5,1,0.959451081528106,0.45996237574761434,1
38,64.0,1.0,5,1,0.860814909646157,0.45996237574761434,1
38,65.0,0.0,5,1,0.9685860921596327,0.45996237574761434,1
39,1.0,98.0,2,0,0.04295545646145158,0.4622183788044668,0
39,2.0,97.0,2,0,0.08218187054040346,0.4622183788044668,0
39,3.0,96.0,2,0,0.05049554676470041,0.4622183788044668,0
39,4.0,95.0,2,0,0.04313397939110034,0.4622183788044668,0
39,5.0,94.0,2,0,0.07041044921683198,0.4622183788044668,0
39,6.0,93.0,2,0,0.05440389090896896,0.4622183788044668,0
39,7.0,92.0,2,0,0.007608411010462526,0.4622183788044668,0
39,8.0,91.0,2,0,0.009379641190313547,0.4622183788044668,0
39,9.0,90.0,2,0,0.01863153369314965,0.4622183788044668,0
39,10.0,89.0,2,0,0.01188695074351132,0.4622183788044668,0
39,11.0,88.0,2,0,0.011494967100167744,0.4622183788044668,0
39,12.0,87.0,2,0,0.05824067617240105,0.4622183788044668,0
39,13.0,86.0,2,0,0.0590764733961593,0.4622183788044668,0
39,14.0,85.0,2,0,0.02545468699349354,0.4622183788044668,0
39,15.0,84.0,2,0,0.048618561721274545,0.4622183788044668,0
39,16.0,83.0,2,0,0.08682393224342864,0.4622183788044668,0
39,17.0,82.0,2,0,0.08080517717964691,0.4622183788044668,0
39,18.0,81.0,2,0,0.0671321009938427,0.4622183788044668,0
39,19.0,80.0,2,0,0.007475523813120396,0.4622183788044668,0
39,20.0,79.0,2,0,0.01809621692193201,0.4622183788044668,0
39,21.0,78.0,2,0,0.009481465710472863,0.4622183788044668,0
39,22.0,77.0,2,0,0.033043469815352236,0.4622183788044668,0
39,23.0,76.0,2,0,0.025832004756459588,0.4622183788044668,0
39,24.0,75.0,2,0,0.047533352696942345,0.4622183788044668,0
39,25.0,74.0,2,0,0.04735577704233273,0.4622183788044668,0
39,26.0,73.0,2,0,0.02208164745627163,0.4622183788044668,0
39,27.0,72.0,2,0,0.045646670227251725,0.4622183788044668,0
39,28.0,71.0,2,0,0.002914981384046699,0.4622183788044668,0
39,29.0,70.0,2,0,0.012256273451590836,0.4622183788044668,0
39,30.0,69.0,2,0,0.07052140942802484,0.4622183788044668,0
39,31.0,68.0,2,0,0.013119539838544416,0.4622183788044668,0
39,32.0,67.0,2,0,0.10173974298497443,0.4622183788044668,0
39,33.0,66.0,2,0,0.008578620924748268,0.4622183788044668,0
39,34.0,65.0,2,0,0.031108781188573777,0.4622183788044668,0
39,35.0,64.0,2,0,0.04572701065344038,0.4622183788044668,0
39,36.0,63.0,2,0,0.08625827737962156,0.4622183788044668,0
39,37.0,62.0,2,0,0.01054470015325303,0.4622183788044668,0
39,38.0,61.0,2,0,0.0795282923852189,0.4622183788044668,0
39,39.0,60.0,2,0,0.020971631964540997,0.4622183788044668,0
39,40.0,59.0,2,0,0.013501448155350445,0.4622183788044668,0
39,41.0,58.0,2,0,0.008088567486336618,0.4622183788044668,0
39,42.0,57.0,2,0,0.003689597834820643,0.4622183788044668,0
39,43.0,56.0,2,0,0.055027301141237044,0.4622183788044668,0
39,44.0,55.0,2,0,0.02026949871939004,0.4622183788044668,0
39,45.0,54.0,2,0,0.08722991688052395,0.4622183788044668,0
39,46.0,53.0,2,0,0.00523955409000941,0.4622183788044668,0
39,47.0,52.0,2,0,0.046471793863974965,0.4622183788044668,0
39,48.0,51.0,2,0,0.07442165689668385,0.4622183788044668,0
39,49.0,50.0,2,0,0.06706850689134755,0.4622183788044668,0
39,50.0,49.0,2,0,0.010782055597833374,0.4622183788044668,0
39,51.0,48.0,2,0,0.024385013632453902,0.4622183788044668,0
39,52.0,47.0,2,0,0.038884418670737476,0.4622183788044668,0
39,53.0,46.0,2,0,0.02413718458200812,0.4622183788044668,0
39,54.0,45.0,2,0,0.029705656663805334,0.4622183788044668,0
39,55.0,44.0,2,0,0.0076336287964163555,0.4622183788044668,0
39,56.0,43.0,2,0,0.036114281244599034,0.4622183788044668,0
39,57.0,42.0,2,0,0.0651353747732135,0.4622183788044668,0
39,58.0,41.0,2,0,0.009403766260532912,0.4622183788044668,0
39,59.0,40.0,2,0,0.10154221995060615,0.4622183788044668,0
39,60.0,39.0,2,0,0.07918110067506758,0.4622183788044668,0
39,61.0,38.0,2,0,0.12046834184848008,0.4622183788044668,0
39,62.0,37.0,2,0,0.044504395469049225,0.4622183788044668,0
39,63.0,36.0,2,0,0.10821010829883691,0.4622183788044668,0
39,64.0,35.0,2,0,0.032854320782690224,0.4622183788044668,0
39,65.0,34.0,2,0,0.031128644320890693,0.4622183788044668,0
39,66.0,33.0,2,0,0.20674532150950875,0.4622183788044668,0
39,67.0,32.0,2,0,0.3657773596866992,0.4622183788044668,0
39,68.0,31.0,2,0,0.16381821716697084,0.4622183788044668,0
39,69.0,30.0,2,0,0.08971550054006354,0.4622183788044668,0
39,70.0,29.0,2,0,0.31862805048422344,0.4622183788044668,0
39,71.0,28.0,2,0,0.5475054971311742,0.4622183788044668,1
39,72.0,27.0,2,0,0.17953169731385565,0.4622183788044668,0
39,73.0,26.0,2,0,0.33067740725974926,0.4622183788044668,0
39,74.0,25.0,2,0,0.2900169718921926,0.4622183788044668,0
39,75.0,24.0,2,0,0.25184985724762415,0.4622183788044668,0
39,76.0,23.0,2,0,0.38315942351751914,0.4622183788044668,0
39,77.0,22.0,2,0,0.9044012637136479,0.4622183788044668,1
39,78.0,21.0,2,0,0.418816887274377,0.4622183788044668,0
39,79.0,20.0,2,1,0.9690764430937562,0.4622183788044668,1
39,80.0,19.0,2,1,0.7555339389652416,0.4622183788044668,1
39,81.0,18.0,2,1,0.30876802422994915,0.4622183788044668,0
39,82.0,17.0,2,1,0.6783779973263961,0.4622183788044668,1
39,83.0,16.0,2,1,0.8203408400980261,0.4622183788044668,1
39,84.0,15.0,2,1,0.7371979386235571,0.4622183788044668,1
39,85.0,14.0,2,1,0.6551701418097178,0.4622183788044668,1
39,86.0,13.0,2,1,0.3538278037740567,0.4622183788044668,0
39,87.0,12.0,2,1,0.9709120701133064,0.4622183788044668,1
39,88.0,11.0,2,1,0.9587748110981208,0.4622183788044668,1
39,89.0,10.0,2,1,0.8197989447241737,0.4622183788044668,1
39,90.0,9.0,2,1,0.9242651431386721,0.4622183788044668,1
39,91.0,8.0,2,1,0.8621282332562324,0.4622183788044668,1
39,92.0,7.0,2,1,0.9335876733317854,0.4622183788044668,1
39,93.0,6.0,2,1,0.6293125480493222,0.4622183788044668,1
39,94.0,5.0,2,1,0.9275392576351758,0.4622183788044668,1
39,95.0,4.0,2,1,0.9598213728568508,0.4622183788044668,1
39,96.0,3.0,2,1,0.9327859896793259,0.4622183788044668,1
39,97.0,2.0,2,1,0.9659209339280383,0.4622183788044668,1
39,98.0,1.0,2,1,0.9705562851111823,0.4622183788044668,1
39,99.0,0.0,2,1,0.9709399449601726,0.4622183788044668,1
40,1.0,99.0,4,0,0.038875093900272495,0.4736130371384783,0
40,2.0,98.0,4,0,0.024512525390425057,0.4736130371384783,0
40,3.0,97.0,4,0,0.10640685021159735,0.4736130371384783,0
40,4.0,96.0,4,0,0.016064093522304163,0.4736130371384783,0
40,5.0,95.0,4,0,0.018388475369938866,0.4736130371384783,0
40,6.0,94.0,4,0,0.023432741414194127,0.4736130371384783,0
40,7.0,93.0,4,0,0.0638226799004289,0.4736130371384783,0
40,8.0,92.0,4,0,0.07218073352190424,0.4736130371384783,0
40,9.0,91.0,4,0,0.05466219835382087,0.4736130371384783,0
40,10.0,90.0,4,0,0.005529619601374091,0.4736130371384783,0
40,11.0,89.0,4,0,0.0022848239721431885,0.4736130371384783,0
40,12.0,88.0,4,0,0.09247917772773008,0.4736130371384783,0
40,13.0,87.0,4,0,0.06761366974714408,0.4736130371384783,0
40,14.0,86.0,4,0,0.0055189532511020906,0.4736130371384783,0
40,15.0,85.0,4,0,0.008887367543434107,0.4736130371384783,0
40,16.0,84.0,4,0,0.046387581832391105,0.4736130371384783,0
40,17.0,83.0,4,0,0.021399572235516525,0.4736130371384783,0
40,18.0,82.0,4,0,0.059818925175943574,0.4736130371384783,0
40,19.0,81.0,4,0,0.016797639365335564,0.4736130371384783,0
40,20.0,80.0,4,0,0.05264058741752066,0.4736130371384783,0
40,21.0,79.0,4,0,0.012625410514651407,0.4736130371384783,0
40,22.0,78.0,4,0,0.05233203520938958,0.4736130371384783,0
40,23.0,77.0,4,0,0.07157113088411687,0.4736130371384783,0
40,24.0,76.0,4,0,0.04049239879627945,0.4736130371384783,0
40,25.0,75.0,4,0,0.011101152562059173,0.4736130371384783,0
40,26.0,74.0,4,0,0.03597379274523182,0.4736130371384783,0
40,27.0,73.0,4,0,0.027224091331236006,0.4736130371384783,0
40,28.0,72.0,4,0,0.06634186942153653,0.4736130371384783,0
40,29.0,71.0,4,0,0.06748856054965666,0.4736130371384783,0
40,30.0,70.0,4,0,0.04054255486676285,0.4736130371384783,0
40,31.0,69.0,4,0,0.05461007187474857,0.4736130371384783,0
40,32.0,68.0,4,0,0.12184671873882671,0.4736130371384783,0
40,33.0,67.0,4,0,0.03995889905621656,0.4736130371384783,0
40,34.0,66.0,4,0,0.08681732946179706,0.4736130371384783,0
40,35.0,65.0,4,0,0.012658557826635667,0.4736130371384783,0
40,36.0,64.0,4,0,0.040451164288902594,0.4736130371384783,0
40,37.0,63.0,4,0,0.037623855825865374,0.4736130371384783,0
40,38.0,62.0,4,0,0.013754229485572242,0.4736130371384783,0
40,39.0,61.0,4,0,0.05402365949910665,0.4736130371384783,0
40,40.0,60.0,4,0,0.16281967694377017,0.4736130371384783,0
40,41.0,59.0,4,0,0.050643675554994765,0.4736130371384783,0
40,42.0,58.0,4,0,0.04921421335633647,0.4736130371384783,0
40,43.0,57.0,4,0,0.09866522325507583,0.4736130371384783,0
40,44.0,56.0,4,0,0.029085574841525654,0.4736130371384783,0
40,45.0,55.0,4,0,0.05429262622134485,0.4736130371384783,0
40,46.0,54.0,4,0,0.07371746635327554,0.4736130371384783,0
40,47.0,53.0,4,0,0.021999984447588727,0.4736130371384783,0
40,48.0,52.0,4,0,0.033117508364462894,0.4736130371384783,0
40,49.0,51.0,4,0,0.05047866459511849,0.4736130371384783,0
40,50.0,50.0,4,0,0.025784759172930487,0.4736130371384783,0
40,51.0,49.0,4,0,0.08715547433705952,0.4736130371384783,0
40,52.0,48.0,4,0,0.0482787336749076,0.4736130371384783,0
40,53.0,47.0,4,0,0.06747977740472726,0.4736130371384783,0
40,54.0,46.0,4,0,0.0769661496022143,0.4736130371384783,0
40,55.0,45.0,4,0,0.0670120470167088,0.4736130371384783,0
40,56.0,44.0,4,0,0.10196880909133041,0.4736130371384783,0
40,57.0,43.0,4,0,0.023134074816890268,0.4736130371384783,0
40,58.0,42.0,4,0,0.057602578715122726,0.4736130371384783,0
40,59.0,41.0,4,0,0.048911096854674506,0.4736130371384783,0
40,60.0,40.0,4,0,0.1358506224089541,0.4736130371384783,0
40,61.0,39.0,4,0,0.05733685508823813,0.4736130371384783,0
40,62.0,38.0,4,0,0.05076373916615721,0.4736130371384783,0
40,63.0,37.0,4,0,0.07754399720894012,0.4736130371384783,0
40,64.0,36.0,4,0,0.10580428031636617,0.4736130371384783,0
40,65.0,35.0,4,0,0.2413108742462266,0.4736130371384783,0
40,66.0,34.0,4,0,0.18143058271541818,0.4736130371384783,0
40,67.0,33.0,4,0,0.12815317395586484,0.4736130371384783,0
40,68.0,32.0,4,0,0.08055872479442568,0.4736130371384783,0
40,69.0,31.0,4,0,0.11031135834144778,0.4736130371384783,0
40,70.0,30.0,4,0,0.06831321621849037,0.4736130371384783,0
40,71.0,29.0,4,0,0.1423118322971094,0.4736130371384783,0
40,72.0,28.0,4,0,0.49688873942914413,0.4736130371384783,1
40,73.0,27.0,4,0,0.19209391255306502,0.4736130371384783,0
40,74.0,26.0,4,0,0.06383280709554669,0.4736130371384783,0
40,75.0,25.0,4,0,0.38258405930785117,0.4736130371384783,0
40,76.0,24.0,4,0,0.2020015085070961,0.4736130371384783,0
40,77.0,23.0,4,0,0.10110365813530821,0.4736130371384783,0
40,78.0,22.0,4,0,0.503116737086779,0.4736130371384783,1
40,79.0,21.0,4,0,0.6030505704450665,0.4736130371384783,1
40,80.0,20.0,4,1,0.3667103103612406,0.4736130371384783,0
40,81.0,19.0,4,1,0.36940757785437556,0.4736130371384783,0
40,82.0,18.0,4,1,0.7775600433446003,0.4736130371384783,1
40,83.0,17.0,4,1,0.6363040908022887,0.4736130371384783,1
40,84.0,16.0,4,1,0.8538430932758211,0.4736130371384783,1
40,85.0,15.0,4,1,0.6799505579068256,0.4736130371384783,1
40,86.0,14.0,4,1,0.7311980804987772,0.4736130371384783,1
40,87.0,13.0,4,1,0.8094638753787362,0.4736130371384783,1
40,88.0,12.0,4,1,0.46134361896370757,0.4736130371384783,0
40,89.0,11.0,4,1,0.8134243077132917,0.4736130371384783,1
40,90.0,10.0,4,1,0.8818218923669097,0.4736130371384783,1
40,91.0,9.0,4,1,0.8905213767519142,0.4736130371384783,1
40,92.0,8.0,4,1,0.9542593539512475,0.4736130371384783,1
40,93.0,7.0,4,1,0.9430551680929334,0.4736130371384783,1
40,94.0,6.0,4,1,0.9619208270366125,0.4736130371384783,1
40,95.0,5.0,4,1,0.8705383232239591,0.4736130371384783,1
40,96.0,4.0,4,1,0.9671417447355556,0.4736130371384783,1
40,97.0,3.0,4,1,0.9230111848003387,0.4736130371384783,1
40,98.0,2.0,4,1,0.9672596309591575,0.4736130371384783,1
40,99.0,1.0,4,1,0.9653862224376183,0.4736130371384783,1
40,100.0,0.0,4,1,0.9319894410507128,0.4736130371384783,1
41,1.0,66.0,4,0,0.1176608080936973,0.4736130371384783,0
41,2.0,65.0,4,0,0.30620323206232297,0.4736130371384783,0
41,3.0,64.0,4,0,0.12677337162131086,0.4736130371384783,0
41,4.0,63.0,4,0,0.12066082928139256,0.4736130371384783,0
41,5.0,62.0,4,0,0.17890499788916517,0.4736130371384783,0
41,6.0,61.0,4,0,0.14975844394271037,0.4736130371384783,0
41,7.0,60.0,4,0,0.16209196318647473,0.4736130371384783,0
41,8.0,59.0,4,0,0.13693790585633345,0.4736130371384783,0
41,9.0,58.0,4,0,0.10030120505852372,0.4736130371384783,0
41,10.0,57.0,4,0,0.24444668729116248,0.4736130371384783,0
41,11.0,56.0,4,0,0.14861787781258085,0.4736130371384783,0
41,12.0,55.0,4,0,0.13453771683595636,0.4736130371384783,0
41,13.0,54.0,4,0,0.16251841835916714,0.4736130371384783,0
41,14.0,53.0,4,0,0.12850313752672154,0.4736130371384783,0
41,15.0,52.0,4,0,0.1878640083846208,0.4736130371384783,0
41,16.0,51.0,4,0,0.210539967393429,0.4736130371384783,0
41,17.0,50.0,4,0,0.15444991778114306,0.4736130371384783,0
41,18.0,49.0,4,0,0.11379570000133349,0.4736130371384783,0
41,19.0,48.0,4,0,0.17875100095835955,0.4736130371384783,0
41,20.0,47.0,4,0,0.20980694719380275,0.4736130371384783,0
41,21.0,46.0,4,0,0.1846493474967286,0.4736130371384783,0
41,22.0,45.0,4,0,0.08189017183231219,0.4736130371384783,0
41,23.0,44.0,4,0,0.15587506504167767,0.4736130371384783,0
41,24.0,43.0,4,0,0.3230094284931883,0.4736130371384783,0
41,25.0,42.0,4,0,0.20693835365293967,0.4736130371384783,0
41,26.0,41.0,4,0,0.1738117230782503,0.4736130371384783,0
41,27.0,40.0,4,0,0.10893572001045453,0.4736130371384783,0
41,28.0,39.0,4,0,0.26960277714283937,0.4736130371384783,0
41,29.0,38.0,4,0,0.11605786997694881,0.4736130371384783,0
41,30.0,37.0,4,0,0.11975627958972537,0.4736130371384783,0
41,31.0,36.0,4,0,0.18280061380270485,0.4736130371384783,0
41,32.0,35.0,4,0,0.15244908416614913,0.4736130371384783,0
41,33.0,34.0,4,0,0.23678336234573247,0.4736130371384783,0
41,34.0,33.0,4,0,0.2409326224885539,0.4736130371384783,0
41,35.0,32.0,4,0,0.2911475039381723,0.4736130371384783,0
41,36.0,31.0,4,0,0.17748498057393614,0.4736130371384783,0
41,37.0,30.0,4,0,0.14324733742279144,0.4736130371384783,0
41,38.0,29.0,4,0,0.2977941776022861,0.4736130371384783,0
41,39.0,28.0,4,0,0.2916908436238494,0.4736130371384783,0
41,40.0,27.0,4,0,0.28601518296633954,0.4736130371384783,0
41,41.0,26.0,4,0,0.3249708058705575,0.4736130371384783,0
41,42.0,25.0,4,0,0.3434388101226701,0.4736130371384783,0
41,43.0,24.0,4,0,0.22160666364987752,0.4736130371384783,0
41,44.0,23.0,4,0,0.1548495306104746,0.4736130371384783,0
41,45.0,22.0,4,0,0.29723004305548045,0.4736130371384783,0
41,46.0,21.0,4,0,0.13738932565505824,0.4736130371384783,0
41,47.0,20.0,4,1,0.3589463930321999,0.4736130371384783,0
41,48.0,19.0,4,1,0.5707380434552047,0.4736130371384783,1
41,49.0,18.0,4,1,0.39295262419360005,0.4736130371384783,0
41,50.0,17.0,4,1,0.43511437156096877,0.4736130371384783,0
41,51.0,16.0,4,1,0.619669079456271,0.4736130371384783,1
41,52.0,15.0,4,1,0.3893423838916764,0.4736130371384783,0
41,53.0,14.0,4,1,0.5981201360422346,0.4736130371384783,1
41,54.0,13.0,4,1,0.6854969230233129,0.4736130371384783,1
41,55.0,12.0,4,1,0.9201749757648352,0.4736130371384783,1
41,56.0,11.0,4,1,0.7400578052112874,0.4736130371384783,1
41,57.0,10.0,4,1,0.6792798336495586,0.4736130371384783,1
41,58.0,9.0,4,1,0.8318872550793066,0.4736130371384783,1
41,59.0,8.0,4,1,0.581239617527481,0.4736130371384783,1
41,60.0,7.0,4,1,0.8524419916693008,0.4736130371384783,1
41,61.0,6.0,4,1,0.8022489976212497,0.4736130371384783,1
41,62.0,5.0,4,1,0.6937215867024116,0.4736130371384783,1
41,63.0,4.0,4,1,0.6227003545433297,0.4736130371384783,1
41,64.0,3.0,4,1,0.8645132686582476,0.4736130371384783,1
41,65.0,2.0,4,1,0.7811243926920163,0.4736130371384783,1
41,66.0,1.0,4,1,0.8021985637782707,0.4736130371384783,1
41,67.0,0.0,4,1,0.8368111555432453,0.4736130371384783,1
42,1.0,84.0,2,0,0.1348855504880047,0.4622183788044668,0
42,2.0,83.0,2,0,0.19662836861029626,0.4622183788044668,0
42,3.0,82.0,2,0,0.06850936976287586,0.4622183788044668,0
42,4.0,81.0,2,0,0.14142394801178515,0.4622183788044668,0
42,5.0,80.0,2,0,0.17749780741845375,0.4622183788044668,0
42,6.0,79.0,2,0,0.11593363582501298,0.4622183788044668,0
42,7.0,78.0,2,0,0.09683151365787784,0.4622183788044668,0
42,8.0,77.0,2,0,0.15752232702961624,0.4622183788044668,0
42,9.0,76.0,2,0,0.1804139249802161,0.4622183788044668,0
42,10.0,75.0,2,0,0.1764170597187103,0.4622183788044668,0
42,11.0,74.0,2,0,0.159291610762953,0.4622183788044668,0
42,12.0,73.0,2,0,0.13708976746745738,0.4622183788044668,0
42,13.0,72.0,2,0,0.25689297214861845,0.4622183788044668,0
42,14.0,71.0,2,0,0.14041961024628694,0.4622183788044668,0
42,15.0,70.0,2,0,0.1589033913264556,0.4622183788044668,0
42,16.0,69.0,2,0,0.1982610700966758,0.4622183788044668,0
42,17.0,68.0,2,0,0.19979541848410565,0.4622183788044668,0
42,18.0,67.0,2,0,0.150392366585157,0.4622183788044668,0
42,19.0,66.0,2,0,0.14550053690884024,0.4622183788044668,0
42,20.0,65.0,2,0,0.16788162209801835,0.4622183788044668,0
42,21.0,64.0,2,0,0.04212010567358913,0.4622183788044668,0
42,22.0,63.0,2,0,0.3328719951110565,0.4622183788044668,0
42,23.0,62.0,2,0,0.1829777409248807,0.4622183788044668,0
42,24.0,61.0,2,0,0.13549942489148456,0.4622183788044668,0
42,25.0,60.0,2,0,0.11539405287257919,0.4622183788044668,0
42,26.0,59.0,2,0,0.10429964965767237,0.4622183788044668,0
42,27.0,58.0,2,0,0.11382598713312542,0.4622183788044668,0
42,28.0,57.0,2,0,0.14741439737094017,0.4622183788044668,0
42,29.0,56.0,2,0,0.11871739523717777,0.4622183788044668,0
42,30.0,55.0,2,0,0.13634019110385412,0.4622183788044668,0
42,31.0,54.0,2,0,0.14512647330711861,0.4622183788044668,0
42,32.0,53.0,2,0,0.09874433071065371,0.4622183788044668,0
42,33.0,52.0,2,0,0.24218190422764663,0.4622183788044668,0
42,34.0,51.0,2,0,0.07661290251566834,0.4622183788044668,0
42,35.0,50.0,2,0,0.12008696477369447,0.4622183788044668,0
42,36.0,49.0,2,0,0.11828433675476449,0.4622183788044668,0
42,37.0,48.0,2,0,0.09020535620724075,0.4622183788044668,0
42,38.0,47.0,2,0,0.11094995619537218,0.4622183788044668,0
42,39.0,46.0,2,0,0.149591502867983,0.4622183788044668,0
42,40.0,45.0,2,0,0.10376295883910548,0.4622183788044668,0
42,41.0,44.0,2,0,0.09427075224104789,0.4622183788044668,0
42,42.0,43.0,2,0,0.19847570162290307,0.4622183788044668,0
42,43.0,42.0,2,0,0.13037683153612936,0.4622183788044668,0
42,44.0,41.0,2,0,0.10048860436402728,0.4622183788044668,0
42,45.0,40.0,2,0,0.07657088702971249,0.4622183788044668,0
42,46.0,39.0,2,0,0.20574144652010345,0.4622183788044668,0
42,47.0,38.0,2,0,0.21374025401029875,0.4622183788044668,0
42,48.0,37.0,2,0,0.1662563544865195,0.4622183788044668,0
42,49.0,36.0,2,0,0.13727738937237507,0.4622183788044668,0
42,50.0,35.0,2,0,0.13569583735867544,0.4622183788044668,0
42,51.0,34.0,2,0,0.29963596291114025,0.4622183788044668,0
42,52.0,33.0,2,0,0.19995917694431806,0.4622183788044668,0
42,53.0,32.0,2,0,0.11714976344349878,0.4622183788044668,0
42,54.0,31.0,2,0,0.1970693369859473,0.4622183788044668,0
42,55.0,30.0,2,0,0.12610547549704196,0.4622183788044668,0
42,56.0,29.0,2,0,0.1498990765156487,0.4622183788044668,0
42,57.0,28.0,2,0,0.1303269256767585,0.4622183788044668,0
42,58.0,27.0,2,0,0.4356733488531163,0.4622183788044668,0
42,59.0,26.0,2,0,0.3428029262150236,0.4622183788044668,0
42,60.0,25.0,2,0,0.5782008372066958,0.4622183788044668,1
42,61.0,24.0,2,0,0.38234424921430127,0.4622183788044668,0
42,62.0,23.0,2,0,0.2470890715943386,0.4622183788044668,0
42,63.0,22.0,2,0,0.6016204747081523,0.4622183788044668,1
42,64.0,21.0,2,0,0.5755679061981576,0.4622183788044668,1
42,65.0,20.0,2,1,0.25532267125156577,0.4622183788044668,0
42,66.0,19.0,2,1,0.9315715324976471,0.4622183788044668,1
42,67.0,18.0,2,1,0.5203678154528315,0.4622183788044668,1
42,68.0,17.0,2,1,0.6230211884865333,0.4622183788044668,1
42,69.0,16.0,2,1,0.4352427181813265,0.4622183788044668,0
42,70.0,15.0,2,1,0.6948483521283985,0.4622183788044668,1
42,71.0,14.0,2,1,0.6109661635014212,0.4622183788044668,1
42,72.0,13.0,2,1,0.5161809690636573,0.4622183788044668,1
42,73.0,12.0,2,1,0.712807319269904,0.4622183788044668,1
42,74.0,11.0,2,1,0.613838393825018,0.4622183788044668,1
42,75.0,10.0,2,1,0.6968486673881816,0.4622183788044668,1
42,76.0,9.0,2,1,0.5114244252034263,0.4622183788044668,1
42,77.0,8.0,2,1,0.9767552622467022,0.4622183788044668,1
42,78.0,7.0,2,1,0.5602752535015324,0.4622183788044668,1
42,79.0,6.0,2,1,0.7060903213301897,0.4622183788044668,1
42,80.0,5.0,2,1,0.8548228174013333,0.4622183788044668,1
42,81.0,4.0,2,1,0.6801163764951613,0.4622183788044668,1
42,82.0,3.0,2,1,0.7864990968331911,0.4622183788044668,1
42,83.0,2.0,2,1,0.8603580475227944,0.4622183788044668,1
42,84.0,1.0,2,1,0.9481528096719195,0.4622183788044668,1
42,85.0,0.0,2,1,0.7239141414663812,0.4622183788044668,1
43,1.0,90.0,3,0,0.09713877224180996,0.4720856588877864,0
43,2.0,89.0,3,0,0.033127986000755456,0.4720856588877864,0
43,3.0,88.0,3,0,0.04937397981339415,0.4720856588877864,0
43,4.0,87.0,3,0,0.037567805542477815,0.4720856588877864,0
43,5.0,86.0,3,0,0.02776355231443345,0.4720856588877864,0
43,6.0,85.0,3,0,0.08551997809371512,0.4720856588877864,0
43,7.0,84.0,3,0,0.014760275039069602,0.4720856588877864,0
43,8.0,83.0,3,0,0.06519019498890026,0.4720856588877864,0
43,9.0,82.0,3,0,0.023994083086809215,0.4720856588877864,0
43,10.0,81.0,3,0,0.01742474006576644,0.4720856588877864,0
43,11.0,80.0,3,0,0.028937858974055986,0.4720856588877864,0
43,12.0,79.0,3,0,0.021300640813800936,0.4720856588877864,0
43,13.0,78.0,3,0,0.055728328273765004,0.4720856588877864,0
43,14.0,77.0,3,0,0.05527069076247408,0.4720856588877864,0
43,15.0,76.0,3,0,0.017207055309578105,0.4720856588877864,0
43,16.0,75.0,3,0,0.0031175512317107626,0.4720856588877864,0
43,17.0,74.0,3,0,0.06387736000230071,0.4720856588877864,0
43,18.0,73.0,3,0,0.037573677548882384,0.4720856588877864,0
43,19.0,72.0,3,0,0.032324137596129836,0.4720856588877864,0
43,20.0,71.0,3,0,0.043551757483576044,0.4720856588877864,0
43,21.0,70.0,3,0,0.03319600280403591,0.4720856588877864,0
43,22.0,69.0,3,0,0.06941182573571407,0.4720856588877864,0
43,23.0,68.0,3,0,0.016141516741045497,0.4720856588877864,0
43,24.0,67.0,3,0,0.011295501283622028,0.4720856588877864,0
43,25.0,66.0,3,0,0.025135176227830063,0.4720856588877864,0
43,26.0,65.0,3,0,0.021665728741301207,0.4720856588877864,0
43,27.0,64.0,3,0,0.11370466814299311,0.4720856588877864,0
43,28.0,63.0,3,0,0.05479450728758015,0.4720856588877864,0
43,29.0,62.0,3,0,0.021951678344586733,0.4720856588877864,0
43,30.0,61.0,3,0,0.0461888169610855,0.4720856588877864,0
43,31.0,60.0,3,0,0.024626734053200622,0.4720856588877864,0
43,32.0,59.0,3,0,0.04884948246329537,0.4720856588877864,0
43,33.0,58.0,3,0,0.02473422565305365,0.4720856588877864,0
43,34.0,57.0,3,0,0.06244539115802056,0.4720856588877864,0
43,35.0,56.0,3,0,0.02670733852446979,0.4720856588877864,0
43,36.0,55.0,3,0,0.015608432602533785,0.4720856588877864,0
43,37.0,54.0,3,0,0.07699912551575697,0.4720856588877864,0
43,38.0,53.0,3,0,0.04315680201600353,0.4720856588877864,0
43,39.0,52.0,3,0,0.03978067650521923,0.4720856588877864,0
43,40.0,51.0,3,0,0.015822748535737674,0.4720856588877864,0
43,41.0,50.0,3,0,0.020250417619992453,0.4720856588877864,0
43,42.0,49.0,3,0,0.0016669905311752662,0.4720856588877864,0
43,43.0,48.0,3,0,0.05341297381708307,0.4720856588877864,0
43,44.0,47.0,3,0,0.008650086774848114,0.4720856588877864,0
43,45.0,46.0,3,0,0.07518929986041195,0.4720856588877864,0
43,46.0,45.0,3,0,0.02253655507172173,0.4720856588877864,0
43,47.0,44.0,3,0,0.0954312498927694,0.4720856588877864,0
43,48.0,43.0,3,0,0.09814615111483875,0.4720856588877864,0
43,49.0,42.0,3,0,0.034016226804095925,0.4720856588877864,0
43,50.0,41.0,3,0,0.18605744013494835,0.4720856588877864,0
43,51.0,40.0,3,0,0.10669654601144707,0.4720856588877864,0
43,52.0,39.0,3,0,0.07283928038284716,0.4720856588877864,0
43,53.0,38.0,3,0,0.027695768708725477,0.4720856588877864,0
43,54.0,37.0,3,0,0.10039818771652799,0.4720856588877864,0
43,55.0,36.0,3,0,0.016717440745546253,0.4720856588877864,0
43,56.0,35.0,3,0,0.0329621328759633,0.4720856588877864,0
43,57.0,34.0,3,0,0.06898491826159793,0.4720856588877864,0
43,58.0,33.0,3,0,0.08598492052809845,0.4720856588877864,0
43,59.0,32.0,3,0,0.11783535988138363,0.4720856588877864,0
43,60.0,31.0,3,0,0.04016402289753362,0.4720856588877864,0
43,61.0,30.0,3,0,0.07071005235829836,0.4720856588877864,0
43,62.0,29.0,3,0,0.05829154890115752,0.4720856588877864,0
43,63.0,28.0,3,0,0.3354699361360494,0.4720856588877864,0
43,64.0,27.0,3,0,0.261456114250334,0.4720856588877864,0
43,65.0,26.0,3,0,0.5478468322984477,0.4720856588877864,1
43,66.0,25.0,3,0,0.24444366430704786,0.4720856588877864,0
43,67.0,24.0,3,0,0.24023540765929616,0.4720856588877864,0
43,68.0,23.0,3,0,0.7470485413952165,0.4720856588877864,1
43,69.0,22.0,3,0,0.5382425406356596,0.4720856588877864,1
43,70.0,21.0,3,0,0.76111877610255,0.4720856588877864,1
43,71.0,20.0,3,1,0.29723315802693584,0.4720856588877864,0
43,72.0,19.0,3,1,0.335450918040778,0.4720856588877864,0
43,73.0,18.0,3,1,0.3614979356203578,0.4720856588877864,0
43,74.0,17.0,3,1,0.2686029574782936,0.4720856588877864,0
43,75.0,16.0,3,1,0.8831216445975835,0.4720856588877864,1
43,76.0,15.0,3,1,0.4763069168951814,0.4720856588877864,1
43,77.0,14.0,3,1,0.8477905676907279,0.4720856588877864,1
43,78.0,13.0,3,1,0.8758033983245564,0.4720856588877864,1
43,79.0,12.0,3,1,0.9177949638279587,0.4720856588877864,1
43,80.0,11.0,3,1,0.7408731935720206,0.4720856588877864,1
43,81.0,10.0,3,1,0.9345498383652998,0.4720856588877864,1
43,82.0,9.0,3,1,0.9052163704891348,0.4720856588877864,1
43,83.0,8.0,3,1,0.8685951024232,0.4720856588877864,1
43,84.0,7.0,3,1,0.9574439074556966,0.4720856588877864,1
43,85.0,6.0,3,1,0.9420576732217563,0.4720856588877864,1
43,86.0,5.0,3,1,0.9027433344051207,0.4720856588877864,1
43,87.0,4.0,3,1,0.9738980268056255,0.4720856588877864,1
43,88.0,3.0,3,1,0.8268951112945117,0.4720856588877864,1
43,89.0,2.0,3,1,0.9446264134308554,0.4720856588877864,1
43,90.0,1.0,3,1,0.9443508857160878,0.4720856588877864,1
43,91.0,0.0,3,1,0.9275008930124897,0.4720856588877864,1
44,1.0,68.0,4,0,0.24599304668642366,0.4736130371384783,0
44,2.0,67.0,4,0,0.13961181542214737,0.4736130371384783,0
44,3.0,66.0,4,0,0.22761824096658403,0.4736130371384783,0
44,4.0,65.0,4,0,0.38444772968272317,0.4736130371384783,0
44,5.0,64.0,4,0,0.30912643919417254,0.4736130371384783,0
44,6.0,63.0,4,0,0.16632961550000178,0.4736130371384783,0
44,7.0,62.0,4,0,0.11540506441446768,0.4736130371384783,0
44,8.0,61.0,4,0,0.27807010560109446,0.4736130371384783,0
44,9.0,60.0,4,0,0.2545447146645222,0.4736130371384783,0
44,10.0,59.0,4,0,0.24743963003001965,0.4736130371384783,0
44,11.0,58.0,4,0,0.2617035388061143,0.4736130371384783,0
44,12.0,57.0,4,0,0.2599398212358305,0.4736130371384783,0
44,13.0,56.0,4,0,0.20332166333308646,0.4736130371384783,0
44,14.0,55.0,4,0,0.26419330041369493,0.4736130371384783,0
44,15.0,54.0,4,0,0.14004750961635534,0.4736130371384783,0
44,16.0,53.0,4,0,0.20379835001674101,0.4736130371384783,0
44,17.0,52.0,4,0,0.2515212230723213,0.4736130371384783,0
44,18.0,51.0,4,0,0.351490409424933,0.4736130371384783,0
44,19.0,50.0,4,0,0.4746487711416836,0.4736130371384783,1
44,20.0,49.0,4,0,0.2763253811234379,0.4736130371384783,0
44,21.0,48.0,4,0,0.22027018945044638,0.4736130371384783,0
44,22.0,47.0,4,0,0.17624174806141923,0.4736130371384783,0
44,23.0,46.0,4,0,0.1560155974224546,0.4736130371384783,0
44,24.0,45.0,4,0,0.3609545626203325,0.4736130371384783,0
44,25.0,44.0,4,0,0.2384276510592313,0.4736130371384783,0
44,26.0,43.0,4,0,0.14432969445509125,0.4736130371384783,0
44,27.0,42.0,4,0,0.1602616919916976,0.4736130371384783,0
44,28.0,41.0,4,0,0.14403680447487155,0.4736130371384783,0
44,29.0,40.0,4,0,0.2765428513391368,0.4736130371384783,0
44,30.0,39.0,4,0,0.1440648426511529,0.4736130371384783,0
44,31.0,38.0,4,0,0.29706696684338724,0.4736130371384783,0
44,32.0,37.0,4,0,0.13924369253104424,0.4736130371384783,0
44,33.0,36.0,4,0,0.14064948114190634,0.4736130371384783,0
44,34.0,35.0,4,0,0.301719002313172,0.4736130371384783,0
44,35.0,34.0,4,0,0.23254953717328467,0.4736130371384783,0
44,36.0,33.0,4,0,0.3347544927180201,0.4736130371384783,0
44,37.0,32.0,4,0,0.1744063662067026,0.4736130371384783,0
44,38.0,31.0,4,0,0.3419844387560593,0.4736130371384783,0
44,39.0,30.0,4,0,0.24989857411553748,0.4736130371384783,0
44,40.0,29.0,4,0,0.2154384148210627,0.4736130371384783,0
44,41.0,28.0,4,0,0.22653964515276032,0.4736130371384783,0
44,42.0,27.0,4,0,0.14238505626142123,0.4736130371384783,0
44,43.0,26.0,4,0,0.32088505035831094,0.4736130371384783,0
44,44.0,25.0,4,0,0.18545834308110953,0.4736130371384783,0
44,45.0,24.0,4,0,0.3367735671494429,0.4736130371384783,0
44,46.0,23.0,4,0,0.34685948858665644,0.4736130371384783,0
44,47.0,22.0,4,0,0.2754961329781859,0.4736130371384783,0
44,48.0,21.0,4,0,0.24653957190589731,0.4736130371384783,0
44,49.0,20.0,4,1,0.5734520042050538,0.4736130371384783,1
44,50.0,19.0,4,1,0.6686859865544856,0.4736130371384783,1
44,51.0,18.0,4,1,0.6506615273267816,0.4736130371384783,1
44,52.0,17.0,4,1,0.46511371723081324,0.4736130371384783,0
44,53.0,16.0,4,1,0.4382808090503415,0.4736130371384783,0
44,54.0,15.0,4,1,0.5225841275375886,0.4736130371384783,1
44,55.0,14.0,4,1,0.6109988551384968,0.4736130371384783,1
44,56.0,13.0,4,1,0.7594304766004376,0.4736130371384783,1
44,57.0,12.0,4,1,0.5362213709639901,0.4736130371384783,1
44,58.0,11.0,4,1,0.7963472815702072,0.4736130371384783,1
44,59.0,10.0,4,1,0.6904534922725375,0.4736130371384783,1
44,60.0,9.0,4,1,0.7251287489696279,0.4736130371384783,1
44,61.0,8.0,4,1,0.7677118764867091,0.4736130371384783,1
44,62.0,7.0,4,1,0.8562663801306037,0.4736130371384783,1
44,63.0,6.0,4,1,0.7959025683090591,0.4736130371384783,1
44,64.0,5.0,4,1,0.9534914777652698,0.4736130371384783,1
44,65.0,4.0,4,1,0.9439337502382462,0.4736130371384783,1
44,66.0,3.0,4,1,0.9564240027174903,0.4736130371384783,1
44,67.0,2.0,4,1,0.9321607053946744,0.4736130371384783,1
44,68.0,1.0,4,1,0.9614944367773677,0.4736130371384783,1
44,69.0,0.0,4,1,0.9303636285278533,0.4736130371384783,1
45,1.0,81.0,4,0,0.05102128973810244,0.4736130371384783,0
45,2.0,80.0,4,0,0.04386802240216581,0.4736130371384783,0
45,3.0,79.0,4,0,0.024945627806195494,0.4736130371384783,0
45,4.0,78.0,4,0,0.011856024853162908,0.4736130371384783,0
45,5.0,77.0,4,0,0.01452351798517735,0.4736130371384783,0
45,6.0,76.0,4,0,0.005125948737216769,0.4736130371384783,0
45,7.0,75.0,4,0,0.06335245716073226,0.4736130371384783,0
45,8.0,74.0,4,0,0.05064358805583196,0.4736130371384783,0
45,9.0,73.0,4,0,0.049744225435792516,0.4736130371384783,0
45,10.0,72.0,4,0,0.011616477378905619,0.4736130371384783,0
45,11.0,71.0,4,0,0.01092338947708575,0.4736130371384783,0
45,12.0,70.0,4,0,0.02599009048577846,0.4736130371384783,0
45,13.0,69.0,4,0,0.0209403289616673,0.4736130371384783,0
45,14.0,68.0,4,0,0.07152565797920674,0.4736130371384783,0
45,15.0,67.0,4,0,0.0599464990301216,0.4736130371384783,0
45,16.0,66.0,4,0,0.0343497136962839,0.4736130371384783,0
45,17.0,65.0,4,0,0.011569653429386565,0.4736130371384783,0
45,18.0,64.0,4,0,0.06430491676346341,0.4736130371384783,0
45,19.0,63.0,4,0,0.07665374088373401,0.4736130371384783,0
45,20.0,62.0,4,0,0.1462827440901184,0.4736130371384783,0
45,21.0,61.0,4,0,0.08643738817169294,0.4736130371384783,0
45,22.0,60.0,4,0,0.07080598297002476,0.4736130371384783,0
45,23.0,59.0,4,0,0.044020981188051506,0.4736130371384783,0
45,24.0,58.0,4,0,0.06248474938427414,0.4736130371384783,0
45,25.0,57.0,4,0,0.011616477378905619,0.4736130371384783,0
45,26.0,56.0,4,0,0.029379704330896393,0.4736130371384783,0
45,27.0,55.0,4,0,0.09818182514631431,0.4736130371384783,0
45,28.0,54.0,4,0,0.10558156541056934,0.4736130371384783,0
45,29.0,53.0,4,0,0.0032643105521843593,0.4736130371384783,0
45,30.0,52.0,4,0,0.08403161592174725,0.4736130371384783,0
45,31.0,51.0,4,0,0.03467936321548083,0.4736130371384783,0
45,32.0,50.0,4,0,0.09300077999595366,0.4736130371384783,0
45,33.0,49.0,4,0,0.00648456380596622,0.4736130371384783,0
45,34.0,48.0,4,0,0.023427628177995548,0.4736130371384783,0
45,35.0,47.0,4,0,0.026224496662187586,0.4736130371384783,0
45,36.0,46.0,4,0,0.01577645623219603,0.4736130371384783,0
45,37.0,45.0,4,0,0.027503309391355105,0.4736130371384783,0
45,38.0,44.0,4,0,0.056157549680554086,0.4736130371384783,0
45,39.0,43.0,4,0,0.12440082861111566,0.4736130371384783,0
45,40.0,42.0,4,0,0.020831963165003135,0.4736130371384783,0
45,41.0,41.0,4,0,0.0460999440621621,0.4736130371384783,0
45,42.0,40.0,4,0,0.047401814021922735,0.4736130371384783,0
45,43.0,39.0,4,0,0.05380790746424577,0.4736130371384783,0
45,44.0,38.0,4,0,0.04904756980389814,0.4736130371384783,0
45,45.0,37.0,4,0,0.08053475093563334,0.4736130371384783,0
45,46.0,36.0,4,0,0.10286217907981442,0.4736130371384783,0
45,47.0,35.0,4,0,0.07245758811387626,0.4736130371384783,0
45,48.0,34.0,4,0,0.0984586709455349,0.4736130371384783,0
45,49.0,33.0,4,0,0.08606258825148794,0.4736130371384783,0
45,50.0,32.0,4,0,0.02449020552802778,0.4736130371384783,0
45,51.0,31.0,4,0,0.05253903429012199,0.4736130371384783,0
45,52.0,30.0,4,0,0.0904569058347617,0.4736130371384783,0
45,53.0,29.0,4,0,0.10137264453310833,0.4736130371384783,0
45,54.0,28.0,4,0,0.07645578196186341,0.4736130371384783,0
45,55.0,27.0,4,0,0.09848126426127712,0.4736130371384783,0
45,56.0,26.0,4,0,0.037571560811926946,0.4736130371384783,0
45,57.0,25.0,4,0,0.08730300451377809,0.4736130371384783,0
45,58.0,24.0,4,0,0.06530265598919378,0.4736130371384783,0
45,59.0,23.0,4,0,0.25306589491207376,0.4736130371384783,0
45,60.0,22.0,4,0,0.0948666537369523,0.4736130371384783,0
45,61.0,21.0,4,0,0.08128888794784113,0.4736130371384783,0
45,62.0,20.0,4,1,0.6039837296059721,0.4736130371384783,1
45,63.0,19.0,4,1,0.415089929556801,0.4736130371384783,0
45,64.0,18.0,4,1,0.4595526745183936,0.4736130371384783,0
45,65.0,17.0,4,1,0.928243499587676,0.4736130371384783,1
45,66.0,16.0,4,1,0.5284204849431693,0.4736130371384783,1
45,67.0,15.0,4,1,0.9463457800421982,0.4736130371384783,1
45,68.0,14.0,4,1,0.9048293985236703,0.4736130371384783,1
45,69.0,13.0,4,1,0.6059127402463538,0.4736130371384783,1
45,70.0,12.0,4,1,0.46661537871307,0.4736130371384783,0
45,71.0,11.0,4,1,0.8513972123081655,0.4736130371384783,1
45,72.0,10.0,4,1,0.9172697640996368,0.4736130371384783,1
45,73.0,9.0,4,1,0.8154647003504233,0.4736130371384783,1
45,74.0,8.0,4,1,0.7761905921338607,0.4736130371384783,1
45,75.0,7.0,4,1,0.9888959340437045,0.4736130371384783,1
45,76.0,6.0,4,1,0.9466857848240681,0.4736130371384783,1
45,77.0,5.0,4,1,0.9667077317607541,0.4736130371384783,1
45,78.0,4.0,4,1,0.7504670794952456,0.4736130371384783,1
45,79.0,3.0,4,1,0.7939384608388438,0.4736130371384783,1
45,80.0,2.0,4,1,0.9569198238068929,0.4736130371384783,1
45,81.0,1.0,4,1,0.96274778777255,0.4736130371384783,1
45,82.0,0.0,4,1,0.9825337968040375,0.4736130371384783,1
46,1.0,77.0,3,0,0.20016036040611881,0.4720856588877864,0
46,2.0,76.0,3,0,0.19446756751904642,0.4720856588877864,0
46,3.0,75.0,3,0,0.18461375917058012,0.4720856588877864,0
46,4.0,74.0,3,0,0.2739956178591114,0.4720856588877864,0
46,5.0,73.0,3,0,0.11233662749575049,0.4720856588877864,0
46,6.0,72.0,3,0,0.09886328591252773,0.4720856588877864,0
46,7.0,71.0,3,0,0.12714453226536693,0.4720856588877864,0
46,8.0,70.0,3,0,0.1289876506510149,0.4720856588877864,0
46,9.0,69.0,3,0,0.1158590448816179,0.4720856588877864,0
46,10.0,68.0,3,0,0.12941597688748138,0.4720856588877864,0
46,11.0,67.0,3,0,0.18164964924661453,0.4720856588877864,0
46,12.0,66.0,3,0,0.2681467379606693,0.4720856588877864,0
46,13.0,65.0,3,0,0.19727807732553554,0.4720856588877864,0
46,14.0,64.0,3,0,0.12261470788667478,0.4720856588877864,0
46,15.0,63.0,3,0,0.1636685000102853,0.4720856588877864,0
46,16.0,62.0,3,0,0.12904801320180528,0.4720856588877864,0
46,17.0,61.0,3,0,0.1529012115123754,0.4720856588877864,0
46,18.0,60.0,3,0,0.1752826836484984,0.4720856588877864,0
46,19.0,59.0,3,0,0.1161051643746859,0.4720856588877864,0
46,20.0,58.0,3,0,0.3354706784587398,0.4720856588877864,0
46,21.0,57.0,3,0,0.06327909093328526,0.4720856588877864,0
46,22.0,56.0,3,0,0.15749599406297327,0.4720856588877864,0
46,23.0,55.0,3,0,0.11413976509961027,0.4720856588877864,0
46,24.0,54.0,3,0,0.15638926360206873,0.4720856588877864,0
46,25.0,53.0,3,0,0.1707250222297902,0.4720856588877864,0
46,26.0,52.0,3,0,0.10842173471474002,0.4720856588877864,0
46,27.0,51.0,3,0,0.250960810725963,0.4720856588877864,0
46,28.0,50.0,3,0,0.16309055189952798,0.4720856588877864,0
46,29.0,49.0,3,0,0.14052721201547444,0.4720856588877864,0
46,30.0,48.0,3,0,0.1899684514185762,0.4720856588877864,0
46,31.0,47.0,3,0,0.14593499812153843,0.4720856588877864,0
46,32.0,46.0,3,0,0.15780257437417874,0.4720856588877864,0
46,33.0,45.0,3,0,0.2216183672803888,0.4720856588877864,0
46,34.0,44.0,3,0,0.2766925716540855,0.4720856588877864,0
46,35.0,43.0,3,0,0.19833000135591033,0.4720856588877864,0
46,36.0,42.0,3,0,0.08758864408820603,0.4720856588877864,0
46,37.0,41.0,3,0,0.16758220930833195,0.4720856588877864,0
46,38.0,40.0,3,0,0.03854496643155675,0.4720856588877864,0
46,39.0,39.0,3,0,0.18223524814482242,0.4720856588877864,0
46,40.0,38.0,3,0,0.1756037662214275,0.4720856588877864,0
46,41.0,37.0,3,0,0.09450787305300618,0.4720856588877864,0
46,42.0,36.0,3,0,0.2495263461751293,0.4720856588877864,0
46,43.0,35.0,3,0,0.1430302273105816,0.4720856588877864,0
46,44.0,34.0,3,0,0.14901802176409865,0.4720856588877864,0
46,45.0,33.0,3,0,0.31579658168271313,0.4720856588877864,0
46,46.0,32.0,3,0,0.18340349981629708,0.4720856588877864,0
46,47.0,31.0,3,0,0.3056791153480461,0.4720856588877864,0
46,48.0,30.0,3,0,0.39735536463085863,0.4720856588877864,0
46,49.0,29.0,3,0,0.1876916345722292,0.4720856588877864,0
46,50.0,28.0,3,0,0.3281966980623675,0.4720856588877864,0
46,51.0,27.0,3,0,0.4514433253976118,0.4720856588877864,0
46,52.0,26.0,3,0,0.37217387568654586,0.4720856588877864,0
46,53.0,25.0,3,0,0.3077656234235315,0.4720856588877864,0
46,54.0,24.0,3,0,0.3938837304239974,0.4720856588877864,0
46,55.0,23.0,3,0,0.4144917799223688,0.4720856588877864,0
46,56.0,22.0,3,0,0.2800243168051425,0.4720856588877864,0
46,57.0,21.0,3,0,0.34082911528715476,0.4720856588877864,0
46,58.0,20.0,3,1,0.39954026833095424,0.4720856588877864,0
46,59.0,19.0,3,1,0.5461642884702667,0.4720856588877864,1
46,60.0,18.0,3,1,0.5767142793963457,0.4720856588877864,1
46,61.0,17.0,3,1,0.6159670108137174,0.4720856588877864,1
46,62.0,16.0,3,1,0.6708547833743387,0.4720856588877864,1
46,63.0,15.0,3,1,0.5570258516829547,0.4720856588877864,1
46,64.0,14.0,3,1,0.6938716037813104,0.4720856588877864,1
46,65.0,13.0,3,1,0.8337231785509016,0.4720856588877864,1
46,66.0,12.0,3,1,0.8011907658770848,0.4720856588877864,1
46,67.0,11.0,3,1,0.8746207425578093,0.4720856588877864,1
46,68.0,10.0,3,1,0.8671774800219701,0.4720856588877864,1
46,69.0,9.0,3,1,0.5631632475361841,0.4720856588877864,1
46,70.0,8.0,3,1,0.8125000200584963,0.4720856588877864,1
46,71.0,7.0,3,1,0.9685337887968666,0.4720856588877864,1
46,72.0,6.0,3,1,0.7536421769270607,0.4720856588877864,1
46,73.0,5.0,3,1,0.9440431200968217,0.4720856588877864,1
46,74.0,4.0,3,1,0.8697083499334648,0.4720856588877864,1
46,75.0,3.0,3,1,0.9630974832317102,0.4720856588877864,1
46,76.0,2.0,3,1,0.9531047180435765,0.4720856588877864,1
46,77.0,1.0,3,1,0.9572185019738046,0.4720856588877864,1
46,78.0,0.0,3,1,0.9464949814578997,0.4720856588877864,1
47,1.0,77.0,2,0,0.23552093297086266,0.4622183788044668,0
47,2.0,76.0,2,0,0.20370380813334404,0.4622183788044668,0
47,3.0,75.0,2,0,0.17660555123673546,0.4622183788044668,0
47,4.0,74.0,2,0,0.19360985026705535,0.4622183788044668,0
47,5.0,73.0,2,0,0.1387558639665221,0.4622183788044668,0
47,6.0,72.0,2,0,0.21195946011343691,0.4622183788044668,0
47,7.0,71.0,2,0,0.17216708400726702,0.4622183788044668,0
47,8.0,70.0,2,0,0.19999189800108422,0.4622183788044668,0
47,9.0,69.0,2,0,0.11214548766038478,0.4622183788044668,0
47,10.0,68.0,2,0,0.224321781491098,0.4622183788044668,0
47,11.0,67.0,2,0,0.18045016657466154,0.4622183788044668,0
47,12.0,66.0,2,0,0.2080319126148736,0.4622183788044668,0
47,13.0,65.0,2,0,0.12572698548004782,0.4622183788044668,0
47,14.0,64.0,2,0,0.2586360045178113,0.4622183788044668,0
47,15.0,63.0,2,0,0.2796753384443456,0.4622183788044668,0
47,16.0,62.0,2,0,0.3210861831035141,0.4622183788044668,0
47,17.0,61.0,2,0,0.3006166660260157,0.4622183788044668,0
47,18.0,60.0,2,0,0.16665338430588425,0.4622183788044668,0
47,19.0,59.0,2,0,0.13059729347364438,0.4622183788044668,0
47,20.0,58.0,2,0,0.2959232446558446,0.4622183788044668,0
47,21.0,57.0,2,0,0.29191810591854994,0.4622183788044668,0
47,22.0,56.0,2,0,0.17744112809873974,0.4622183788044668,0
47,23.0,55.0,2,0,0.14550467167075687,0.4622183788044668,0
47,24.0,54.0,2,0,0.21689199711224227,0.4622183788044668,0
47,25.0,53.0,2,0,0.21942664159488784,0.4622183788044668,0
47,26.0,52.0,2,0,0.19670326775525443,0.4622183788044668,0
47,27.0,51.0,2,0,0.12327377861662825,0.4622183788044668,0
47,28.0,50.0,2,0,0.14528690434714303,0.4622183788044668,0
47,29.0,49.0,2,0,0.18428416964354416,0.4622183788044668,0
47,30.0,48.0,2,0,0.16851978522668376,0.4622183788044668,0
47,31.0,47.0,2,0,0.14729914312703832,0.4622183788044668,0
47,32.0,46.0,2,0,0.16751897143793093,0.4622183788044668,0
47,33.0,45.0,2,0,0.20146619721957,0.4622183788044668,0
47,34.0,44.0,2,0,0.21529151619372383,0.4622183788044668,0
47,35.0,43.0,2,0,0.16209215482525313,0.4622183788044668,0
47,36.0,42.0,2,0,0.12993465610725996,0.4622183788044668,0
47,37.0,41.0,2,0,0.23194969144540523,0.4622183788044668,0
47,38.0,40.0,2,0,0.3377650576864716,0.4622183788044668,0
47,39.0,39.0,2,0,0.21015293702224982,0.4622183788044668,0
47,40.0,38.0,2,0,0.20994823100077614,0.4622183788044668,0
47,41.0,37.0,2,0,0.2368708268461962,0.4622183788044668,0
47,42.0,36.0,2,0,0.29610284034490836,0.4622183788044668,0
47,43.0,35.0,2,0,0.34075410644863774,0.4622183788044668,0
47,44.0,34.0,2,0,0.16268271929041653,0.4622183788044668,0
47,45.0,33.0,2,0,0.2807622141845594,0.4622183788044668,0
47,46.0,32.0,2,0,0.26255655135041045,0.4622183788044668,0
47,47.0,31.0,2,0,0.19405086418200868,0.4622183788044668,0
47,48.0,30.0,2,0,0.23190705022716637,0.4622183788044668,0
47,49.0,29.0,2,0,0.27107273607244375,0.4622183788044668,0
47,50.0,28.0,2,0,0.1565662928663457,0.4622183788044668,0
47,51.0,27.0,2,0,0.3526107033086331,0.4622183788044668,0
47,52.0,26.0,2,0,0.4183625095406265,0.4622183788044668,0
47,53.0,25.0,2,0,0.2484518540662926,0.4622183788044668,0
47,54.0,24.0,2,0,0.2281966838356314,0.4622183788044668,0
47,55.0,23.0,2,0,0.26378043986587774,0.4622183788044668,0
47,56.0,22.0,2,0,0.2918694146650562,0.4622183788044668,0
47,57.0,21.0,2,0,0.306540818108603,0.4622183788044668,0
47,58.0,20.0,2,1,0.3900488461941697,0.4622183788044668,0
47,59.0,19.0,2,1,0.3600662209478489,0.4622183788044668,0
47,60.0,18.0,2,1,0.6323279358103865,0.4622183788044668,1
47,61.0,17.0,2,1,0.4649567205596034,0.4622183788044668,1
47,62.0,16.0,2,1,0.8079504694105989,0.4622183788044668,1
47,63.0,15.0,2,1,0.8079907232185101,0.4622183788044668,1
47,64.0,14.0,2,1,0.7394011971998667,0.4622183788044668,1
47,65.0,13.0,2,1,0.5750797951079916,0.4622183788044668,1
47,66.0,12.0,2,1,0.768206828411888,0.4622183788044668,1
47,67.0,11.0,2,1,0.6869981372095607,0.4622183788044668,1
47,68.0,10.0,2,1,0.6504149594778119,0.4622183788044668,1
47,69.0,9.0,2,1,0.7399786829649773,0.4622183788044668,1
47,70.0,8.0,2,1,0.7622381193228152,0.4622183788044668,1
47,71.0,7.0,2,1,0.9097589919008876,0.4622183788044668,1
47,72.0,6.0,2,1,0.8902718364896581,0.4622183788044668,1
47,73.0,5.0,2,1,0.9406339184070777,0.4622183788044668,1
47,74.0,4.0,2,1,0.9420228282059736,0.4622183788044668,1
47,75.0,3.0,2,1,0.9532643190178561,0.4622183788044668,1
47,76.0,2.0,2,1,0.7990521294665407,0.4622183788044668,1
47,77.0,1.0,2,1,0.9736896035643747,0.4622183788044668,1
47,78.0,0.0,2,1,0.9518878329996739,0.4622183788044668,1
48,1.0,64.0,3,0,0.08113595315715633,0.4720856588877864,0
48,2.0,63.0,3,0,0.18129077344481978,0.4720856588877864,0
48,3.0,62.0,3,0,0.2857118793886633,0.4720856588877864,0
48,4.0,61.0,3,0,0.1014236837639029,0.4720856588877864,0
48,5.0,60.0,3,0,0.07522395282582893,0.4720856588877864,0
48,6.0,59.0,3,0,0.24700235302575527,0.4720856588877864,0
48,7.0,58.0,3,0,0.20846564560649114,0.4720856588877864,0
48,8.0,57.0,3,0,0.12250084346662223,0.4720856588877864,0
48,9.0,56.0,3,0,0.19938399716555175,0.4720856588877864,0
48,10.0,55.0,3,0,0.031656897952326415,0.4720856588877864,0
48,11.0,54.0,3,0,0.2642271912784691,0.4720856588877864,0
48,12.0,53.0,3,0,0.09532467021551173,0.4720856588877864,0
48,13.0,52.0,3,0,0.105241305749801,0.4720856588877864,0
48,14.0,51.0,3,0,0.1730513365007738,0.4720856588877864,0
48,15.0,50.0,3,0,0.1510778664535425,0.4720856588877864,0
48,16.0,49.0,3,0,0.1193060550816416,0.4720856588877864,0
48,17.0,48.0,3,0,0.23244581873519374,0.4720856588877864,0
48,18.0,47.0,3,0,0.07513857028002852,0.4720856588877864,0
48,19.0,46.0,3,0,0.12133923181683862,0.4720856588877864,0
48,20.0,45.0,3,0,0.19654634782904315,0.4720856588877864,0
48,21.0,44.0,3,0,0.12309299196833881,0.4720856588877864,0
48,22.0,43.0,3,0,0.15832859246351488,0.4720856588877864,0
48,23.0,42.0,3,0,0.27547547954054563,0.4720856588877864,0
48,24.0,41.0,3,0,0.21118304587715603,0.4720856588877864,0
48,25.0,40.0,3,0,0.3038893380909268,0.4720856588877864,0
48,26.0,39.0,3,0,0.13765710025595418,0.4720856588877864,0
48,27.0,38.0,3,0,0.12203604574314397,0.4720856588877864,0
48,28.0,37.0,3,0,0.1483858643916692,0.4720856588877864,0
48,29.0,36.0,3,0,0.12773132860496017,0.4720856588877864,0
48,30.0,35.0,3,0,0.07424966192686322,0.4720856588877864,0
48,31.0,34.0,3,0,0.1593929141899257,0.4720856588877864,0
48,32.0,33.0,3,0,0.19563281089226708,0.4720856588877864,0
48,33.0,32.0,3,0,0.17433622165236604,0.4720856588877864,0
48,34.0,31.0,3,0,0.14073876030225624,0.4720856588877864,0
48,35.0,30.0,3,0,0.14629089193514844,0.4720856588877864,0
48,36.0,29.0,3,0,0.2500708131596215,0.4720856588877864,0
48,37.0,28.0,3,0,0.1363096529952975,0.4720856588877864,0
48,38.0,27.0,3,0,0.19070064396483447,0.4720856588877864,0
48,39.0,26.0,3,0,0.29040305124409843,0.4720856588877864,0
48,40.0,25.0,3,0,0.07074932437531033,0.4720856588877864,0
48,41.0,24.0,3,0,0.1010600974644518,0.4720856588877864,0
48,42.0,23.0,3,0,0.234688997948638,0.4720856588877864,0
48,43.0,22.0,3,0,0.08632952537117358,0.4720856588877864,0
48,44.0,21.0,3,0,0.13307681162956755,0.4720856588877864,0
48,45.0,20.0,3,1,0.5667026125653863,0.4720856588877864,1
48,46.0,19.0,3,1,0.3609344341064917,0.4720856588877864,0
48,47.0,18.0,3,1,0.43553442452512986,0.4720856588877864,0
48,48.0,17.0,3,1,0.5906592370484317,0.4720856588877864,1
48,49.0,16.0,3,1,0.4374062425428741,0.4720856588877864,0
48,50.0,15.0,3,1,0.618213594946716,0.4720856588877864,1
48,51.0,14.0,3,1,0.46039407272614224,0.4720856588877864,0
48,52.0,13.0,3,1,0.749967858139376,0.4720856588877864,1
48,53.0,12.0,3,1,0.6567658835156261,0.4720856588877864,1
48,54.0,11.0,3,1,0.7127304323318723,0.4720856588877864,1
48,55.0,10.0,3,1,0.7624207906063238,0.4720856588877864,1
48,56.0,9.0,3,1,0.8406482243928138,0.4720856588877864,1
48,57.0,8.0,3,1,0.9382086078249742,0.4720856588877864,1
48,58.0,7.0,3,1,0.8529405779903725,0.4720856588877864,1
48,59.0,6.0,3,1,0.6969839279153867,0.4720856588877864,1
48,60.0,5.0,3,1,0.9620193416494051,0.4720856588877864,1
48,61.0,4.0,3,1,0.865876752217239,0.4720856588877864,1
48,62.0,3.0,3,1,0.9580347197286783,0.4720856588877864,1
48,63.0,2.0,3,1,0.9585431502013312,0.4720856588877864,1
48,64.0,1.0,3,1,0.8520131165018063,0.4720856588877864,1
48,65.0,0.0,3,1,0.9868136919306932,0.4720856588877864,1
49,1.0,86.0,5,0,0.0189323142298482,0.45996237574761434,0
49,2.0,85.0,5,0,0.038042159515551614,0.45996237574761434,0
49,3.0,84.0,5,0,0.01819576138830248,0.45996237574761434,0
49,4.0,83.0,5,0,0.03419260700555134,0.45996237574761434,0
49,5.0,82.0,5,0,0.0287428947741123,0.45996237574761434,0
49,6.0,81.0,5,0,0.02573614516683796,0.45996237574761434,0
49,7.0,80.0,5,0,0.009355177993464445,0.45996237574761434,0
49,8.0,79.0,5,0,0.010361310698192319,0.45996237574761434,0
49,9.0,78.0,5,0,0.022195489062951216,0.45996237574761434,0
49,10.0,77.0,5,0,0.014027555334327809,0.45996237574761434,0
49,11.0,76.0,5,0,0.01385446573764634,0.45996237574761434,0
49,12.0,75.0,5,0,0.01705036372201241,0.45996237574761434,0
49,13.0,74.0,5,0,0.02918665008059165,0.45996237574761434,0
49,14.0,73.0,5,0,0.026559856306631133,0.45996237574761434,0
49,15.0,72.0,5,0,0.018136172672173646,0.45996237574761434,0
49,16.0,71.0,5,0,0.07784977288366073,0.45996237574761434,0
49,17.0,70.0,5,0,0.00899866489572632,0.45996237574761434,0
49,18.0,69.0,5,0,0.03676550266504277,0.45996237574761434,0
49,19.0,68.0,5,0,0.010237879591640216,0.45996237574761434,0
49,20.0,67.0,5,0,0.012308971782463868,0.45996237574761434,0
49,21.0,66.0,5,0,0.0002369400043312704,0.45996237574761434,0
49,22.0,65.0,5,0,0.015439985251245318,0.45996237574761434,0
49,23.0,64.0,5,0,0.011395899295033885,0.45996237574761434,0
49,24.0,63.0,5,0,0.03996210115245595,0.45996237574761434,0
49,25.0,62.0,5,0,0.017650039415954714,0.45996237574761434,0
49,26.0,61.0,5,0,0.011831677552707979,0.45996237574761434,0
49,27.0,60.0,5,0,0.040596873679263505,0.45996237574761434,0
49,28.0,59.0,5,0,0.002396084752337379,0.45996237574761434,0
49,29.0,58.0,5,0,0.007613386327496286,0.45996237574761434,0
49,30.0,57.0,5,0,0.03968772468370886,0.45996237574761434,0
49,31.0,56.0,5,0,0.005840434107391783,0.45996237574761434,0
49,32.0,55.0,5,0,0.04816291547245291,0.45996237574761434,0
49,33.0,54.0,5,0,0.0012462460838103568,0.45996237574761434,0
49,34.0,53.0,5,0,0.030290217696740965,0.45996237574761434,0
49,35.0,52.0,5,0,0.02155806987974995,0.45996237574761434,0
49,36.0,51.0,5,0,0.0782670470064265,0.45996237574761434,0
49,37.0,50.0,5,0,0.010416216514725938,0.45996237574761434,0
49,38.0,49.0,5,0,0.10270304246164057,0.45996237574761434,0
49,39.0,48.0,5,0,0.010326216430468164,0.45996237574761434,0
49,40.0,47.0,5,0,0.0032255253200333413,0.45996237574761434,0
49,41.0,46.0,5,0,0.008527001096287519,0.45996237574761434,0
49,42.0,45.0,5,0,0.0012852745247487,0.45996237574761434,0
49,43.0,44.0,5,0,0.03396032254276603,0.45996237574761434,0
49,44.0,43.0,5,0,0.011756602033299665,0.45996237574761434,0
49,45.0,42.0,5,0,0.0693525872235407,0.45996237574761434,0
49,46.0,41.0,5,0,0.0030296751629108306,0.45996237574761434,0
49,47.0,40.0,5,0,0.037651116133559245,0.45996237574761434,0
49,48.0,39.0,5,0,0.038148708731293335,0.45996237574761434,0
49,49.0,38.0,5,0,0.05991989142206907,0.45996237574761434,0
49,50.0,37.0,5,0,0.014997065573925016,0.45996237574761434,0
49,51.0,36.0,5,0,0.006751265320138878,0.45996237574761434,0
49,52.0,35.0,5,0,0.03187879732243557,0.45996237574761434,0
49,53.0,34.0,5,0,0.03494681151158965,0.45996237574761434,0
49,54.0,33.0,5,0,0.005077953738413321,0.45996237574761434,0
49,55.0,32.0,5,0,0.00840312424214837,0.45996237574761434,0
49,56.0,31.0,5,0,0.018791226833974408,0.45996237574761434,0
49,57.0,30.0,5,0,0.04447029283533571,0.45996237574761434,0
49,58.0,29.0,5,0,0.029919137216734802,0.45996237574761434,0
49,59.0,28.0,5,0,0.10619722615003983,0.45996237574761434,0
49,60.0,27.0,5,0,0.10179295367042762,0.45996237574761434,0
49,61.0,26.0,5,0,0.16313881633165897,0.45996237574761434,0
49,62.0,25.0,5,0,0.06768430938178699,0.45996237574761434,0
49,63.0,24.0,5,0,0.0959244977143763,0.45996237574761434,0
49,64.0,23.0,5,0,0.05489361695950831,0.45996237574761434,0
49,65.0,22.0,5,0,0.030783724167703842,0.45996237574761434,0
49,66.0,21.0,5,0,0.23066698975471656,0.45996237574761434,0
49,67.0,20.0,5,1,0.25162056265687976,0.45996237574761434,0
49,68.0,19.0,5,1,0.08414911256121424,0.45996237574761434,0
49,69.0,18.0,5,1,0.31769440978690044,0.45996237574761434,0
49,70.0,17.0,5,1,0.41400354571288067,0.45996237574761434,0
49,71.0,16.0,5,1,0.6554685706654854,0.45996237574761434,1
49,72.0,15.0,5,1,0.43765208549322565,0.45996237574761434,0
49,73.0,14.0,5,1,0.601059628843834,0.45996237574761434,1
49,74.0,13.0,5,1,0.22580891565146316,0.45996237574761434,0
49,75.0,12.0,5,1,0.3046194359071287,0.45996237574761434,0
49,76.0,11.0,5,1,0.6769662624318901,0.45996237574761434,1
49,77.0,10.0,5,1,0.89457739215645,0.45996237574761434,1
49,78.0,9.0,5,1,0.5777615146309091,0.45996237574761434,1
49,79.0,8.0,5,1,0.9512151699108407,0.45996237574761434,1
49,80.0,7.0,5,1,0.9270944483972013,0.45996237574761434,1
49,81.0,6.0,5,1,0.7656306086851952,0.45996237574761434,1
49,82.0,5.0,5,1,0.8899968919763462,0.45996237574761434,1
49,83.0,4.0,5,1,0.919934474771222,0.45996237574761434,1
49,84.0,3.0,5,1,0.9314582523729108,0.45996237574761434,1
49,85.0,2.0,5,1,0.9505666879346201,0.45996237574761434,1
49,86.0,1.0,5,1,0.8314625833162521,0.45996237574761434,1
49,87.0,0.0,5,1,0.9679811495962996,0.45996237574761434,1
50,1.0,98.0,1,0,0.04026868655217385,0.47936572047395676,0
50,2.0,97.0,1,0,0.016481635383286716,0.47936572047395676,0
50,3.0,96.0,1,0,0.06539230598653029,0.47936572047395676,0
50,4.0,95.0,1,0,0.02355966645944016,0.47936572047395676,0
50,5.0,94.0,1,0,0.03454447443349059,0.47936572047395676,0
50,6.0,93.0,1,0,0.022958694506358582,0.47936572047395676,0
50,7.0,92.0,1,0,0.04856182424953372,0.47936572047395676,0
50,8.0,91.0,1,0,0.10338515668417154,0.47936572047395676,0
50,9.0,90.0,1,0,0.07053974017801459,0.47936572047395676,0
50,10.0,89.0,1,0,0.005949790040033516,0.47936572047395676,0
50,11.0,88.0,1,0,0.006580512751992689,0.47936572047395676,0
50,12.0,87.0,1,0,0.04914107350086958,0.47936572047395676,0
50,13.0,86.0,1,0,0.059727817164252454,0.47936572047395676,0
50,14.0,85.0,1,0,0.008670728561585192,0.47936572047395676,0
50,15.0,84.0,1,0,0.011418415840139872,0.47936572047395676,0
50,16.0,83.0,1,0,0.04599630168127157,0.47936572047395676,0
50,17.0,82.0,1,0,0.016605169276736234,0.47936572047395676,0
50,18.0,81.0,1,0,0.07201972309269564,0.47936572047395676,0
50,19.0,80.0,1,0,0.01787277245517385,0.47936572047395676,0
50,20.0,79.0,1,0,0.027657163874293206,0.47936572047395676,0
50,21.0,78.0,1,0,0.014752219774079844,0.47936572047395676,0
50,22.0,77.0,1,0,0.05438635709360639,0.47936572047395676,0
50,23.0,76.0,1,0,0.043244683909283446,0.47936572047395676,0
50,24.0,75.0,1,0,0.005848586079005246,0.47936572047395676,0
50,25.0,74.0,1,0,0.01324537682787873,0.47936572047395676,0
50,26.0,73.0,1,0,0.028359188188335313,0.47936572047395676,0
50,27.0,72.0,1,0,0.029910225883651265,0.47936572047395676,0
50,28.0,71.0,1,0,0.042085467484657885,0.47936572047395676,0
50,29.0,70.0,1,0,0.08023772720877947,0.47936572047395676,0
50,30.0,69.0,1,0,0.051486528448645694,0.47936572047395676,0
50,31.0,68.0,1,0,0.06259766171460698,0.47936572047395676,0
50,32.0,67.0,1,0,0.14619745767604972,0.47936572047395676,0
50,33.0,66.0,1,0,0.05962753755801304,0.47936572047395676,0
50,34.0,65.0,1,0,0.0876872700621577,0.47936572047395676,0
50,35.0,64.0,1,0,0.015804123224446756,0.47936572047395676,0
50,36.0,63.0,1,0,0.026294836149877564,0.47936572047395676,0
50,37.0,62.0,1,0,0.022720522980176974,0.47936572047395676,0
50,38.0,61.0,1,0,0.012652378983237775,0.47936572047395676,0
50,39.0,60.0,1,0,0.03989184717861077,0.47936572047395676,0
50,40.0,59.0,1,0,0.15210003947593476,0.47936572047395676,0
50,41.0,58.0,1,0,0.058314254554449406,0.47936572047395676,0
50,42.0,57.0,1,0,0.046884253129974636,0.47936572047395676,0
50,43.0,56.0,1,0,0.07644120212763951,0.47936572047395676,0
50,44.0,55.0,1,0,0.005881083625847286,0.47936572047395676,0
50,45.0,54.0,1,0,0.07390582742042959,0.47936572047395676,0
50,46.0,53.0,1,0,0.058948070019880956,0.47936572047395676,0
50,47.0,52.0,1,0,0.011784377950842915,0.47936572047395676,0
50,48.0,51.0,1,0,0.06611893391708569,0.47936572047395676,0
50,49.0,50.0,1,0,0.047967010165469254,0.47936572047395676,0
50,50.0,49.0,1,0,0.02058352370875005,0.47936572047395676,0
50,51.0,48.0,1,0,0.08418325516531856,0.47936572047395676,0
50,52.0,47.0,1,0,0.05355557416394722,0.47936572047395676,0
50,53.0,46.0,1,0,0.07189007227663238,0.47936572047395676,0
50,54.0,45.0,1,0,0.09875772071715826,0.47936572047395676,0
50,55.0,44.0,1,0,0.08345950584906063,0.47936572047395676,0
50,56.0,43.0,1,0,0.14475821806073724,0.47936572047395676,0
50,57.0,42.0,1,0,0.027408490263599893,0.47936572047395676,0
50,58.0,41.0,1,0,0.05861769702829735,0.47936572047395676,0
50,59.0,40.0,1,0,0.033740271129261125,0.47936572047395676,0
50,60.0,39.0,1,0,0.1308938150252764,0.47936572047395676,0
50,61.0,38.0,1,0,0.07010179628029979,0.47936572047395676,0
50,62.0,37.0,1,0,0.05782414566238849,0.47936572047395676,0
50,63.0,36.0,1,0,0.09791679238013405,0.47936572047395676,0
50,64.0,35.0,1,0,0.12765434560671435,0.47936572047395676,0
50,65.0,34.0,1,0,0.056686479892255545,0.47936572047395676,0
50,66.0,33.0,1,0,0.18161797689047332,0.47936572047395676,0
50,67.0,32.0,1,0,0.07261134142729064,0.47936572047395676,0
50,68.0,31.0,1,0,0.0795040967862757,0.47936572047395676,0
50,69.0,30.0,1,0,0.05560221017396777,0.47936572047395676,0
50,70.0,29.0,1,0,0.03964877846527986,0.47936572047395676,0
50,71.0,28.0,1,0,0.12682568682850154,0.47936572047395676,0
50,72.0,27.0,1,0,0.5405970523718533,0.47936572047395676,1
50,73.0,26.0,1,0,0.12212152458746514,0.47936572047395676,0
50,74.0,25.0,1,0,0.07483351791179109,0.47936572047395676,0
50,75.0,24.0,1,0,0.22817482319015617,0.47936572047395676,0
50,76.0,23.0,1,0,0.2980170080878907,0.47936572047395676,0
50,77.0,22.0,1,0,0.10743032996731011,0.47936572047395676,0
50,78.0,21.0,1,0,0.6489303968846865,0.47936572047395676,1
50,79.0,20.0,1,1,0.7641301688234474,0.47936572047395676,1
50,80.0,19.0,1,1,0.49942777979095143,0.47936572047395676,1
50,81.0,18.0,1,1,0.5718358925644221,0.47936572047395676,1
50,82.0,17.0,1,1,0.7843566728125075,0.47936572047395676,1
50,83.0,16.0,1,1,0.6780531147617654,0.47936572047395676,1
50,84.0,15.0,1,1,0.8928960481811877,0.47936572047395676,1
50,85.0,14.0,1,1,0.6376780966197172,0.47936572047395676,1
50,86.0,13.0,1,1,0.9215272256037299,0.47936572047395676,1
50,87.0,12.0,1,1,0.8247435014070076,0.47936572047395676,1
50,88.0,11.0,1,1,0.5818603917307265,0.47936572047395676,1
50,89.0,10.0,1,1,0.7626399704623638,0.47936572047395676,1
50,90.0,9.0,1,1,0.8859437171536048,0.47936572047395676,1
50,91.0,8.0,1,1,0.8690778047712623,0.47936572047395676,1
50,92.0,7.0,1,1,0.9460233402508309,0.47936572047395676,1
50,93.0,6.0,1,1,0.9420734710539721,0.47936572047395676,1
50,94.0,5.0,1,1,0.9853928602217793,0.47936572047395676,1
50,95.0,4.0,1,1,0.8905178367304836,0.47936572047395676,1
50,96.0,3.0,1,1,0.9791234822797483,0.47936572047395676,1
50,97.0,2.0,1,1,0.9501155445069736,0.47936572047395676,1
50,98.0,1.0,1,1,0.9783166763301371,0.47936572047395676,1
50,99.0,0.0,1,1,0.9790033610560567,0.47936572047395676,1
51,1.0,67.0,1,0,0.08299481716425428,0.47936572047395676,0
51,2.0,66.0,1,0,0.3609881617213358,0.47936572047395676,0
51,3.0,65.0,1,0,0.16325735595562904,0.47936572047395676,0
51,4.0,64.0,1,0,0.12281233824141308,0.47936572047395676,0
51,5.0,63.0,1,0,0.14998109440268764,0.47936572047395676,0
51,6.0,62.0,1,0,0.11750003119591142,0.47936572047395676,0
51,7.0,61.0,1,0,0.24580164952786773,0.47936572047395676,0
51,8.0,60.0,1,0,0.12627303805554912,0.47936572047395676,0
51,9.0,59.0,1,0,0.10908681176337214,0.47936572047395676,0
51,10.0,58.0,1,0,0.13209100363807633,0.47936572047395676,0
51,11.0,57.0,1,0,0.13978804283281548,0.47936572047395676,0
51,12.0,56.0,1,0,0.16215493482540674,0.47936572047395676,0
51,13.0,55.0,1,0,0.25913846060195356,0.47936572047395676,0
51,14.0,54.0,1,0,0.1618481494065398,0.47936572047395676,0
51,15.0,53.0,1,0,0.16957223779928735,0.47936572047395676,0
51,16.0,52.0,1,0,0.35651093268807243,0.47936572047395676,0
51,17.0,51.0,1,0,0.15162775229012818,0.47936572047395676,0
51,18.0,50.0,1,0,0.11249963542392948,0.47936572047395676,0
51,19.0,49.0,1,0,0.09879894627622778,0.47936572047395676,0
51,20.0,48.0,1,0,0.19670355992139948,0.47936572047395676,0
51,21.0,47.0,1,0,0.16708179963872596,0.47936572047395676,0
51,22.0,46.0,1,0,0.06097249065130462,0.47936572047395676,0
51,23.0,45.0,1,0,0.13986486582944943,0.47936572047395676,0
51,24.0,44.0,1,0,0.26272944792428593,0.47936572047395676,0
51,25.0,43.0,1,0,0.15949673149001162,0.47936572047395676,0
51,26.0,42.0,1,0,0.18557781887044072,0.47936572047395676,0
51,27.0,41.0,1,0,0.12685231483422882,0.47936572047395676,0
51,28.0,40.0,1,0,0.18476497323191038,0.47936572047395676,0
51,29.0,39.0,1,0,0.11355732293067303,0.47936572047395676,0
51,30.0,38.0,1,0,0.13675653485147166,0.47936572047395676,0
51,31.0,37.0,1,0,0.1473465968745281,0.47936572047395676,0
51,32.0,36.0,1,0,0.16839151623899665,0.47936572047395676,0
51,33.0,35.0,1,0,0.24794020181368068,0.47936572047395676,0
51,34.0,34.0,1,0,0.20673448234607955,0.47936572047395676,0
51,35.0,33.0,1,0,0.22160188783958717,0.47936572047395676,0
51,36.0,32.0,1,0,0.21099658677189587,0.47936572047395676,0
51,37.0,31.0,1,0,0.1763158090400626,0.47936572047395676,0
51,38.0,30.0,1,0,0.32057196721809617,0.47936572047395676,0
51,39.0,29.0,1,0,0.18551266401174998,0.47936572047395676,0
51,40.0,28.0,1,0,0.2631535324539479,0.47936572047395676,0
51,41.0,27.0,1,0,0.2630381399512686,0.47936572047395676,0
51,42.0,26.0,1,0,0.2804358346721653,0.47936572047395676,0
51,43.0,25.0,1,0,0.18596330724482657,0.47936572047395676,0
51,44.0,24.0,1,0,0.2157486959739293,0.47936572047395676,0
51,45.0,23.0,1,0,0.25164497394431784,0.47936572047395676,0
51,46.0,22.0,1,0,0.14616684104085617,0.47936572047395676,0
51,47.0,21.0,1,0,0.688235069858441,0.47936572047395676,1
51,48.0,20.0,1,1,0.6028258784718695,0.47936572047395676,1
51,49.0,19.0,1,1,0.48797111241822805,0.47936572047395676,1
51,50.0,18.0,1,1,0.4731558650567722,0.47936572047395676,0
51,51.0,17.0,1,1,0.6628936184668678,0.47936572047395676,1
51,52.0,16.0,1,1,0.49959868798297213,0.47936572047395676,1
51,53.0,15.0,1,1,0.6752844008881844,0.47936572047395676,1
51,54.0,14.0,1,1,0.7335035788117001,0.47936572047395676,1
51,55.0,13.0,1,1,0.8404346196464756,0.47936572047395676,1
51,56.0,12.0,1,1,0.7414185259015813,0.47936572047395676,1
51,57.0,11.0,1,1,0.7297884516816115,0.47936572047395676,1
51,58.0,10.0,1,1,0.7588372651459838,0.47936572047395676,1
51,59.0,9.0,1,1,0.6425105025730069,0.47936572047395676,1
51,60.0,8.0,1,1,0.8744726232399213,0.47936572047395676,1
51,61.0,7.0,1,1,0.7750215748775591,0.47936572047395676,1
51,62.0,6.0,1,1,0.785145172714166,0.47936572047395676,1
51,63.0,5.0,1,1,0.6025683074482447,0.47936572047395676,1
51,64.0,4.0,1,1,0.8900215285366139,0.47936572047395676,1
51,65.0,3.0,1,1,0.799876569658458,0.47936572047395676,1
51,66.0,2.0,1,1,0.8438220879775986,0.47936572047395676,1
51,67.0,1.0,1,1,0.8908439498751483,0.47936572047395676,1
51,68.0,0.0,1,1,0.9250765407710965,0.47936572047395676,1
52,1.0,79.0,1,0,0.210276899290309,0.47936572047395676,0
52,2.0,78.0,1,0,0.23116585211878488,0.47936572047395676,0
52,3.0,77.0,1,0,0.08900426300563623,0.47936572047395676,0
52,4.0,76.0,1,0,0.22798274875589003,0.47936572047395676,0
52,5.0,75.0,1,0,0.15871616478841025,0.47936572047395676,0
52,6.0,74.0,1,0,0.12799286506707133,0.47936572047395676,0
52,7.0,73.0,1,0,0.12821990998981656,0.47936572047395676,0
52,8.0,72.0,1,0,0.21256475281324735,0.47936572047395676,0
52,9.0,71.0,1,0,0.16548755139927154,0.47936572047395676,0
52,10.0,70.0,1,0,0.1611915571087405,0.47936572047395676,0
52,11.0,69.0,1,0,0.2002603705347121,0.47936572047395676,0
52,12.0,68.0,1,0,0.17245167832858177,0.47936572047395676,0
52,13.0,67.0,1,0,0.2531511381738505,0.47936572047395676,0
52,14.0,66.0,1,0,0.20735781766343972,0.47936572047395676,0
52,15.0,65.0,1,0,0.16079117489565858,0.47936572047395676,0
52,16.0,64.0,1,0,0.267849652059754,0.47936572047395676,0
52,17.0,63.0,1,0,0.1970890646565405,0.47936572047395676,0
52,18.0,62.0,1,0,0.16527445050738523,0.47936572047395676,0
52,19.0,61.0,1,0,0.18436657889689184,0.47936572047395676,0
52,20.0,60.0,1,0,0.2146449843338638,0.47936572047395676,0
52,21.0,59.0,1,0,0.03853213450872416,0.47936572047395676,0
52,22.0,58.0,1,0,0.24369096028068585,0.47936572047395676,0
52,23.0,57.0,1,0,0.14398655973700356,0.47936572047395676,0
52,24.0,56.0,1,0,0.11851345319594454,0.47936572047395676,0
52,25.0,55.0,1,0,0.20909244930292592,0.47936572047395676,0
52,26.0,54.0,1,0,0.12386544234465136,0.47936572047395676,0
52,27.0,53.0,1,0,0.12101760831812508,0.47936572047395676,0
52,28.0,52.0,1,0,0.18453729060702614,0.47936572047395676,0
52,29.0,51.0,1,0,0.1847811523896485,0.47936572047395676,0
52,30.0,50.0,1,0,0.20840827464499204,0.47936572047395676,0
52,31.0,49.0,1,0,0.19353678408713376,0.47936572047395676,0
52,32.0,48.0,1,0,0.1416261677788695,0.47936572047395676,0
52,33.0,47.0,1,0,0.23705674136364893,0.47936572047395676,0
52,34.0,46.0,1,0,0.09861748708391867,0.47936572047395676,0
52,35.0,45.0,1,0,0.18117765357589738,0.47936572047395676,0
52,36.0,44.0,1,0,0.17916134164691547,0.47936572047395676,0
52,37.0,43.0,1,0,0.14222538629361023,0.47936572047395676,0
52,38.0,42.0,1,0,0.12910995625282484,0.47936572047395676,0
52,39.0,41.0,1,0,0.19883205042279717,0.47936572047395676,0
52,40.0,40.0,1,0,0.15658904133813104,0.47936572047395676,0
52,41.0,39.0,1,0,0.1619448956267027,0.47936572047395676,0
52,42.0,38.0,1,0,0.1629220635695734,0.47936572047395676,0
52,43.0,37.0,1,0,0.17325570324290065,0.47936572047395676,0
52,44.0,36.0,1,0,0.10028496677578261,0.47936572047395676,0
52,45.0,35.0,1,0,0.11050371496747644,0.47936572047395676,0
52,46.0,34.0,1,0,0.18238857089306965,0.47936572047395676,0
52,47.0,33.0,1,0,0.24367781810285483,0.47936572047395676,0
52,48.0,32.0,1,0,0.19935734718618833,0.47936572047395676,0
52,49.0,31.0,1,0,0.1826474511209404,0.47936572047395676,0
52,50.0,30.0,1,0,0.2367776759987924,0.47936572047395676,0
52,51.0,29.0,1,0,0.368434308458352,0.47936572047395676,0
52,52.0,28.0,1,0,0.277856745118191,0.47936572047395676,0
52,53.0,27.0,1,0,0.18775475689126114,0.47936572047395676,0
52,54.0,26.0,1,0,0.28150276782529443,0.47936572047395676,0
52,55.0,25.0,1,0,0.20751800870052378,0.47936572047395676,0
52,56.0,24.0,1,0,0.34492402730536237,0.47936572047395676,0
52,57.0,23.0,1,0,0.2856369090661622,0.47936572047395676,0
52,58.0,22.0,1,0,0.40469957211082774,0.47936572047395676,0
52,59.0,21.0,1,0,0.3009885715374323,0.47936572047395676,0
52,60.0,20.0,1,1,0.318952226083446,0.47936572047395676,0
52,61.0,19.0,1,1,0.24537349682527823,0.47936572047395676,0
52,62.0,18.0,1,1,0.2020111004413402,0.47936572047395676,0
52,63.0,17.0,1,1,0.4477691747541693,0.47936572047395676,0
52,64.0,16.0,1,1,0.293074624854318,0.47936572047395676,0
52,65.0,15.0,1,1,0.2323821216786662,0.47936572047395676,0
52,66.0,14.0,1,1,0.8676808582749683,0.47936572047395676,1
52,67.0,13.0,1,1,0.5294163299990996,0.47936572047395676,1
52,68.0,12.0,1,1,0.7030295868840997,0.47936572047395676,1
52,69.0,11.0,1,1,0.44497550077880677,0.47936572047395676,0
52,70.0,10.0,1,1,0.7126697501800319,0.47936572047395676,1
52,71.0,9.0,1,1,0.7265995618760175,0.47936572047395676,1
52,72.0,8.0,1,1,0.48441558084357,0.47936572047395676,1
52,73.0,7.0,1,1,0.6947487481491381,0.47936572047395676,1
52,74.0,6.0,1,1,0.8036332496843742,0.47936572047395676,1
52,75.0,5.0,1,1,0.6946916548066344,0.47936572047395676,1
52,76.0,4.0,1,1,0.6066994361904137,0.47936572047395676,1
52,77.0,3.0,1,1,0.9196290038980981,0.47936572047395676,1
52,78.0,2.0,1,1,0.7306928514855132,0.47936572047395676,1
52,79.0,1.0,1,1,0.8569094400181595,0.47936572047395676,1
52,80.0,0.0,1,1,0.9106471550629079,0.47936572047395676,1
53,1.0,90.0,3,0,0.09909515585389526,0.4720856588877864,0
53,2.0,89.0,3,0,0.030696951517996843,0.4720856588877864,0
53,3.0,88.0,3,0,0.04937397981339415,0.4720856588877864,0
53,4.0,87.0,3,0,0.03865988815865682,0.4720856588877864,0
53,5.0,86.0,3,0,0.030156177827436615,0.4720856588877864,0
53,6.0,85.0,3,0,0.08551997809371512,0.4720856588877864,0
53,7.0,84.0,3,0,0.014760275039069602,0.4720856588877864,0
53,8.0,83.0,3,0,0.06519019498890026,0.4720856588877864,0
53,9.0,82.0,3,0,0.023994083086809215,0.4720856588877864,0
53,10.0,81.0,3,0,0.01742474006576644,0.4720856588877864,0
53,11.0,80.0,3,0,0.028937858974055986,0.4720856588877864,0
53,12.0,79.0,3,0,0.021665728741301207,0.4720856588877864,0
53,13.0,78.0,3,0,0.055728328273765004,0.4720856588877864,0
53,14.0,77.0,3,0,0.05527069076247408,0.4720856588877864,0
53,15.0,76.0,3,0,0.02849037984749384,0.4720856588877864,0
53,16.0,75.0,3,0,0.0034945803471496182,0.4720856588877864,0
53,17.0,74.0,3,0,0.06387736000230071,0.4720856588877864,0
53,18.0,73.0,3,0,0.037014895620269356,0.4720856588877864,0
53,19.0,72.0,3,0,0.03203507453459171,0.4720856588877864,0
53,20.0,71.0,3,0,0.04019461462643319,0.4720856588877864,0
53,21.0,70.0,3,0,0.02983885994689305,0.4720856588877864,0
53,22.0,69.0,3,0,0.07101772701830127,0.4720856588877864,0
53,23.0,68.0,3,0,0.015054811538733358,0.4720856588877864,0
53,24.0,67.0,3,0,0.011295501283622028,0.4720856588877864,0
53,25.0,66.0,3,0,0.025135176227830063,0.4720856588877864,0
53,26.0,65.0,3,0,0.021665728741301207,0.4720856588877864,0
53,27.0,64.0,3,0,0.12366159487904763,0.4720856588877864,0
53,28.0,63.0,3,0,0.05479450728758015,0.4720856588877864,0
53,29.0,62.0,3,0,0.022304398794868157,0.4720856588877864,0
53,30.0,61.0,3,0,0.04722238097998905,0.4720856588877864,0
53,31.0,60.0,3,0,0.026891794294164474,0.4720856588877864,0
53,32.0,59.0,3,0,0.04663206908614356,0.4720856588877864,0
53,33.0,58.0,3,0,0.029784101986472165,0.4720856588877864,0
53,34.0,57.0,3,0,0.060964454543500995,0.4720856588877864,0
53,35.0,56.0,3,0,0.030836019919922217,0.4720856588877864,0
53,36.0,55.0,3,0,0.01925891803942699,0.4720856588877864,0
53,37.0,54.0,3,0,0.07699912551575697,0.4720856588877864,0
53,38.0,53.0,3,0,0.0511710293998307,0.4720856588877864,0
53,39.0,52.0,3,0,0.03978067650521923,0.4720856588877864,0
53,40.0,51.0,3,0,0.01936991834705843,0.4720856588877864,0
53,41.0,50.0,3,0,0.02251547786095631,0.4720856588877864,0
53,42.0,49.0,3,0,0.002044019646614122,0.4720856588877864,0
53,43.0,48.0,3,0,0.054140759146473615,0.4720856588877864,0
53,44.0,47.0,3,0,0.006107330817488393,0.4720856588877864,0
53,45.0,46.0,3,0,0.07386249619143426,0.4720856588877864,0
53,46.0,45.0,3,0,0.02411726041009671,0.4720856588877864,0
53,47.0,44.0,3,0,0.08123193358345944,0.4720856588877864,0
53,48.0,43.0,3,0,0.11287123599129492,0.4720856588877864,0
53,49.0,42.0,3,0,0.031219801249478936,0.4720856588877864,0
53,50.0,41.0,3,0,0.18770243492284416,0.4720856588877864,0
53,51.0,40.0,3,0,0.10669654601144707,0.4720856588877864,0
53,52.0,39.0,3,0,0.06126707733277144,0.4720856588877864,0
53,53.0,38.0,3,0,0.03423630924926602,0.4720856588877864,0
53,54.0,37.0,3,0,0.11353333207784806,0.4720856588877864,0
53,55.0,36.0,3,0,0.018056151845524927,0.4720856588877864,0
53,56.0,35.0,3,0,0.020908894775481107,0.4720856588877864,0
53,57.0,34.0,3,0,0.07638144754487786,0.4720856588877864,0
53,58.0,33.0,3,0,0.1268886405157742,0.4720856588877864,0
53,59.0,32.0,3,0,0.14063212412789275,0.4720856588877864,0
53,60.0,31.0,3,0,0.11896788647316527,0.4720856588877864,0
53,61.0,30.0,3,0,0.07082749164731766,0.4720856588877864,0
53,62.0,29.0,3,0,0.057965563779728384,0.4720856588877864,0
53,63.0,28.0,3,0,0.33423405843194076,0.4720856588877864,0
53,64.0,27.0,3,0,0.2675936732239212,0.4720856588877864,0
53,65.0,26.0,3,0,0.5008215640276742,0.4720856588877864,1
53,66.0,25.0,3,0,0.24091462879169404,0.4720856588877864,0
53,67.0,24.0,3,0,0.2501614819863151,0.4720856588877864,0
53,68.0,23.0,3,0,0.7680640673204711,0.4720856588877864,1
53,69.0,22.0,3,0,0.5693930535409956,0.4720856588877864,1
53,70.0,21.0,3,0,0.778025436555749,0.4720856588877864,1
53,71.0,20.0,3,1,0.3357530293269482,0.4720856588877864,0
53,72.0,19.0,3,1,0.39205421619443126,0.4720856588877864,0
53,73.0,18.0,3,1,0.4184315745982325,0.4720856588877864,0
53,74.0,17.0,3,1,0.269650896567151,0.4720856588877864,0
53,75.0,16.0,3,1,0.8260027369441342,0.4720856588877864,1
53,76.0,15.0,3,1,0.48438739772973893,0.4720856588877864,1
53,77.0,14.0,3,1,0.8687211549499401,0.4720856588877864,1
53,78.0,13.0,3,1,0.8687439165474814,0.4720856588877864,1
53,79.0,12.0,3,1,0.885029557210012,0.4720856588877864,1
53,80.0,11.0,3,1,0.7533715859318952,0.4720856588877864,1
53,81.0,10.0,3,1,0.9540125853760659,0.4720856588877864,1
53,82.0,9.0,3,1,0.9222055439102393,0.4720856588877864,1
53,83.0,8.0,3,1,0.8845166182133524,0.4720856588877864,1
53,84.0,7.0,3,1,0.9572899094641037,0.4720856588877864,1
53,85.0,6.0,3,1,0.9384867837350054,0.4720856588877864,1
53,86.0,5.0,3,1,0.9269542145962245,0.4720856588877864,1
53,87.0,4.0,3,1,0.9773689926763865,0.4720856588877864,1
53,88.0,3.0,3,1,0.8130432756158248,0.4720856588877864,1
53,89.0,2.0,3,1,0.9623092438056338,0.4720856588877864,1
53,90.0,1.0,3,1,0.9405287974965838,0.4720856588877864,1
53,91.0,0.0,3,1,0.9026847354627838,0.4720856588877864,1
54,1.0,68.0,2,0,0.24794841260638026,0.4622183788044668,0
54,2.0,67.0,2,0,0.15756568751216182,0.4622183788044668,0
54,3.0,66.0,2,0,0.2227250497447742,0.4622183788044668,0
54,4.0,65.0,2,0,0.3294963892137206,0.4622183788044668,0
54,5.0,64.0,2,0,0.24690829465970116,0.4622183788044668,0
54,6.0,63.0,2,0,0.12349060976111871,0.4622183788044668,0
54,7.0,62.0,2,0,0.17315040359590633,0.4622183788044668,0
54,8.0,61.0,2,0,0.2159789025114943,0.4622183788044668,0
54,9.0,60.0,2,0,0.18407815118322282,0.4622183788044668,0
54,10.0,59.0,2,0,0.22145107414281076,0.4622183788044668,0
54,11.0,58.0,2,0,0.2362140897257434,0.4622183788044668,0
54,12.0,57.0,2,0,0.2741179037613735,0.4622183788044668,0
54,13.0,56.0,2,0,0.21292957646359695,0.4622183788044668,0
54,14.0,55.0,2,0,0.23088571607040623,0.4622183788044668,0
54,15.0,54.0,2,0,0.16499392319753117,0.4622183788044668,0
54,16.0,53.0,2,0,0.18153724919012354,0.4622183788044668,0
54,17.0,52.0,2,0,0.19272473623021086,0.4622183788044668,0
54,18.0,51.0,2,0,0.3199830431150053,0.4622183788044668,0
54,19.0,50.0,2,0,0.3502349709486304,0.4622183788044668,0
54,20.0,49.0,2,0,0.24319787785285435,0.4622183788044668,0
54,21.0,48.0,2,0,0.2268118571404898,0.4622183788044668,0
54,22.0,47.0,2,0,0.18036400102771732,0.4622183788044668,0
54,23.0,46.0,2,0,0.1423356662395495,0.4622183788044668,0
54,24.0,45.0,2,0,0.4144156396753599,0.4622183788044668,0
54,25.0,44.0,2,0,0.2503014691614662,0.4622183788044668,0
54,26.0,43.0,2,0,0.13581057076864367,0.4622183788044668,0
54,27.0,42.0,2,0,0.11229251410486947,0.4622183788044668,0
54,28.0,41.0,2,0,0.19028869456788258,0.4622183788044668,0
54,29.0,40.0,2,0,0.2704919074882909,0.4622183788044668,0
54,30.0,39.0,2,0,0.1137571298527649,0.4622183788044668,0
54,31.0,38.0,2,0,0.3363487254553681,0.4622183788044668,0
54,32.0,37.0,2,0,0.14660236759360198,0.4622183788044668,0
54,33.0,36.0,2,0,0.15647360726876539,0.4622183788044668,0
54,34.0,35.0,2,0,0.2527717552560783,0.4622183788044668,0
54,35.0,34.0,2,0,0.2460181200295029,0.4622183788044668,0
54,36.0,33.0,2,0,0.2899022160088418,0.4622183788044668,0
54,37.0,32.0,2,0,0.1738332277846097,0.4622183788044668,0
54,38.0,31.0,2,0,0.262609184660613,0.4622183788044668,0
54,39.0,30.0,2,0,0.24827385235396132,0.4622183788044668,0
54,40.0,29.0,2,0,0.24208575495448034,0.4622183788044668,0
54,41.0,28.0,2,0,0.23610971697749306,0.4622183788044668,0
54,42.0,27.0,2,0,0.16612915256531044,0.4622183788044668,0
54,43.0,26.0,2,0,0.29581781959805237,0.4622183788044668,0
54,44.0,25.0,2,0,0.1097688097867471,0.4622183788044668,0
54,45.0,24.0,2,0,0.42726285613812187,0.4622183788044668,0
54,46.0,23.0,2,0,0.3467880566806782,0.4622183788044668,0
54,47.0,22.0,2,0,0.22714984469556332,0.4622183788044668,0
54,48.0,21.0,2,0,0.2074861173524485,0.4622183788044668,0
54,49.0,20.0,2,1,0.5090820387409919,0.4622183788044668,1
54,50.0,19.0,2,1,0.7673996512516366,0.4622183788044668,1
54,51.0,18.0,2,1,0.5995049465020592,0.4622183788044668,1
54,52.0,17.0,2,1,0.5099606701071959,0.4622183788044668,1
54,53.0,16.0,2,1,0.4218088940656029,0.4622183788044668,0
54,54.0,15.0,2,1,0.5266932249843818,0.4622183788044668,1
54,55.0,14.0,2,1,0.6666788936750454,0.4622183788044668,1
54,56.0,13.0,2,1,0.8189890600848556,0.4622183788044668,1
54,57.0,12.0,2,1,0.4907065735339999,0.4622183788044668,1
54,58.0,11.0,2,1,0.8475110379548754,0.4622183788044668,1
54,59.0,10.0,2,1,0.6131881332210682,0.4622183788044668,1
54,60.0,9.0,2,1,0.6714069424882172,0.4622183788044668,1
54,61.0,8.0,2,1,0.7179808917840648,0.4622183788044668,1
54,62.0,7.0,2,1,0.9049891503454538,0.4622183788044668,1
54,63.0,6.0,2,1,0.7749118281163979,0.4622183788044668,1
54,64.0,5.0,2,1,0.9474734967403958,0.4622183788044668,1
54,65.0,4.0,2,1,0.9603866841126617,0.4622183788044668,1
54,66.0,3.0,2,1,0.9562963084472456,0.4622183788044668,1
54,67.0,2.0,2,1,0.9356689146132894,0.4622183788044668,1
54,68.0,1.0,2,1,0.974740534911669,0.4622183788044668,1
54,69.0,0.0,2,1,0.9418074604200896,0.4622183788044668,1
55,1.0,81.0,3,0,0.04309847847661217,0.4720856588877864,0
55,2.0,80.0,3,0,0.01800033125935475,0.4720856588877864,0
55,3.0,79.0,3,0,0.029992305548115234,0.4720856588877864,0
55,4.0,78.0,3,0,0.009922064048821132,0.4720856588877864,0
55,5.0,77.0,3,0,0.013076247756479593,0.4720856588877864,0
55,6.0,76.0,3,0,0.0031175512317107626,0.4720856588877864,0
55,7.0,75.0,3,0,0.06286805425134251,0.4720856588877864,0
55,8.0,74.0,3,0,0.03303473390345873,0.4720856588877864,0
55,9.0,73.0,3,0,0.04350656043886484,0.4720856588877864,0
55,10.0,72.0,3,0,0.0103298731594502,0.4720856588877864,0
55,11.0,71.0,3,0,0.023085181049133735,0.4720856588877864,0
55,12.0,70.0,3,0,0.01663805577519914,0.4720856588877864,0
55,13.0,69.0,3,0,0.007637313816504562,0.4720856588877864,0
55,14.0,68.0,3,0,0.05457659713910964,0.4720856588877864,0
55,15.0,67.0,3,0,0.05118259987022669,0.4720856588877864,0
55,16.0,66.0,3,0,0.007272787965898591,0.4720856588877864,0
55,17.0,65.0,3,0,0.01725758344259969,0.4720856588877864,0
55,18.0,64.0,3,0,0.03864186885476746,0.4720856588877864,0
55,19.0,63.0,3,0,0.06223845558677199,0.4720856588877864,0
55,20.0,62.0,3,0,0.1313349424725656,0.4720856588877864,0
55,21.0,61.0,3,0,0.0650549651639127,0.4720856588877864,0
55,22.0,60.0,3,0,0.029488985785976054,0.4720856588877864,0
55,23.0,59.0,3,0,0.04220373668396038,0.4720856588877864,0
55,24.0,58.0,3,0,0.047313937268377355,0.4720856588877864,0
55,25.0,57.0,3,0,0.009922064048821132,0.4720856588877864,0
55,26.0,56.0,3,0,0.043934320946690135,0.4720856588877864,0
55,27.0,55.0,3,0,0.0689939376501097,0.4720856588877864,0
55,28.0,54.0,3,0,0.09054176277273157,0.4720856588877864,0
55,29.0,53.0,3,0,0.0016622156622847866,0.4720856588877864,0
55,30.0,52.0,3,0,0.038747071097048995,0.4720856588877864,0
55,31.0,51.0,3,0,0.017743700817771012,0.4720856588877864,0
55,32.0,50.0,3,0,0.06389165569413865,0.4720856588877864,0
55,33.0,49.0,3,0,0.019241323928776567,0.4720856588877864,0
55,34.0,48.0,3,0,0.011992486240967345,0.4720856588877864,0
55,35.0,47.0,3,0,0.011223078891900395,0.4720856588877864,0
55,36.0,46.0,3,0,0.022236963992108574,0.4720856588877864,0
55,37.0,45.0,3,0,0.036497150894296185,0.4720856588877864,0
55,38.0,44.0,3,0,0.053702850561492065,0.4720856588877864,0
55,39.0,43.0,3,0,0.07212142588760068,0.4720856588877864,0
55,40.0,42.0,3,0,0.006958911514528877,0.4720856588877864,0
55,41.0,41.0,3,0,0.022326009443874525,0.4720856588877864,0
55,42.0,40.0,3,0,0.05741808432073748,0.4720856588877864,0
55,43.0,39.0,3,0,0.014583201303923812,0.4720856588877864,0
55,44.0,38.0,3,0,0.036205253397033316,0.4720856588877864,0
55,45.0,37.0,3,0,0.06193484172704829,0.4720856588877864,0
55,46.0,36.0,3,0,0.04481633955236217,0.4720856588877864,0
55,47.0,35.0,3,0,0.050039562580111635,0.4720856588877864,0
55,48.0,34.0,3,0,0.062148921421205046,0.4720856588877864,0
55,49.0,33.0,3,0,0.09621169300153351,0.4720856588877864,0
55,50.0,32.0,3,0,0.02589225932546903,0.4720856588877864,0
55,51.0,31.0,3,0,0.042786558981385135,0.4720856588877864,0
55,52.0,30.0,3,0,0.08767556072036599,0.4720856588877864,0
55,53.0,29.0,3,0,0.0938865716338567,0.4720856588877864,0
55,54.0,28.0,3,0,0.0712442054330539,0.4720856588877864,0
55,55.0,27.0,3,0,0.08735395324081531,0.4720856588877864,0
55,56.0,26.0,3,0,0.08602114172928581,0.4720856588877864,0
55,57.0,25.0,3,0,0.05052313011224818,0.4720856588877864,0
55,58.0,24.0,3,0,0.10553625953924367,0.4720856588877864,0
55,59.0,23.0,3,0,0.21838998008735158,0.4720856588877864,0
55,60.0,22.0,3,0,0.11571217733884241,0.4720856588877864,0
55,61.0,21.0,3,0,0.08529608660421928,0.4720856588877864,0
55,62.0,20.0,3,1,0.7371461853410328,0.4720856588877864,1
55,63.0,19.0,3,1,0.5154037348784799,0.4720856588877864,1
55,64.0,18.0,3,1,0.5392862229062703,0.4720856588877864,1
55,65.0,17.0,3,1,0.9155297495153288,0.4720856588877864,1
55,66.0,16.0,3,1,0.5480431860246561,0.4720856588877864,1
55,67.0,15.0,3,1,0.9518260501892658,0.4720856588877864,1
55,68.0,14.0,3,1,0.918147682168379,0.4720856588877864,1
55,69.0,13.0,3,1,0.8349384333137391,0.4720856588877864,1
55,70.0,12.0,3,1,0.7482399479229119,0.4720856588877864,1
55,71.0,11.0,3,1,0.886397896001334,0.4720856588877864,1
55,72.0,10.0,3,1,0.9461645827630158,0.4720856588877864,1
55,73.0,9.0,3,1,0.9079976438844406,0.4720856588877864,1
55,74.0,8.0,3,1,0.8331125775580859,0.4720856588877864,1
55,75.0,7.0,3,1,0.9768158693081428,0.4720856588877864,1
55,76.0,6.0,3,1,0.978656246191572,0.4720856588877864,1
55,77.0,5.0,3,1,0.9455253965673857,0.4720856588877864,1
55,78.0,4.0,3,1,0.9160943435393367,0.4720856588877864,1
55,79.0,3.0,3,1,0.8966287842414737,0.4720856588877864,1
55,80.0,2.0,3,1,0.9657493452689541,0.4720856588877864,1
55,81.0,1.0,3,1,0.974868167443579,0.4720856588877864,1
55,82.0,0.0,3,1,0.9904468434486237,0.4720856588877864,1
56,1.0,66.0,4,0,0.20113733999945338,0.4736130371384783,0
56,2.0,65.0,4,0,0.21300866339167326,0.4736130371384783,0
56,3.0,64.0,4,0,0.13956947472065767,0.4736130371384783,0
56,4.0,63.0,4,0,0.23841909222699936,0.4736130371384783,0
56,5.0,62.0,4,0,0.12124687938710685,0.4736130371384783,0
56,6.0,61.0,4,0,0.11788521127684568,0.4736130371384783,0
56,7.0,60.0,4,0,0.126301872105035,0.4736130371384783,0
56,8.0,59.0,4,0,0.13188322063378766,0.4736130371384783,0
56,9.0,58.0,4,0,0.1282174328618978,0.4736130371384783,0
56,10.0,57.0,4,0,0.12947828846595882,0.4736130371384783,0
56,11.0,56.0,4,0,0.13746577426541812,0.4736130371384783,0
56,12.0,55.0,4,0,0.20998192587009276,0.4736130371384783,0
56,13.0,54.0,4,0,0.20722622538884736,0.4736130371384783,0
56,14.0,53.0,4,0,0.13311837264304563,0.4736130371384783,0
56,15.0,52.0,4,0,0.16600775219543012,0.4736130371384783,0
56,16.0,51.0,4,0,0.12712980613386868,0.4736130371384783,0
56,17.0,50.0,4,0,0.15360613653860702,0.4736130371384783,0
56,18.0,49.0,4,0,0.15741574715926382,0.4736130371384783,0
56,19.0,48.0,4,0,0.1437165088192846,0.4736130371384783,0
56,20.0,47.0,4,0,0.28458479482132826,0.4736130371384783,0
56,21.0,46.0,4,0,0.06363084602002186,0.4736130371384783,0
56,22.0,45.0,4,0,0.16080595830456074,0.4736130371384783,0
56,23.0,44.0,4,0,0.14401304979748197,0.4736130371384783,0
56,24.0,43.0,4,0,0.1682725967991612,0.4736130371384783,0
56,25.0,42.0,4,0,0.14678711756214186,0.4736130371384783,0
56,26.0,41.0,4,0,0.11941823062406037,0.4736130371384783,0
56,27.0,40.0,4,0,0.22031991886597266,0.4736130371384783,0
56,28.0,39.0,4,0,0.1805239007482434,0.4736130371384783,0
56,29.0,38.0,4,0,0.11943237841847015,0.4736130371384783,0
56,30.0,37.0,4,0,0.20398086794886028,0.4736130371384783,0
56,31.0,36.0,4,0,0.1297036287484202,0.4736130371384783,0
56,32.0,35.0,4,0,0.1673792035250882,0.4736130371384783,0
56,33.0,34.0,4,0,0.19157783073774604,0.4736130371384783,0
56,34.0,33.0,4,0,0.18981177868148455,0.4736130371384783,0
56,35.0,32.0,4,0,0.17313485026587155,0.4736130371384783,0
56,36.0,31.0,4,0,0.07684764809460466,0.4736130371384783,0
56,37.0,30.0,4,0,0.1500979386734731,0.4736130371384783,0
56,38.0,29.0,4,0,0.1466366190753033,0.4736130371384783,0
56,39.0,28.0,4,0,0.1612183795931393,0.4736130371384783,0
56,40.0,27.0,4,0,0.15353446010503324,0.4736130371384783,0
56,41.0,26.0,4,0,0.15948489013195752,0.4736130371384783,0
56,42.0,25.0,4,0,0.24846910016421245,0.4736130371384783,0
56,43.0,24.0,4,0,0.09793756089205163,0.4736130371384783,0
56,44.0,23.0,4,0,0.13903565887286276,0.4736130371384783,0
56,45.0,22.0,4,0,0.3083481311129673,0.4736130371384783,0
56,46.0,21.0,4,0,0.15943465372168514,0.4736130371384783,0
56,47.0,20.0,4,1,0.20783679495579815,0.4736130371384783,0
56,48.0,19.0,4,1,0.39135577632078067,0.4736130371384783,0
56,49.0,18.0,4,1,0.1278769677305765,0.4736130371384783,0
56,50.0,17.0,4,1,0.20057273915071405,0.4736130371384783,0
56,51.0,16.0,4,1,0.2997082309223324,0.4736130371384783,0
56,52.0,15.0,4,1,0.41159216106807145,0.4736130371384783,0
56,53.0,14.0,4,1,0.5842655834084287,0.4736130371384783,1
56,54.0,13.0,4,1,0.28282073074150527,0.4736130371384783,0
56,55.0,12.0,4,1,0.45428117422551345,0.4736130371384783,0
56,56.0,11.0,4,1,0.44763567021272055,0.4736130371384783,0
56,57.0,10.0,4,1,0.6696732699041944,0.4736130371384783,1
56,58.0,9.0,4,1,0.8079539601470856,0.4736130371384783,1
56,59.0,8.0,4,1,0.6263296518065827,0.4736130371384783,1
56,60.0,7.0,4,1,0.9054754026394102,0.4736130371384783,1
56,61.0,6.0,4,1,0.7748508580846919,0.4736130371384783,1
56,62.0,5.0,4,1,0.8031367732563011,0.4736130371384783,1
56,63.0,4.0,4,1,0.9116209247624644,0.4736130371384783,1
56,64.0,3.0,4,1,0.8259514660338956,0.4736130371384783,1
56,65.0,2.0,4,1,0.9223742903034332,0.4736130371384783,1
56,66.0,1.0,4,1,0.8443493570544994,0.4736130371384783,1
56,67.0,0.0,4,1,0.9406431014400232,0.4736130371384783,1
57,1.0,84.0,3,0,0.18988201670737173,0.4720856588877864,0
57,2.0,83.0,3,0,0.21924427143656924,0.4720856588877864,0
57,3.0,82.0,3,0,0.10815176304015858,0.4720856588877864,0
57,4.0,81.0,3,0,0.15287096984127188,0.4720856588877864,0
57,5.0,80.0,3,0,0.15166396739997579,0.4720856588877864,0
57,6.0,79.0,3,0,0.16396992238519892,0.4720856588877864,0
57,7.0,78.0,3,0,0.17419971678229354,0.4720856588877864,0
57,8.0,77.0,3,0,0.2138719775451615,0.4720856588877864,0
57,9.0,76.0,3,0,0.16154311674499097,0.4720856588877864,0
57,10.0,75.0,3,0,0.1996672116438311,0.4720856588877864,0
57,11.0,74.0,3,0,0.1392848696833725,0.4720856588877864,0
57,12.0,73.0,3,0,0.27843071541095543,0.4720856588877864,0
57,13.0,72.0,3,0,0.10094776372192248,0.4720856588877864,0
57,14.0,71.0,3,0,0.19036271614751807,0.4720856588877864,0
57,15.0,70.0,3,0,0.3242474507729093,0.4720856588877864,0
57,16.0,69.0,3,0,0.2561773072249233,0.4720856588877864,0
57,17.0,68.0,3,0,0.24446233968644246,0.4720856588877864,0
57,18.0,67.0,3,0,0.10605283423240393,0.4720856588877864,0
57,19.0,66.0,3,0,0.14662748894063035,0.4720856588877864,0
57,20.0,65.0,3,0,0.2799333448808932,0.4720856588877864,0
57,21.0,64.0,3,0,0.29148984333634387,0.4720856588877864,0
57,22.0,63.0,3,0,0.1449523794392129,0.4720856588877864,0
57,23.0,62.0,3,0,0.13864149347499444,0.4720856588877864,0
57,24.0,61.0,3,0,0.2724163838006033,0.4720856588877864,0
57,25.0,60.0,3,0,0.2160423792972511,0.4720856588877864,0
57,26.0,59.0,3,0,0.152809040787256,0.4720856588877864,0
57,27.0,58.0,3,0,0.15413040903300032,0.4720856588877864,0
57,28.0,57.0,3,0,0.15459952263160456,0.4720856588877864,0
57,29.0,56.0,3,0,0.21525707904953137,0.4720856588877864,0
57,30.0,55.0,3,0,0.1624366324680366,0.4720856588877864,0
57,31.0,54.0,3,0,0.12314443283219507,0.4720856588877864,0
57,32.0,53.0,3,0,0.13081543579764163,0.4720856588877864,0
57,33.0,52.0,3,0,0.18187937434578763,0.4720856588877864,0
57,34.0,51.0,3,0,0.16371660775618027,0.4720856588877864,0
57,35.0,50.0,3,0,0.17937945854772017,0.4720856588877864,0
57,36.0,49.0,3,0,0.08365021731256238,0.4720856588877864,0
57,37.0,48.0,3,0,0.21337352603485174,0.4720856588877864,0
57,38.0,47.0,3,0,0.1867025318681881,0.4720856588877864,0
57,39.0,46.0,3,0,0.1684134605231522,0.4720856588877864,0
57,40.0,45.0,3,0,0.20253294131479896,0.4720856588877864,0
57,41.0,44.0,3,0,0.2258805229917355,0.4720856588877864,0
57,42.0,43.0,3,0,0.28589843770021794,0.4720856588877864,0
57,43.0,42.0,3,0,0.2129524980092116,0.4720856588877864,0
57,44.0,41.0,3,0,0.1523107107267363,0.4720856588877864,0
57,45.0,40.0,3,0,0.22461582346519554,0.4720856588877864,0
57,46.0,39.0,3,0,0.19323160391234048,0.4720856588877864,0
57,47.0,38.0,3,0,0.18376010445403068,0.4720856588877864,0
57,48.0,37.0,3,0,0.15252061733000113,0.4720856588877864,0
57,49.0,36.0,3,0,0.15094145253267313,0.4720856588877864,0
57,50.0,35.0,3,0,0.12356779106514998,0.4720856588877864,0
57,51.0,34.0,3,0,0.22053987614808096,0.4720856588877864,0
57,52.0,33.0,3,0,0.25854408421467145,0.4720856588877864,0
57,53.0,32.0,3,0,0.2485964954782753,0.4720856588877864,0
57,54.0,31.0,3,0,0.2051362331548848,0.4720856588877864,0
57,55.0,30.0,3,0,0.18320055231710122,0.4720856588877864,0
57,56.0,29.0,3,0,0.19609847105805478,0.4720856588877864,0
57,57.0,28.0,3,0,0.31858055244321815,0.4720856588877864,0
57,58.0,27.0,3,0,0.31737908173619966,0.4720856588877864,0
57,59.0,26.0,3,0,0.38532453372890535,0.4720856588877864,0
57,60.0,25.0,3,0,0.36953871699003055,0.4720856588877864,0
57,61.0,24.0,3,0,0.49754465145637855,0.4720856588877864,1
57,62.0,23.0,3,0,0.49312836899247353,0.4720856588877864,1
57,63.0,22.0,3,0,0.8039976035915367,0.4720856588877864,1
57,64.0,21.0,3,0,0.4868276785384016,0.4720856588877864,1
57,65.0,20.0,3,1,0.4822531440978456,0.4720856588877864,1
57,66.0,19.0,3,1,0.6397969359476426,0.4720856588877864,1
57,67.0,18.0,3,1,0.5211447844802768,0.4720856588877864,1
57,68.0,17.0,3,1,0.5597500818862187,0.4720856588877864,1
57,69.0,16.0,3,1,0.6313780912986904,0.4720856588877864,1
57,70.0,15.0,3,1,0.6220643379601947,0.4720856588877864,1
57,71.0,14.0,3,1,0.9004149362445488,0.4720856588877864,1
57,72.0,13.0,3,1,0.7755768606295498,0.4720856588877864,1
57,73.0,12.0,3,1,0.9366319501239042,0.4720856588877864,1
57,74.0,11.0,3,1,0.7255136176713312,0.4720856588877864,1
57,75.0,10.0,3,1,0.8608081213616572,0.4720856588877864,1
57,76.0,9.0,3,1,0.7164941853360354,0.4720856588877864,1
57,77.0,8.0,3,1,0.9410434364142605,0.4720856588877864,1
57,78.0,7.0,3,1,0.834859024079062,0.4720856588877864,1
57,79.0,6.0,3,1,0.7293804576939987,0.4720856588877864,1
57,80.0,5.0,3,1,0.9216353204357662,0.4720856588877864,1
57,81.0,4.0,3,1,0.9223376568620303,0.4720856588877864,1
57,82.0,3.0,3,1,0.9221960094940467,0.4720856588877864,1
57,83.0,2.0,3,1,0.9180560290019926,0.4720856588877864,1
57,84.0,1.0,3,1,0.9429910569776906,0.4720856588877864,1
57,85.0,0.0,3,1,0.8107951145717675,0.4720856588877864,1
58,1.0,77.0,4,0,0.09667323260902208,0.4736130371384783,0
58,2.0,76.0,4,0,0.17417379752307044,0.4736130371384783,0
58,3.0,75.0,4,0,0.2390911248431047,0.4736130371384783,0
58,4.0,74.0,4,0,0.10469211301728888,0.4736130371384783,0
58,5.0,73.0,4,0,0.09950777735049185,0.4736130371384783,0
58,6.0,72.0,4,0,0.2147964130977975,0.4736130371384783,0
58,7.0,71.0,4,0,0.23528253902396798,0.4736130371384783,0
58,8.0,70.0,4,0,0.12775202828677643,0.4736130371384783,0
58,9.0,69.0,4,0,0.1884987812448494,0.4736130371384783,0
58,10.0,68.0,4,0,0.059894103796380424,0.4736130371384783,0
58,11.0,67.0,4,0,0.25119979489566685,0.4736130371384783,0
58,12.0,66.0,4,0,0.08173048370952868,0.4736130371384783,0
58,13.0,65.0,4,0,0.10451378245582599,0.4736130371384783,0
58,14.0,64.0,4,0,0.1891116508347702,0.4736130371384783,0
58,15.0,63.0,4,0,0.106659460530084,0.4736130371384783,0
58,16.0,62.0,4,0,0.1304982612509385,0.4736130371384783,0
58,17.0,61.0,4,0,0.1813112732863612,0.4736130371384783,0
58,18.0,60.0,4,0,0.09313107555751199,0.4736130371384783,0
58,19.0,59.0,4,0,0.09417536511257,0.4736130371384783,0
58,20.0,58.0,4,0,0.15000944161279048,0.4736130371384783,0
58,21.0,57.0,4,0,0.14871359633148665,0.4736130371384783,0
58,22.0,56.0,4,0,0.11780106852686723,0.4736130371384783,0
58,23.0,55.0,4,0,0.23048092041354423,0.4736130371384783,0
58,24.0,54.0,4,0,0.1725532737092564,0.4736130371384783,0
58,25.0,53.0,4,0,0.17825986489264062,0.4736130371384783,0
58,26.0,52.0,4,0,0.16287190998899004,0.4736130371384783,0
58,27.0,51.0,4,0,0.10075432865763845,0.4736130371384783,0
58,28.0,50.0,4,0,0.212199985877551,0.4736130371384783,0
58,29.0,49.0,4,0,0.12116507025810126,0.4736130371384783,0
58,30.0,48.0,4,0,0.09612588809875176,0.4736130371384783,0
58,31.0,47.0,4,0,0.150755362650899,0.4736130371384783,0
58,32.0,46.0,4,0,0.1793284981653117,0.4736130371384783,0
58,33.0,45.0,4,0,0.1662298850269878,0.4736130371384783,0
58,34.0,44.0,4,0,0.11417493563872956,0.4736130371384783,0
58,35.0,43.0,4,0,0.16715826017302102,0.4736130371384783,0
58,36.0,42.0,4,0,0.2934476069432632,0.4736130371384783,0
58,37.0,41.0,4,0,0.1966866171175167,0.4736130371384783,0
58,38.0,40.0,4,0,0.16996704519953293,0.4736130371384783,0
58,39.0,39.0,4,0,0.22270570443048324,0.4736130371384783,0
58,40.0,38.0,4,0,0.0887593513868214,0.4736130371384783,0
58,41.0,37.0,4,0,0.11681726613040232,0.4736130371384783,0
58,42.0,36.0,4,0,0.1230069325968188,0.4736130371384783,0
58,43.0,35.0,4,0,0.0773005542089758,0.4736130371384783,0
58,44.0,34.0,4,0,0.20802406561348094,0.4736130371384783,0
58,45.0,33.0,4,0,0.39985673851358916,0.4736130371384783,0
58,46.0,32.0,4,0,0.410326039328874,0.4736130371384783,0
58,47.0,31.0,4,0,0.36540412895504554,0.4736130371384783,0
58,48.0,30.0,4,0,0.2610315316826785,0.4736130371384783,0
58,49.0,29.0,4,0,0.37687118628044036,0.4736130371384783,0
58,50.0,28.0,4,0,0.28047957704475623,0.4736130371384783,0
58,51.0,27.0,4,0,0.3122451134709036,0.4736130371384783,0
58,52.0,26.0,4,0,0.5030365398545138,0.4736130371384783,1
58,53.0,25.0,4,0,0.12076291294475039,0.4736130371384783,0
58,54.0,24.0,4,0,0.4846973538464414,0.4736130371384783,1
58,55.0,23.0,4,0,0.2793449683853734,0.4736130371384783,0
58,56.0,22.0,4,0,0.2584391215667877,0.4736130371384783,0
58,57.0,21.0,4,0,0.38000008296545623,0.4736130371384783,0
58,58.0,20.0,4,1,0.34131989207303415,0.4736130371384783,0
58,59.0,19.0,4,1,0.35660101844140407,0.4736130371384783,0
58,60.0,18.0,4,1,0.45218123647951086,0.4736130371384783,0
58,61.0,17.0,4,1,0.27955599041355056,0.4736130371384783,0
58,62.0,16.0,4,1,0.5461346048113092,0.4736130371384783,1
58,63.0,15.0,4,1,0.39301126824442734,0.4736130371384783,0
58,64.0,14.0,4,1,0.321531075932373,0.4736130371384783,0
58,65.0,13.0,4,1,0.5524136191835043,0.4736130371384783,1
58,66.0,12.0,4,1,0.5112700230299662,0.4736130371384783,1
58,67.0,11.0,4,1,0.4951613429729149,0.4736130371384783,1
58,68.0,10.0,4,1,0.5876631947598262,0.4736130371384783,1
58,69.0,9.0,4,1,0.5066818301584253,0.4736130371384783,1
58,70.0,8.0,4,1,0.6341825290620131,0.4736130371384783,1
58,71.0,7.0,4,1,0.7418119499616667,0.4736130371384783,1
58,72.0,6.0,4,1,0.7825078170550189,0.4736130371384783,1
58,73.0,5.0,4,1,0.7486754001098954,0.4736130371384783,1
58,74.0,4.0,4,1,0.9187700856860157,0.4736130371384783,1
58,75.0,3.0,4,1,0.8640113324405289,0.4736130371384783,1
58,76.0,2.0,4,1,0.860197435721391,0.4736130371384783,1
58,77.0,1.0,4,1,0.5505556212689419,0.4736130371384783,1
58,78.0,0.0,4,1,0.623705447977207,0.4736130371384783,1
59,1.0,78.0,3,0,0.02340900001205434,0.4720856588877864,0
59,2.0,77.0,3,0,0.05205267539739393,0.4720856588877864,0
59,3.0,76.0,3,0,0.04700941244648559,0.4720856588877864,0
59,4.0,75.0,3,0,0.035253842190236286,0.4720856588877864,0
59,5.0,74.0,3,0,0.03876350246830282,0.4720856588877864,0
59,6.0,73.0,3,0,0.042132911889508635,0.4720856588877864,0
59,7.0,72.0,3,0,0.012514145243559942,0.4720856588877864,0
59,8.0,71.0,3,0,0.012534090388372686,0.4720856588877864,0
59,9.0,70.0,3,0,0.02178412503808079,0.4720856588877864,0
59,10.0,69.0,3,0,0.01573363312061272,0.4720856588877864,0
59,11.0,68.0,3,0,0.007808926709107962,0.4720856588877864,0
59,12.0,67.0,3,0,0.030645395448319512,0.4720856588877864,0
59,13.0,66.0,3,0,0.058438578720250635,0.4720856588877864,0
59,14.0,65.0,3,0,0.03356132508797288,0.4720856588877864,0
59,15.0,64.0,3,0,0.028776047590549136,0.4720856588877864,0
59,16.0,63.0,3,0,0.0658941413122284,0.4720856588877864,0
59,17.0,62.0,3,0,0.025576518922267966,0.4720856588877864,0
59,18.0,61.0,3,0,0.06058827937002064,0.4720856588877864,0
59,19.0,60.0,3,0,0.017460579409214742,0.4720856588877864,0
59,20.0,59.0,3,0,0.025008087297325076,0.4720856588877864,0
59,21.0,58.0,3,0,0.014743666452293998,0.4720856588877864,0
59,22.0,57.0,3,0,0.028294269546524815,0.4720856588877864,0
59,23.0,56.0,3,0,0.00535609954537083,0.4720856588877864,0
59,24.0,55.0,3,0,0.06559352266100091,0.4720856588877864,0
59,25.0,54.0,3,0,0.05308976972732475,0.4720856588877864,0
59,26.0,53.0,3,0,0.01804870870480548,0.4720856588877864,0
59,27.0,52.0,3,0,0.04860011356344349,0.4720856588877864,0
59,28.0,51.0,3,0,0.011920240439424787,0.4720856588877864,0
59,29.0,50.0,3,0,0.01142883419968465,0.4720856588877864,0
59,30.0,49.0,3,0,0.04873280088612733,0.4720856588877864,0
59,31.0,48.0,3,0,0.02181139437637429,0.4720856588877864,0
59,32.0,47.0,3,0,0.10948818724916179,0.4720856588877864,0
59,33.0,46.0,3,0,0.0020392447777236424,0.4720856588877864,0
59,34.0,45.0,3,0,0.02344083644569618,0.4720856588877864,0
59,35.0,44.0,3,0,0.03269703662456465,0.4720856588877864,0
59,36.0,43.0,3,0,0.0744074077298009,0.4720856588877864,0
59,37.0,42.0,3,0,0.021521137107293805,0.4720856588877864,0
59,38.0,41.0,3,0,0.13159578345264597,0.4720856588877864,0
59,39.0,40.0,3,0,0.025024300015937893,0.4720856588877864,0
59,40.0,39.0,3,0,0.00960691571862844,0.4720856588877864,0
59,41.0,38.0,3,0,0.006107330817488393,0.4720856588877864,0
59,42.0,37.0,3,0,0.002044019646614122,0.4720856588877864,0
59,43.0,36.0,3,0,0.054113850608919954,0.4720856588877864,0
59,44.0,35.0,3,0,0.03799166125405764,0.4720856588877864,0
59,45.0,34.0,3,0,0.061678705265281,0.4720856588877864,0
59,46.0,33.0,3,0,0.006475771947870327,0.4720856588877864,0
59,47.0,32.0,3,0,0.04818533655966783,0.4720856588877864,0
59,48.0,31.0,3,0,0.04969701821234496,0.4720856588877864,0
59,49.0,30.0,3,0,0.058649987590154384,0.4720856588877864,0
59,50.0,29.0,3,0,0.010166898794292459,0.4720856588877864,0
59,51.0,28.0,3,0,0.038691751455534544,0.4720856588877864,0
59,52.0,27.0,3,0,0.05338353309120445,0.4720856588877864,0
59,53.0,26.0,3,0,0.1089062025361024,0.4720856588877864,0
59,54.0,25.0,3,0,0.06492145877684943,0.4720856588877864,0
59,55.0,24.0,3,0,0.010601031140309696,0.4720856588877864,0
59,56.0,23.0,3,0,0.23358590534713405,0.4720856588877864,0
59,57.0,22.0,3,0,0.05819298898672017,0.4720856588877864,0
59,58.0,21.0,3,0,0.1423640155908898,0.4720856588877864,0
59,59.0,20.0,3,1,0.22415353730538037,0.4720856588877864,0
59,60.0,19.0,3,1,0.08952293077368495,0.4720856588877864,0
59,61.0,18.0,3,1,0.29898671825350825,0.4720856588877864,0
59,62.0,17.0,3,1,0.6061750951785729,0.4720856588877864,1
59,63.0,16.0,3,1,0.19062655278791896,0.4720856588877864,0
59,64.0,15.0,3,1,0.30878493491456926,0.4720856588877864,0
59,65.0,14.0,3,1,0.6025015657105456,0.4720856588877864,1
59,66.0,13.0,3,1,0.28148538139634594,0.4720856588877864,0
59,67.0,12.0,3,1,0.8455816915625503,0.4720856588877864,1
59,68.0,11.0,3,1,0.37800388228130055,0.4720856588877864,0
59,69.0,10.0,3,1,0.8687331479733712,0.4720856588877864,1
59,70.0,9.0,3,1,0.8504913179903237,0.4720856588877864,1
59,71.0,8.0,3,1,0.9513912434206678,0.4720856588877864,1
59,72.0,7.0,3,1,0.9343516492741744,0.4720856588877864,1
59,73.0,6.0,3,1,0.9359173454725115,0.4720856588877864,1
59,74.0,5.0,3,1,0.7957292141925127,0.4720856588877864,1
59,75.0,4.0,3,1,0.8778142066554308,0.4720856588877864,1
59,76.0,3.0,3,1,0.989897544098762,0.4720856588877864,1
59,77.0,2.0,3,1,0.9343767809330672,0.4720856588877864,1
59,78.0,1.0,3,1,0.9843563045069621,0.4720856588877864,1
59,79.0,0.0,3,1,0.9949662336468391,0.4720856588877864,1
60,1.0,84.0,1,0,0.037639150645283594,0.47936572047395676,0
60,2.0,83.0,1,0,0.023195647715840404,0.47936572047395676,0
60,3.0,82.0,1,0,0.07024115411093566,0.47936572047395676,0
60,4.0,81.0,1,0,0.02355966645944016,0.47936572047395676,0
60,5.0,80.0,1,0,0.03743657921458603,0.47936572047395676,0
60,6.0,79.0,1,0,0.013652469118278642,0.47936572047395676,0
60,7.0,78.0,1,0,0.04856182424953372,0.47936572047395676,0
60,8.0,77.0,1,0,0.07343862618392567,0.47936572047395676,0
60,9.0,76.0,1,0,0.07494722981001418,0.47936572047395676,0
60,10.0,75.0,1,0,0.0024027219654435376,0.47936572047395676,0
60,11.0,74.0,1,0,0.010812802393039401,0.47936572047395676,0
60,12.0,73.0,1,0,0.06522101805340272,0.47936572047395676,0
60,13.0,72.0,1,0,0.02301911568892605,0.47936572047395676,0
60,14.0,71.0,1,0,0.020941498877834436,0.47936572047395676,0
60,15.0,70.0,1,0,0.009557281807368447,0.47936572047395676,0
60,16.0,69.0,1,0,0.05012224707539717,0.47936572047395676,0
60,17.0,68.0,1,0,0.019814373010161316,0.47936572047395676,0
60,18.0,67.0,1,0,0.07405501130066641,0.47936572047395676,0
60,19.0,66.0,1,0,0.043630289724155606,0.47936572047395676,0
60,20.0,65.0,1,0,0.03577303193216494,0.47936572047395676,0
60,21.0,64.0,1,0,0.018878165168205455,0.47936572047395676,0
60,22.0,63.0,1,0,0.052509627484380005,0.47936572047395676,0
60,23.0,62.0,1,0,0.04344315776750563,0.47936572047395676,0
60,24.0,61.0,1,0,0.012384617656469784,0.47936572047395676,0
60,25.0,60.0,1,0,0.015510188189232913,0.47936572047395676,0
60,26.0,59.0,1,0,0.034195528220989174,0.47936572047395676,0
60,27.0,58.0,1,0,0.02778804410908156,0.47936572047395676,0
60,28.0,57.0,1,0,0.04140024591820114,0.47936572047395676,0
60,29.0,56.0,1,0,0.0885530741077149,0.47936572047395676,0
60,30.0,55.0,1,0,0.04624769839190801,0.47936572047395676,0
60,31.0,54.0,1,0,0.06411891688045931,0.47936572047395676,0
60,32.0,53.0,1,0,0.032531834863191104,0.47936572047395676,0
60,33.0,52.0,1,0,0.07456139436119981,0.47936572047395676,0
60,34.0,51.0,1,0,0.08931925364221795,0.47936572047395676,0
60,35.0,50.0,1,0,0.013862156320996456,0.47936572047395676,0
60,36.0,49.0,1,0,0.024331050726644432,0.47936572047395676,0
60,37.0,48.0,1,0,0.02687030051677493,0.47936572047395676,0
60,38.0,47.0,1,0,0.0012953728169609296,0.47936572047395676,0
60,39.0,46.0,1,0,0.03894738538123863,0.47936572047395676,0
60,40.0,45.0,1,0,0.14897137937664834,0.47936572047395676,0
60,41.0,44.0,1,0,0.07009313670253955,0.47936572047395676,0
60,42.0,43.0,1,0,0.045164515741388835,0.47936572047395676,0
60,43.0,42.0,1,0,0.07551420263904546,0.47936572047395676,0
60,44.0,41.0,1,0,0.008113397440359426,0.47936572047395676,0
60,45.0,40.0,1,0,0.07928891236943943,0.47936572047395676,0
60,46.0,39.0,1,0,0.06972439151892819,0.47936572047395676,0
60,47.0,38.0,1,0,0.011401528738660287,0.47936572047395676,0
60,48.0,37.0,1,0,0.03258268056751545,0.47936572047395676,0
60,49.0,36.0,1,0,0.05374899354160825,0.47936572047395676,0
60,50.0,35.0,1,0,0.02248527994128312,0.47936572047395676,0
60,51.0,34.0,1,0,0.10535349191528433,0.47936572047395676,0
60,52.0,33.0,1,0,0.06094492468779512,0.47936572047395676,0
60,53.0,32.0,1,0,0.06343702463256318,0.47936572047395676,0
60,54.0,31.0,1,0,0.11168000006600651,0.47936572047395676,0
60,55.0,30.0,1,0,0.08412803811807794,0.47936572047395676,0
60,56.0,29.0,1,0,0.11219887797614157,0.47936572047395676,0
60,57.0,28.0,1,0,0.11074595819270444,0.47936572047395676,0
60,58.0,27.0,1,0,0.058408394646816256,0.47936572047395676,0
60,59.0,26.0,1,0,0.05453861369968933,0.47936572047395676,0
60,60.0,25.0,1,0,0.2766337980035941,0.47936572047395676,0
60,61.0,24.0,1,0,0.10516987521826116,0.47936572047395676,0
60,62.0,23.0,1,0,0.18943670729433243,0.47936572047395676,0
60,63.0,22.0,1,0,0.1407988213269466,0.47936572047395676,0
60,64.0,21.0,1,0,0.15913865725037651,0.47936572047395676,0
60,65.0,20.0,1,1,0.16129855688196934,0.47936572047395676,0
60,66.0,19.0,1,1,0.35613582886867673,0.47936572047395676,0
60,67.0,18.0,1,1,0.14210988727985915,0.47936572047395676,0
60,68.0,17.0,1,1,0.4330939852420191,0.47936572047395676,0
60,69.0,16.0,1,1,0.09156034020690747,0.47936572047395676,0
60,70.0,15.0,1,1,0.0686284092568247,0.47936572047395676,0
60,71.0,14.0,1,1,0.4484037809954302,0.47936572047395676,0
60,72.0,13.0,1,1,0.620801224942435,0.47936572047395676,1
60,73.0,12.0,1,1,0.3119543197567887,0.47936572047395676,0
60,74.0,11.0,1,1,0.32985381654385737,0.47936572047395676,0
60,75.0,10.0,1,1,0.7231893499335974,0.47936572047395676,1
60,76.0,9.0,1,1,0.5480322293708869,0.47936572047395676,1
60,77.0,8.0,1,1,0.765009916359695,0.47936572047395676,1
60,78.0,7.0,1,1,0.9200663957248205,0.47936572047395676,1
60,79.0,6.0,1,1,0.938737751544314,0.47936572047395676,1
60,80.0,5.0,1,1,0.8543081282185437,0.47936572047395676,1
60,81.0,4.0,1,1,0.9462042379657432,0.47936572047395676,1
60,82.0,3.0,1,1,0.9644839880087649,0.47936572047395676,1
60,83.0,2.0,1,1,0.831873882600936,0.47936572047395676,1
60,84.0,1.0,1,1,0.9354778255756901,0.47936572047395676,1
60,85.0,0.0,1,1,0.8827276676253698,0.47936572047395676,1
61,1.0,73.0,2,0,0.13522615877476402,0.4622183788044668,0
61,2.0,72.0,2,0,0.32445828600741533,0.4622183788044668,0
61,3.0,71.0,2,0,0.11944922535358779,0.4622183788044668,0
61,4.0,70.0,2,0,0.14839217664309504,0.4622183788044668,0
61,5.0,69.0,2,0,0.1779800082443166,0.4622183788044668,0
61,6.0,68.0,2,0,0.12164740529890382,0.4622183788044668,0
61,7.0,67.0,2,0,0.16845179029617355,0.4622183788044668,0
61,8.0,66.0,2,0,0.15745970597742795,0.4622183788044668,0
61,9.0,65.0,2,0,0.12309825240265845,0.4622183788044668,0
61,10.0,64.0,2,0,0.23385810255001394,0.4622183788044668,0
61,11.0,63.0,2,0,0.19432780335589436,0.4622183788044668,0
61,12.0,62.0,2,0,0.1536331904750139,0.4622183788044668,0
61,13.0,61.0,2,0,0.28436731673683835,0.4622183788044668,0
61,14.0,60.0,2,0,0.16535524686276631,0.4622183788044668,0
61,15.0,59.0,2,0,0.19571233252456516,0.4622183788044668,0
61,16.0,58.0,2,0,0.30504619721205967,0.4622183788044668,0
61,17.0,57.0,2,0,0.13880475768807363,0.4622183788044668,0
61,18.0,56.0,2,0,0.12719544667464502,0.4622183788044668,0
61,19.0,55.0,2,0,0.18359589277836957,0.4622183788044668,0
61,20.0,54.0,2,0,0.21133153753417072,0.4622183788044668,0
61,21.0,53.0,2,0,0.22644245724317896,0.4622183788044668,0
61,22.0,52.0,2,0,0.11361013348407593,0.4622183788044668,0
61,23.0,51.0,2,0,0.13241770983874263,0.4622183788044668,0
61,24.0,50.0,2,0,0.28727501383763887,0.4622183788044668,0
61,25.0,49.0,2,0,0.20432619490954235,0.4622183788044668,0
61,26.0,48.0,2,0,0.1944101172749815,0.4622183788044668,0
61,27.0,47.0,2,0,0.1416123468322959,0.4622183788044668,0
61,28.0,46.0,2,0,0.24866820510119994,0.4622183788044668,0
61,29.0,45.0,2,0,0.13774385444709406,0.4622183788044668,0
61,30.0,44.0,2,0,0.20250100958276443,0.4622183788044668,0
61,31.0,43.0,2,0,0.2070877440739762,0.4622183788044668,0
61,32.0,42.0,2,0,0.19369740480934916,0.4622183788044668,0
61,33.0,41.0,2,0,0.23181039686870025,0.4622183788044668,0
61,34.0,40.0,2,0,0.21529151619372383,0.4622183788044668,0
61,35.0,39.0,2,0,0.2568770723264296,0.4622183788044668,0
61,36.0,38.0,2,0,0.13465284248029913,0.4622183788044668,0
61,37.0,37.0,2,0,0.12952138568591665,0.4622183788044668,0
61,38.0,36.0,2,0,0.21627780172432867,0.4622183788044668,0
61,39.0,35.0,2,0,0.18559321437682427,0.4622183788044668,0
61,40.0,34.0,2,0,0.1535561418670176,0.4622183788044668,0
61,41.0,33.0,2,0,0.4330097574078876,0.4622183788044668,0
61,42.0,32.0,2,0,0.33254176355024395,0.4622183788044668,0
61,43.0,31.0,2,0,0.23704422342585843,0.4622183788044668,0
61,44.0,30.0,2,0,0.2494520637804118,0.4622183788044668,0
61,45.0,29.0,2,0,0.315899145234771,0.4622183788044668,0
61,46.0,28.0,2,0,0.1721793719125363,0.4622183788044668,0
61,47.0,27.0,2,0,0.5718770927098247,0.4622183788044668,1
61,48.0,26.0,2,0,0.4145319928606995,0.4622183788044668,0
61,49.0,25.0,2,0,0.48072459768573966,0.4622183788044668,1
61,50.0,24.0,2,0,0.4003211625825987,0.4622183788044668,0
61,51.0,23.0,2,0,0.5123626401418127,0.4622183788044668,1
61,52.0,22.0,2,0,0.3664565882993735,0.4622183788044668,0
61,53.0,21.0,2,0,0.6189133134176563,0.4622183788044668,1
61,54.0,20.0,2,1,0.3845580915014328,0.4622183788044668,0
61,55.0,19.0,2,1,0.7087415104749804,0.4622183788044668,1
61,56.0,18.0,2,1,0.47043813587206906,0.4622183788044668,1
61,57.0,17.0,2,1,0.5033012783685489,0.4622183788044668,1
61,58.0,16.0,2,1,0.5799705913240024,0.4622183788044668,1
61,59.0,15.0,2,1,0.572850126857449,0.4622183788044668,1
61,60.0,14.0,2,1,0.6917384070775974,0.4622183788044668,1
61,61.0,13.0,2,1,0.5982378744545322,0.4622183788044668,1
61,62.0,12.0,2,1,0.580960348756746,0.4622183788044668,1
61,63.0,11.0,2,1,0.3898250667237984,0.4622183788044668,0
61,64.0,10.0,2,1,0.932256278393273,0.4622183788044668,1
61,65.0,9.0,2,1,0.7798846986033269,0.4622183788044668,1
61,66.0,8.0,2,1,0.7357853564160072,0.4622183788044668,1
61,67.0,7.0,2,1,0.9152080827744774,0.4622183788044668,1
61,68.0,6.0,2,1,0.8458523273519521,0.4622183788044668,1
61,69.0,5.0,2,1,0.9579121517846734,0.4622183788044668,1
61,70.0,4.0,2,1,0.9311277479653358,0.4622183788044668,1
61,71.0,3.0,2,1,0.9272542599481628,0.4622183788044668,1
61,72.0,2.0,2,1,0.8486322181971403,0.4622183788044668,1
61,73.0,1.0,2,1,0.8826091493947428,0.4622183788044668,1
61,74.0,0.0,2,1,0.9844587854083332,0.4622183788044668,1
62,1.0,77.0,1,0,0.21162923871677222,0.47936572047395676,0
62,2.0,76.0,1,0,0.2243555419151046,0.47936572047395676,0
62,3.0,75.0,1,0,0.08984293440652995,0.47936572047395676,0
62,4.0,74.0,1,0,0.22997442906999743,0.47936572047395676,0
62,5.0,73.0,1,0,0.15976420178370865,0.47936572047395676,0
62,6.0,72.0,1,0,0.13484988304455486,0.47936572047395676,0
62,7.0,71.0,1,0,0.16093457603550615,0.47936572047395676,0
62,8.0,70.0,1,0,0.21510556262118025,0.47936572047395676,0
62,9.0,69.0,1,0,0.16705975121606792,0.47936572047395676,0
62,10.0,68.0,1,0,0.16349979891394348,0.47936572047395676,0
62,11.0,67.0,1,0,0.20661384696398818,0.47936572047395676,0
62,12.0,66.0,1,0,0.16964931189237464,0.47936572047395676,0
62,13.0,65.0,1,0,0.26895479519890253,0.47936572047395676,0
62,14.0,64.0,1,0,0.20495838529830354,0.47936572047395676,0
62,15.0,63.0,1,0,0.1613671577861576,0.47936572047395676,0
62,16.0,62.0,1,0,0.25363616654589266,0.47936572047395676,0
62,17.0,61.0,1,0,0.1796502229213346,0.47936572047395676,0
62,18.0,60.0,1,0,0.16069614211401068,0.47936572047395676,0
62,19.0,59.0,1,0,0.1888880091504007,0.47936572047395676,0
62,20.0,58.0,1,0,0.22475960911648962,0.47936572047395676,0
62,21.0,57.0,1,0,0.03853213450872416,0.47936572047395676,0
62,22.0,56.0,1,0,0.2594331679965625,0.47936572047395676,0
62,23.0,55.0,1,0,0.146878664518099,0.47936572047395676,0
62,24.0,54.0,1,0,0.1134244089400568,0.47936572047395676,0
62,25.0,53.0,1,0,0.20852903454943747,0.47936572047395676,0
62,26.0,52.0,1,0,0.1114260249718853,0.47936572047395676,0
62,27.0,51.0,1,0,0.14611919952297858,0.47936572047395676,0
62,28.0,50.0,1,0,0.1846231096169853,0.47936572047395676,0
62,29.0,49.0,1,0,0.18803197252516696,0.47936572047395676,0
62,30.0,48.0,1,0,0.23018459024366858,0.47936572047395676,0
62,31.0,47.0,1,0,0.20135387892456977,0.47936572047395676,0
62,32.0,46.0,1,0,0.1428539610153123,0.47936572047395676,0
62,33.0,45.0,1,0,0.2160164421224201,0.47936572047395676,0
62,34.0,44.0,1,0,0.10869960927826211,0.47936572047395676,0
62,35.0,43.0,1,0,0.22549086171124252,0.47936572047395676,0
62,36.0,42.0,1,0,0.17376551137776772,0.47936572047395676,0
62,37.0,41.0,1,0,0.14348176144286487,0.47936572047395676,0
62,38.0,40.0,1,0,0.13569197787233225,0.47936572047395676,0
62,39.0,39.0,1,0,0.205926084474341,0.47936572047395676,0
62,40.0,38.0,1,0,0.18103393639504678,0.47936572047395676,0
62,41.0,37.0,1,0,0.1778392356339113,0.47936572047395676,0
62,42.0,36.0,1,0,0.19875134199754904,0.47936572047395676,0
62,43.0,35.0,1,0,0.18837466995947674,0.47936572047395676,0
62,44.0,34.0,1,0,0.11019675461932145,0.47936572047395676,0
62,45.0,33.0,1,0,0.15804917847484995,0.47936572047395676,0
62,46.0,32.0,1,0,0.19963134871131333,0.47936572047395676,0
62,47.0,31.0,1,0,0.31878101920900315,0.47936572047395676,0
62,48.0,30.0,1,0,0.2409967953206611,0.47936572047395676,0
62,49.0,29.0,1,0,0.20867916634228184,0.47936572047395676,0
62,50.0,28.0,1,0,0.2889546358240954,0.47936572047395676,0
62,51.0,27.0,1,0,0.400462385025782,0.47936572047395676,0
62,52.0,26.0,1,0,0.3118461028685214,0.47936572047395676,0
62,53.0,25.0,1,0,0.3173415762182417,0.47936572047395676,0
62,54.0,24.0,1,0,0.3595776376092402,0.47936572047395676,0
62,55.0,23.0,1,0,0.333327301880963,0.47936572047395676,0
62,56.0,22.0,1,0,0.34434458918771166,0.47936572047395676,0
62,57.0,21.0,1,0,0.48907750483269163,0.47936572047395676,1
62,58.0,20.0,1,1,0.5421590725841958,0.47936572047395676,1
62,59.0,19.0,1,1,0.38804105330971567,0.47936572047395676,0
62,60.0,18.0,1,1,0.37223423961120944,0.47936572047395676,0
62,61.0,17.0,1,1,0.3317682086318286,0.47936572047395676,0
62,62.0,16.0,1,1,0.4191812441745254,0.47936572047395676,0
62,63.0,15.0,1,1,0.6277541247047537,0.47936572047395676,1
62,64.0,14.0,1,1,0.5187047531693512,0.47936572047395676,1
62,65.0,13.0,1,1,0.42012854198678135,0.47936572047395676,0
62,66.0,12.0,1,1,0.8724228979569224,0.47936572047395676,1
62,67.0,11.0,1,1,0.682802987874848,0.47936572047395676,1
62,68.0,10.0,1,1,0.8619550345645768,0.47936572047395676,1
62,69.0,9.0,1,1,0.7392976541112171,0.47936572047395676,1
62,70.0,8.0,1,1,0.914654248096427,0.47936572047395676,1
62,71.0,7.0,1,1,0.7965928072941726,0.47936572047395676,1
62,72.0,6.0,1,1,0.7443377238968242,0.47936572047395676,1
62,73.0,5.0,1,1,0.9027682103689797,0.47936572047395676,1
62,74.0,4.0,1,1,0.9331628394996017,0.47936572047395676,1
62,75.0,3.0,1,1,0.9387249114998053,0.47936572047395676,1
62,76.0,2.0,1,1,0.964950358538833,0.47936572047395676,1
62,77.0,1.0,1,1,0.8961238584721684,0.47936572047395676,1
62,78.0,0.0,1,1,0.9671660284032064,0.47936572047395676,1
63,1.0,82.0,5,0,0.046426799797630036,0.45996237574761434,0
63,2.0,81.0,5,0,0.029288109586790685,0.45996237574761434,0
63,3.0,80.0,5,0,0.03291246707074592,0.45996237574761434,0
63,4.0,79.0,5,0,0.005469380404175274,0.45996237574761434,0
63,5.0,78.0,5,0,0.02245813401708376,0.45996237574761434,0
63,6.0,77.0,5,0,0.015725661497944368,0.45996237574761434,0
63,7.0,76.0,5,0,0.001746497676804468,0.45996237574761434,0
63,8.0,75.0,5,0,0.06303842744638682,0.45996237574761434,0
63,9.0,74.0,5,0,0.0014247057573919017,0.45996237574761434,0
63,10.0,73.0,5,0,0.008543088653937544,0.45996237574761434,0
63,11.0,72.0,5,0,0.018201358731431617,0.45996237574761434,0
63,12.0,71.0,5,0,0.007158219238139427,0.45996237574761434,0
63,13.0,70.0,5,0,0.04791632843411944,0.45996237574761434,0
63,14.0,69.0,5,0,0.03167791842796311,0.45996237574761434,0
63,15.0,68.0,5,0,0.010194551315702313,0.45996237574761434,0
63,16.0,67.0,5,0,0.0011003965880772304,0.45996237574761434,0
63,17.0,66.0,5,0,0.04979530799793248,0.45996237574761434,0
63,18.0,65.0,5,0,0.006021895301890464,0.45996237574761434,0
63,19.0,64.0,5,0,0.0026735653690197437,0.45996237574761434,0
63,20.0,63.0,5,0,0.031670264732562715,0.45996237574761434,0
63,21.0,62.0,5,0,0.0013944855355626138,0.45996237574761434,0
63,22.0,61.0,5,0,0.09170007717754702,0.45996237574761434,0
63,23.0,60.0,5,0,0.0029144572853615383,0.45996237574761434,0
63,24.0,59.0,5,0,0.025249457522534564,0.45996237574761434,0
63,25.0,58.0,5,0,0.0026735653690197437,0.45996237574761434,0
63,26.0,57.0,5,0,0.005720274097819148,0.45996237574761434,0
63,27.0,56.0,5,0,0.08885059945634545,0.45996237574761434,0
63,28.0,55.0,5,0,0.037726488591724845,0.45996237574761434,0
63,29.0,54.0,5,0,0.01760419938354328,0.45996237574761434,0
63,30.0,53.0,5,0,0.04137634464150501,0.45996237574761434,0
63,31.0,52.0,5,0,0.016600281650860412,0.45996237574761434,0
63,32.0,51.0,5,0,0.03138852650999826,0.45996237574761434,0
63,33.0,50.0,5,0,0.016600281650860412,0.45996237574761434,0
63,34.0,49.0,5,0,0.01893708179910692,0.45996237574761434,0
63,35.0,48.0,5,0,0.017481886970750746,0.45996237574761434,0
63,36.0,47.0,5,0,0.002294176300067642,0.45996237574761434,0
63,37.0,46.0,5,0,0.02210042273201645,0.45996237574761434,0
63,38.0,45.0,5,0,0.02241299002114906,0.45996237574761434,0
63,39.0,44.0,5,0,0.038434256719585905,0.45996237574761434,0
63,40.0,43.0,5,0,0.014553772410074845,0.45996237574761434,0
63,41.0,42.0,5,0,0.005714490971259742,0.45996237574761434,0
63,42.0,41.0,5,0,0.0012852745247487,0.45996237574761434,0
63,43.0,40.0,5,0,0.03380406145428903,0.45996237574761434,0
63,44.0,39.0,5,0,0.014499609935579793,0.45996237574761434,0
63,45.0,38.0,5,0,0.029729038889289842,0.45996237574761434,0
63,46.0,37.0,5,0,0.0157370216218963,0.45996237574761434,0
63,47.0,36.0,5,0,0.0714345313429428,0.45996237574761434,0
63,48.0,35.0,5,0,0.021154602771805076,0.45996237574761434,0
63,49.0,34.0,5,0,0.03273102361339299,0.45996237574761434,0
63,50.0,33.0,5,0,0.02720964891902214,0.45996237574761434,0
63,51.0,32.0,5,0,0.0650063837013185,0.45996237574761434,0
63,52.0,31.0,5,0,0.041209530821030044,0.45996237574761434,0
63,53.0,30.0,5,0,0.02644682864745845,0.45996237574761434,0
63,54.0,29.0,5,0,0.05898705031709809,0.45996237574761434,0
63,55.0,28.0,5,0,0.007804735442459908,0.45996237574761434,0
63,56.0,27.0,5,0,0.0334701871231111,0.45996237574761434,0
63,57.0,26.0,5,0,0.037843233062447815,0.45996237574761434,0
63,58.0,25.0,5,0,0.06667117008031591,0.45996237574761434,0
63,59.0,24.0,5,0,0.16654060575517401,0.45996237574761434,0
63,60.0,23.0,5,0,0.06901283339973452,0.45996237574761434,0
63,61.0,22.0,5,0,0.04021391194085841,0.45996237574761434,0
63,62.0,21.0,5,0,0.061011653396756356,0.45996237574761434,0
63,63.0,20.0,5,1,0.08881446265799972,0.45996237574761434,0
63,64.0,19.0,5,1,0.1914703304803322,0.45996237574761434,0
63,65.0,18.0,5,1,0.5547006872654655,0.45996237574761434,1
63,66.0,17.0,5,1,0.14191608330659297,0.45996237574761434,0
63,67.0,16.0,5,1,0.2801624188181164,0.45996237574761434,0
63,68.0,15.0,5,1,0.7948070007834404,0.45996237574761434,1
63,69.0,14.0,5,1,0.50253542153936,0.45996237574761434,1
63,70.0,13.0,5,1,0.7921185279821171,0.45996237574761434,1
63,71.0,12.0,5,1,0.7050091087108047,0.45996237574761434,1
63,72.0,11.0,5,1,0.5638145843434816,0.45996237574761434,1
63,73.0,10.0,5,1,0.6109562720984391,0.45996237574761434,1
63,74.0,9.0,5,1,0.783450439676075,0.45996237574761434,1
63,75.0,8.0,5,1,0.9628895490828346,0.45996237574761434,1
63,76.0,7.0,5,1,0.9216240933512058,0.45996237574761434,1
63,77.0,6.0,5,1,0.9315001506855766,0.45996237574761434,1
63,78.0,5.0,5,1,0.9848302393458378,0.45996237574761434,1
63,79.0,4.0,5,1,0.976640029127793,0.45996237574761434,1
63,80.0,3.0,5,1,0.9741386003955897,0.45996237574761434,1
63,81.0,2.0,5,1,0.9629956628157172,0.45996237574761434,1
63,82.0,1.0,5,1,0.9154516779002381,0.45996237574761434,1
63,83.0,0.0,5,1,0.9310138356745971,0.45996237574761434,1
64,1.0,95.0,4,0,0.2452188237830389,0.4736130371384783,0
64,2.0,94.0,4,0,0.14749699186900755,0.4736130371384783,0
64,3.0,93.0,4,0,0.21943660852052044,0.4736130371384783,0
64,4.0,92.0,4,0,0.3802053914442267,0.4736130371384783,0
64,5.0,91.0,4,0,0.3105824312683937,0.4736130371384783,0
64,6.0,90.0,4,0,0.16525962180457304,0.4736130371384783,0
64,7.0,89.0,4,0,0.10115135879505037,0.4736130371384783,0
64,8.0,88.0,4,0,0.27777913404291893,0.4736130371384783,0
64,9.0,87.0,4,0,0.2365257544810953,0.4736130371384783,0
64,10.0,86.0,4,0,0.2680359001463637,0.4736130371384783,0
64,11.0,85.0,4,0,0.2673775364878081,0.4736130371384783,0
64,12.0,84.0,4,0,0.2761933755267765,0.4736130371384783,0
64,13.0,83.0,4,0,0.20078088803953653,0.4736130371384783,0
64,14.0,82.0,4,0,0.26409759570449914,0.4736130371384783,0
64,15.0,81.0,4,0,0.15020951452659545,0.4736130371384783,0
64,16.0,80.0,4,0,0.20545412687760314,0.4736130371384783,0
64,17.0,79.0,4,0,0.25151677110119985,0.4736130371384783,0
64,18.0,78.0,4,0,0.3483128411575578,0.4736130371384783,0
64,19.0,77.0,4,0,0.4943132988451229,0.4736130371384783,1
64,20.0,76.0,4,0,0.2651504584281342,0.4736130371384783,0
64,21.0,75.0,4,0,0.21896312640328522,0.4736130371384783,0
64,22.0,74.0,4,0,0.20096698028839016,0.4736130371384783,0
64,23.0,73.0,4,0,0.15188663047367792,0.4736130371384783,0
64,24.0,72.0,4,0,0.3716210856293664,0.4736130371384783,0
64,25.0,71.0,4,0,0.2288841369041974,0.4736130371384783,0
64,26.0,70.0,4,0,0.14115430931580422,0.4736130371384783,0
64,27.0,69.0,4,0,0.16630827143184682,0.4736130371384783,0
64,28.0,68.0,4,0,0.1498078712316904,0.4736130371384783,0
64,29.0,67.0,4,0,0.28871521118954163,0.4736130371384783,0
64,30.0,66.0,4,0,0.168975869148029,0.4736130371384783,0
64,31.0,65.0,4,0,0.2964458048966501,0.4736130371384783,0
64,32.0,64.0,4,0,0.13746119036429433,0.4736130371384783,0
64,33.0,63.0,4,0,0.14637606924785715,0.4736130371384783,0
64,34.0,62.0,4,0,0.30354649954249446,0.4736130371384783,0
64,35.0,61.0,4,0,0.23338488463035748,0.4736130371384783,0
64,36.0,60.0,4,0,0.335447159081292,0.4736130371384783,0
64,37.0,59.0,4,0,0.16188597104417898,0.4736130371384783,0
64,38.0,58.0,4,0,0.34603133059052643,0.4736130371384783,0
64,39.0,57.0,4,0,0.24203470821566997,0.4736130371384783,0
64,40.0,56.0,4,0,0.21083502076971664,0.4736130371384783,0
64,41.0,55.0,4,0,0.22533466301829158,0.4736130371384783,0
64,42.0,54.0,4,0,0.142027154555604,0.4736130371384783,0
64,43.0,53.0,4,0,0.2896835045611034,0.4736130371384783,0
64,44.0,52.0,4,0,0.1395859381559899,0.4736130371384783,0
64,45.0,51.0,4,0,0.11380680706994598,0.4736130371384783,0
64,46.0,50.0,4,0,0.29223375259189166,0.4736130371384783,0
64,47.0,49.0,4,0,0.2940726843710764,0.4736130371384783,0
64,48.0,48.0,4,0,0.20738337271840968,0.4736130371384783,0
64,49.0,47.0,4,0,0.3848796172035561,0.4736130371384783,0
64,50.0,46.0,4,0,0.24719902193469268,0.4736130371384783,0
64,51.0,45.0,4,0,0.299942625133064,0.4736130371384783,0
64,52.0,44.0,4,0,0.30751648287870664,0.4736130371384783,0
64,53.0,43.0,4,0,0.37994494263196066,0.4736130371384783,0
64,54.0,42.0,4,0,0.3019923479988435,0.4736130371384783,0
64,55.0,41.0,4,0,0.2893718626577917,0.4736130371384783,0
64,56.0,40.0,4,0,0.3446784716525949,0.4736130371384783,0
64,57.0,39.0,4,0,0.28127509871021306,0.4736130371384783,0
64,58.0,38.0,4,0,0.24519840978425614,0.4736130371384783,0
64,59.0,37.0,4,0,0.3302912560170273,0.4736130371384783,0
64,60.0,36.0,4,0,0.32847739196243647,0.4736130371384783,0
64,61.0,35.0,4,0,0.43365005976353066,0.4736130371384783,0
64,62.0,34.0,4,0,0.4035770058543003,0.4736130371384783,0
64,63.0,33.0,4,0,0.3996423798666701,0.4736130371384783,0
64,64.0,32.0,4,0,0.19550509652205258,0.4736130371384783,0
64,65.0,31.0,4,0,0.4030455695775469,0.4736130371384783,0
64,66.0,30.0,4,0,0.4062304656627616,0.4736130371384783,0
64,67.0,29.0,4,0,0.5064184097955087,0.4736130371384783,1
64,68.0,28.0,4,0,0.5249632491118345,0.4736130371384783,1
64,69.0,27.0,4,0,0.5166915263278602,0.4736130371384783,1
64,70.0,26.0,4,0,0.31799941895875683,0.4736130371384783,0
64,71.0,25.0,4,0,0.8853810742358036,0.4736130371384783,1
64,72.0,24.0,4,0,0.31037020009248023,0.4736130371384783,0
64,73.0,23.0,4,0,0.4507514800669585,0.4736130371384783,0
64,74.0,22.0,4,0,0.8512870936327165,0.4736130371384783,1
64,75.0,21.0,4,0,0.5195717960007735,0.4736130371384783,1
64,76.0,20.0,4,1,0.8607779382523737,0.4736130371384783,1
64,77.0,19.0,4,1,0.8797241793311682,0.4736130371384783,1
64,78.0,18.0,4,1,0.6463939276401335,0.4736130371384783,1
64,79.0,17.0,4,1,0.5832847376547359,0.4736130371384783,1
64,80.0,16.0,4,1,0.9051429843876935,0.4736130371384783,1
64,81.0,15.0,4,1,0.896819061767697,0.4736130371384783,1
64,82.0,14.0,4,1,0.9081051742848536,0.4736130371384783,1
64,83.0,13.0,4,1,0.9631271399790656,0.4736130371384783,1
64,84.0,12.0,4,1,0.529795183337153,0.4736130371384783,1
64,85.0,11.0,4,1,0.9249936402997408,0.4736130371384783,1
64,86.0,10.0,4,1,0.7957855364808818,0.4736130371384783,1
64,87.0,9.0,4,1,0.9492767269665183,0.4736130371384783,1
64,88.0,8.0,4,1,0.846904615046478,0.4736130371384783,1
64,89.0,7.0,4,1,0.6541185715344494,0.4736130371384783,1
64,90.0,6.0,4,1,0.7865409773001334,0.4736130371384783,1
64,91.0,5.0,4,1,0.7863883722153164,0.4736130371384783,1
64,92.0,4.0,4,1,0.673294310220893,0.4736130371384783,1
64,93.0,3.0,4,1,0.9024626362373489,0.4736130371384783,1
64,94.0,2.0,4,1,0.6536020853300062,0.4736130371384783,1
64,95.0,1.0,4,1,0.9739916140002086,0.4736130371384783,1
64,96.0,0.0,4,1,0.9684988281406535,0.4736130371384783,1
65,1.0,86.0,4,0,0.061938558170933404,0.4736130371384783,0
65,2.0,85.0,4,0,0.04075679095380917,0.4736130371384783,0
65,3.0,84.0,4,0,0.017432577788667563,0.4736130371384783,0
65,4.0,83.0,4,0,0.012430926525985353,0.4736130371384783,0
65,5.0,82.0,4,0,0.017064293278727292,0.4736130371384783,0
65,6.0,81.0,4,0,0.005125948737216769,0.4736130371384783,0
65,7.0,80.0,4,0,0.06523634101280731,0.4736130371384783,0
65,8.0,79.0,4,0,0.050720663119756954,0.4736130371384783,0
65,9.0,78.0,4,0,0.046273451652322835,0.4736130371384783,0
65,10.0,77.0,4,0,0.018012876573691827,0.4736130371384783,0
65,11.0,76.0,4,0,0.014206165014455709,0.4736130371384783,0
65,12.0,75.0,4,0,0.027346539493244913,0.4736130371384783,0
65,13.0,74.0,4,0,0.023031749650223227,0.4736130371384783,0
65,14.0,73.0,4,0,0.05987890786646706,0.4736130371384783,0
65,15.0,72.0,4,0,0.054411014456494836,0.4736130371384783,0
65,16.0,71.0,4,0,0.028597235238110613,0.4736130371384783,0
65,17.0,70.0,4,0,0.004796725420363221,0.4736130371384783,0
65,18.0,69.0,4,0,0.004152286255837515,0.4736130371384783,0
65,19.0,68.0,4,0,0.07503246830625361,0.4736130371384783,0
65,20.0,67.0,4,0,0.18629249122064462,0.4736130371384783,0
65,21.0,66.0,4,0,0.09953497875282481,0.4736130371384783,0
65,22.0,65.0,4,0,0.06532518323548792,0.4736130371384783,0
65,23.0,64.0,4,0,0.04334501343802266,0.4736130371384783,0
65,24.0,63.0,4,0,0.05242863391956867,0.4736130371384783,0
65,25.0,62.0,4,0,0.011856024853162908,0.4736130371384783,0
65,26.0,61.0,4,0,0.03401602542761873,0.4736130371384783,0
65,27.0,60.0,4,0,0.10739416132894472,0.4736130371384783,0
65,28.0,59.0,4,0,0.10740392299209091,0.4736130371384783,0
65,29.0,58.0,4,0,0.0032643105521843593,0.4736130371384783,0
65,30.0,57.0,4,0,0.07574332325248033,0.4736130371384783,0
65,31.0,56.0,4,0,0.019378581298739192,0.4736130371384783,0
65,32.0,55.0,4,0,0.09430768136851544,0.4736130371384783,0
65,33.0,54.0,4,0,0.004219254756776488,0.4736130371384783,0
65,34.0,53.0,4,0,0.027302661583242564,0.4736130371384783,0
65,35.0,52.0,4,0,0.01715245177073831,0.4736130371384783,0
65,36.0,51.0,4,0,0.014677654808837388,0.4736130371384783,0
65,37.0,50.0,4,0,0.036207221759781284,0.4736130371384783,0
65,38.0,49.0,4,0,0.06696444108702063,0.4736130371384783,0
65,39.0,48.0,4,0,0.11398889827197559,0.4736130371384783,0
65,40.0,47.0,4,0,0.0292371274160605,0.4736130371384783,0
65,41.0,46.0,4,0,0.023369016100760545,0.4736130371384783,0
65,42.0,45.0,4,0,0.0419305103419317,0.4736130371384783,0
65,43.0,44.0,4,0,0.027751676899066893,0.4736130371384783,0
65,44.0,43.0,4,0,0.04995917612052013,0.4736130371384783,0
65,45.0,42.0,4,0,0.04954367375287174,0.4736130371384783,0
65,46.0,41.0,4,0,0.08151327579053473,0.4736130371384783,0
65,47.0,40.0,4,0,0.05300063835343028,0.4736130371384783,0
65,48.0,39.0,4,0,0.08657564169477,0.4736130371384783,0
65,49.0,38.0,4,0,0.07118680154466195,0.4736130371384783,0
65,50.0,37.0,4,0,0.038997953230832966,0.4736130371384783,0
65,51.0,36.0,4,0,0.03068196440069819,0.4736130371384783,0
65,52.0,35.0,4,0,0.08746344442955552,0.4736130371384783,0
65,53.0,34.0,4,0,0.04662196971798157,0.4736130371384783,0
65,54.0,33.0,4,0,0.08009702439727766,0.4736130371384783,0
65,55.0,32.0,4,0,0.06245687840413204,0.4736130371384783,0
65,56.0,31.0,4,0,0.03866803108755227,0.4736130371384783,0
65,57.0,30.0,4,0,0.03480166368772808,0.4736130371384783,0
65,58.0,29.0,4,0,0.04427709511537615,0.4736130371384783,0
65,59.0,28.0,4,0,0.12208325664589618,0.4736130371384783,0
65,60.0,27.0,4,0,0.08337740724144958,0.4736130371384783,0
65,61.0,26.0,4,0,0.091052410172879,0.4736130371384783,0
65,62.0,25.0,4,0,0.30559144109396175,0.4736130371384783,0
65,63.0,24.0,4,0,0.15540808923683386,0.4736130371384783,0
65,64.0,23.0,4,0,0.18659670556629798,0.4736130371384783,0
65,65.0,22.0,4,0,0.3903090291026576,0.4736130371384783,0
65,66.0,21.0,4,0,0.48084090728113016,0.4736130371384783,1
65,67.0,20.0,4,1,0.5097647021658108,0.4736130371384783,1
65,68.0,19.0,4,1,0.5892816169621399,0.4736130371384783,1
65,69.0,18.0,4,1,0.269064106058204,0.4736130371384783,0
65,70.0,17.0,4,1,0.3050868787945889,0.4736130371384783,0
65,71.0,16.0,4,1,0.6931813766984908,0.4736130371384783,1
65,72.0,15.0,4,1,0.7472705088540383,0.4736130371384783,1
65,73.0,14.0,4,1,0.7695894742030418,0.4736130371384783,1
65,74.0,13.0,4,1,0.6047135831657884,0.4736130371384783,1
65,75.0,12.0,4,1,0.9725988142306841,0.4736130371384783,1
65,76.0,11.0,4,1,0.8146445291763738,0.4736130371384783,1
65,77.0,10.0,4,1,0.9336695940629935,0.4736130371384783,1
65,78.0,9.0,4,1,0.4726300998671881,0.4736130371384783,0
65,79.0,8.0,4,1,0.6878575416913787,0.4736130371384783,1
65,80.0,7.0,4,1,0.9385269096848575,0.4736130371384783,1
65,81.0,6.0,4,1,0.9020349886798185,0.4736130371384783,1
65,82.0,5.0,4,1,0.9709267940117826,0.4736130371384783,1
65,83.0,4.0,4,1,0.9226217265010781,0.4736130371384783,1
65,84.0,3.0,4,1,0.6058450793971737,0.4736130371384783,1
65,85.0,2.0,4,1,0.9319089843628463,0.4736130371384783,1
65,86.0,1.0,4,1,0.98478116799683,0.4736130371384783,1
65,87.0,0.0,4,1,0.9947915462321543,0.4736130371384783,1
66,1.0,71.0,4,0,0.07583942829967397,0.4736130371384783,0
66,2.0,70.0,4,0,0.15093266717731704,0.4736130371384783,0
66,3.0,69.0,4,0,0.024587951680101684,0.4736130371384783,0
66,4.0,68.0,4,0,0.010952153663126548,0.4736130371384783,0
66,5.0,67.0,4,0,0.11776232072031023,0.4736130371384783,0
66,6.0,66.0,4,0,0.032194284432317866,0.4736130371384783,0
66,7.0,65.0,4,0,0.06407286300563292,0.4736130371384783,0
66,8.0,64.0,4,0,0.07417040023931291,0.4736130371384783,0
66,9.0,63.0,4,0,0.11341991701359208,0.4736130371384783,0
66,10.0,62.0,4,0,0.38548380995079184,0.4736130371384783,0
66,11.0,61.0,4,0,0.06643084939941098,0.4736130371384783,0
66,12.0,60.0,4,0,0.13485381989785528,0.4736130371384783,0
66,13.0,59.0,4,0,0.05878602664930742,0.4736130371384783,0
66,14.0,58.0,4,0,0.05912303299516057,0.4736130371384783,0
66,15.0,57.0,4,0,0.029819048603281096,0.4736130371384783,0
66,16.0,56.0,4,0,0.3995862678783443,0.4736130371384783,0
66,17.0,55.0,4,0,0.13248462536385955,0.4736130371384783,0
66,18.0,54.0,4,0,0.08701507689721887,0.4736130371384783,0
66,19.0,53.0,4,0,0.06933233536330526,0.4736130371384783,0
66,20.0,52.0,4,0,0.08222596454971275,0.4736130371384783,0
66,21.0,51.0,4,0,0.1200118214191086,0.4736130371384783,0
66,22.0,50.0,4,0,0.14122477933774452,0.4736130371384783,0
66,23.0,49.0,4,0,0.03458405578682332,0.4736130371384783,0
66,24.0,48.0,4,0,0.24070511452179597,0.4736130371384783,0
66,25.0,47.0,4,0,0.02598236318756039,0.4736130371384783,0
66,26.0,46.0,4,0,0.11567489273650008,0.4736130371384783,0
66,27.0,45.0,4,0,0.33586219849687965,0.4736130371384783,0
66,28.0,44.0,4,0,0.015266234326949972,0.4736130371384783,0
66,29.0,43.0,4,0,0.02149351320672677,0.4736130371384783,0
66,30.0,42.0,4,0,0.15825788404316557,0.4736130371384783,0
66,31.0,41.0,4,0,0.19358166008141287,0.4736130371384783,0
66,32.0,40.0,4,0,0.06712081153038013,0.4736130371384783,0
66,33.0,39.0,4,0,0.03332793488385032,0.4736130371384783,0
66,34.0,38.0,4,0,0.0822377672405872,0.4736130371384783,0
66,35.0,37.0,4,0,0.3247434156966282,0.4736130371384783,0
66,36.0,36.0,4,0,0.13381081634175523,0.4736130371384783,0
66,37.0,35.0,4,0,0.053366401043773125,0.4736130371384783,0
66,38.0,34.0,4,0,0.08038176231024517,0.4736130371384783,0
66,39.0,33.0,4,0,0.2599125238551951,0.4736130371384783,0
66,40.0,32.0,4,0,0.16272669312571214,0.4736130371384783,0
66,41.0,31.0,4,0,0.30192108300876397,0.4736130371384783,0
66,42.0,30.0,4,0,0.23446856618200773,0.4736130371384783,0
66,43.0,29.0,4,0,0.10199252870699214,0.4736130371384783,0
66,44.0,28.0,4,0,0.20914200444745795,0.4736130371384783,0
66,45.0,27.0,4,0,0.17923899057598267,0.4736130371384783,0
66,46.0,26.0,4,0,0.43416737164088953,0.4736130371384783,0
66,47.0,25.0,4,0,0.072928957461791,0.4736130371384783,0
66,48.0,24.0,4,0,0.10587043150310776,0.4736130371384783,0
66,49.0,23.0,4,0,0.0444202786749165,0.4736130371384783,0
66,50.0,22.0,4,0,0.5034432149791254,0.4736130371384783,1
66,51.0,21.0,4,0,0.40717580756403754,0.4736130371384783,0
66,52.0,20.0,4,1,0.3633443912064565,0.4736130371384783,0
66,53.0,19.0,4,1,0.44364017733559163,0.4736130371384783,0
66,54.0,18.0,4,1,0.6929444982765629,0.4736130371384783,1
66,55.0,17.0,4,1,0.2802191803848026,0.4736130371384783,0
66,56.0,16.0,4,1,0.6680582615719287,0.4736130371384783,1
66,57.0,15.0,4,1,0.7755125371750967,0.4736130371384783,1
66,58.0,14.0,4,1,0.7794276103544396,0.4736130371384783,1
66,59.0,13.0,4,1,0.6072671159507138,0.4736130371384783,1
66,60.0,12.0,4,1,0.7566549903942577,0.4736130371384783,1
66,61.0,11.0,4,1,0.7488606813773464,0.4736130371384783,1
66,62.0,10.0,4,1,0.7231570644120996,0.4736130371384783,1
66,63.0,9.0,4,1,0.7291705094079695,0.4736130371384783,1
66,64.0,8.0,4,1,0.8843564001429306,0.4736130371384783,1
66,65.0,7.0,4,1,0.5545331255340725,0.4736130371384783,1
66,66.0,6.0,4,1,0.7612100956780044,0.4736130371384783,1
66,67.0,5.0,4,1,0.9315142821790996,0.4736130371384783,1
66,68.0,4.0,4,1,0.7323297181128793,0.4736130371384783,1
66,69.0,3.0,4,1,0.7355066253981044,0.4736130371384783,1
66,70.0,2.0,4,1,0.9559477140877519,0.4736130371384783,1
66,71.0,1.0,4,1,0.9865072185704569,0.4736130371384783,1
66,72.0,0.0,4,1,0.973687903080542,0.4736130371384783,1
67,1.0,50.0,1,0,0.2922671286630843,0.47936572047395676,0
67,2.0,49.0,1,0,0.263641804713293,0.47936572047395676,0
67,3.0,48.0,1,0,0.17241914710419956,0.47936572047395676,0
67,4.0,47.0,1,0,0.28952166725190986,0.47936572047395676,0
67,5.0,46.0,1,0,0.2157993528043352,0.47936572047395676,0
67,6.0,45.0,1,0,0.14086581269526746,0.47936572047395676,0
67,7.0,44.0,1,0,0.10305671808459103,0.47936572047395676,0
67,8.0,43.0,1,0,0.22765055234600234,0.47936572047395676,0
67,9.0,42.0,1,0,0.16548640184553223,0.47936572047395676,0
67,10.0,41.0,1,0,0.1760730226512862,0.47936572047395676,0
67,11.0,40.0,1,0,0.23908324054456093,0.47936572047395676,0
67,12.0,39.0,1,0,0.20906339206411126,0.47936572047395676,0
67,13.0,38.0,1,0,0.2939856735334849,0.47936572047395676,0
67,14.0,37.0,1,0,0.3842670875539749,0.47936572047395676,0
67,15.0,36.0,1,0,0.24088139142759374,0.47936572047395676,0
67,16.0,35.0,1,0,0.26359404280850723,0.47936572047395676,0
67,17.0,34.0,1,0,0.3143709622151975,0.47936572047395676,0
67,18.0,33.0,1,0,0.3220516180215575,0.47936572047395676,0
67,19.0,32.0,1,0,0.17383347909386154,0.47936572047395676,0
67,20.0,31.0,1,0,0.2238499569496281,0.47936572047395676,0
67,21.0,30.0,1,0,0.2483912373569072,0.47936572047395676,0
67,22.0,29.0,1,0,0.4297043432053018,0.47936572047395676,0
67,23.0,28.0,1,0,0.36069905285637516,0.47936572047395676,0
67,24.0,27.0,1,0,0.3198878659911756,0.47936572047395676,0
67,25.0,26.0,1,0,0.32950791918710887,0.47936572047395676,0
67,26.0,25.0,1,0,0.24576638266364928,0.47936572047395676,0
67,27.0,24.0,1,0,0.2092915785416837,0.47936572047395676,0
67,28.0,23.0,1,0,0.35848184364605273,0.47936572047395676,0
67,29.0,22.0,1,0,0.36424478820725986,0.47936572047395676,0
67,30.0,21.0,1,0,0.3417234531015423,0.47936572047395676,0
67,31.0,20.0,1,1,0.44195532394594284,0.47936572047395676,0
67,32.0,19.0,1,1,0.4843372387694012,0.47936572047395676,1
67,33.0,18.0,1,1,0.5426476103640695,0.47936572047395676,1
67,34.0,17.0,1,1,0.509872463810321,0.47936572047395676,1
67,35.0,16.0,1,1,0.5353934183281115,0.47936572047395676,1
67,36.0,15.0,1,1,0.5386068224145912,0.47936572047395676,1
67,37.0,14.0,1,1,0.6232094545155334,0.47936572047395676,1
67,38.0,13.0,1,1,0.7398939342428719,0.47936572047395676,1
67,39.0,12.0,1,1,0.5112013525620916,0.47936572047395676,1
67,40.0,11.0,1,1,0.521708083769422,0.47936572047395676,1
67,41.0,10.0,1,1,0.840960934912292,0.47936572047395676,1
67,42.0,9.0,1,1,0.6748110210751608,0.47936572047395676,1
67,43.0,8.0,1,1,0.7089799924762468,0.47936572047395676,1
67,44.0,7.0,1,1,0.49893113817287493,0.47936572047395676,1
67,45.0,6.0,1,1,0.8431544476340365,0.47936572047395676,1
67,46.0,5.0,1,1,0.9378672213732792,0.47936572047395676,1
67,47.0,4.0,1,1,0.920057929827178,0.47936572047395676,1
67,48.0,3.0,1,1,0.8292509964289128,0.47936572047395676,1
67,49.0,2.0,1,1,0.9129987909568585,0.47936572047395676,1
67,50.0,1.0,1,1,0.976798200478951,0.47936572047395676,1
67,51.0,0.0,1,1,0.8803780008147409,0.47936572047395676,1
68,1.0,74.0,1,0,0.04536618007284341,0.47936572047395676,0
68,2.0,73.0,1,0,0.038964807975061334,0.47936572047395676,0
68,3.0,72.0,1,0,0.04120421001431897,0.47936572047395676,0
68,4.0,71.0,1,0,0.008639187917921216,0.47936572047395676,0
68,5.0,70.0,1,0,0.01749627394200189,0.47936572047395676,0
68,6.0,69.0,1,0,0.013817764781406222,0.47936572047395676,0
68,7.0,68.0,1,0,0.13368733378099718,0.47936572047395676,0
68,8.0,67.0,1,0,0.10088917468845905,0.47936572047395676,0
68,9.0,66.0,1,0,0.05072356230485442,0.47936572047395676,0
68,10.0,65.0,1,0,0.08852320425267382,0.47936572047395676,0
68,11.0,64.0,1,0,0.03469101939499829,0.47936572047395676,0
68,12.0,63.0,1,0,0.05875918677290622,0.47936572047395676,0
68,13.0,62.0,1,0,0.08147950585858463,0.47936572047395676,0
68,14.0,61.0,1,0,0.06451660934368808,0.47936572047395676,0
68,15.0,60.0,1,0,0.017018134779949373,0.47936572047395676,0
68,16.0,59.0,1,0,0.004824710409620273,0.47936572047395676,0
68,17.0,58.0,1,0,0.05417474083522395,0.47936572047395676,0
68,18.0,57.0,1,0,0.09749707397316532,0.47936572047395676,0
68,19.0,56.0,1,0,0.12605537193367736,0.47936572047395676,0
68,20.0,55.0,1,0,0.08846458791147953,0.47936572047395676,0
68,21.0,54.0,1,0,0.07379993724075885,0.47936572047395676,0
68,22.0,53.0,1,0,0.05201092114059502,0.47936572047395676,0
68,23.0,52.0,1,0,0.06349301748174672,0.47936572047395676,0
68,24.0,51.0,1,0,0.030983553416280767,0.47936572047395676,0
68,25.0,50.0,1,0,0.03861757848520212,0.47936572047395676,0
68,26.0,49.0,1,0,0.08533992881939728,0.47936572047395676,0
68,27.0,48.0,1,0,0.015556655347062597,0.47936572047395676,0
68,28.0,47.0,1,0,0.12305071370452937,0.47936572047395676,0
68,29.0,46.0,1,0,0.14775481787516742,0.47936572047395676,0
68,30.0,45.0,1,0,0.16055947067949308,0.47936572047395676,0
68,31.0,44.0,1,0,0.10080884427869495,0.47936572047395676,0
68,32.0,43.0,1,0,0.17472237765914242,0.47936572047395676,0
68,33.0,42.0,1,0,0.07653060906297966,0.47936572047395676,0
68,34.0,41.0,1,0,0.060185071996967,0.47936572047395676,0
68,35.0,40.0,1,0,0.02542949520945131,0.47936572047395676,0
68,36.0,39.0,1,0,0.007967130708194678,0.47936572047395676,0
68,37.0,38.0,1,0,0.07352752505778747,0.47936572047395676,0
68,38.0,37.0,1,0,0.05147054623741736,0.47936572047395676,0
68,39.0,36.0,1,0,0.0635952122965749,0.47936572047395676,0
68,40.0,35.0,1,0,0.04964017500368084,0.47936572047395676,0
68,41.0,34.0,1,0,0.4376996807942501,0.47936572047395676,0
68,42.0,33.0,1,0,0.0632096518369969,0.47936572047395676,0
68,43.0,32.0,1,0,0.20797432756144638,0.47936572047395676,0
68,44.0,31.0,1,0,0.11173719709937892,0.47936572047395676,0
68,45.0,30.0,1,0,0.08593423190580342,0.47936572047395676,0
68,46.0,29.0,1,0,0.09251511005958749,0.47936572047395676,0
68,47.0,28.0,1,0,0.3432077043313149,0.47936572047395676,0
68,48.0,27.0,1,0,0.06205423715511173,0.47936572047395676,0
68,49.0,26.0,1,0,0.24049918363273842,0.47936572047395676,0
68,50.0,25.0,1,0,0.2065069076598719,0.47936572047395676,0
68,51.0,24.0,1,0,0.2403493083726973,0.47936572047395676,0
68,52.0,23.0,1,0,0.5528187897928691,0.47936572047395676,1
68,53.0,22.0,1,0,0.3832617552915924,0.47936572047395676,0
68,54.0,21.0,1,0,0.17663877577069398,0.47936572047395676,0
68,55.0,20.0,1,1,0.442722762116755,0.47936572047395676,0
68,56.0,19.0,1,1,0.36485020026328024,0.47936572047395676,0
68,57.0,18.0,1,1,0.7990926102455422,0.47936572047395676,1
68,58.0,17.0,1,1,0.405520313010896,0.47936572047395676,0
68,59.0,16.0,1,1,0.6833364489918875,0.47936572047395676,1
68,60.0,15.0,1,1,0.6523920690488527,0.47936572047395676,1
68,61.0,14.0,1,1,0.7431644890280539,0.47936572047395676,1
68,62.0,13.0,1,1,0.8423601240773405,0.47936572047395676,1
68,63.0,12.0,1,1,0.8877026962197857,0.47936572047395676,1
68,64.0,11.0,1,1,0.9641723999014407,0.47936572047395676,1
68,65.0,10.0,1,1,0.9163721411894215,0.47936572047395676,1
68,66.0,9.0,1,1,0.8975544273445389,0.47936572047395676,1
68,67.0,8.0,1,1,0.9757591956836718,0.47936572047395676,1
68,68.0,7.0,1,1,0.9462770264534931,0.47936572047395676,1
68,69.0,6.0,1,1,0.9257556549132981,0.47936572047395676,1
68,70.0,5.0,1,1,0.9608915185258732,0.47936572047395676,1
68,71.0,4.0,1,1,0.9625208430431413,0.47936572047395676,1
68,72.0,3.0,1,1,0.9861162584684317,0.47936572047395676,1
68,73.0,2.0,1,1,0.9738815090055524,0.47936572047395676,1
68,74.0,1.0,1,1,0.9210377627210545,0.47936572047395676,1
68,75.0,0.0,1,1,0.9665906020475453,0.47936572047395676,1
69,1.0,70.0,3,0,0.16194729899110952,0.4720856588877864,0
69,2.0,69.0,3,0,0.2608123123922615,0.4720856588877864,0
69,3.0,68.0,3,0,0.1325831910260607,0.4720856588877864,0
69,4.0,67.0,3,0,0.18910555654000055,0.4720856588877864,0
69,5.0,66.0,3,0,0.0884399536682365,0.4720856588877864,0
69,6.0,65.0,3,0,0.30868718810524487,0.4720856588877864,0
69,7.0,64.0,3,0,0.2296941682010052,0.4720856588877864,0
69,8.0,63.0,3,0,0.21961899240178467,0.4720856588877864,0
69,9.0,62.0,3,0,0.1252534838386193,0.4720856588877864,0
69,10.0,61.0,3,0,0.2849524357676084,0.4720856588877864,0
69,11.0,60.0,3,0,0.24507842387999146,0.4720856588877864,0
69,12.0,59.0,3,0,0.18333399643941772,0.4720856588877864,0
69,13.0,58.0,3,0,0.1621999198928232,0.4720856588877864,0
69,14.0,57.0,3,0,0.2213945430462717,0.4720856588877864,0
69,15.0,56.0,3,0,0.1490253889299357,0.4720856588877864,0
69,16.0,55.0,3,0,0.24292775501627384,0.4720856588877864,0
69,17.0,54.0,3,0,0.3090687152320719,0.4720856588877864,0
69,18.0,53.0,3,0,0.34937089250864367,0.4720856588877864,0
69,19.0,52.0,3,0,0.15702858178553086,0.4720856588877864,0
69,20.0,51.0,3,0,0.26451307094208976,0.4720856588877864,0
69,21.0,50.0,3,0,0.3037004980440551,0.4720856588877864,0
69,22.0,49.0,3,0,0.21746415367908753,0.4720856588877864,0
69,23.0,48.0,3,0,0.17203714727421882,0.4720856588877864,0
69,24.0,47.0,3,0,0.4376957374664154,0.4720856588877864,0
69,25.0,46.0,3,0,0.26279201077816644,0.4720856588877864,0
69,26.0,45.0,3,0,0.3844454225104615,0.4720856588877864,0
69,27.0,44.0,3,0,0.19932134481743502,0.4720856588877864,0
69,28.0,43.0,3,0,0.15024978263749328,0.4720856588877864,0
69,29.0,42.0,3,0,0.357657277079984,0.4720856588877864,0
69,30.0,41.0,3,0,0.2656451866370483,0.4720856588877864,0
69,31.0,40.0,3,0,0.3645312779333432,0.4720856588877864,0
69,32.0,39.0,3,0,0.15667643275118465,0.4720856588877864,0
69,33.0,38.0,3,0,0.17634368275135068,0.4720856588877864,0
69,34.0,37.0,3,0,0.34260672527893243,0.4720856588877864,0
69,35.0,36.0,3,0,0.47189147387269686,0.4720856588877864,0
69,36.0,35.0,3,0,0.475529034937277,0.4720856588877864,1
69,37.0,34.0,3,0,0.12396628871659734,0.4720856588877864,0
69,38.0,33.0,3,0,0.32364161342029796,0.4720856588877864,0
69,39.0,32.0,3,0,0.5411595475532871,0.4720856588877864,1
69,40.0,31.0,3,0,0.289504575018856,0.4720856588877864,0
69,41.0,30.0,3,0,0.39162434573784927,0.4720856588877864,0
69,42.0,29.0,3,0,0.5019612785836076,0.4720856588877864,1
69,43.0,28.0,3,0,0.25928025469337884,0.4720856588877864,0
69,44.0,27.0,3,0,0.5105966006233511,0.4720856588877864,1
69,45.0,26.0,3,0,0.5168924291217257,0.4720856588877864,1
69,46.0,25.0,3,0,0.2577467853081369,0.4720856588877864,0
69,47.0,24.0,3,0,0.5750817000760272,0.4720856588877864,1
69,48.0,23.0,3,0,0.5095918099108367,0.4720856588877864,1
69,49.0,22.0,3,0,0.5994036352966808,0.4720856588877864,1
69,50.0,21.0,3,0,0.2753089383528602,0.4720856588877864,0
69,51.0,20.0,3,1,0.5681344656306245,0.4720856588877864,1
69,52.0,19.0,3,1,0.610812652558864,0.4720856588877864,1
69,53.0,18.0,3,1,0.6479526390798623,0.4720856588877864,1
69,54.0,17.0,3,1,0.6065375705647522,0.4720856588877864,1
69,55.0,16.0,3,1,0.6884252987623581,0.4720856588877864,1
69,56.0,15.0,3,1,0.892695183268436,0.4720856588877864,1
69,57.0,14.0,3,1,0.5767662481921731,0.4720856588877864,1
69,58.0,13.0,3,1,0.803530870211604,0.4720856588877864,1
69,59.0,12.0,3,1,0.577129688320714,0.4720856588877864,1
69,60.0,11.0,3,1,0.7604529994856652,0.4720856588877864,1
69,61.0,10.0,3,1,0.9274176410791415,0.4720856588877864,1
69,62.0,9.0,3,1,0.7882677278718777,0.4720856588877864,1
69,63.0,8.0,3,1,0.8820804353621047,0.4720856588877864,1
69,64.0,7.0,3,1,0.9480395124119232,0.4720856588877864,1
69,65.0,6.0,3,1,0.9276611084089835,0.4720856588877864,1
69,66.0,5.0,3,1,0.8424946963363813,0.4720856588877864,1
69,67.0,4.0,3,1,0.8181719224555278,0.4720856588877864,1
69,68.0,3.0,3,1,0.9315587459819111,0.4720856588877864,1
69,69.0,2.0,3,1,0.9771977489935656,0.4720856588877864,1
69,70.0,1.0,3,1,0.7654570952573599,0.4720856588877864,1
69,71.0,0.0,3,1,0.958299105913899,0.4720856588877864,1
70,1.0,55.0,1,0,0.23476604781793378,0.47936572047395676,0
70,2.0,54.0,1,0,0.20978558813018192,0.47936572047395676,0
70,3.0,53.0,1,0,0.12753433321413365,0.47936572047395676,0
70,4.0,52.0,1,0,0.24315938284086672,0.47936572047395676,0
70,5.0,51.0,1,0,0.35647443351881397,0.47936572047395676,0
70,6.0,50.0,1,0,0.23575891339375266,0.47936572047395676,0
70,7.0,49.0,1,0,0.18399091789210298,0.47936572047395676,0
70,8.0,48.0,1,0,0.3446981634436401,0.47936572047395676,0
70,9.0,47.0,1,0,0.23024861014269574,0.47936572047395676,0
70,10.0,46.0,1,0,0.1661293173020006,0.47936572047395676,0
70,11.0,45.0,1,0,0.23961982588936845,0.47936572047395676,0
70,12.0,44.0,1,0,0.1866726232886498,0.47936572047395676,0
70,13.0,43.0,1,0,0.2555820544962218,0.47936572047395676,0
70,14.0,42.0,1,0,0.3150920488035664,0.47936572047395676,0
70,15.0,41.0,1,0,0.326866169604843,0.47936572047395676,0
70,16.0,40.0,1,0,0.21376334202599678,0.47936572047395676,0
70,17.0,39.0,1,0,0.4774503806692605,0.47936572047395676,0
70,18.0,38.0,1,0,0.2006219518797863,0.47936572047395676,0
70,19.0,37.0,1,0,0.10524226912758103,0.47936572047395676,0
70,20.0,36.0,1,0,0.3079598990172932,0.47936572047395676,0
70,21.0,35.0,1,0,0.1706251655374555,0.47936572047395676,0
70,22.0,34.0,1,0,0.29716552648407574,0.47936572047395676,0
70,23.0,33.0,1,0,0.1986706268608173,0.47936572047395676,0
70,24.0,32.0,1,0,0.2657295269242683,0.47936572047395676,0
70,25.0,31.0,1,0,0.6214016545338518,0.47936572047395676,1
70,26.0,30.0,1,0,0.31629167589277324,0.47936572047395676,0
70,27.0,29.0,1,0,0.27802063511647956,0.47936572047395676,0
70,28.0,28.0,1,0,0.23503713689923814,0.47936572047395676,0
70,29.0,27.0,1,0,0.3315104891452754,0.47936572047395676,0
70,30.0,26.0,1,0,0.36701042378784,0.47936572047395676,0
70,31.0,25.0,1,0,0.1918726040429986,0.47936572047395676,0
70,32.0,24.0,1,0,0.4277760636728227,0.47936572047395676,0
70,33.0,23.0,1,0,0.3496062020334204,0.47936572047395676,0
70,34.0,22.0,1,0,0.6149359178083921,0.47936572047395676,1
70,35.0,21.0,1,0,0.3597094807997414,0.47936572047395676,0
70,36.0,20.0,1,1,0.4292258538406514,0.47936572047395676,0
70,37.0,19.0,1,1,0.531772860399009,0.47936572047395676,1
70,38.0,18.0,1,1,0.2981048885746378,0.47936572047395676,0
70,39.0,17.0,1,1,0.6044281090303684,0.47936572047395676,1
70,40.0,16.0,1,1,0.5095370643283204,0.47936572047395676,1
70,41.0,15.0,1,1,0.5644619243583969,0.47936572047395676,1
70,42.0,14.0,1,1,0.7484695268892324,0.47936572047395676,1
70,43.0,13.0,1,1,0.6447332730129369,0.47936572047395676,1
70,44.0,12.0,1,1,0.6538636456415522,0.47936572047395676,1
70,45.0,11.0,1,1,0.3900827057057536,0.47936572047395676,0
70,46.0,10.0,1,1,0.6844123507565184,0.47936572047395676,1
70,47.0,9.0,1,1,0.7950983206421048,0.47936572047395676,1
70,48.0,8.0,1,1,0.8390036243349732,0.47936572047395676,1
70,49.0,7.0,1,1,0.9135317958646465,0.47936572047395676,1
70,50.0,6.0,1,1,0.8641147983822665,0.47936572047395676,1
70,51.0,5.0,1,1,0.865590050045838,0.47936572047395676,1
70,52.0,4.0,1,1,0.8114620455166,0.47936572047395676,1
70,53.0,3.0,1,1,0.9812703223690348,0.47936572047395676,1
70,54.0,2.0,1,1,0.9258793448198626,0.47936572047395676,1
70,55.0,1.0,1,1,0.8737985112426342,0.47936572047395676,1
70,56.0,0.0,1,1,0.8970627928546676,0.47936572047395676,1
71,1.0,57.0,2,0,0.5322576666642607,0.4622183788044668,1
71,2.0,56.0,2,0,0.2449276132120631,0.4622183788044668,0
71,3.0,55.0,2,0,0.1329035829648701,0.4622183788044668,0
71,4.0,54.0,2,0,0.24795750958352664,0.4622183788044668,0
71,5.0,53.0,2,0,0.4245473173405879,0.4622183788044668,0
71,6.0,52.0,2,0,0.1833048756130461,0.4622183788044668,0
71,7.0,51.0,2,0,0.13614156650173834,0.4622183788044668,0
71,8.0,50.0,2,0,0.35127673726819775,0.4622183788044668,0
71,9.0,49.0,2,0,0.3351866980146258,0.4622183788044668,0
71,10.0,48.0,2,0,0.3117209985231227,0.4622183788044668,0
71,11.0,47.0,2,0,0.39662272803838633,0.4622183788044668,0
71,12.0,46.0,2,0,0.26889501488340595,0.4622183788044668,0
71,13.0,45.0,2,0,0.45161294801726054,0.4622183788044668,0
71,14.0,44.0,2,0,0.3326688822631817,0.4622183788044668,0
71,15.0,43.0,2,0,0.2535943832796356,0.4622183788044668,0
71,16.0,42.0,2,0,0.2062179648596298,0.4622183788044668,0
71,17.0,41.0,2,0,0.3416148174540442,0.4622183788044668,0
71,18.0,40.0,2,0,0.2552244076966753,0.4622183788044668,0
71,19.0,39.0,2,0,0.4260087438144347,0.4622183788044668,0
71,20.0,38.0,2,0,0.4281467020743583,0.4622183788044668,0
71,21.0,37.0,2,0,0.29163700118423125,0.4622183788044668,0
71,22.0,36.0,2,0,0.267104956828265,0.4622183788044668,0
71,23.0,35.0,2,0,0.29986232880258074,0.4622183788044668,0
71,24.0,34.0,2,0,0.3378318680333121,0.4622183788044668,0
71,25.0,33.0,2,0,0.37203262422416933,0.4622183788044668,0
71,26.0,32.0,2,0,0.25670776730657974,0.4622183788044668,0
71,27.0,31.0,2,0,0.19612384384076623,0.4622183788044668,0
71,28.0,30.0,2,0,0.45959798397529406,0.4622183788044668,0
71,29.0,29.0,2,0,0.35703852229556376,0.4622183788044668,0
71,30.0,28.0,2,0,0.5076128497891618,0.4622183788044668,1
71,31.0,27.0,2,0,0.4598722040563165,0.4622183788044668,0
71,32.0,26.0,2,0,0.6431305894883155,0.4622183788044668,1
71,33.0,25.0,2,0,0.2605117946272346,0.4622183788044668,0
71,34.0,24.0,2,0,0.5789575843735036,0.4622183788044668,1
71,35.0,23.0,2,0,0.44112763795451493,0.4622183788044668,0
71,36.0,22.0,2,0,0.32573864113771195,0.4622183788044668,0
71,37.0,21.0,2,0,0.6607802396802502,0.4622183788044668,1
71,38.0,20.0,2,1,0.7985962708646445,0.4622183788044668,1
71,39.0,19.0,2,1,0.48733838324464235,0.4622183788044668,1
71,40.0,18.0,2,1,0.4338029506035107,0.4622183788044668,0
71,41.0,17.0,2,1,0.5371259508427972,0.4622183788044668,1
71,42.0,16.0,2,1,0.31013571466594403,0.4622183788044668,0
71,43.0,15.0,2,1,0.6485239186892079,0.4622183788044668,1
71,44.0,14.0,2,1,0.5551355533834582,0.4622183788044668,1
71,45.0,13.0,2,1,0.8563168389296628,0.4622183788044668,1
71,46.0,12.0,2,1,0.7454627987024939,0.4622183788044668,1
71,47.0,11.0,2,1,0.5925666663730346,0.4622183788044668,1
71,48.0,10.0,2,1,0.8749282024717882,0.4622183788044668,1
71,49.0,9.0,2,1,0.9453618314512433,0.4622183788044668,1
71,50.0,8.0,2,1,0.675419084481216,0.4622183788044668,1
71,51.0,7.0,2,1,0.769748540229421,0.4622183788044668,1
71,52.0,6.0,2,1,0.8048636873914116,0.4622183788044668,1
71,53.0,5.0,2,1,0.9594500852011784,0.4622183788044668,1
71,54.0,4.0,2,1,0.9699974916646554,0.4622183788044668,1
71,55.0,3.0,2,1,0.9014638739285883,0.4622183788044668,1
71,56.0,2.0,2,1,0.9592786056964985,0.4622183788044668,1
71,57.0,1.0,2,1,0.8886955134700727,0.4622183788044668,1
71,58.0,0.0,2,1,0.9699127912417268,0.4622183788044668,1
72,1.0,67.0,2,0,0.18794296505917768,0.4622183788044668,0
72,2.0,66.0,2,0,0.2507990644831526,0.4622183788044668,0
72,3.0,65.0,2,0,0.4477620457178818,0.4622183788044668,0
72,4.0,64.0,2,0,0.2006823760659294,0.4622183788044668,0
72,5.0,63.0,2,0,0.30536856691888276,0.4622183788044668,0
72,6.0,62.0,2,0,0.13954768486235503,0.4622183788044668,0
72,7.0,61.0,2,0,0.20142472727505678,0.4622183788044668,0
72,8.0,60.0,2,0,0.19616668445258792,0.4622183788044668,0
72,9.0,59.0,2,0,0.16095993867562194,0.4622183788044668,0
72,10.0,58.0,2,0,0.18694543651110584,0.4622183788044668,0
72,11.0,57.0,2,0,0.16111825004009078,0.4622183788044668,0
72,12.0,56.0,2,0,0.2354058934793234,0.4622183788044668,0
72,13.0,55.0,2,0,0.12265235010851713,0.4622183788044668,0
72,14.0,54.0,2,0,0.19438078292796063,0.4622183788044668,0
72,15.0,53.0,2,0,0.3425550717560916,0.4622183788044668,0
72,16.0,52.0,2,0,0.1471111679006788,0.4622183788044668,0
72,17.0,51.0,2,0,0.10037850532627492,0.4622183788044668,0
72,18.0,50.0,2,0,0.2956934185697955,0.4622183788044668,0
72,19.0,49.0,2,0,0.10645420296125098,0.4622183788044668,0
72,20.0,48.0,2,0,0.3465349787307533,0.4622183788044668,0
72,21.0,47.0,2,0,0.17824875879093355,0.4622183788044668,0
72,22.0,46.0,2,0,0.11184779357428348,0.4622183788044668,0
72,23.0,45.0,2,0,0.1130166186675724,0.4622183788044668,0
72,24.0,44.0,2,0,0.3729774029662133,0.4622183788044668,0
72,25.0,43.0,2,0,0.3481321503185112,0.4622183788044668,0
72,26.0,42.0,2,0,0.21032814093067653,0.4622183788044668,0
72,27.0,41.0,2,0,0.1943152483292933,0.4622183788044668,0
72,28.0,40.0,2,0,0.2672026503959979,0.4622183788044668,0
72,29.0,39.0,2,0,0.16318599774368236,0.4622183788044668,0
72,30.0,38.0,2,0,0.1877612669321829,0.4622183788044668,0
72,31.0,37.0,2,0,0.392933450524134,0.4622183788044668,0
72,32.0,36.0,2,0,0.294737316980449,0.4622183788044668,0
72,33.0,35.0,2,0,0.17232683400311394,0.4622183788044668,0
72,34.0,34.0,2,0,0.5264368303070143,0.4622183788044668,1
72,35.0,33.0,2,0,0.20953794587630858,0.4622183788044668,0
72,36.0,32.0,2,0,0.2070142796884489,0.4622183788044668,0
72,37.0,31.0,2,0,0.1890876950454001,0.4622183788044668,0
72,38.0,30.0,2,0,0.40946278744602366,0.4622183788044668,0
72,39.0,29.0,2,0,0.5154600278641431,0.4622183788044668,1
72,40.0,28.0,2,0,0.2035628783194589,0.4622183788044668,0
72,41.0,27.0,2,0,0.39684860141111017,0.4622183788044668,0
72,42.0,26.0,2,0,0.2954481880991322,0.4622183788044668,0
72,43.0,25.0,2,0,0.30341077207699724,0.4622183788044668,0
72,44.0,24.0,2,0,0.4360898936775106,0.4622183788044668,0
72,45.0,23.0,2,0,0.6877738450307987,0.4622183788044668,1
72,46.0,22.0,2,0,0.6487071173328262,0.4622183788044668,1
72,47.0,21.0,2,0,0.7015172126705506,0.4622183788044668,1
72,48.0,20.0,2,1,0.5349057497794489,0.4622183788044668,1
72,49.0,19.0,2,1,0.5264117905638532,0.4622183788044668,1
72,50.0,18.0,2,1,0.4172150751094044,0.4622183788044668,0
72,51.0,17.0,2,1,0.7921459172249016,0.4622183788044668,1
72,52.0,16.0,2,1,0.6035173535765436,0.4622183788044668,1
72,53.0,15.0,2,1,0.5774067112488244,0.4622183788044668,1
72,54.0,14.0,2,1,0.8122798894113967,0.4622183788044668,1
72,55.0,13.0,2,1,0.5654069896098132,0.4622183788044668,1
72,56.0,12.0,2,1,0.7353199402844992,0.4622183788044668,1
72,57.0,11.0,2,1,0.9871984880334875,0.4622183788044668,1
72,58.0,10.0,2,1,0.6177043734693256,0.4622183788044668,1
72,59.0,9.0,2,1,0.9323260901117665,0.4622183788044668,1
72,60.0,8.0,2,1,0.9157584883209456,0.4622183788044668,1
72,61.0,7.0,2,1,0.842781601649538,0.4622183788044668,1
72,62.0,6.0,2,1,0.6265635019000165,0.4622183788044668,1
72,63.0,5.0,2,1,0.9379018107015723,0.4622183788044668,1
72,64.0,4.0,2,1,0.8154135598473282,0.4622183788044668,1
72,65.0,3.0,2,1,0.9696575326133807,0.4622183788044668,1
72,66.0,2.0,2,1,0.98584607295585,0.4622183788044668,1
72,67.0,1.0,2,1,0.9431377921531263,0.4622183788044668,1
72,68.0,0.0,2,1,0.9443572168328519,0.4622183788044668,1
73,1.0,64.0,2,0,0.3477996627699584,0.4622183788044668,0
73,2.0,63.0,2,0,0.15992628159423872,0.4622183788044668,0
73,3.0,62.0,2,0,0.3025313607035674,0.4622183788044668,0
73,4.0,61.0,2,0,0.41189545943846084,0.4622183788044668,0
73,5.0,60.0,2,0,0.34101291130319017,0.4622183788044668,0
73,6.0,59.0,2,0,0.22383624694796156,0.4622183788044668,0
73,7.0,58.0,2,0,0.13151748977144345,0.4622183788044668,0
73,8.0,57.0,2,0,0.20455916428442347,0.4622183788044668,0
73,9.0,56.0,2,0,0.42263596601190406,0.4622183788044668,0
73,10.0,55.0,2,0,0.22611804026593912,0.4622183788044668,0
73,11.0,54.0,2,0,0.2612663261724953,0.4622183788044668,0
73,12.0,53.0,2,0,0.17291718318930166,0.4622183788044668,0
73,13.0,52.0,2,0,0.1907193118257813,0.4622183788044668,0
73,14.0,51.0,2,0,0.07555158932252101,0.4622183788044668,0
73,15.0,50.0,2,0,0.2480672846868782,0.4622183788044668,0
73,16.0,49.0,2,0,0.15749551395379327,0.4622183788044668,0
73,17.0,48.0,2,0,0.10998659671506843,0.4622183788044668,0
73,18.0,47.0,2,0,0.16896564044205345,0.4622183788044668,0
73,19.0,46.0,2,0,0.21363573100785788,0.4622183788044668,0
73,20.0,45.0,2,0,0.13981273422418128,0.4622183788044668,0
73,21.0,44.0,2,0,0.16227564574727588,0.4622183788044668,0
73,22.0,43.0,2,0,0.14309613158840404,0.4622183788044668,0
73,23.0,42.0,2,0,0.26163275348348414,0.4622183788044668,0
73,24.0,41.0,2,0,0.14462804672378587,0.4622183788044668,0
73,25.0,40.0,2,0,0.15799328658093453,0.4622183788044668,0
73,26.0,39.0,2,0,0.24627360127281556,0.4622183788044668,0
73,27.0,38.0,2,0,0.36605921559906157,0.4622183788044668,0
73,28.0,37.0,2,0,0.1878627491421676,0.4622183788044668,0
73,29.0,36.0,2,0,0.46472633441651956,0.4622183788044668,1
73,30.0,35.0,2,0,0.21963285541479383,0.4622183788044668,0
73,31.0,34.0,2,0,0.300324219455434,0.4622183788044668,0
73,32.0,33.0,2,0,0.367869706158862,0.4622183788044668,0
73,33.0,32.0,2,0,0.28003494891792724,0.4622183788044668,0
73,34.0,31.0,2,0,0.17939866775548766,0.4622183788044668,0
73,35.0,30.0,2,0,0.4049769643378218,0.4622183788044668,0
73,36.0,29.0,2,0,0.19435802836873015,0.4622183788044668,0
73,37.0,28.0,2,0,0.45621044198880734,0.4622183788044668,0
73,38.0,27.0,2,0,0.39904150209617995,0.4622183788044668,0
73,39.0,26.0,2,0,0.2395640779975064,0.4622183788044668,0
73,40.0,25.0,2,0,0.38001900862329285,0.4622183788044668,0
73,41.0,24.0,2,0,0.5465638747756012,0.4622183788044668,1
73,42.0,23.0,2,0,0.24612997799377961,0.4622183788044668,0
73,43.0,22.0,2,0,0.22636244143799994,0.4622183788044668,0
73,44.0,21.0,2,0,0.29029343359065174,0.4622183788044668,0
73,45.0,20.0,2,1,0.2144541269376144,0.4622183788044668,0
73,46.0,19.0,2,1,0.6694909940591693,0.4622183788044668,1
73,47.0,18.0,2,1,0.255836353388394,0.4622183788044668,0
73,48.0,17.0,2,1,0.6196272950007113,0.4622183788044668,1
73,49.0,16.0,2,1,0.37656693837857014,0.4622183788044668,0
73,50.0,15.0,2,1,0.7513627699702295,0.4622183788044668,1
73,51.0,14.0,2,1,0.5340231081473592,0.4622183788044668,1
73,52.0,13.0,2,1,0.7736180537649365,0.4622183788044668,1
73,53.0,12.0,2,1,0.8632876577358963,0.4622183788044668,1
73,54.0,11.0,2,1,0.7301781215333775,0.4622183788044668,1
73,55.0,10.0,2,1,0.801993695529288,0.4622183788044668,1
73,56.0,9.0,2,1,0.9377096942914371,0.4622183788044668,1
73,57.0,8.0,2,1,0.9419314798753415,0.4622183788044668,1
73,58.0,7.0,2,1,0.7485823918210253,0.4622183788044668,1
73,59.0,6.0,2,1,0.9025221996680218,0.4622183788044668,1
73,60.0,5.0,2,1,0.934423674421215,0.4622183788044668,1
73,61.0,4.0,2,1,0.8889224178831447,0.4622183788044668,1
73,62.0,3.0,2,1,0.8229053264409701,0.4622183788044668,1
73,63.0,2.0,2,1,0.9296518434209557,0.4622183788044668,1
73,64.0,1.0,2,1,0.8271602940215877,0.4622183788044668,1
73,65.0,0.0,2,1,0.9671235079040644,0.4622183788044668,1
74,1.0,94.0,5,0,0.0672525807463763,0.45996237574761434,0
74,2.0,93.0,5,0,0.003270567540523584,0.45996237574761434,0
74,3.0,92.0,5,0,0.014492877258406277,0.45996237574761434,0
74,4.0,91.0,5,0,0.01618909017716679,0.45996237574761434,0
74,5.0,90.0,5,0,0.030476944528317382,0.45996237574761434,0
74,6.0,89.0,5,0,0.05847292200716762,0.45996237574761434,0
74,7.0,88.0,5,0,0.13219693729530246,0.45996237574761434,0
74,8.0,87.0,5,0,0.037557016850435304,0.45996237574761434,0
74,9.0,86.0,5,0,0.029909604937322448,0.45996237574761434,0
74,10.0,85.0,5,0,0.12868196146289448,0.45996237574761434,0
74,11.0,84.0,5,0,0.038441690006806924,0.45996237574761434,0
74,12.0,83.0,5,0,0.07418002550289833,0.45996237574761434,0
74,13.0,82.0,5,0,0.037646186690494146,0.45996237574761434,0
74,14.0,81.0,5,0,0.09649027590466121,0.45996237574761434,0
74,15.0,80.0,5,0,0.017308554958827507,0.45996237574761434,0
74,16.0,79.0,5,0,0.03925755219347037,0.45996237574761434,0
74,17.0,78.0,5,0,0.07872821987066113,0.45996237574761434,0
74,18.0,77.0,5,0,0.009085116865506716,0.45996237574761434,0
74,19.0,76.0,5,0,0.01847477965612591,0.45996237574761434,0
74,20.0,75.0,5,0,0.0411624731768343,0.45996237574761434,0
74,21.0,74.0,5,0,0.06690314453740544,0.45996237574761434,0
74,22.0,73.0,5,0,0.15664365740232616,0.45996237574761434,0
74,23.0,72.0,5,0,0.05433123282335087,0.45996237574761434,0
74,24.0,71.0,5,0,0.025669313674812646,0.45996237574761434,0
74,25.0,70.0,5,0,0.13380578393627116,0.45996237574761434,0
74,26.0,69.0,5,0,0.10205591230643471,0.45996237574761434,0
74,27.0,68.0,5,0,0.01839765944940414,0.45996237574761434,0
74,28.0,67.0,5,0,0.11744202676839724,0.45996237574761434,0
74,29.0,66.0,5,0,0.0850472606514139,0.45996237574761434,0
74,30.0,65.0,5,0,0.0352964970343854,0.45996237574761434,0
74,31.0,64.0,5,0,0.009115407086309198,0.45996237574761434,0
74,32.0,63.0,5,0,0.22915511049105855,0.45996237574761434,0
74,33.0,62.0,5,0,0.09153630174484745,0.45996237574761434,0
74,34.0,61.0,5,0,0.060560484742827936,0.45996237574761434,0
74,35.0,60.0,5,0,0.08019203751603972,0.45996237574761434,0
74,36.0,59.0,5,0,0.09790585287969245,0.45996237574761434,0
74,37.0,58.0,5,0,0.2054185058538514,0.45996237574761434,0
74,38.0,57.0,5,0,0.12998865643171312,0.45996237574761434,0
74,39.0,56.0,5,0,0.14679044075518086,0.45996237574761434,0
74,40.0,55.0,5,0,0.20114793267418013,0.45996237574761434,0
74,41.0,54.0,5,0,0.026629787874085164,0.45996237574761434,0
74,42.0,53.0,5,0,0.16020188057780127,0.45996237574761434,0
74,43.0,52.0,5,0,0.34090562153607895,0.45996237574761434,0
74,44.0,51.0,5,0,0.07665083469730476,0.45996237574761434,0
74,45.0,50.0,5,0,0.09906825204045014,0.45996237574761434,0
74,46.0,49.0,5,0,0.012103551025684096,0.45996237574761434,0
74,47.0,48.0,5,0,0.03162818676481211,0.45996237574761434,0
74,48.0,47.0,5,0,0.16175375842262668,0.45996237574761434,0
74,49.0,46.0,5,0,0.04599097573458743,0.45996237574761434,0
74,50.0,45.0,5,0,0.2843238149079838,0.45996237574761434,0
74,51.0,44.0,5,0,0.39531151382878454,0.45996237574761434,0
74,52.0,43.0,5,0,0.30214425137343887,0.45996237574761434,0
74,53.0,42.0,5,0,0.28452157710167075,0.45996237574761434,0
74,54.0,41.0,5,0,0.49603948928647407,0.45996237574761434,1
74,55.0,40.0,5,0,0.34852242475453565,0.45996237574761434,0
74,56.0,39.0,5,0,0.2979833414359587,0.45996237574761434,0
74,57.0,38.0,5,0,0.413018903485023,0.45996237574761434,0
74,58.0,37.0,5,0,0.33495943488871294,0.45996237574761434,0
74,59.0,36.0,5,0,0.3496886644686545,0.45996237574761434,0
74,60.0,35.0,5,0,0.4521726251174446,0.45996237574761434,0
74,61.0,34.0,5,0,0.2569438225467755,0.45996237574761434,0
74,62.0,33.0,5,0,0.4063552228673903,0.45996237574761434,0
74,63.0,32.0,5,0,0.3792294716125246,0.45996237574761434,0
74,64.0,31.0,5,0,0.7929367323475638,0.45996237574761434,1
74,65.0,30.0,5,0,0.8109500095695976,0.45996237574761434,1
74,66.0,29.0,5,0,0.8172814369859417,0.45996237574761434,1
74,67.0,28.0,5,0,0.8416876617799222,0.45996237574761434,1
74,68.0,27.0,5,0,0.5156018114199225,0.45996237574761434,1
74,69.0,26.0,5,0,0.8763679180554245,0.45996237574761434,1
74,70.0,25.0,5,0,0.8406119899733356,0.45996237574761434,1
74,71.0,24.0,5,0,0.6302907166903989,0.45996237574761434,1
74,72.0,23.0,5,0,0.4485234117814022,0.45996237574761434,0
74,73.0,22.0,5,0,0.9459331988703971,0.45996237574761434,1
74,74.0,21.0,5,0,0.828788091575876,0.45996237574761434,1
74,75.0,20.0,5,1,0.9292224832203423,0.45996237574761434,1
74,76.0,19.0,5,1,0.9375679915155275,0.45996237574761434,1
74,77.0,18.0,5,1,0.5565790075598256,0.45996237574761434,1
74,78.0,17.0,5,1,0.9308590026235459,0.45996237574761434,1
74,79.0,16.0,5,1,0.9236238405515578,0.45996237574761434,1
74,80.0,15.0,5,1,0.9215595034513783,0.45996237574761434,1
74,81.0,14.0,5,1,0.7397508295480977,0.45996237574761434,1
74,82.0,13.0,5,1,0.9593865776473451,0.45996237574761434,1
74,83.0,12.0,5,1,0.9369588927893915,0.45996237574761434,1
74,84.0,11.0,5,1,0.8460662192579192,0.45996237574761434,1
74,85.0,10.0,5,1,0.8142321387197864,0.45996237574761434,1
74,86.0,9.0,5,1,0.8455761679128756,0.45996237574761434,1
74,87.0,8.0,5,1,0.9860507255860395,0.45996237574761434,1
74,88.0,7.0,5,1,0.8726574245371687,0.45996237574761434,1
74,89.0,6.0,5,1,0.9893702334137994,0.45996237574761434,1
74,90.0,5.0,5,1,0.9563695861960984,0.45996237574761434,1
74,91.0,4.0,5,1,0.9839425731325864,0.45996237574761434,1
74,92.0,3.0,5,1,0.9793675377630341,0.45996237574761434,1
74,93.0,2.0,5,1,0.9755631959260088,0.45996237574761434,1
74,94.0,1.0,5,1,0.9828713851737139,0.45996237574761434,1
74,95.0,0.0,5,1,0.8303735876230649,0.45996237574761434,1
75,1.0,77.0,4,0,0.08281166070374113,0.4736130371384783,0
75,2.0,76.0,4,0,0.11672380153844308,0.4736130371384783,0
75,3.0,75.0,4,0,0.007332301693166321,0.4736130371384783,0
75,4.0,74.0,4,0,0.058844359046987905,0.4736130371384783,0
75,5.0,73.0,4,0,0.1252968593008443,0.4736130371384783,0
75,6.0,72.0,4,0,0.024507619451032064,0.4736130371384783,0
75,7.0,71.0,4,0,0.030090350776078863,0.4736130371384783,0
75,8.0,70.0,4,0,0.017534093952678027,0.4736130371384783,0
75,9.0,69.0,4,0,0.03475720755075041,0.4736130371384783,0
75,10.0,68.0,4,0,0.07208169591584707,0.4736130371384783,0
75,11.0,67.0,4,0,0.09883021619469062,0.4736130371384783,0
75,12.0,66.0,4,0,0.26735870966710024,0.4736130371384783,0
75,13.0,65.0,4,0,0.06733302430546322,0.4736130371384783,0
75,14.0,64.0,4,0,0.08112083041552012,0.4736130371384783,0
75,15.0,63.0,4,0,0.11346806289406078,0.4736130371384783,0
75,16.0,62.0,4,0,0.06346376128961712,0.4736130371384783,0
75,17.0,61.0,4,0,0.025027812476561544,0.4736130371384783,0
75,18.0,60.0,4,0,0.0824549428450255,0.4736130371384783,0
75,19.0,59.0,4,0,0.08101696419259308,0.4736130371384783,0
75,20.0,58.0,4,0,0.3158926046418133,0.4736130371384783,0
75,21.0,57.0,4,0,0.09889193069592836,0.4736130371384783,0
75,22.0,56.0,4,0,0.021218836590423798,0.4736130371384783,0
75,23.0,55.0,4,0,0.07741049583142327,0.4736130371384783,0
75,24.0,54.0,4,0,0.11569318397016988,0.4736130371384783,0
75,25.0,53.0,4,0,0.074516000014763,0.4736130371384783,0
75,26.0,52.0,4,0,0.07919211512381046,0.4736130371384783,0
75,27.0,51.0,4,0,0.048604132469759136,0.4736130371384783,0
75,28.0,50.0,4,0,0.09659838725335952,0.4736130371384783,0
75,29.0,49.0,4,0,0.03716287598927678,0.4736130371384783,0
75,30.0,48.0,4,0,0.052860625486115975,0.4736130371384783,0
75,31.0,47.0,4,0,0.06984167603376792,0.4736130371384783,0
75,32.0,46.0,4,0,0.27739960597330027,0.4736130371384783,0
75,33.0,45.0,4,0,0.11645095763899138,0.4736130371384783,0
75,34.0,44.0,4,0,0.15617993230556954,0.4736130371384783,0
75,35.0,43.0,4,0,0.04073548647473854,0.4736130371384783,0
75,36.0,42.0,4,0,0.050405991794924714,0.4736130371384783,0
75,37.0,41.0,4,0,0.17035022626046295,0.4736130371384783,0
75,38.0,40.0,4,0,0.045671221179550164,0.4736130371384783,0
75,39.0,39.0,4,0,0.06559893168300064,0.4736130371384783,0
75,40.0,38.0,4,0,0.10963311109260275,0.4736130371384783,0
75,41.0,37.0,4,0,0.1357927732909213,0.4736130371384783,0
75,42.0,36.0,4,0,0.35543472010434624,0.4736130371384783,0
75,43.0,35.0,4,0,0.18695841596589838,0.4736130371384783,0
75,44.0,34.0,4,0,0.20887613718702605,0.4736130371384783,0
75,45.0,33.0,4,0,0.47366823661933727,0.4736130371384783,1
75,46.0,32.0,4,0,0.29120667895225677,0.4736130371384783,0
75,47.0,31.0,4,0,0.2374505939243368,0.4736130371384783,0
75,48.0,30.0,4,0,0.34586629837733873,0.4736130371384783,0
75,49.0,29.0,4,0,0.4945874502400262,0.4736130371384783,1
75,50.0,28.0,4,0,0.4664050024608132,0.4736130371384783,0
75,51.0,27.0,4,0,0.12485900692250781,0.4736130371384783,0
75,52.0,26.0,4,0,0.4889186805946188,0.4736130371384783,1
75,53.0,25.0,4,0,0.669066904044943,0.4736130371384783,1
75,54.0,24.0,4,0,0.32851702315815606,0.4736130371384783,0
75,55.0,23.0,4,0,0.5200590071473731,0.4736130371384783,1
75,56.0,22.0,4,0,0.5571962870920761,0.4736130371384783,1
75,57.0,21.0,4,0,0.4946317274801872,0.4736130371384783,1
75,58.0,20.0,4,1,0.8690959109997397,0.4736130371384783,1
75,59.0,19.0,4,1,0.5388111898400056,0.4736130371384783,1
75,60.0,18.0,4,1,0.809085681124922,0.4736130371384783,1
75,61.0,17.0,4,1,0.6716488769756787,0.4736130371384783,1
75,62.0,16.0,4,1,0.7459704792370114,0.4736130371384783,1
75,63.0,15.0,4,1,0.7132442752521558,0.4736130371384783,1
75,64.0,14.0,4,1,0.4685140197677655,0.4736130371384783,0
75,65.0,13.0,4,1,0.7011294683069444,0.4736130371384783,1
75,66.0,12.0,4,1,0.8784479858218258,0.4736130371384783,1
75,67.0,11.0,4,1,0.7852737884574192,0.4736130371384783,1
75,68.0,10.0,4,1,0.9406963164234302,0.4736130371384783,1
75,69.0,9.0,4,1,0.7612972473378296,0.4736130371384783,1
75,70.0,8.0,4,1,0.9054646320772752,0.4736130371384783,1
75,71.0,7.0,4,1,0.9677252178580388,0.4736130371384783,1
75,72.0,6.0,4,1,0.8971465531408188,0.4736130371384783,1
75,73.0,5.0,4,1,0.9828623445154776,0.4736130371384783,1
75,74.0,4.0,4,1,0.9458491290867056,0.4736130371384783,1
75,75.0,3.0,4,1,0.9566529388744202,0.4736130371384783,1
75,76.0,2.0,4,1,0.9266502740570393,0.4736130371384783,1
75,77.0,1.0,4,1,0.9854229649033708,0.4736130371384783,1
75,78.0,0.0,4,1,0.974243069893675,0.4736130371384783,1
76,1.0,59.0,4,0,0.16580502478005987,0.4736130371384783,0
76,2.0,58.0,4,0,0.16918811433323208,0.4736130371384783,0
76,3.0,57.0,4,0,0.17461147915980132,0.4736130371384783,0
76,4.0,56.0,4,0,0.19304832685464005,0.4736130371384783,0
76,5.0,55.0,4,0,0.14141910434712937,0.4736130371384783,0
76,6.0,54.0,4,0,0.20122915632845942,0.4736130371384783,0
76,7.0,53.0,4,0,0.3045088044676595,0.4736130371384783,0
76,8.0,52.0,4,0,0.2710052616737378,0.4736130371384783,0
76,9.0,51.0,4,0,0.2092202253226224,0.4736130371384783,0
76,10.0,50.0,4,0,0.13608283942678048,0.4736130371384783,0
76,11.0,49.0,4,0,0.1685219372592084,0.4736130371384783,0
76,12.0,48.0,4,0,0.2820230256774279,0.4736130371384783,0
76,13.0,47.0,4,0,0.12941758430988423,0.4736130371384783,0
76,14.0,46.0,4,0,0.3021880256132894,0.4736130371384783,0
76,15.0,45.0,4,0,0.3266457053356813,0.4736130371384783,0
76,16.0,44.0,4,0,0.21883779877777668,0.4736130371384783,0
76,17.0,43.0,4,0,0.24054028941067265,0.4736130371384783,0
76,18.0,42.0,4,0,0.1360144808995098,0.4736130371384783,0
76,19.0,41.0,4,0,0.232188065079097,0.4736130371384783,0
76,20.0,40.0,4,0,0.2228080286368649,0.4736130371384783,0
76,21.0,39.0,4,0,0.22505718978811046,0.4736130371384783,0
76,22.0,38.0,4,0,0.2916055875314988,0.4736130371384783,0
76,23.0,37.0,4,0,0.1506197775421513,0.4736130371384783,0
76,24.0,36.0,4,0,0.20002545888115086,0.4736130371384783,0
76,25.0,35.0,4,0,0.17660582966981433,0.4736130371384783,0
76,26.0,34.0,4,0,0.17720377260093415,0.4736130371384783,0
76,27.0,33.0,4,0,0.36311301965420373,0.4736130371384783,0
76,28.0,32.0,4,0,0.3537862587863783,0.4736130371384783,0
76,29.0,31.0,4,0,0.19361141296156742,0.4736130371384783,0
76,30.0,30.0,4,0,0.19482124011178234,0.4736130371384783,0
76,31.0,29.0,4,0,0.22087334223774716,0.4736130371384783,0
76,32.0,28.0,4,0,0.23787009975420512,0.4736130371384783,0
76,33.0,27.0,4,0,0.6016170072308835,0.4736130371384783,1
76,34.0,26.0,4,0,0.15416363369488736,0.4736130371384783,0
76,35.0,25.0,4,0,0.24910013262993944,0.4736130371384783,0
76,36.0,24.0,4,0,0.24730554235143115,0.4736130371384783,0
76,37.0,23.0,4,0,0.35745023752981125,0.4736130371384783,0
76,38.0,22.0,4,0,0.2573052139807236,0.4736130371384783,0
76,39.0,21.0,4,0,0.4506061845690719,0.4736130371384783,0
76,40.0,20.0,4,1,0.17895272488833996,0.4736130371384783,0
76,41.0,19.0,4,1,0.4505490359116676,0.4736130371384783,0
76,42.0,18.0,4,1,0.423347597812362,0.4736130371384783,0
76,43.0,17.0,4,1,0.4954298909817284,0.4736130371384783,1
76,44.0,16.0,4,1,0.5160154754143427,0.4736130371384783,1
76,45.0,15.0,4,1,0.5963127362049239,0.4736130371384783,1
76,46.0,14.0,4,1,0.49017580801596783,0.4736130371384783,1
76,47.0,13.0,4,1,0.8098759467648283,0.4736130371384783,1
76,48.0,12.0,4,1,0.6949324834224226,0.4736130371384783,1
76,49.0,11.0,4,1,0.8314473094343939,0.4736130371384783,1
76,50.0,10.0,4,1,0.7646918960493232,0.4736130371384783,1
76,51.0,9.0,4,1,0.3870492149667506,0.4736130371384783,0
76,52.0,8.0,4,1,0.7701444694049577,0.4736130371384783,1
76,53.0,7.0,4,1,0.8456397457521037,0.4736130371384783,1
76,54.0,6.0,4,1,0.7393099852192992,0.4736130371384783,1
76,55.0,5.0,4,1,0.8141212783996262,0.4736130371384783,1
76,56.0,4.0,4,1,0.9486983363530781,0.4736130371384783,1
76,57.0,3.0,4,1,0.9165074010542409,0.4736130371384783,1
76,58.0,2.0,4,1,0.9606563123014583,0.4736130371384783,1
76,59.0,1.0,4,1,0.972934449122604,0.4736130371384783,1
76,60.0,0.0,4,1,0.9746558524311713,0.4736130371384783,1
77,1.0,57.0,4,0,0.2588017946025928,0.4736130371384783,0
77,2.0,56.0,4,0,0.28235485454233133,0.4736130371384783,0
77,3.0,55.0,4,0,0.3255266347713717,0.4736130371384783,0
77,4.0,54.0,4,0,0.1430779177914072,0.4736130371384783,0
77,5.0,53.0,4,0,0.152663838271145,0.4736130371384783,0
77,6.0,52.0,4,0,0.2827000645883209,0.4736130371384783,0
77,7.0,51.0,4,0,0.17828194512912574,0.4736130371384783,0
77,8.0,50.0,4,0,0.30888624862132863,0.4736130371384783,0
77,9.0,49.0,4,0,0.15643227409268243,0.4736130371384783,0
77,10.0,48.0,4,0,0.3067131103437911,0.4736130371384783,0
77,11.0,47.0,4,0,0.1542290254864194,0.4736130371384783,0
77,12.0,46.0,4,0,0.2165641684616569,0.4736130371384783,0
77,13.0,45.0,4,0,0.13590427546306094,0.4736130371384783,0
77,14.0,44.0,4,0,0.34821362395881167,0.4736130371384783,0
77,15.0,43.0,4,0,0.2619657410586424,0.4736130371384783,0
77,16.0,42.0,4,0,0.22930297270362934,0.4736130371384783,0
77,17.0,41.0,4,0,0.16231043012465066,0.4736130371384783,0
77,18.0,40.0,4,0,0.1850499789229757,0.4736130371384783,0
77,19.0,39.0,4,0,0.25617550025876995,0.4736130371384783,0
77,20.0,38.0,4,0,0.3365889451084124,0.4736130371384783,0
77,21.0,37.0,4,0,0.2730853124223986,0.4736130371384783,0
77,22.0,36.0,4,0,0.19967365285082073,0.4736130371384783,0
77,23.0,35.0,4,0,0.18088206579283927,0.4736130371384783,0
77,24.0,34.0,4,0,0.10682852060343419,0.4736130371384783,0
77,25.0,33.0,4,0,0.30665471751589546,0.4736130371384783,0
77,26.0,32.0,4,0,0.3696822467705251,0.4736130371384783,0
77,27.0,31.0,4,0,0.32313380139192127,0.4736130371384783,0
77,28.0,30.0,4,0,0.3673861782863743,0.4736130371384783,0
77,29.0,29.0,4,0,0.3354306507155859,0.4736130371384783,0
77,30.0,28.0,4,0,0.2684280779769455,0.4736130371384783,0
77,31.0,27.0,4,0,0.3612358526369525,0.4736130371384783,0
77,32.0,26.0,4,0,0.14166685820954616,0.4736130371384783,0
77,33.0,25.0,4,0,0.3444510798589551,0.4736130371384783,0
77,34.0,24.0,4,0,0.2586263960203379,0.4736130371384783,0
77,35.0,23.0,4,0,0.2245165613682347,0.4736130371384783,0
77,36.0,22.0,4,0,0.40749909284651936,0.4736130371384783,0
77,37.0,21.0,4,0,0.2890126151768686,0.4736130371384783,0
77,38.0,20.0,4,1,0.15373348016491495,0.4736130371384783,0
77,39.0,19.0,4,1,0.37310598635639897,0.4736130371384783,0
77,40.0,18.0,4,1,0.3959856370303038,0.4736130371384783,0
77,41.0,17.0,4,1,0.2197504880880581,0.4736130371384783,0
77,42.0,16.0,4,1,0.20804836556473924,0.4736130371384783,0
77,43.0,15.0,4,1,0.5441709068992413,0.4736130371384783,1
77,44.0,14.0,4,1,0.35176752124128113,0.4736130371384783,0
77,45.0,13.0,4,1,0.3578135900083971,0.4736130371384783,0
77,46.0,12.0,4,1,0.38490305303263056,0.4736130371384783,0
77,47.0,11.0,4,1,0.29693000669544595,0.4736130371384783,0
77,48.0,10.0,4,1,0.304142766324656,0.4736130371384783,0
77,49.0,9.0,4,1,0.3525720905044462,0.4736130371384783,0
77,50.0,8.0,4,1,0.4277999675409976,0.4736130371384783,0
77,51.0,7.0,4,1,0.4376618171222641,0.4736130371384783,0
77,52.0,6.0,4,1,0.4440836630880241,0.4736130371384783,0
77,53.0,5.0,4,1,0.46619845236732443,0.4736130371384783,0
77,54.0,4.0,4,1,0.5316054645773991,0.4736130371384783,1
77,55.0,3.0,4,1,0.27595609949061306,0.4736130371384783,0
77,56.0,2.0,4,1,0.43708804680549623,0.4736130371384783,0
77,57.0,1.0,4,1,0.36310006341295814,0.4736130371384783,0
77,58.0,0.0,4,1,0.53083675104919,0.4736130371384783,1
78,1.0,55.0,2,0,0.3616305238903339,0.4622183788044668,0
78,2.0,54.0,2,0,0.13953645855645308,0.4622183788044668,0
78,3.0,53.0,2,0,0.32368286525333484,0.4622183788044668,0
78,4.0,52.0,2,0,0.21334543551153573,0.4622183788044668,0
78,5.0,51.0,2,0,0.27633830588271857,0.4622183788044668,0
78,6.0,50.0,2,0,0.14193755905726282,0.4622183788044668,0
78,7.0,49.0,2,0,0.3097696521213323,0.4622183788044668,0
78,8.0,48.0,2,0,0.3378689639014365,0.4622183788044668,0
78,9.0,47.0,2,0,0.31764375313462484,0.4622183788044668,0
78,10.0,46.0,2,0,0.2543478446453272,0.4622183788044668,0
78,11.0,45.0,2,0,0.16790644026995954,0.4622183788044668,0
78,12.0,44.0,2,0,0.2824626794863662,0.4622183788044668,0
78,13.0,43.0,2,0,0.16510897894318807,0.4622183788044668,0
78,14.0,42.0,2,0,0.3369362158481594,0.4622183788044668,0
78,15.0,41.0,2,0,0.10938563013738739,0.4622183788044668,0
78,16.0,40.0,2,0,0.22616644005788006,0.4622183788044668,0
78,17.0,39.0,2,0,0.3014697332942813,0.4622183788044668,0
78,18.0,38.0,2,0,0.11610897585547213,0.4622183788044668,0
78,19.0,37.0,2,0,0.38681374937938434,0.4622183788044668,0
78,20.0,36.0,2,0,0.1708653805678724,0.4622183788044668,0
78,21.0,35.0,2,0,0.22465463029656096,0.4622183788044668,0
78,22.0,34.0,2,0,0.24142427822981125,0.4622183788044668,0
78,23.0,33.0,2,0,0.21572316928619537,0.4622183788044668,0
78,24.0,32.0,2,0,0.3348724263409141,0.4622183788044668,0
78,25.0,31.0,2,0,0.2529139203268836,0.4622183788044668,0
78,26.0,30.0,2,0,0.5119037225830271,0.4622183788044668,1
78,27.0,29.0,2,0,0.2667564801906893,0.4622183788044668,0
78,28.0,28.0,2,0,0.14728224546123986,0.4622183788044668,0
78,29.0,27.0,2,0,0.37509645337490144,0.4622183788044668,0
78,30.0,26.0,2,0,0.4056509546785393,0.4622183788044668,0
78,31.0,25.0,2,0,0.24084311395006833,0.4622183788044668,0
78,32.0,24.0,2,0,0.3193016619270509,0.4622183788044668,0
78,33.0,23.0,2,0,0.3999224101446583,0.4622183788044668,0
78,34.0,22.0,2,0,0.47154819286155586,0.4622183788044668,1
78,35.0,21.0,2,0,0.3093790453489692,0.4622183788044668,0
78,36.0,20.0,2,1,0.306585963382498,0.4622183788044668,0
78,37.0,19.0,2,1,0.38271293103018605,0.4622183788044668,0
78,38.0,18.0,2,1,0.659963303082728,0.4622183788044668,1
78,39.0,17.0,2,1,0.4922432338588341,0.4622183788044668,1
78,40.0,16.0,2,1,0.6068664857516114,0.4622183788044668,1
78,41.0,15.0,2,1,0.2789634160278011,0.4622183788044668,0
78,42.0,14.0,2,1,0.6496343128431825,0.4622183788044668,1
78,43.0,13.0,2,1,0.49938290967237986,0.4622183788044668,1
78,44.0,12.0,2,1,0.5214787460931073,0.4622183788044668,1
78,45.0,11.0,2,1,0.7722417948715883,0.4622183788044668,1
78,46.0,10.0,2,1,0.6361114630973291,0.4622183788044668,1
78,47.0,9.0,2,1,0.8150892082438732,0.4622183788044668,1
78,48.0,8.0,2,1,0.7732760162005387,0.4622183788044668,1
78,49.0,7.0,2,1,0.6555394838361004,0.4622183788044668,1
78,50.0,6.0,2,1,0.7433856013594456,0.4622183788044668,1
78,51.0,5.0,2,1,0.7382566474174886,0.4622183788044668,1
78,52.0,4.0,2,1,0.8886238075935768,0.4622183788044668,1
78,53.0,3.0,2,1,0.8893885757335864,0.4622183788044668,1
78,54.0,2.0,2,1,0.8390193104401981,0.4622183788044668,1
78,55.0,1.0,2,1,0.8698289250785615,0.4622183788044668,1
78,56.0,0.0,2,1,0.8771779607755293,0.4622183788044668,1
79,1.0,58.0,3,0,0.20011100548096108,0.4720856588877864,0
79,2.0,57.0,3,0,0.0748280329066726,0.4720856588877864,0
79,3.0,56.0,3,0,0.18408562066287731,0.4720856588877864,0
79,4.0,55.0,3,0,0.19254324540357598,0.4720856588877864,0
79,5.0,54.0,3,0,0.2227927883638797,0.4720856588877864,0
79,6.0,53.0,3,0,0.14982188906289326,0.4720856588877864,0
79,7.0,52.0,3,0,0.35032329854654554,0.4720856588877864,0
79,8.0,51.0,3,0,0.32715400226553754,0.4720856588877864,0
79,9.0,50.0,3,0,0.20818516452010208,0.4720856588877864,0
79,10.0,49.0,3,0,0.15557662412395265,0.4720856588877864,0
79,11.0,48.0,3,0,0.1924598499910861,0.4720856588877864,0
79,12.0,47.0,3,0,0.15683074340626602,0.4720856588877864,0
79,13.0,46.0,3,0,0.20714969577716896,0.4720856588877864,0
79,14.0,45.0,3,0,0.26429934536462896,0.4720856588877864,0
79,15.0,44.0,3,0,0.2876550618936026,0.4720856588877864,0
79,16.0,43.0,3,0,0.18296531249169487,0.4720856588877864,0
79,17.0,42.0,3,0,0.295059771534427,0.4720856588877864,0
79,18.0,41.0,3,0,0.13096267767447523,0.4720856588877864,0
79,19.0,40.0,3,0,0.2719619132915528,0.4720856588877864,0
79,20.0,39.0,3,0,0.18358104795647232,0.4720856588877864,0
79,21.0,38.0,3,0,0.18367098381385516,0.4720856588877864,0
79,22.0,37.0,3,0,0.300651546456921,0.4720856588877864,0
79,23.0,36.0,3,0,0.27838799062160063,0.4720856588877864,0
79,24.0,35.0,3,0,0.11930583379343507,0.4720856588877864,0
79,25.0,34.0,3,0,0.2773976891102486,0.4720856588877864,0
79,26.0,33.0,3,0,0.1743944217187552,0.4720856588877864,0
79,27.0,32.0,3,0,0.22730906737592294,0.4720856588877864,0
79,28.0,31.0,3,0,0.21314643649288292,0.4720856588877864,0
79,29.0,30.0,3,0,0.24622870171072875,0.4720856588877864,0
79,30.0,29.0,3,0,0.2375957291100519,0.4720856588877864,0
79,31.0,28.0,3,0,0.23601896367647354,0.4720856588877864,0
79,32.0,27.0,3,0,0.216480171165985,0.4720856588877864,0
79,33.0,26.0,3,0,0.13034296787029057,0.4720856588877864,0
79,34.0,25.0,3,0,0.31106879107099444,0.4720856588877864,0
79,35.0,24.0,3,0,0.2584361579858241,0.4720856588877864,0
79,36.0,23.0,3,0,0.45869327274726646,0.4720856588877864,0
79,37.0,22.0,3,0,0.45505549018603475,0.4720856588877864,0
79,38.0,21.0,3,0,0.3588702353641166,0.4720856588877864,0
79,39.0,20.0,3,1,0.3075147586870069,0.4720856588877864,0
79,40.0,19.0,3,1,0.25663571248006206,0.4720856588877864,0
79,41.0,18.0,3,1,0.27005661742565457,0.4720856588877864,0
79,42.0,17.0,3,1,0.4820986138974238,0.4720856588877864,1
79,43.0,16.0,3,1,0.577259391628006,0.4720856588877864,1
79,44.0,15.0,3,1,0.8100117995177974,0.4720856588877864,1
79,45.0,14.0,3,1,0.5705482732030225,0.4720856588877864,1
79,46.0,13.0,3,1,0.7621346514487025,0.4720856588877864,1
79,47.0,12.0,3,1,0.7145050117309054,0.4720856588877864,1
79,48.0,11.0,3,1,0.8540135610284506,0.4720856588877864,1
79,49.0,10.0,3,1,0.7215139940728617,0.4720856588877864,1
79,50.0,9.0,3,1,0.6782971350368787,0.4720856588877864,1
79,51.0,8.0,3,1,0.7351213273457838,0.4720856588877864,1
79,52.0,7.0,3,1,0.7913310081211747,0.4720856588877864,1
79,53.0,6.0,3,1,0.5610944501439821,0.4720856588877864,1
79,54.0,5.0,3,1,0.7316020357648649,0.4720856588877864,1
79,55.0,4.0,3,1,0.78552944882884,0.4720856588877864,1
79,56.0,3.0,3,1,0.9653183706085074,0.4720856588877864,1
79,57.0,2.0,3,1,0.8689501264504689,0.4720856588877864,1
79,58.0,1.0,3,1,0.9747474204738595,0.4720856588877864,1
79,59.0,0.0,3,1,0.943032014253183,0.4720856588877864,1
80,1.0,71.0,5,0,0.011560712376231637,0.45996237574761434,0
80,2.0,70.0,5,0,0.009153337074806709,0.45996237574761434,0
80,3.0,69.0,5,0,0.033037203930817084,0.45996237574761434,0
80,4.0,68.0,5,0,0.005690962384269565,0.45996237574761434,0
80,5.0,67.0,5,0,0.022829891089447323,0.45996237574761434,0
80,6.0,66.0,5,0,0.008631270846447223,0.45996237574761434,0
80,7.0,65.0,5,0,0.021749661980207783,0.45996237574761434,0
80,8.0,64.0,5,0,0.02592596112539614,0.45996237574761434,0
80,9.0,63.0,5,0,0.010579078332484887,0.45996237574761434,0
80,10.0,62.0,5,0,0.029295981391863707,0.45996237574761434,0
80,11.0,61.0,5,0,0.008543088653937544,0.45996237574761434,0
80,12.0,60.0,5,0,0.016066732917082594,0.45996237574761434,0
80,13.0,59.0,5,0,0.01621450032763583,0.45996237574761434,0
80,14.0,58.0,5,0,0.014267661618195109,0.45996237574761434,0
80,15.0,57.0,5,0,0.037634768049158274,0.45996237574761434,0
80,16.0,56.0,5,0,0.030786133237699336,0.45996237574761434,0
80,17.0,55.0,5,0,0.04732234129427148,0.45996237574761434,0
80,18.0,54.0,5,0,0.020300597746803286,0.45996237574761434,0
80,19.0,53.0,5,0,0.05969375471127086,0.45996237574761434,0
80,20.0,52.0,5,0,0.06845349124593071,0.45996237574761434,0
80,21.0,51.0,5,0,0.05684118476575809,0.45996237574761434,0
80,22.0,50.0,5,0,0.05970702133275205,0.45996237574761434,0
80,23.0,49.0,5,0,0.008285198723203735,0.45996237574761434,0
80,24.0,48.0,5,0,0.005985095369927973,0.45996237574761434,0
80,25.0,47.0,5,0,0.03914981585580544,0.45996237574761434,0
80,26.0,46.0,5,0,0.02732495982474568,0.45996237574761434,0
80,27.0,45.0,5,0,0.05025218197074946,0.45996237574761434,0
80,28.0,44.0,5,0,0.03271531000347066,0.45996237574761434,0
80,29.0,43.0,5,0,0.0035398831161610844,0.45996237574761434,0
80,30.0,42.0,5,0,0.07100492755200903,0.45996237574761434,0
80,31.0,41.0,5,0,0.025943393122175633,0.45996237574761434,0
80,32.0,40.0,5,0,0.07582351548109986,0.45996237574761434,0
80,33.0,39.0,5,0,0.07389457230159974,0.45996237574761434,0
80,34.0,38.0,5,0,0.044638362063069766,0.45996237574761434,0
80,35.0,37.0,5,0,0.007237912846771069,0.45996237574761434,0
80,36.0,36.0,5,0,0.0343979622103641,0.45996237574761434,0
80,37.0,35.0,5,0,0.04188511429533351,0.45996237574761434,0
80,38.0,34.0,5,0,0.06328443263298911,0.45996237574761434,0
80,39.0,33.0,5,0,0.05045441540930369,0.45996237574761434,0
80,40.0,32.0,5,0,0.05139267789828696,0.45996237574761434,0
80,41.0,31.0,5,0,0.022514342030339488,0.45996237574761434,0
80,42.0,30.0,5,0,0.019818717902362695,0.45996237574761434,0
80,43.0,29.0,5,0,0.024885780034189803,0.45996237574761434,0
80,44.0,28.0,5,0,0.03870726828123428,0.45996237574761434,0
80,45.0,27.0,5,0,0.1465405793469841,0.45996237574761434,0
80,46.0,26.0,5,0,0.03746049917065123,0.45996237574761434,0
80,47.0,25.0,5,0,0.07605585556576298,0.45996237574761434,0
80,48.0,24.0,5,0,0.029845782379666206,0.45996237574761434,0
80,49.0,23.0,5,0,0.061288234108035605,0.45996237574761434,0
80,50.0,22.0,5,0,0.08687088430248473,0.45996237574761434,0
80,51.0,21.0,5,0,0.05986488052133231,0.45996237574761434,0
80,52.0,20.0,5,1,0.10820411119304008,0.45996237574761434,0
80,53.0,19.0,5,1,0.07626855590442379,0.45996237574761434,0
80,54.0,18.0,5,1,0.05225309144304879,0.45996237574761434,0
80,55.0,17.0,5,1,0.2163456142257078,0.45996237574761434,0
80,56.0,16.0,5,1,0.07262230783901776,0.45996237574761434,0
80,57.0,15.0,5,1,0.12223045936281354,0.45996237574761434,0
80,58.0,14.0,5,1,0.06014710796362517,0.45996237574761434,0
80,59.0,13.0,5,1,0.061636734431586515,0.45996237574761434,0
80,60.0,12.0,5,1,0.3124436827871518,0.45996237574761434,0
80,61.0,11.0,5,1,0.07646917148639625,0.45996237574761434,0
80,62.0,10.0,5,1,0.17718738761719555,0.45996237574761434,0
80,63.0,9.0,5,1,0.09605807295209508,0.45996237574761434,0
80,64.0,8.0,5,1,0.14535502317302432,0.45996237574761434,0
80,65.0,7.0,5,1,0.03193488687799105,0.45996237574761434,0
80,66.0,6.0,5,1,0.14785536319867945,0.45996237574761434,0
80,67.0,5.0,5,1,0.1098770627103789,0.45996237574761434,0
80,68.0,4.0,5,1,0.24613691762366746,0.45996237574761434,0
80,69.0,3.0,5,1,0.17738584101150942,0.45996237574761434,0
80,70.0,2.0,5,1,0.29002283452128524,0.45996237574761434,0
80,71.0,1.0,5,1,0.14554504777144808,0.45996237574761434,0
80,72.0,0.0,5,1,0.3820092334263821,0.45996237574761434,0
81,1.0,52.0,5,0,0.28981645917855225,0.45996237574761434,0
81,2.0,51.0,5,0,0.3517056814495733,0.45996237574761434,0
81,3.0,50.0,5,0,0.24814670926757043,0.45996237574761434,0
81,4.0,49.0,5,0,0.2076756814897632,0.45996237574761434,0
81,5.0,48.0,5,0,0.21094247983008238,0.45996237574761434,0
81,6.0,47.0,5,0,0.14698772795550982,0.45996237574761434,0
81,7.0,46.0,5,0,0.2470480649610355,0.45996237574761434,0
81,8.0,45.0,5,0,0.21208293903323236,0.45996237574761434,0
81,9.0,44.0,5,0,0.24456881029215985,0.45996237574761434,0
81,10.0,43.0,5,0,0.15259970591815447,0.45996237574761434,0
81,11.0,42.0,5,0,0.23178526521373213,0.45996237574761434,0
81,12.0,41.0,5,0,0.24245004939150103,0.45996237574761434,0
81,13.0,40.0,5,0,0.3399964720110516,0.45996237574761434,0
81,14.0,39.0,5,0,0.22564655614715362,0.45996237574761434,0
81,15.0,38.0,5,0,0.23775818757759054,0.45996237574761434,0
81,16.0,37.0,5,0,0.22155696647735615,0.45996237574761434,0
81,17.0,36.0,5,0,0.21020388085946481,0.45996237574761434,0
81,18.0,35.0,5,0,0.23475316550201947,0.45996237574761434,0
81,19.0,34.0,5,0,0.2933246244662009,0.45996237574761434,0
81,20.0,33.0,5,0,0.20421611855094782,0.45996237574761434,0
81,21.0,32.0,5,0,0.18357216943368845,0.45996237574761434,0
81,22.0,31.0,5,0,0.46474548117824604,0.45996237574761434,1
81,23.0,30.0,5,0,0.21615115074689073,0.45996237574761434,0
81,24.0,29.0,5,0,0.12503870777828563,0.45996237574761434,0
81,25.0,28.0,5,0,0.19081650010119028,0.45996237574761434,0
81,26.0,27.0,5,0,0.2171347263917831,0.45996237574761434,0
81,27.0,26.0,5,0,0.3007229909628863,0.45996237574761434,0
81,28.0,25.0,5,0,0.2194701488516261,0.45996237574761434,0
81,29.0,24.0,5,0,0.37439633407428263,0.45996237574761434,0
81,30.0,23.0,5,0,0.287219898609794,0.45996237574761434,0
81,31.0,22.0,5,0,0.17111806731262424,0.45996237574761434,0
81,32.0,21.0,5,0,0.19807797544958208,0.45996237574761434,0
81,33.0,20.0,5,1,0.3768107778934024,0.45996237574761434,0
81,34.0,19.0,5,1,0.3677624321936056,0.45996237574761434,0
81,35.0,18.0,5,1,0.29050970727645803,0.45996237574761434,0
81,36.0,17.0,5,1,0.44673215855937054,0.45996237574761434,0
81,37.0,16.0,5,1,0.2926694940621491,0.45996237574761434,0
81,38.0,15.0,5,1,0.22787034460697322,0.45996237574761434,0
81,39.0,14.0,5,1,0.3939217819228318,0.45996237574761434,0
81,40.0,13.0,5,1,0.3134095007226284,0.45996237574761434,0
81,41.0,12.0,5,1,0.4462501076281781,0.45996237574761434,0
81,42.0,11.0,5,1,0.40487213116280996,0.45996237574761434,0
81,43.0,10.0,5,1,0.34239258347273693,0.45996237574761434,0
81,44.0,9.0,5,1,0.358149535595554,0.45996237574761434,0
81,45.0,8.0,5,1,0.34326018723444696,0.45996237574761434,0
81,46.0,7.0,5,1,0.36022919770869094,0.45996237574761434,0
81,47.0,6.0,5,1,0.5445891808521884,0.45996237574761434,1
81,48.0,5.0,5,1,0.4238596778725899,0.45996237574761434,0
81,49.0,4.0,5,1,0.6433497982062404,0.45996237574761434,1
81,50.0,3.0,5,1,0.5309690478542409,0.45996237574761434,1
81,51.0,2.0,5,1,0.5104874383152219,0.45996237574761434,1
81,52.0,1.0,5,1,0.5390080444170744,0.45996237574761434,1
81,53.0,0.0,5,1,0.40932627448249376,0.45996237574761434,0
82,1.0,51.0,3,0,0.33756877241371736,0.4720856588877864,0
82,2.0,50.0,3,0,0.27849455797692235,0.4720856588877864,0
82,3.0,49.0,3,0,0.236807393367404,0.4720856588877864,0
82,4.0,48.0,3,0,0.40112990806167426,0.4720856588877864,0
82,5.0,47.0,3,0,0.23511187662820837,0.4720856588877864,0
82,6.0,46.0,3,0,0.1966376079253645,0.4720856588877864,0
82,7.0,45.0,3,0,0.14157132533677141,0.4720856588877864,0
82,8.0,44.0,3,0,0.47278665481027815,0.4720856588877864,1
82,9.0,43.0,3,0,0.291939250266871,0.4720856588877864,0
82,10.0,42.0,3,0,0.403310413370096,0.4720856588877864,0
82,11.0,41.0,3,0,0.19409775330797532,0.4720856588877864,0
82,12.0,40.0,3,0,0.2138834906817086,0.4720856588877864,0
82,13.0,39.0,3,0,0.08158124737652374,0.4720856588877864,0
82,14.0,38.0,3,0,0.24454313578243253,0.4720856588877864,0
82,15.0,37.0,3,0,0.15883308532194218,0.4720856588877864,0
82,16.0,36.0,3,0,0.2588815852235454,0.4720856588877864,0
82,17.0,35.0,3,0,0.196003119711925,0.4720856588877864,0
82,18.0,34.0,3,0,0.1481699419862897,0.4720856588877864,0
82,19.0,33.0,3,0,0.2003730243556905,0.4720856588877864,0
82,20.0,32.0,3,0,0.20915010761389616,0.4720856588877864,0
82,21.0,31.0,3,0,0.07969678652078,0.4720856588877864,0
82,22.0,30.0,3,0,0.20867000004509348,0.4720856588877864,0
82,23.0,29.0,3,0,0.24094543982918504,0.4720856588877864,0
82,24.0,28.0,3,0,0.4150115258377666,0.4720856588877864,0
82,25.0,27.0,3,0,0.2055467903190307,0.4720856588877864,0
82,26.0,26.0,3,0,0.2523668022529088,0.4720856588877864,0
82,27.0,25.0,3,0,0.4387459032829561,0.4720856588877864,0
82,28.0,24.0,3,0,0.11560911457346149,0.4720856588877864,0
82,29.0,23.0,3,0,0.28816430304121493,0.4720856588877864,0
82,30.0,22.0,3,0,0.4009918048442691,0.4720856588877864,0
82,31.0,21.0,3,0,0.4434304590379416,0.4720856588877864,0
82,32.0,20.0,3,1,0.5437339364422343,0.4720856588877864,1
82,33.0,19.0,3,1,0.1722131910925067,0.4720856588877864,0
82,34.0,18.0,3,1,0.22154836446267662,0.4720856588877864,0
82,35.0,17.0,3,1,0.3502712240857055,0.4720856588877864,0
82,36.0,16.0,3,1,0.46754415513414715,0.4720856588877864,0
82,37.0,15.0,3,1,0.32300121270444554,0.4720856588877864,0
82,38.0,14.0,3,1,0.34935439696017784,0.4720856588877864,0
82,39.0,13.0,3,1,0.5548061863357756,0.4720856588877864,1
82,40.0,12.0,3,1,0.35656111607807883,0.4720856588877864,0
82,41.0,11.0,3,1,0.8833254230838611,0.4720856588877864,1
82,42.0,10.0,3,1,0.8718385618509559,0.4720856588877864,1
82,43.0,9.0,3,1,0.8415850688584163,0.4720856588877864,1
82,44.0,8.0,3,1,0.9138598215020703,0.4720856588877864,1
82,45.0,7.0,3,1,0.6952513006483513,0.4720856588877864,1
82,46.0,6.0,3,1,0.8569623995205841,0.4720856588877864,1
82,47.0,5.0,3,1,0.9708121389335045,0.4720856588877864,1
82,48.0,4.0,3,1,0.5488969879355239,0.4720856588877864,1
82,49.0,3.0,3,1,0.9688149700093703,0.4720856588877864,1
82,50.0,2.0,3,1,0.7532891323042477,0.4720856588877864,1
82,51.0,1.0,3,1,0.9638117571348367,0.4720856588877864,1
82,52.0,0.0,3,1,0.9724638441646402,0.4720856588877864,1
83,1.0,52.0,5,0,0.2422177110754715,0.45996237574761434,0
83,2.0,51.0,5,0,0.23578467226158778,0.45996237574761434,0
83,3.0,50.0,5,0,0.24588598706812057,0.45996237574761434,0
83,4.0,49.0,5,0,0.17833167734563152,0.45996237574761434,0
83,5.0,48.0,5,0,0.22144908285812362,0.45996237574761434,0
83,6.0,47.0,5,0,0.2266246717444184,0.45996237574761434,0
83,7.0,46.0,5,0,0.25329356465321096,0.45996237574761434,0
83,8.0,45.0,5,0,0.16823321260313737,0.45996237574761434,0
83,9.0,44.0,5,0,0.3366890643803349,0.45996237574761434,0
83,10.0,43.0,5,0,0.19152797295731802,0.45996237574761434,0
83,11.0,42.0,5,0,0.16690650965036696,0.45996237574761434,0
83,12.0,41.0,5,0,0.1780175159444856,0.45996237574761434,0
83,13.0,40.0,5,0,0.39921443076482055,0.45996237574761434,0
83,14.0,39.0,5,0,0.22251367569044406,0.45996237574761434,0
83,15.0,38.0,5,0,0.29601034264488063,0.45996237574761434,0
83,16.0,37.0,5,0,0.27021326511483496,0.45996237574761434,0
83,17.0,36.0,5,0,0.20470326079902162,0.45996237574761434,0
83,18.0,35.0,5,0,0.3057758031726882,0.45996237574761434,0
83,19.0,34.0,5,0,0.33633170232658616,0.45996237574761434,0
83,20.0,33.0,5,0,0.17811426277238637,0.45996237574761434,0
83,21.0,32.0,5,0,0.25490395808580274,0.45996237574761434,0
83,22.0,31.0,5,0,0.19037626242797567,0.45996237574761434,0
83,23.0,30.0,5,0,0.16764109201901667,0.45996237574761434,0
83,24.0,29.0,5,0,0.21021367951120323,0.45996237574761434,0
83,25.0,28.0,5,0,0.3418924224466812,0.45996237574761434,0
83,26.0,27.0,5,0,0.22741999678027355,0.45996237574761434,0
83,27.0,26.0,5,0,0.09740742971959032,0.45996237574761434,0
83,28.0,25.0,5,0,0.3051293486549825,0.45996237574761434,0
83,29.0,24.0,5,0,0.3978468372292082,0.45996237574761434,0
83,30.0,23.0,5,0,0.5801097442880703,0.45996237574761434,1
83,31.0,22.0,5,0,0.3344151835513194,0.45996237574761434,0
83,32.0,21.0,5,0,0.23833533000335214,0.45996237574761434,0
83,33.0,20.0,5,1,0.3694312126340208,0.45996237574761434,0
83,34.0,19.0,5,1,0.37532580415565425,0.45996237574761434,0
83,35.0,18.0,5,1,0.5531161432278988,0.45996237574761434,1
83,36.0,17.0,5,1,0.3746015579154513,0.45996237574761434,0
83,37.0,16.0,5,1,0.4485734077246275,0.45996237574761434,0
83,38.0,15.0,5,1,0.6525465550143383,0.45996237574761434,1
83,39.0,14.0,5,1,0.3727524297244493,0.45996237574761434,0
83,40.0,13.0,5,1,0.5016562039300623,0.45996237574761434,1
83,41.0,12.0,5,1,0.4354700498505838,0.45996237574761434,0
83,42.0,11.0,5,1,0.483536088912793,0.45996237574761434,1
83,43.0,10.0,5,1,0.7167610052661106,0.45996237574761434,1
83,44.0,9.0,5,1,0.7097666750649405,0.45996237574761434,1
83,45.0,8.0,5,1,0.8663852970178032,0.45996237574761434,1
83,46.0,7.0,5,1,0.8546218960864873,0.45996237574761434,1
83,47.0,6.0,5,1,0.6319561578078706,0.45996237574761434,1
83,48.0,5.0,5,1,0.9205873453330758,0.45996237574761434,1
83,49.0,4.0,5,1,0.8722853952305255,0.45996237574761434,1
83,50.0,3.0,5,1,0.9857840740857573,0.45996237574761434,1
83,51.0,2.0,5,1,0.876413519296643,0.45996237574761434,1
83,52.0,1.0,5,1,0.9662619419995699,0.45996237574761434,1
83,53.0,0.0,5,1,0.9757053978920818,0.45996237574761434,1
84,1.0,47.0,4,0,0.24503933306390446,0.4736130371384783,0
84,2.0,46.0,4,0,0.16408185389051305,0.4736130371384783,0
84,3.0,45.0,4,0,0.19218598559019523,0.4736130371384783,0
84,4.0,44.0,4,0,0.21084554191933,0.4736130371384783,0
84,5.0,43.0,4,0,0.16742852543990483,0.4736130371384783,0
84,6.0,42.0,4,0,0.15561500889228783,0.4736130371384783,0
84,7.0,41.0,4,0,0.3650750136915983,0.4736130371384783,0
84,8.0,40.0,4,0,0.15064545127840961,0.4736130371384783,0
84,9.0,39.0,4,0,0.24734357262664972,0.4736130371384783,0
84,10.0,38.0,4,0,0.21588879261880056,0.4736130371384783,0
84,11.0,37.0,4,0,0.23700834563389667,0.4736130371384783,0
84,12.0,36.0,4,0,0.23008624197059818,0.4736130371384783,0
84,13.0,35.0,4,0,0.16522107019086568,0.4736130371384783,0
84,14.0,34.0,4,0,0.16397255184013473,0.4736130371384783,0
84,15.0,33.0,4,0,0.25519711613634705,0.4736130371384783,0
84,16.0,32.0,4,0,0.11110132550056884,0.4736130371384783,0
84,17.0,31.0,4,0,0.18540915279064973,0.4736130371384783,0
84,18.0,30.0,4,0,0.5080398442703059,0.4736130371384783,1
84,19.0,29.0,4,0,0.4196647126039257,0.4736130371384783,0
84,20.0,28.0,4,0,0.1527906217944049,0.4736130371384783,0
84,21.0,27.0,4,0,0.19283441746609592,0.4736130371384783,0
84,22.0,26.0,4,0,0.3066969439223819,0.4736130371384783,0
84,23.0,25.0,4,0,0.2582130053665942,0.4736130371384783,0
84,24.0,24.0,4,0,0.31607932989712584,0.4736130371384783,0
84,25.0,23.0,4,0,0.3512699671632391,0.4736130371384783,0
84,26.0,22.0,4,0,0.398669238535961,0.4736130371384783,0
84,27.0,21.0,4,0,0.12978251509951544,0.4736130371384783,0
84,28.0,20.0,4,1,0.24425008056755546,0.4736130371384783,0
84,29.0,19.0,4,1,0.5697721251835764,0.4736130371384783,1
84,30.0,18.0,4,1,0.27961241548965415,0.4736130371384783,0
84,31.0,17.0,4,1,0.32656469815225825,0.4736130371384783,0
84,32.0,16.0,4,1,0.5898874001922761,0.4736130371384783,1
84,33.0,15.0,4,1,0.5572503881760301,0.4736130371384783,1
84,34.0,14.0,4,1,0.4478295042755739,0.4736130371384783,0
84,35.0,13.0,4,1,0.6848059947106974,0.4736130371384783,1
84,36.0,12.0,4,1,0.5747435934004299,0.4736130371384783,1
84,37.0,11.0,4,1,0.46662836961683757,0.4736130371384783,0
84,38.0,10.0,4,1,0.9206714854602416,0.4736130371384783,1
84,39.0,9.0,4,1,0.8211640118001138,0.4736130371384783,1
84,40.0,8.0,4,1,0.4781409394003314,0.4736130371384783,1
84,41.0,7.0,4,1,0.817440260570022,0.4736130371384783,1
84,42.0,6.0,4,1,0.678120813983515,0.4736130371384783,1
84,43.0,5.0,4,1,0.9560992429797612,0.4736130371384783,1
84,44.0,4.0,4,1,0.7008632694085919,0.4736130371384783,1
84,45.0,3.0,4,1,0.86573349571256,0.4736130371384783,1
84,46.0,2.0,4,1,0.8295237739698387,0.4736130371384783,1
84,47.0,1.0,4,1,0.7981242309296238,0.4736130371384783,1
84,48.0,0.0,4,1,0.9763327700698996,0.4736130371384783,1
85,1.0,49.0,2,0,0.22490100752521777,0.4622183788044668,0
85,2.0,48.0,2,0,0.2821141607676053,0.4622183788044668,0
85,3.0,47.0,2,0,0.30433522928797874,0.4622183788044668,0
85,4.0,46.0,2,0,0.2684742699817987,0.4622183788044668,0
85,5.0,45.0,2,0,0.20834165497523385,0.4622183788044668,0
85,6.0,44.0,2,0,0.18257388500870503,0.4622183788044668,0
85,7.0,43.0,2,0,0.15369107859868597,0.4622183788044668,0
85,8.0,42.0,2,0,0.3318782319823748,0.4622183788044668,0
85,9.0,41.0,2,0,0.24695803360376686,0.4622183788044668,0
85,10.0,40.0,2,0,0.13613731076953264,0.4622183788044668,0
85,11.0,39.0,2,0,0.2596461052396122,0.4622183788044668,0
85,12.0,38.0,2,0,0.2577792645719608,0.4622183788044668,0
85,13.0,37.0,2,0,0.2320851885618799,0.4622183788044668,0
85,14.0,36.0,2,0,0.2582610756834446,0.4622183788044668,0
85,15.0,35.0,2,0,0.36342833901617566,0.4622183788044668,0
85,16.0,34.0,2,0,0.19491887189589457,0.4622183788044668,0
85,17.0,33.0,2,0,0.43590013899150576,0.4622183788044668,0
85,18.0,32.0,2,0,0.33672814130715795,0.4622183788044668,0
85,19.0,31.0,2,0,0.3883087550876069,0.4622183788044668,0
85,20.0,30.0,2,0,0.22639871334104233,0.4622183788044668,0
85,21.0,29.0,2,0,0.30724877740450646,0.4622183788044668,0
85,22.0,28.0,2,0,0.27270710464652637,0.4622183788044668,0
85,23.0,27.0,2,0,0.29788677063389796,0.4622183788044668,0
85,24.0,26.0,2,0,0.291974608650276,0.4622183788044668,0
85,25.0,25.0,2,0,0.44197627846588755,0.4622183788044668,0
85,26.0,24.0,2,0,0.4838023471328766,0.4622183788044668,1
85,27.0,23.0,2,0,0.15526853963430287,0.4622183788044668,0
85,28.0,22.0,2,0,0.4214322607048227,0.4622183788044668,0
85,29.0,21.0,2,0,0.40784638560207653,0.4622183788044668,0
85,30.0,20.0,2,1,0.2909677821167926,0.4622183788044668,0
85,31.0,19.0,2,1,0.4073774702357813,0.4622183788044668,0
85,32.0,18.0,2,1,0.3472504273273796,0.4622183788044668,0
85,33.0,17.0,2,1,0.5752327267948006,0.4622183788044668,1
85,34.0,16.0,2,1,0.33293691588493696,0.4622183788044668,0
85,35.0,15.0,2,1,0.5843608470672293,0.4622183788044668,1
85,36.0,14.0,2,1,0.37817356594416474,0.4622183788044668,0
85,37.0,13.0,2,1,0.5224716932267459,0.4622183788044668,1
85,38.0,12.0,2,1,0.4335230151390671,0.4622183788044668,0
85,39.0,11.0,2,1,0.5762539045514933,0.4622183788044668,1
85,40.0,10.0,2,1,0.8668378976908534,0.4622183788044668,1
85,41.0,9.0,2,1,0.8814236190898017,0.4622183788044668,1
85,42.0,8.0,2,1,0.5347832403960712,0.4622183788044668,1
85,43.0,7.0,2,1,0.675507693883113,0.4622183788044668,1
85,44.0,6.0,2,1,0.6450548313662545,0.4622183788044668,1
85,45.0,5.0,2,1,0.7773593237448234,0.4622183788044668,1
85,46.0,4.0,2,1,0.5666066637861799,0.4622183788044668,1
85,47.0,3.0,2,1,0.7438383426659327,0.4622183788044668,1
85,48.0,2.0,2,1,0.8677412224658061,0.4622183788044668,1
85,49.0,1.0,2,1,0.9672802685784739,0.4622183788044668,1
85,50.0,0.0,2,1,0.9655361420635074,0.4622183788044668,1
86,1.0,59.0,1,0,0.20900574254484655,0.47936572047395676,0
86,2.0,58.0,1,0,0.2721706193790214,0.47936572047395676,0
86,3.0,57.0,1,0,0.32889061709789363,0.47936572047395676,0
86,4.0,56.0,1,0,0.13721171753015415,0.47936572047395676,0
86,5.0,55.0,1,0,0.147802585559193,0.47936572047395676,0
86,6.0,54.0,1,0,0.24696961516262755,0.47936572047395676,0
86,7.0,53.0,1,0,0.23157525199686693,0.47936572047395676,0
86,8.0,52.0,1,0,0.3109366541018772,0.47936572047395676,0
86,9.0,51.0,1,0,0.23590587741732855,0.47936572047395676,0
86,10.0,50.0,1,0,0.19381165312643273,0.47936572047395676,0
86,11.0,49.0,1,0,0.29320831209727966,0.47936572047395676,0
86,12.0,48.0,1,0,0.26753835523199626,0.47936572047395676,0
86,13.0,47.0,1,0,0.18945024896909063,0.47936572047395676,0
86,14.0,46.0,1,0,0.3183001544942288,0.47936572047395676,0
86,15.0,45.0,1,0,0.25973815039951204,0.47936572047395676,0
86,16.0,44.0,1,0,0.3601390025929479,0.47936572047395676,0
86,17.0,43.0,1,0,0.2480406066683869,0.47936572047395676,0
86,18.0,42.0,1,0,0.2674042342889243,0.47936572047395676,0
86,19.0,41.0,1,0,0.3727149630906199,0.47936572047395676,0
86,20.0,40.0,1,0,0.34291869410300013,0.47936572047395676,0
86,21.0,39.0,1,0,0.3622290766350889,0.47936572047395676,0
86,22.0,38.0,1,0,0.2208633900816262,0.47936572047395676,0
86,23.0,37.0,1,0,0.24300557358672603,0.47936572047395676,0
86,24.0,36.0,1,0,0.3806444398618068,0.47936572047395676,0
86,25.0,35.0,1,0,0.27282151556264655,0.47936572047395676,0
86,26.0,34.0,1,0,0.12017984676962999,0.47936572047395676,0
86,27.0,33.0,1,0,0.1801583749036992,0.47936572047395676,0
86,28.0,32.0,1,0,0.4105366125205652,0.47936572047395676,0
86,29.0,31.0,1,0,0.22960517609919692,0.47936572047395676,0
86,30.0,30.0,1,0,0.397673401890567,0.47936572047395676,0
86,31.0,29.0,1,0,0.5068635618711164,0.47936572047395676,1
86,32.0,28.0,1,0,0.20226083478628476,0.47936572047395676,0
86,33.0,27.0,1,0,0.3159953947422084,0.47936572047395676,0
86,34.0,26.0,1,0,0.2548297251615998,0.47936572047395676,0
86,35.0,25.0,1,0,0.39052066924094225,0.47936572047395676,0
86,36.0,24.0,1,0,0.3865149430134109,0.47936572047395676,0
86,37.0,23.0,1,0,0.47325241436510374,0.47936572047395676,0
86,38.0,22.0,1,0,0.4705110972585695,0.47936572047395676,0
86,39.0,21.0,1,0,0.42076407235263275,0.47936572047395676,0
86,40.0,20.0,1,1,0.5251687527265761,0.47936572047395676,1
86,41.0,19.0,1,1,0.4112336658969787,0.47936572047395676,0
86,42.0,18.0,1,1,0.5352454782164566,0.47936572047395676,1
86,43.0,17.0,1,1,0.5749142427222792,0.47936572047395676,1
86,44.0,16.0,1,1,0.4132480358046426,0.47936572047395676,0
86,45.0,15.0,1,1,0.621314131387935,0.47936572047395676,1
86,46.0,14.0,1,1,0.917987975607245,0.47936572047395676,1
86,47.0,13.0,1,1,0.6745365860259094,0.47936572047395676,1
86,48.0,12.0,1,1,0.6781512857836997,0.47936572047395676,1
86,49.0,11.0,1,1,0.5618448396657115,0.47936572047395676,1
86,50.0,10.0,1,1,0.8023346141960351,0.47936572047395676,1
86,51.0,9.0,1,1,0.9395674315046761,0.47936572047395676,1
86,52.0,8.0,1,1,0.9052947358859392,0.47936572047395676,1
86,53.0,7.0,1,1,0.9636189427538862,0.47936572047395676,1
86,54.0,6.0,1,1,0.8223875837979746,0.47936572047395676,1
86,55.0,5.0,1,1,0.9488706149322976,0.47936572047395676,1
86,56.0,4.0,1,1,0.8792377305069662,0.47936572047395676,1
86,57.0,3.0,1,1,0.9808278162706798,0.47936572047395676,1
86,58.0,2.0,1,1,0.9968078987283384,0.47936572047395676,1
86,59.0,1.0,1,1,0.9196859117135261,0.47936572047395676,1
86,60.0,0.0,1,1,0.9512703570488084,0.47936572047395676,1
87,1.0,61.0,5,0,0.057570301167758735,0.45996237574761434,0
87,2.0,60.0,5,0,0.18377616617975168,0.45996237574761434,0
87,3.0,59.0,5,0,0.2540013011777672,0.45996237574761434,0
87,4.0,58.0,5,0,0.19441480293096475,0.45996237574761434,0
87,5.0,57.0,5,0,0.31945745134278797,0.45996237574761434,0
87,6.0,56.0,5,0,0.21527459094929757,0.45996237574761434,0
87,7.0,55.0,5,0,0.2976902894944439,0.45996237574761434,0
87,8.0,54.0,5,0,0.1902676713717558,0.45996237574761434,0
87,9.0,53.0,5,0,0.19606059848345017,0.45996237574761434,0
87,10.0,52.0,5,0,0.1443443926405997,0.45996237574761434,0
87,11.0,51.0,5,0,0.13973099989747045,0.45996237574761434,0
87,12.0,50.0,5,0,0.09106588198774203,0.45996237574761434,0
87,13.0,49.0,5,0,0.24349962247572035,0.45996237574761434,0
87,14.0,48.0,5,0,0.2902040011804186,0.45996237574761434,0
87,15.0,47.0,5,0,0.5016188501254685,0.45996237574761434,1
87,16.0,46.0,5,0,0.24052095054304526,0.45996237574761434,0
87,17.0,45.0,5,0,0.3034575152693123,0.45996237574761434,0
87,18.0,44.0,5,0,0.2549161828673955,0.45996237574761434,0
87,19.0,43.0,5,0,0.07480546931119568,0.45996237574761434,0
87,20.0,42.0,5,0,0.26996743930626815,0.45996237574761434,0
87,21.0,41.0,5,0,0.35260530342498764,0.45996237574761434,0
87,22.0,40.0,5,0,0.33825450181197664,0.45996237574761434,0
87,23.0,39.0,5,0,0.21475431418534494,0.45996237574761434,0
87,24.0,38.0,5,0,0.1617183361717592,0.45996237574761434,0
87,25.0,37.0,5,0,0.31863001915751366,0.45996237574761434,0
87,26.0,36.0,5,0,0.20889394496699004,0.45996237574761434,0
87,27.0,35.0,5,0,0.23866709211154918,0.45996237574761434,0
87,28.0,34.0,5,0,0.19258710875978832,0.45996237574761434,0
87,29.0,33.0,5,0,0.18810725690393323,0.45996237574761434,0
87,30.0,32.0,5,0,0.3103352450091008,0.45996237574761434,0
87,31.0,31.0,5,0,0.2719837992544897,0.45996237574761434,0
87,32.0,30.0,5,0,0.3493222790949558,0.45996237574761434,0
87,33.0,29.0,5,0,0.3393031502964697,0.45996237574761434,0
87,34.0,28.0,5,0,0.5548903781455254,0.45996237574761434,1
87,35.0,27.0,5,0,0.4135063181952652,0.45996237574761434,0
87,36.0,26.0,5,0,0.290205833326489,0.45996237574761434,0
87,37.0,25.0,5,0,0.230153274877669,0.45996237574761434,0
87,38.0,24.0,5,0,0.2554043165850881,0.45996237574761434,0
87,39.0,23.0,5,0,0.44706097726145777,0.45996237574761434,0
87,40.0,22.0,5,0,0.42715984083419956,0.45996237574761434,0
87,41.0,21.0,5,0,0.2792970225176213,0.45996237574761434,0
87,42.0,20.0,5,1,0.5637088378209427,0.45996237574761434,1
87,43.0,19.0,5,1,0.5339650736725507,0.45996237574761434,1
87,44.0,18.0,5,1,0.5023784796763056,0.45996237574761434,1
87,45.0,17.0,5,1,0.23576597805843916,0.45996237574761434,0
87,46.0,16.0,5,1,0.6640452934189601,0.45996237574761434,1
87,47.0,15.0,5,1,0.3712479597803264,0.45996237574761434,0
87,48.0,14.0,5,1,0.3900226976973995,0.45996237574761434,0
87,49.0,13.0,5,1,0.5767283038809986,0.45996237574761434,1
87,50.0,12.0,5,1,0.67780787801938,0.45996237574761434,1
87,51.0,11.0,5,1,0.6088718322314342,0.45996237574761434,1
87,52.0,10.0,5,1,0.5601120437355894,0.45996237574761434,1
87,53.0,9.0,5,1,0.4604708690545491,0.45996237574761434,1
87,54.0,8.0,5,1,0.7962800117306195,0.45996237574761434,1
87,55.0,7.0,5,1,0.7441429156230289,0.45996237574761434,1
87,56.0,6.0,5,1,0.7701994400025116,0.45996237574761434,1
87,57.0,5.0,5,1,0.8991729702819309,0.45996237574761434,1
87,58.0,4.0,5,1,0.546490544891281,0.45996237574761434,1
87,59.0,3.0,5,1,0.708878294817446,0.45996237574761434,1
87,60.0,2.0,5,1,0.8588406270130435,0.45996237574761434,1
87,61.0,1.0,5,1,0.8956596972945524,0.45996237574761434,1
87,62.0,0.0,5,1,0.8951121097822637,0.45996237574761434,1
88,1.0,61.0,3,0,0.15800131697916478,0.4720856588877864,0
88,2.0,60.0,3,0,0.2399928283829213,0.4720856588877864,0
88,3.0,59.0,3,0,0.1970312937717304,0.4720856588877864,0
88,4.0,58.0,3,0,0.18360913537632934,0.4720856588877864,0
88,5.0,57.0,3,0,0.14709907179622067,0.4720856588877864,0
88,6.0,56.0,3,0,0.14569236708687214,0.4720856588877864,0
88,7.0,55.0,3,0,0.27262425513769195,0.4720856588877864,0
88,8.0,54.0,3,0,0.23841396708629306,0.4720856588877864,0
88,9.0,53.0,3,0,0.15805591005105493,0.4720856588877864,0
88,10.0,52.0,3,0,0.23401670960977747,0.4720856588877864,0
88,11.0,51.0,3,0,0.19512973639421222,0.4720856588877864,0
88,12.0,50.0,3,0,0.24832741053445131,0.4720856588877864,0
88,13.0,49.0,3,0,0.4383412638670426,0.4720856588877864,0
88,14.0,48.0,3,0,0.1368583568882937,0.4720856588877864,0
88,15.0,47.0,3,0,0.1977170591760954,0.4720856588877864,0
88,16.0,46.0,3,0,0.4765829098975027,0.4720856588877864,1
88,17.0,45.0,3,0,0.2660427957069245,0.4720856588877864,0
88,18.0,44.0,3,0,0.3278154147845863,0.4720856588877864,0
88,19.0,43.0,3,0,0.22153732259662537,0.4720856588877864,0
88,20.0,42.0,3,0,0.34995931763661736,0.4720856588877864,0
88,21.0,41.0,3,0,0.24742075961452856,0.4720856588877864,0
88,22.0,40.0,3,0,0.4254815695186225,0.4720856588877864,0
88,23.0,39.0,3,0,0.5941540697815129,0.4720856588877864,1
88,24.0,38.0,3,0,0.23014376693556113,0.4720856588877864,0
88,25.0,37.0,3,0,0.25391612912998074,0.4720856588877864,0
88,26.0,36.0,3,0,0.20757030624673284,0.4720856588877864,0
88,27.0,35.0,3,0,0.48230729685537865,0.4720856588877864,1
88,28.0,34.0,3,0,0.2063722769039432,0.4720856588877864,0
88,29.0,33.0,3,0,0.24248164205187933,0.4720856588877864,0
88,30.0,32.0,3,0,0.43357026224055356,0.4720856588877864,0
88,31.0,31.0,3,0,0.46743647997649335,0.4720856588877864,0
88,32.0,30.0,3,0,0.15978777032005864,0.4720856588877864,0
88,33.0,29.0,3,0,0.2924473975230414,0.4720856588877864,0
88,34.0,28.0,3,0,0.42454575293826885,0.4720856588877864,0
88,35.0,27.0,3,0,0.2814959228886965,0.4720856588877864,0
88,36.0,26.0,3,0,0.23967049882206584,0.4720856588877864,0
88,37.0,25.0,3,0,0.5872519953253176,0.4720856588877864,1
88,38.0,24.0,3,0,0.44593543455789125,0.4720856588877864,0
88,39.0,23.0,3,0,0.32615988414324054,0.4720856588877864,0
88,40.0,22.0,3,0,0.29389003291444715,0.4720856588877864,0
88,41.0,21.0,3,0,0.23644007931111755,0.4720856588877864,0
88,42.0,20.0,3,1,0.5967015689619527,0.4720856588877864,1
88,43.0,19.0,3,1,0.38455176197644036,0.4720856588877864,0
88,44.0,18.0,3,1,0.5022829052594452,0.4720856588877864,1
88,45.0,17.0,3,1,0.47169034227702505,0.4720856588877864,0
88,46.0,16.0,3,1,0.38316326588987093,0.4720856588877864,0
88,47.0,15.0,3,1,0.7884015503384605,0.4720856588877864,1
88,48.0,14.0,3,1,0.6808331785739772,0.4720856588877864,1
88,49.0,13.0,3,1,0.5971781994075621,0.4720856588877864,1
88,50.0,12.0,3,1,0.3961280391133502,0.4720856588877864,0
88,51.0,11.0,3,1,0.4815207570848706,0.4720856588877864,1
88,52.0,10.0,3,1,0.8165027993638297,0.4720856588877864,1
88,53.0,9.0,3,1,0.6546937828864966,0.4720856588877864,1
88,54.0,8.0,3,1,0.8098488770528717,0.4720856588877864,1
88,55.0,7.0,3,1,0.8534147949672463,0.4720856588877864,1
88,56.0,6.0,3,1,0.9009049694687963,0.4720856588877864,1
88,57.0,5.0,3,1,0.8588840756990821,0.4720856588877864,1
88,58.0,4.0,3,1,0.943962876892287,0.4720856588877864,1
88,59.0,3.0,3,1,0.9067009321636612,0.4720856588877864,1
88,60.0,2.0,3,1,0.9382665928301427,0.4720856588877864,1
88,61.0,1.0,3,1,0.9599100855670331,0.4720856588877864,1
88,62.0,0.0,3,1,0.8419617350050419,0.4720856588877864,1
89,1.0,58.0,5,0,0.2194437521756452,0.45996237574761434,0
89,2.0,57.0,5,0,0.054103587006460084,0.45996237574761434,0
89,3.0,56.0,5,0,0.28610726973563866,0.45996237574761434,0
89,4.0,55.0,5,0,0.2786933074388643,0.45996237574761434,0
89,5.0,54.0,5,0,0.15615452473284305,0.45996237574761434,0
89,6.0,53.0,5,0,0.10074180524102033,0.45996237574761434,0
89,7.0,52.0,5,0,0.2046710190652195,0.45996237574761434,0
89,8.0,51.0,5,0,0.23006005527954174,0.45996237574761434,0
89,9.0,50.0,5,0,0.2655738349022754,0.45996237574761434,0
89,10.0,49.0,5,0,0.2171900612074954,0.45996237574761434,0
89,11.0,48.0,5,0,0.10358939436518096,0.45996237574761434,0
89,12.0,47.0,5,0,0.17806324955510563,0.45996237574761434,0
89,13.0,46.0,5,0,0.18646033384903432,0.45996237574761434,0
89,14.0,45.0,5,0,0.2424612278580893,0.45996237574761434,0
89,15.0,44.0,5,0,0.36182085617886167,0.45996237574761434,0
89,16.0,43.0,5,0,0.24138808631943368,0.45996237574761434,0
89,17.0,42.0,5,0,0.33479547202618143,0.45996237574761434,0
89,18.0,41.0,5,0,0.21613882545848348,0.45996237574761434,0
89,19.0,40.0,5,0,0.14663030496017854,0.45996237574761434,0
89,20.0,39.0,5,0,0.21379019917979739,0.45996237574761434,0
89,21.0,38.0,5,0,0.1897090351287221,0.45996237574761434,0
89,22.0,37.0,5,0,0.4456327614745998,0.45996237574761434,0
89,23.0,36.0,5,0,0.326068070803225,0.45996237574761434,0
89,24.0,35.0,5,0,0.4094574002877507,0.45996237574761434,0
89,25.0,34.0,5,0,0.15188702991138087,0.45996237574761434,0
89,26.0,33.0,5,0,0.25860141887570054,0.45996237574761434,0
89,27.0,32.0,5,0,0.12206499982147227,0.45996237574761434,0
89,28.0,31.0,5,0,0.1277619424885457,0.45996237574761434,0
89,29.0,30.0,5,0,0.23129101775085364,0.45996237574761434,0
89,30.0,29.0,5,0,0.19072963188686873,0.45996237574761434,0
89,31.0,28.0,5,0,0.33863488202424324,0.45996237574761434,0
89,32.0,27.0,5,0,0.6231407470349604,0.45996237574761434,1
89,33.0,26.0,5,0,0.31358024600972656,0.45996237574761434,0
89,34.0,25.0,5,0,0.3661422961505444,0.45996237574761434,0
89,35.0,24.0,5,0,0.5868046034586603,0.45996237574761434,1
89,36.0,23.0,5,0,0.5144692222392014,0.45996237574761434,1
89,37.0,22.0,5,0,0.48891075086119246,0.45996237574761434,1
89,38.0,21.0,5,0,0.46409064471539646,0.45996237574761434,1
89,39.0,20.0,5,1,0.562390024769164,0.45996237574761434,1
89,40.0,19.0,5,1,0.3423447434941445,0.45996237574761434,0
89,41.0,18.0,5,1,0.5329465729670846,0.45996237574761434,1
89,42.0,17.0,5,1,0.3538404039603097,0.45996237574761434,0
89,43.0,16.0,5,1,0.21578532058672956,0.45996237574761434,0
89,44.0,15.0,5,1,0.6053762984441436,0.45996237574761434,1
89,45.0,14.0,5,1,0.6459025425563473,0.45996237574761434,1
89,46.0,13.0,5,1,0.8354668588346781,0.45996237574761434,1
89,47.0,12.0,5,1,0.8136309429744221,0.45996237574761434,1
89,48.0,11.0,5,1,0.6684652871408816,0.45996237574761434,1
89,49.0,10.0,5,1,0.7349525180795126,0.45996237574761434,1
89,50.0,9.0,5,1,0.9309309265405448,0.45996237574761434,1
89,51.0,8.0,5,1,0.9353193436082777,0.45996237574761434,1
89,52.0,7.0,5,1,0.7656414341041645,0.45996237574761434,1
89,53.0,6.0,5,1,0.8975617497232422,0.45996237574761434,1
89,54.0,5.0,5,1,0.9379252891132037,0.45996237574761434,1
89,55.0,4.0,5,1,0.9168188754922741,0.45996237574761434,1
89,56.0,3.0,5,1,0.8784479758946686,0.45996237574761434,1
89,57.0,2.0,5,1,0.9738832093574031,0.45996237574761434,1
89,58.0,1.0,5,1,0.9117556257138997,0.45996237574761434,1
89,59.0,0.0,5,1,0.9827447051972975,0.45996237574761434,1
90,1.0,53.0,3,0,0.19112479102961438,0.4720856588877864,0
90,2.0,52.0,3,0,0.27144379807433844,0.4720856588877864,0
90,3.0,51.0,3,0,0.33929448012948127,0.4720856588877864,0
90,4.0,50.0,3,0,0.25419839840027214,0.4720856588877864,0
90,5.0,49.0,3,0,0.20822224290849106,0.4720856588877864,0
90,6.0,48.0,3,0,0.4479405862895164,0.4720856588877864,0
90,7.0,47.0,3,0,0.2143767770752959,0.4720856588877864,0
90,8.0,46.0,3,0,0.2476732786062855,0.4720856588877864,0
90,9.0,45.0,3,0,0.24480297847000126,0.4720856588877864,0
90,10.0,44.0,3,0,0.2806579151290963,0.4720856588877864,0
90,11.0,43.0,3,0,0.23636947745597642,0.4720856588877864,0
90,12.0,42.0,3,0,0.10100754099459118,0.4720856588877864,0
90,13.0,41.0,3,0,0.15764600222540398,0.4720856588877864,0
90,14.0,40.0,3,0,0.16621983594405393,0.4720856588877864,0
90,15.0,39.0,3,0,0.17225409984295528,0.4720856588877864,0
90,16.0,38.0,3,0,0.27593577207048814,0.4720856588877864,0
90,17.0,37.0,3,0,0.2166108133695544,0.4720856588877864,0
90,18.0,36.0,3,0,0.13365258092686597,0.4720856588877864,0
90,19.0,35.0,3,0,0.2760612671418008,0.4720856588877864,0
90,20.0,34.0,3,0,0.3487592128089363,0.4720856588877864,0
90,21.0,33.0,3,0,0.14681155006229737,0.4720856588877864,0
90,22.0,32.0,3,0,0.25644144889436676,0.4720856588877864,0
90,23.0,31.0,3,0,0.4097222429384649,0.4720856588877864,0
90,24.0,30.0,3,0,0.2841033398922368,0.4720856588877864,0
90,25.0,29.0,3,0,0.2950870588247169,0.4720856588877864,0
90,26.0,28.0,3,0,0.3228207155143246,0.4720856588877864,0
90,27.0,27.0,3,0,0.13627964782778046,0.4720856588877864,0
90,28.0,26.0,3,0,0.1844289567457202,0.4720856588877864,0
90,29.0,25.0,3,0,0.28815398665812786,0.4720856588877864,0
90,30.0,24.0,3,0,0.17019049875424921,0.4720856588877864,0
90,31.0,23.0,3,0,0.2422040249716287,0.4720856588877864,0
90,32.0,22.0,3,0,0.42246432356655417,0.4720856588877864,0
90,33.0,21.0,3,0,0.1890719134550337,0.4720856588877864,0
90,34.0,20.0,3,1,0.3001590897882689,0.4720856588877864,0
90,35.0,19.0,3,1,0.360973388273691,0.4720856588877864,0
90,36.0,18.0,3,1,0.32146877039811983,0.4720856588877864,0
90,37.0,17.0,3,1,0.19341056323623723,0.4720856588877864,0
90,38.0,16.0,3,1,0.245873671828647,0.4720856588877864,0
90,39.0,15.0,3,1,0.3366996753026123,0.4720856588877864,0
90,40.0,14.0,3,1,0.22288546150993194,0.4720856588877864,0
90,41.0,13.0,3,1,0.44823563957564017,0.4720856588877864,0
90,42.0,12.0,3,1,0.2629570943081682,0.4720856588877864,0
90,43.0,11.0,3,1,0.31564427287267416,0.4720856588877864,0
90,44.0,10.0,3,1,0.41835998182156475,0.4720856588877864,0
90,45.0,9.0,3,1,0.36643443533724707,0.4720856588877864,0
90,46.0,8.0,3,1,0.5597603467039529,0.4720856588877864,1
90,47.0,7.0,3,1,0.6573601471517079,0.4720856588877864,1
90,48.0,6.0,3,1,0.6949213335299768,0.4720856588877864,1
90,49.0,5.0,3,1,0.6812283845311593,0.4720856588877864,1
90,50.0,4.0,3,1,0.8038498405094638,0.4720856588877864,1
90,51.0,3.0,3,1,0.5014258110614763,0.4720856588877864,1
90,52.0,2.0,3,1,0.5847479802431608,0.4720856588877864,1
90,53.0,1.0,3,1,0.6774887519974052,0.4720856588877864,1
90,54.0,0.0,3,1,0.9653011115131533,0.4720856588877864,1
