rank,model,accuracy_10,accuracy_15,accuracy_20,rmse,mae,r2,phm_score_normalized,rmse_normalized,rmse_normalized_fixed,mae_normalized_fixed,runtime_seconds
1,wavenet,87.12871287128714,97.52475247524752,99.5049504950495,6.738552417550971,5.348458766937256,0.881253182888031,0.6755632,0.10367004105441367,0.053908418528849755,0.04278767108917236,135.80416703224182
2,mstcn,88.11881188118812,95.04950495049505,99.00990099009901,6.494852228399812,4.659646987915039,0.8896868228912354,0.5754862,0.09992080510441316,0.05195881616999448,0.03727718070149422,188.1913731098175
3,cnn_gru,29.7029702970297,44.554455445544555,59.4059405940594,19.81215958648801,17.050561904907227,-0.026484370231628418,5.1462727,0.3048024572016825,0.15849727787649623,0.13640449941158295,23.64367699623108
