rank,model,accuracy_10,accuracy_15,accuracy_20,rmse,mae,r2,phm_score_normalized,rmse_normalized,rmse_normalized_fixed,mae_normalized_fixed,runtime_seconds
1,wavenet,55.718475073313776,77.12609970674487,96.48093841642229,11.169047391291087,9.553715705871582,0.7320822477340698,1.5787725,0.17183149936023698,0.08935237837486745,0.07642971724271774,23.21902322769165
2,mstcn,67.15542521994135,81.52492668621701,91.49560117302052,10.748042793418723,8.37330436706543,0.7518993020057678,1.638199,0.16535450061086537,0.08598434190335297,0.06698643416166306,24.198197841644287
3,cata_tcn,39.882697947214076,59.82404692082112,75.65982404692082,16.65091652853483,13.914933204650879,0.404549777507782,5.4472203,0.2561679609906547,0.13320733032971566,0.11131945252418518,13.304811954498291
4,transformer,37.82991202346041,56.30498533724341,69.20821114369502,15.81709072132795,13.63322925567627,0.46269315481185913,2.495823,0.24333985037573624,0.12653671343392284,0.10906581580638885,28.454272031784058
5,cnn_gru,23.46041055718475,35.19061583577713,46.9208211143695,24.50240267435841,21.2896785736084,-0.2893965244293213,7.306215,0.3769600625462128,0.19601921017448065,0.1703174114227295,8.31284499168396
